ap,city,circle_code_no,ont_serial_no,vendor_name,station_mac,circle,client_with_poor_snr_sample,client_with_poor_snr_sample_2,client_with_poor_snr_sample_5,tot_2g,tot_5g,tot_overall,client_with_high_no_of_sticky_client_2_with_good_coverage,client_with_high_no_of_sticky_client_5_with_poor_coverage,client_with_high_tx_packet_error,client_with_high_client_disconnection,client_with_poor_link_speed_mcs_rate,client_with_poor_link_speed_mcs_rate_2,client_with_poor_link_speed_mcs_rate_5,client_with_poor_coverage,client_with_poor_coverage_2,client_with_poor_coverage_5,client_with_poor_dl_throughput_less_than_threshold,client_with_poor_ul_throughput_less_than_threshold,ap_manufacturer,host_name,type,manufacturer,model,client_with_poor_snr_sample_breach,client_with_poor_snr_sample_2_breach,client_with_poor_snr_sample_5_breach,client_with_high_tx_packet_error_breach,client_with_high_client_disconnection_breach,client_with_poor_link_speed_mcs_rate_breach,client_with_poor_link_speed_mcs_rate_2_breach,client_with_poor_link_speed_mcs_rate_5_breach,client_with_poor_coverage_breach,client_with_poor_coverage_2_breach,client_with_poor_coverage_5_breach,count_of_total_samples_for_client_with_poor_snr_sample,count_of_total_samples_for_client_with_poor_snr_sample_2,count_of_total_samples_for_client_with_poor_snr_sample_5,count_of_total_samples_for_ap_tot_2g,count_of_total_samples_for_ap_tot_5g,count_of_total_samples_for_ap_tot_overall,count_of_total_samples_for_client_with_high_tx_packet_error,count_of_total_samples_for_client_with_poor_link_speed_mcs_rate,count_of_total_samples_for_client_with_poor_link_speed_mcs_rate_2,count_of_total_samples_for_client_with_poor_link_speed_mcs_rate_5,count_of_total_samples_for_client_with_poor_coverage,count_of_total_samples_for_client_with_poor_coverage_2,count_of_total_samples_for_client_with_poor_coverage_5,ap name,circle code,ont serial number,vendor,mac address,ap manufacturer,connected clients,connected clients (2.4 ghz),connected clients (5 ghz),poor coverage (overall),poor coverage (2.4 ghz),poor coverage (5 ghz),poor snr (2.4 ghz),poor snr (5 ghz),poor snr (overall),low download throughput (overall),low upload throughput (overall),low link speed (overall),low link speed (2.4 ghz),low link speed (5 ghz),high interference (overall),high interference (2.4 ghz),high interference (5 ghz),high client disconnections (overall),high retry rate (overall),high retry rate (2.4 ghz),high retry rate (5 ghz),high tx packet errors (overall),tx packet error (%) (overall),tx packet error (%) (2.4 ghz),tx packet error (%) (5 ghz),high tx packet errors flag (overall),high tx packet errors flag (2.4 ghz),high tx packet errors flag (5 ghz),high rx packet errors (overall),high rx packet errors (2.4 ghz),high rx packet errors (5 ghz),high rx packet errors flag (overall),high rx packet errors flag (2.4 ghz),high rx packet errors flag (5 ghz),downtime (%) (overall),high cpu utilization (overall),memory errors (overall),sticky clients (2.4 ghz - good coverage),sticky clients (5 ghz - poor coverage),poor tot on (5 ghz),zero usage aps (overall),channel utilization (%) (overall),high channel utilization count (overall),total channels (all bands),high channel utilization (2.4 ghz) (%),high channel utilization count (2.4 ghz),total channels (2.4 ghz),high channel congestion (5 ghz) (%),high channel congestion count (5 ghz),total channels (5 ghz),own channel usage ratio (%) (overall),own channel usage ratio count (overall),own channel usage ratio (%) (2.4 ghz),own channel usage ratio count (2.4 ghz),own channel usage ratio (%) (5 ghz),own channel usage ratio count (5 ghz),poor coverage breach (overall),poor coverage breach (2.4 ghz),poor coverage breach (5 ghz),poor snr breach (2.4 ghz),poor snr breach (5 ghz),poor snr breach (overall),low download throughput breach (overall),low upload throughput breach (overall),low link speed breach (overall),low link speed breach (2.4 ghz),low link speed breach (5 ghz),high interference breach (overall),high interference breach (2.4 ghz),high interference breach (5 ghz),high client disconnections breach (overall),high retry rate breach (overall),high retry rate breach (2.4 ghz),high retry rate breach (5 ghz),high tx packet errors breach (overall),tx packet error (%) breach (overall),tx packet error (%) breach (2.4 ghz),tx packet error (%) breach (5 ghz),high rx packet errors breach (overall),high rx packet errors breach (2.4 ghz),high rx packet errors breach (5 ghz),ap downtime (%) breach (overall),internet down incidents breach (overall),high cpu utilization breach (overall),memory errors breach (overall),sticky clients breach (2.4 ghz - good coverage),sticky clients breach (5 ghz - poor coverage),poor tot breach (5 ghz),zero usage aps breach (overall),high channel utilization breach (overall),high channel utilization breach (2.4 ghz),high channel congestion breach (5 ghz),own channel usage ratio breach (overall),own channel usage ratio breach (2.4 ghz),own channel usage ratio breach (5 ghz),obss (overall),obss (2.4 ghz),obss breach (2.4 ghz),obss (5 ghz),obss breach (5 ghz),obss breach (overall),count_of_total_samples_for_ap_with_poor_coverage,count_of_total_samples_for_ap_with_poor_coverage_2,count_of_total_samples_for_ap_with_poor_coverage_5,count_of_total_samples_for_ap_with_poor_snr_sample_2,count_of_total_samples_for_ap_with_poor_snr_sample_5,count_of_total_samples_for_ap_with_poor_snr_sample,count_of_total_samples_for_ap_with_poor_link_speed_mcs_rate,count_of_total_samples_for_ap_with_poor_link_speed_mcs_rate_2,count_of_total_samples_for_ap_with_poor_link_speed_mcs_rate_5,count_of_total_samples_for_ap_with_high_interference,count_of_total_samples_for_ap_with_high_interference_2,count_of_total_samples_for_ap_with_high_interference_5,count_of_total_samples_for_ap_with_high_retry_rate,high retry rate sample count (2.4 ghz),high retry rate sample count (5 ghz),count_of_total_samples_for_ap_with_high_tx_packet_error,count_of_total_samples_for_ap_with_high_tx_packet_error_percent,tx packet error (%) sample count (2.4 ghz),tx packet error (%) sample count (5 ghz),count_of_total_samples_for_ap_with_high_rx_packet_error,high rx packet errors sample count (2.4 ghz),high rx packet errors sample count (5 ghz),count_of_total_samples_for_ap_downtime_per,count_of_total_samples_for_ap_with_high_internet_down_incident,count_of_total_samples_for_ap_with_poor_tot_on_5g,count_of_total_samples_for_ap_with_high_channel_utilisation,count_of_total_samples_for_ap_with_high_channel_utilisation_2,count_of_total_samples_for_ap_with_high_channel_congestion_5,count_of_total_samples_for_channelobss,count_of_total_samples_for_channelobss2_4,count_of_total_samples_for_channelobss5,own channel usage ratio sample count (overall),own channel usage ratio sample count (2.4 ghz),own channel usage ratio sample count (5 ghz),mac_address,station_count,ap_with_poor_coverage,ap_with_poor_coverage_2,ap_with_poor_coverage_5,ap_with_poor_snr_sample,ap_with_poor_snr_sample_2,ap_with_poor_snr_sample_5,ap_with_poor_link_speed_mcs_rate,ap_with_poor_link_speed_mcs_rate_2,ap_with_poor_link_speed_mcs_rate_5,ap_with_high_client_disconnection,ap_with_high_tx_packet_error,ap_with_poor_dl_throughput_less_than_threshold,ap_with_poor_ul_throughput_less_than_threshold,ap_with_high_no_of_sticky_client_2_with_good_coverage,ap_with_high_no_of_sticky_client_5_with_poor_coverage,ap_with_poor_coverage_breach,ap_with_poor_coverage_2_breach,ap_with_poor_coverage_5_breach,ap_with_poor_snr_sample_breach,ap_with_poor_snr_sample_2_breach,ap_with_poor_snr_sample_5_breach,ap_with_poor_link_speed_mcs_rate_breach,ap_with_poor_link_speed_mcs_rate_2_breach,ap_with_poor_link_speed_mcs_rate_5_breach,ap_with_high_client_disconnection_breach,ap_with_high_tx_packet_error_breach,ap_with_high_interference,ap_with_high_interference_2,ap_with_high_interference_5,ap_with_high_retry_rate,ap_with_high_tx_packet_error_percent,ap_with_high_tx_packet_error_flag,ap_with_high_rx_packet_error,ap_with_high_rx_packet_error_flag,ap_downtime_per,ap_with_high_cpu_utilisation,ap_with_high_memory_packet_error,ap_with_poor_tot_on_5g,ap_with_zero_usage,ap_with_high_channel_utilisation_pct,ap_with_high_channel_utilisation_count,total_channels_all,ap_with_high_channel_utilisation_2_pct,ap_with_high_channel_utilisation_2_count,total_channels_2,ap_with_high_channel_congestion_5_pct,ap_with_high_channel_congestion_5_count,total_channels_5,channelobss,ap_with_poor_dl_throughput_less_than_threshold_breach,ap_with_poor_ul_throughput_less_than_threshold_breach,ap_with_high_interference_breach,ap_with_high_interference_2_breach,ap_with_high_interference_5_breach,ap_with_high_retry_rate_breach,ap_with_high_tx_packet_error_percent_breach,ap_with_high_rx_packet_error_breach,ap_downtime_per_breach,ap_with_high_internet_down_incident_breach,ap_with_high_cpu_utilisation_breach,ap_with_high_memory_packet_error_breach,ap_with_high_no_of_sticky_client_2_with_good_coverage_breach,ap_with_high_no_of_sticky_client_5_with_poor_coverage_breach,ap_with_zero_usage_breach,ap_with_high_channel_congestion_5_breach,channelobss_breach
01244081160_dsl,Gurgaon,108.0,NKOT0F01CE6F,NOKIA,2E16524D4AFB,Haryana,0.0,0.0,0.0,0.0,100.0,57.06,False,False,0.0,20.0,0.0,0.0,0.0,0.0,,0.0,0.48,0.84,AOT4221NK,iPhone,,,,False,False,False,False,True,False,False,False,False,,False,11592.0,0.0,11592.0,2492071936.0,2492071936.0,4367818752.0,483.0,483.0,,483.0,483.0,0.0,483.0,,,,,,,,,,,,,,,,,,,,,,,,,,,,,,,,,,,,,,,,,,,,,,,,,,,,,,,,,,,,,,,,,,,,,,,,,,,,,,,,,,,,,,,,,,,,,,,,,,,,,,,,,,,,483.0,0.0,483.0,0.0,11592.0,11592.0,483.0,,483.0,,,,,,,483.0,,,,,,,,,,,,,,,,,,,,,0.0,,0.0,0.0,0.0,0.0,0.0,0.0,0.0,20.0,0.0,0.48,0.84,False,False,False,,False,False,False,False,False,False,False,True,False,,,,,,,,,,,,,,,,,,,,,,,,,,,,,,,,,,,,,,,,
012444903348_dsl,Gurgaon,108.0,NKOT0F01CE7E,NOKIA,286B35D324CB,Haryana,0.0,0.0,0.0,0.0,100.0,10.05,False,False,0.0,4.0,0.0,0.0,0.0,0.0,,0.0,1.3,0.1,AAP321NK,DESKTOP-7592F22,,,,False,False,False,False,False,False,False,False,False,,False,580.0,0.0,580.0,5556387287.0,5556387287.0,55270665493.0,290.0,290.0,,290.0,290.0,0.0,290.0,,,,,,,,,,,,,,,,,,,,,,,,,,,,,,,,,,,,,,,,,,,,,,,,,,,,,,,,,,,,,,,,,,,,,,,,,,,,,,,,,,,,,,,,,,,,,,,,,,,,,,,,,,,,290.0,0.0,290.0,0.0,580.0,580.0,290.0,,290.0,,,,,,,290.0,,,,,,,,,,,,,,,,,,,,,0.0,,0.0,0.0,0.0,0.0,0.0,0.0,0.0,4.0,0.0,1.3,0.1,False,False,False,,False,False,False,False,False,False,False,False,False,,,,,,,,,,,,,,,,,,,,,,,,,,,,,,,,,,,,,,,,
012444903348_dsl,Gurgaon,108.0,NKOT0F01CE7E,NOKIA,1AA0C35EE4F9,Haryana,0.0,0.0,0.0,0.09,99.91,8.36,False,False,0.0,24.0,0.0,0.0,0.0,0.0,0.0,0.0,0.79,1.46,AAP321NK,iPhone,PHONE,Apple,iPhone,False,False,False,False,True,False,False,False,False,False,False,1160.0,264.0,896.0,4622541011.0,4622541011.0,55270665493.0,460.0,460.0,12.0,448.0,460.0,12.0,448.0,,,,,,,,,,,,,,,,,,,,,,,,,,,,,,,,,,,,,,,,,,,,,,,,,,,,,,,,,,,,,,,,,,,,,,,,,,,,,,,,,,,,,,,,,,,,,,,,,,,,,,,,,,,,460.0,12.0,448.0,264.0,896.0,1160.0,460.0,12.0,448.0,,,,,,,460.0,,,,,,,,,,,,,,,,,,,,,0.0,0.0,0.0,0.0,0.0,0.0,0.0,0.0,0.0,24.0,0.0,0.79,1.46,False,False,False,False,False,False,False,False,False,False,False,True,False,,,,,,,,,,,,,,,,,,,,,,,,,,,,,,,,,,,,,,,,
012436398608_dsl,Gurgaon,108.0,NKOTDF0001E7,NOKIA,5215E04285F1,Haryana,0.0,0.0,0.0,4.18,95.82,16.3,False,False,0.0,9.0,31.55,0.0,32.04,0.0,0.0,0.0,1.73,0.1,AOT4221NK,OnePlus-10T-5G,,,,False,False,False,False,True,False,False,False,False,False,False,15504.0,0.0,15504.0,6256270336.0,6256270336.0,38383862784.0,656.0,656.0,10.0,646.0,656.0,10.0,646.0,,,,,,,,,,,,,,,,,,,,,,,,,,,,,,,,,,,,,,,,,,,,,,,,,,,,,,,,,,,,,,,,,,,,,,,,,,,,,,,,,,,,,,,,,,,,,,,,,,,,,,,,,,,,656.0,10.0,646.0,0.0,15504.0,15504.0,656.0,10.0,646.0,,,,,,,656.0,,,,,,,,,,,,,,,,,,,,,0.0,0.0,0.0,0.0,0.0,0.0,31.55,0.0,32.04,9.0,0.0,1.73,0.1,False,False,False,False,False,False,False,False,False,False,False,True,False,,,,,,,,,,,,,,,,,,,,,,,,,,,,,,,,,,,,,,,,
012445159575_dsl,Gurgaon,108.0,ZYOTFD000042,NOKIA,8C7A3DD408C7,Haryana,58.32,0.0,58.32,0.0,100.0,21.56,False,False,0.0,1.0,2.64,0.0,2.64,58.32,,58.32,3.18,0.05,AOT5221ZY,,,,,False,False,False,False,False,False,False,False,False,,False,29136.0,0.0,29136.0,20169609216.0,20169609216.0,93565130752.0,1214.0,1214.0,,1214.0,1214.0,0.0,1214.0,,,,,,,,,,,,,,,,,,,,,,,,,,,,,,,,,,,,,,,,,,,,,,,,,,,,,,,,,,,,,,,,,,,,,,,,,,,,,,,,,,,,,,,,,,,,,,,,,,,,,,,,,,,,1214.0,0.0,1214.0,0.0,29136.0,29136.0,1214.0,,1214.0,,,,,,,1214.0,,,,,,,,,,,,,,,,,,,,,58.32,,58.32,58.32,0.0,58.32,2.64,0.0,2.64,1.0,0.0,3.18,0.05,False,False,False,,False,False,False,False,False,False,False,False,False,,,,,,,,,,,,,,,,,,,,,,,,,,,,,,,,,,,,,,,,
01244054723_dsl,Gurgaon,108.0,NKOT0F0226EE,NOKIA,4C22F33F2EDC,Haryana,0.0,0.0,0.0,0.0,100.0,6.13,False,True,0.0,1.0,0.0,0.0,0.0,0.0,,0.0,6.29,0.04,AAP321NK,LGwebOSTV,,,,False,False,False,False,False,False,False,False,False,,False,11316.0,0.0,11316.0,4039132160.0,4039132160.0,65875159528.0,492.0,492.0,,492.0,492.0,0.0,492.0,,,,,,,,,,,,,,,,,,,,,,,,,,,,,,,,,,,,,,,,,,,,,,,,,,,,,,,,,,,,,,,,,,,,,,,,,,,,,,,,,,,,,,,,,,,,,,,,,,,,,,,,,,,,492.0,0.0,492.0,0.0,11316.0,11316.0,492.0,,492.0,,,,,,,492.0,,,,,,,,,,,,,,,,,,,,,0.0,,0.0,0.0,0.0,0.0,0.0,0.0,0.0,1.0,0.0,6.29,0.04,False,True,False,,False,False,False,False,False,False,False,False,False,,,,,,,,,,,,,,,,,,,,,,,,,,,,,,,,,,,,,,,,
01246232448_dsl,Gurgaon,108.0,NKOT2F045EF1,NOKIA,92A6DFBC2EA2,Haryana,,,,0.0,100.0,0.31,,,0.0,16.0,0.0,0.0,0.0,0.0,,0.0,0.01,0.0,AAP321NK,,,,,,,,False,True,False,False,False,False,,False,,,,9420800.0,9420800.0,3052187648.0,8.0,8.0,,8.0,8.0,0.0,8.0,,,,,,,,,,,,,,,,,,,,,,,,,,,,,,,,,,,,,,,,,,,,,,,,,,,,,,,,,,,,,,,,,,,,,,,,,,,,,,,,,,,,,,,,,,,,,,,,,,,,,,,,,,,,8.0,0.0,8.0,,,,8.0,,8.0,,,,,,,8.0,,,,,,,,,,,,,,,,,,,,,0.0,,0.0,,,,0.0,0.0,0.0,16.0,0.0,0.01,0.0,,,False,,False,,,,False,False,False,True,False,,,,,,,,,,,,,,,,,,,,,,,,,,,,,,,,,,,,,,,,
012444903348_dsl,Gurgaon,108.0,NKOT0F01CE7E,NOKIA,F4032A96D8C9,Haryana,0.0,0.0,0.0,0.0,100.0,1.24,,,0.0,,0.0,0.0,0.0,0.0,,0.0,0.06,0.01,AAP321NK,,,,,False,False,False,False,,False,False,False,False,,False,2776.0,0.0,2776.0,687527293.0,687527293.0,55270665493.0,1388.0,1388.0,,1388.0,1388.0,0.0,1388.0,,,,,,,,,,,,,,,,,,,,,,,,,,,,,,,,,,,,,,,,,,,,,,,,,,,,,,,,,,,,,,,,,,,,,,,,,,,,,,,,,,,,,,,,,,,,,,,,,,,,,,,,,,,,1388.0,0.0,1388.0,0.0,2776.0,2776.0,1388.0,,1388.0,,,,,,,1388.0,,,,,,,,,,,,,,,,,,,,,0.0,,0.0,0.0,0.0,0.0,0.0,0.0,0.0,,0.0,0.06,0.01,,,False,,False,False,False,False,False,False,False,,False,,,,,,,,,,,,,,,,,,,,,,,,,,,,,,,,,,,,,,,,
01244054723_dsl,Gurgaon,108.0,NKOT0F0226EE,NOKIA,0A3CC1576FFD,Haryana,0.0,0.0,0.0,0.0,100.0,0.51,False,False,0.0,1.0,0.0,0.0,0.0,0.0,,0.0,0.03,0.01,AAP321NK,iPad,TABLET,Apple,iPad,False,False,False,False,False,False,False,False,False,,False,16376.0,0.0,16376.0,336183296.0,336183296.0,65875159528.0,712.0,712.0,,712.0,712.0,0.0,712.0,,,,,,,,,,,,,,,,,,,,,,,,,,,,,,,,,,,,,,,,,,,,,,,,,,,,,,,,,,,,,,,,,,,,,,,,,,,,,,,,,,,,,,,,,,,,,,,,,,,,,,,,,,,,712.0,0.0,712.0,0.0,16376.0,16376.0,712.0,,712.0,,,,,,,712.0,,,,,,,,,,,,,,,,,,,,,0.0,,0.0,0.0,0.0,0.0,0.0,0.0,0.0,1.0,0.0,0.03,0.01,False,False,False,,False,False,False,False,False,False,False,False,False,,,,,,,,,,,,,,,,,,,,,,,,,,,,,,,,,,,,,,,,
012445118300_dsl,Gurgaon,108.0,NKOT0F01D2BA,NOKIA,960207D43B98,Haryana,0.42,0.0,0.42,0.0,100.0,0.28,False,False,0.0,3.0,0.0,0.0,0.0,0.0,,0.0,2.44,0.04,AOT4221NK,Mac,,,,False,False,False,False,False,False,False,False,False,,False,24096.0,0.0,24096.0,188525568.0,188525568.0,66170877952.0,1004.0,1004.0,,1004.0,1004.0,0.0,1004.0,,,,,,,,,,,,,,,,,,,,,,,,,,,,,,,,,,,,,,,,,,,,,,,,,,,,,,,,,,,,,,,,,,,,,,,,,,,,,,,,,,,,,,,,,,,,,,,,,,,,,,,,,,,,1004.0,0.0,1004.0,0.0,24096.0,24096.0,1004.0,,1004.0,,,,,,,1004.0,,,,,,,,,,,,,,,,,,,,,0.0,,0.0,0.42,0.0,0.42,0.0,0.0,0.0,3.0,0.0,2.44,0.04,False,False,False,,False,False,False,False,False,False,False,False,False,,,,,,,,,,,,,,,,,,,,,,,,,,,,,,,,,,,,,,,,
012447862103_dsl,Gurgaon,108.0,ZYOTB0900020,NOKIA,6696E8690975,Haryana,0.0,0.0,0.0,0.0,100.0,52.13,,,0.0,,0.0,0.0,0.0,0.0,,0.0,20.03,0.38,AOT5222ZY,,,,,False,False,False,False,,False,False,False,False,,False,19176.0,0.0,19176.0,7275482112.0,7275482112.0,13955147776.0,799.0,799.0,,799.0,799.0,0.0,799.0,,,,,,,,,,,,,,,,,,,,,,,,,,,,,,,,,,,,,,,,,,,,,,,,,,,,,,,,,,,,,,,,,,,,,,,,,,,,,,,,,,,,,,,,,,,,,,,,,,,,,,,,,,,,799.0,0.0,799.0,0.0,19176.0,19176.0,799.0,,799.0,,,,,,,799.0,,,,,,,,,,,,,,,,,,,,,0.0,,0.0,0.0,0.0,0.0,0.0,0.0,0.0,,0.0,20.03,0.38,,,False,,False,False,False,False,False,False,False,,False,,,,,,,,,,,,,,,,,,,,,,,,,,,,,,,,,,,,,,,,
012436398608_dsl,Gurgaon,108.0,NKOTDF0001E7,NOKIA,5A8CF8F08505,Haryana,0.0,0.0,0.0,23.87,76.13,0.98,False,False,0.0,5.0,0.0,0.0,0.0,0.0,0.0,0.0,0.62,0.35,AOT4221NK,MacBookPro,,,,False,False,False,False,False,False,False,False,False,False,False,17040.0,0.0,17040.0,376881152.0,376881152.0,38383862784.0,719.0,719.0,9.0,710.0,719.0,9.0,710.0,,,,,,,,,,,,,,,,,,,,,,,,,,,,,,,,,,,,,,,,,,,,,,,,,,,,,,,,,,,,,,,,,,,,,,,,,,,,,,,,,,,,,,,,,,,,,,,,,,,,,,,,,,,,719.0,9.0,710.0,0.0,17040.0,17040.0,719.0,9.0,710.0,,,,,,,719.0,,,,,,,,,,,,,,,,,,,,,0.0,0.0,0.0,0.0,0.0,0.0,0.0,0.0,0.0,5.0,0.0,0.62,0.35,False,False,False,False,False,False,False,False,False,False,False,False,False,,,,,,,,,,,,,,,,,,,,,,,,,,,,,,,,,,,,,,,,
012444801137_dsl,Gurgaon,108.0,NKOTDF000165,NOKIA,A09208536DDC,Haryana,,,,100.0,0.0,0.11,,,0.0,,86.63,86.63,0.0,0.0,0.0,,0.0,0.0,AOT4221NK,,,,,,,,False,,True,True,False,False,False,,,,,44547072.0,44547072.0,39230609408.0,1279.0,1279.0,1279.0,,1279.0,1279.0,0.0,,,,,,,,,,,,,,,,,,,,,,,,,,,,,,,,,,,,,,,,,,,,,,,,,,,,,,,,,,,,,,,,,,,,,,,,,,,,,,,,,,,,,,,,,,,,,,,,,,,,,,,,,,,,1279.0,1279.0,0.0,,,,1279.0,1279.0,,,,,,,,1279.0,,,,,,,,,,,,,,,,,,,,,0.0,0.0,,,,,86.63,86.63,0.0,,0.0,0.0,0.0,,,False,False,,,,,True,True,False,,False,,,,,,,,,,,,,,,,,,,,,,,,,,,,,,,,,,,,,,,,
012436398608_dsl,Gurgaon,108.0,NKOTDF0001E7,NOKIA,36C731F77459,Haryana,0.0,0.0,0.0,0.0,100.0,4.63,False,True,0.0,1.0,0.0,0.0,0.0,0.0,,0.0,4.9,0.08,AOT4221NK,iPad,,,,False,False,False,False,False,False,False,False,False,,False,672.0,0.0,672.0,1778429952.0,1778429952.0,38383862784.0,28.0,28.0,,28.0,28.0,0.0,28.0,,,,,,,,,,,,,,,,,,,,,,,,,,,,,,,,,,,,,,,,,,,,,,,,,,,,,,,,,,,,,,,,,,,,,,,,,,,,,,,,,,,,,,,,,,,,,,,,,,,,,,,,,,,,28.0,0.0,28.0,0.0,672.0,672.0,28.0,,28.0,,,,,,,28.0,,,,,,,,,,,,,,,,,,,,,0.0,,0.0,0.0,0.0,0.0,0.0,0.0,0.0,1.0,0.0,4.9,0.08,False,True,False,,False,False,False,False,False,False,False,False,False,,,,,,,,,,,,,,,,,,,,,,,,,,,,,,,,,,,,,,,,
01246232448_dsl,Gurgaon,108.0,NKOT2F045EF1,NOKIA,325B49E35801,Haryana,,,,0.0,100.0,0.01,,,0.0,11.0,0.0,0.0,0.0,0.0,,0.0,0.0,0.0,AAP321NK,Anils-Galaxy-S9,PHONE,Samsung Electronics,Galaxy,,,,False,True,False,False,False,False,,False,,,,282624.0,282624.0,3052187648.0,8.0,8.0,,8.0,8.0,0.0,8.0,,,,,,,,,,,,,,,,,,,,,,,,,,,,,,,,,,,,,,,,,,,,,,,,,,,,,,,,,,,,,,,,,,,,,,,,,,,,,,,,,,,,,,,,,,,,,,,,,,,,,,,,,,,,8.0,0.0,8.0,,,,8.0,,8.0,,,,,,,8.0,,,,,,,,,,,,,,,,,,,,,0.0,,0.0,,,,0.0,0.0,0.0,11.0,0.0,0.0,0.0,,,False,,False,,,,False,False,False,True,False,,,,,,,,,,,,,,,,,,,,,,,,,,,,,,,,,,,,,,,,
01246472327_dsl,Gurgaon,108.0,NKOTA0000592,NOKIA,7AB5AA2AA71B,Haryana,0.0,0.0,0.0,0.0,100.0,4.14,False,False,0.0,9.0,0.0,0.0,0.0,0.0,,0.0,0.27,0.01,AOT4221NK,iPhone,PHONE,Apple,iPhone,False,False,False,False,True,False,False,False,False,,False,5472.0,0.0,5472.0,303976448.0,303976448.0,7342070784.0,228.0,228.0,,228.0,228.0,0.0,228.0,,,,,,,,,,,,,,,,,,,,,,,,,,,,,,,,,,,,,,,,,,,,,,,,,,,,,,,,,,,,,,,,,,,,,,,,,,,,,,,,,,,,,,,,,,,,,,,,,,,,,,,,,,,,228.0,0.0,228.0,0.0,5472.0,5472.0,228.0,,228.0,,,,,,,228.0,,,,,,,,,,,,,,,,,,,,,0.0,,0.0,0.0,0.0,0.0,0.0,0.0,0.0,9.0,0.0,0.27,0.01,False,False,False,,False,False,False,False,False,False,False,True,False,,,,,,,,,,,,,,,,,,,,,,,,,,,,,,,,,,,,,,,,
012421019184_wifi,Gurgaon,108.0,ZYOTB0900058,NOKIA,467D5212504D,Haryana,0.0,0.0,0.0,0.0,100.0,100.0,,,0.0,,0.0,0.0,0.0,0.0,,0.0,0.37,0.04,AOT5222ZY,,,,,False,False,False,False,,False,False,False,False,,False,23.0,0.0,23.0,21358592.0,21358592.0,21358592.0,1.0,1.0,,1.0,1.0,0.0,1.0,,,,,,,,,,,,,,,,,,,,,,,,,,,,,,,,,,,,,,,,,,,,,,,,,,,,,,,,,,,,,,,,,,,,,,,,,,,,,,,,,,,,,,,,,,,,,,,,,,,,,,,,,,,,1.0,0.0,1.0,0.0,23.0,23.0,1.0,,1.0,,,,,,,1.0,,,,,,,,,,,,,,,,,,,,,0.0,,0.0,0.0,0.0,0.0,0.0,0.0,0.0,,0.0,0.37,0.04,,,False,,False,False,False,False,False,False,False,,False,,,,,,,,,,,,,,,,,,,,,,,,,,,,,,,,,,,,,,,,
01244081160_dsl,Gurgaon,108.0,NKOT0F01CE6F,NOKIA,3EDE8A98F4FB,Haryana,0.0,0.0,0.0,0.0,0.0,0.0,,,0.0,,0.0,0.0,0.0,0.0,,0.0,0.08,0.08,AOT4221NK,,,,,False,False,False,False,,False,False,False,False,,False,2568.0,0.0,2568.0,0.0,0.0,4367818752.0,107.0,107.0,,107.0,107.0,0.0,107.0,,,,,,,,,,,,,,,,,,,,,,,,,,,,,,,,,,,,,,,,,,,,,,,,,,,,,,,,,,,,,,,,,,,,,,,,,,,,,,,,,,,,,,,,,,,,,,,,,,,,,,,,,,,,107.0,0.0,107.0,0.0,2568.0,2568.0,107.0,,107.0,,,,,,,107.0,,,,,,,,,,,,,,,,,,,,,0.0,,0.0,0.0,0.0,0.0,0.0,0.0,0.0,,0.0,0.08,0.08,,,False,,False,False,False,False,False,False,False,,False,,,,,,,,,,,,,,,,,,,,,,,,,,,,,,,,,,,,,,,,
012444801137_dsl,Gurgaon,108.0,NKOTDF000165,NOKIA,60DC81CCA4D0,Haryana,,,,100.0,0.0,0.28,False,False,0.0,4.0,70.9,70.9,0.0,0.0,0.0,,0.0,0.01,AOT4221NK,,,,,,,,False,False,True,True,False,False,False,,,,,109018112.0,109018112.0,39230609408.0,1316.0,1316.0,1316.0,,1316.0,1316.0,0.0,,,,,,,,,,,,,,,,,,,,,,,,,,,,,,,,,,,,,,,,,,,,,,,,,,,,,,,,,,,,,,,,,,,,,,,,,,,,,,,,,,,,,,,,,,,,,,,,,,,,,,,,,,,,1316.0,1316.0,0.0,,,,1316.0,1316.0,,,,,,,,1316.0,,,,,,,,,,,,,,,,,,,,,0.0,0.0,,,,,70.9,70.9,0.0,4.0,0.0,0.0,0.01,False,False,False,False,,,,,True,True,False,False,False,,,,,,,,,,,,,,,,,,,,,,,,,,,,,,,,,,,,,,,,
012444903348_dsl,Gurgaon,108.0,NKOT0F01CE7E,NOKIA,3644BFE90759,Haryana,0.0,0.0,0.0,0.0,100.0,8.31,False,False,0.0,3.0,0.0,0.0,0.0,0.0,,0.0,7.85,0.71,AAP321NK,iPad,TABLET,Apple,iPad,False,False,False,False,False,False,False,False,False,,False,1624.0,0.0,1624.0,4592732237.0,4592732237.0,55270665493.0,812.0,812.0,,812.0,812.0,0.0,812.0,,,,,,,,,,,,,,,,,,,,,,,,,,,,,,,,,,,,,,,,,,,,,,,,,,,,,,,,,,,,,,,,,,,,,,,,,,,,,,,,,,,,,,,,,,,,,,,,,,,,,,,,,,,,812.0,0.0,812.0,0.0,1624.0,1624.0,812.0,,812.0,,,,,,,812.0,,,,,,,,,,,,,,,,,,,,,0.0,,0.0,0.0,0.0,0.0,0.0,0.0,0.0,3.0,0.0,7.85,0.71,False,False,False,,False,False,False,False,False,False,False,False,False,,,,,,,,,,,,,,,,,,,,,,,,,,,,,,,,,,,,,,,,
012436398608_dsl,Gurgaon,108.0,NKOTDF0001E7,NOKIA,4CC95E7815B6,Haryana,0.0,0.0,0.0,0.0,100.0,0.35,False,True,0.0,3.0,0.0,0.0,0.0,0.0,,0.0,0.19,0.04,AOT4221NK,Samsung,,,,False,False,False,False,False,False,False,False,False,,False,9984.0,0.0,9984.0,132913152.0,132913152.0,38383862784.0,416.0,416.0,,416.0,416.0,0.0,416.0,,,,,,,,,,,,,,,,,,,,,,,,,,,,,,,,,,,,,,,,,,,,,,,,,,,,,,,,,,,,,,,,,,,,,,,,,,,,,,,,,,,,,,,,,,,,,,,,,,,,,,,,,,,,416.0,0.0,416.0,0.0,9984.0,9984.0,416.0,,416.0,,,,,,,416.0,,,,,,,,,,,,,,,,,,,,,0.0,,0.0,0.0,0.0,0.0,0.0,0.0,0.0,3.0,0.0,0.19,0.04,False,True,False,,False,False,False,False,False,False,False,False,False,,,,,,,,,,,,,,,,,,,,,,,,,,,,,,,,,,,,,,,,
012447957675_dsl,Gurgaon,108.0,ZYOT5E069474,NOKIA,28C5D2F615CB,Haryana,12.91,0.0,12.91,0.0,100.0,32.68,False,False,0.0,8.0,31.86,100.0,31.67,0.0,0.0,0.0,2.53,1.22,AOT5221ZY,AMS05PC0526,,,,False,False,False,False,True,False,True,False,False,False,False,17280.0,0.0,17280.0,13699271680.0,13699271680.0,41913894912.0,722.0,722.0,2.0,720.0,722.0,2.0,720.0,,,,,,,,,,,,,,,,,,,,,,,,,,,,,,,,,,,,,,,,,,,,,,,,,,,,,,,,,,,,,,,,,,,,,,,,,,,,,,,,,,,,,,,,,,,,,,,,,,,,,,,,,,,,722.0,2.0,720.0,0.0,17280.0,17280.0,722.0,2.0,720.0,,,,,,,722.0,,,,,,,,,,,,,,,,,,,,,0.0,0.0,0.0,12.91,0.0,12.91,31.86,100.0,31.67,8.0,0.0,2.53,1.22,False,False,False,False,False,False,False,False,False,True,False,True,False,,,,,,,,,,,,,,,,,,,,,,,,,,,,,,,,,,,,,,,,
012444801137_dsl,Gurgaon,108.0,NKOTDF000165,NOKIA,46C1F4D28799,Haryana,0.0,0.0,0.0,0.0,100.0,11.89,,,0.0,3.0,0.0,0.0,0.0,0.0,,0.0,0.7,0.29,AOT4221NK,AAP321NK,WIFI_EXTENDER,,AAP321NK,False,False,False,False,False,False,False,False,False,,False,14040.0,0.0,14040.0,4666418176.0,4666418176.0,39230609408.0,585.0,585.0,,585.0,585.0,0.0,585.0,,,,,,,,,,,,,,,,,,,,,,,,,,,,,,,,,,,,,,,,,,,,,,,,,,,,,,,,,,,,,,,,,,,,,,,,,,,,,,,,,,,,,,,,,,,,,,,,,,,,,,,,,,,,585.0,0.0,585.0,0.0,14040.0,14040.0,585.0,,585.0,,,,,,,585.0,,,,,,,,,,,,,,,,,,,,,0.0,,0.0,0.0,0.0,0.0,0.0,0.0,0.0,3.0,0.0,0.7,0.29,,,False,,False,False,False,False,False,False,False,False,False,,,,,,,,,,,,,,,,,,,,,,,,,,,,,,,,,,,,,,,,
012444903348_dsl,Gurgaon,108.0,NKOT0F01CE7E,NOKIA,F0F0A4474833,Haryana,0.0,0.0,0.0,100.0,0.0,0.03,,,0.0,1.0,0.0,0.0,0.0,0.0,0.0,,0.34,0.13,AAP321NK,Unknown_f0:f0:a4:47:48:33,,,,False,False,False,False,False,False,False,False,False,False,,22.0,22.0,0.0,19078568.0,19078568.0,55270665493.0,1.0,1.0,1.0,,1.0,1.0,0.0,,,,,,,,,,,,,,,,,,,,,,,,,,,,,,,,,,,,,,,,,,,,,,,,,,,,,,,,,,,,,,,,,,,,,,,,,,,,,,,,,,,,,,,,,,,,,,,,,,,,,,,,,,,,1.0,1.0,0.0,22.0,0.0,22.0,1.0,1.0,,,,,,,,1.0,,,,,,,,,,,,,,,,,,,,,0.0,0.0,,0.0,0.0,0.0,0.0,0.0,0.0,1.0,0.0,0.34,0.13,,,False,False,,False,False,False,False,False,False,False,False,,,,,,,,,,,,,,,,,,,,,,,,,,,,,,,,,,,,,,,,
012447957675_dsl,Gurgaon,108.0,ZYOT5E069474,NOKIA,FA3B08FBA40B,Haryana,0.0,0.0,0.0,9.17,90.83,0.0,False,True,0.0,1.0,1.52,100.0,0.0,0.0,0.0,0.0,0.0,0.01,AOT5221ZY,,,,,False,False,False,False,False,False,True,False,False,False,False,1560.0,0.0,1560.0,111616.0,111616.0,41913894912.0,66.0,66.0,1.0,65.0,66.0,1.0,65.0,,,,,,,,,,,,,,,,,,,,,,,,,,,,,,,,,,,,,,,,,,,,,,,,,,,,,,,,,,,,,,,,,,,,,,,,,,,,,,,,,,,,,,,,,,,,,,,,,,,,,,,,,,,,66.0,1.0,65.0,0.0,1560.0,1560.0,66.0,1.0,65.0,,,,,,,66.0,,,,,,,,,,,,,,,,,,,,,0.0,0.0,0.0,0.0,0.0,0.0,1.52,100.0,0.0,1.0,0.0,0.0,0.01,False,True,False,False,False,False,False,False,False,True,False,False,False,,,,,,,,,,,,,,,,,,,,,,,,,,,,,,,,,,,,,,,,
012444801137_dsl,Gurgaon,108.0,NKOTDF000165,NOKIA,6288AC047A9A,Haryana,0.0,0.0,0.0,0.0,100.0,0.04,,,0.0,0.0,100.0,0.0,100.0,0.0,,0.0,0.01,0.0,AOT4221NK,SM-R875F,WEARABLE,Samsung,Galaxy Watch4 (44mm),False,False,False,False,False,True,False,True,False,,False,15960.0,0.0,15960.0,14775296.0,14775296.0,39230609408.0,665.0,665.0,,665.0,665.0,0.0,665.0,,,,,,,,,,,,,,,,,,,,,,,,,,,,,,,,,,,,,,,,,,,,,,,,,,,,,,,,,,,,,,,,,,,,,,,,,,,,,,,,,,,,,,,,,,,,,,,,,,,,,,,,,,,,665.0,0.0,665.0,0.0,15960.0,15960.0,665.0,,665.0,,,,,,,665.0,,,,,,,,,,,,,,,,,,,,,0.0,,0.0,0.0,0.0,0.0,100.0,0.0,100.0,0.0,0.0,0.01,0.0,,,False,,False,False,False,False,True,False,True,False,False,,,,,,,,,,,,,,,,,,,,,,,,,,,,,,,,,,,,,,,,
012445159575_dsl,Gurgaon,108.0,ZYOTFD000042,NOKIA,68FCCAA8805C,Haryana,0.0,0.0,0.0,0.0,100.0,1.17,,,0.0,,0.0,0.0,0.0,0.0,,0.0,1.94,0.07,AOT5221ZY,,,,,False,False,False,False,,False,False,False,False,,False,648.0,0.0,648.0,1094694912.0,1094694912.0,93565130752.0,27.0,27.0,,27.0,27.0,0.0,27.0,,,,,,,,,,,,,,,,,,,,,,,,,,,,,,,,,,,,,,,,,,,,,,,,,,,,,,,,,,,,,,,,,,,,,,,,,,,,,,,,,,,,,,,,,,,,,,,,,,,,,,,,,,,,27.0,0.0,27.0,0.0,648.0,648.0,27.0,,27.0,,,,,,,27.0,,,,,,,,,,,,,,,,,,,,,0.0,,0.0,0.0,0.0,0.0,0.0,0.0,0.0,,0.0,1.94,0.07,,,False,,False,False,False,False,False,False,False,,False,,,,,,,,,,,,,,,,,,,,,,,,,,,,,,,,,,,,,,,,
012447957675_dsl,Gurgaon,108.0,ZYOT5E069474,NOKIA,CA6879FE9077,Haryana,6.99,0.0,6.99,0.0,100.0,3.67,False,False,0.0,46.0,15.23,100.0,15.07,5.32,0.0,5.33,5.24,25.85,AOT5221ZY,motorola-edge-60-pro,,,,False,False,False,False,True,False,True,False,False,False,False,13056.0,0.0,13056.0,1538130944.0,1538130944.0,41913894912.0,545.0,545.0,1.0,544.0,545.0,1.0,544.0,,,,,,,,,,,,,,,,,,,,,,,,,,,,,,,,,,,,,,,,,,,,,,,,,,,,,,,,,,,,,,,,,,,,,,,,,,,,,,,,,,,,,,,,,,,,,,,,,,,,,,,,,,,,545.0,1.0,544.0,0.0,13056.0,13056.0,545.0,1.0,544.0,,,,,,,545.0,,,,,,,,,,,,,,,,,,,,,5.32,0.0,5.33,6.99,0.0,6.99,15.23,100.0,15.07,46.0,0.0,5.24,25.85,False,False,False,False,False,False,False,False,False,True,False,True,False,,,,,,,,,,,,,,,,,,,,,,,,,,,,,,,,,,,,,,,,
01246232448_dsl,Gurgaon,108.0,NKOT2F045EF1,NOKIA,1C57DC71A166,Haryana,,,,0.0,100.0,0.53,False,False,0.0,2.0,0.0,0.0,0.0,0.0,,0.0,0.23,0.44,AAP321NK,Ritviks-Air,STREAMING_DEVICE,Apple,Apple TV,,,,False,False,False,False,False,False,,False,,,,16117760.0,16117760.0,3052187648.0,8.0,8.0,,8.0,8.0,0.0,8.0,,,,,,,,,,,,,,,,,,,,,,,,,,,,,,,,,,,,,,,,,,,,,,,,,,,,,,,,,,,,,,,,,,,,,,,,,,,,,,,,,,,,,,,,,,,,,,,,,,,,,,,,,,,,8.0,0.0,8.0,,,,8.0,,8.0,,,,,,,8.0,,,,,,,,,,,,,,,,,,,,,0.0,,0.0,,,,0.0,0.0,0.0,2.0,0.0,0.23,0.44,False,False,False,,False,,,,False,False,False,False,False,,,,,,,,,,,,,,,,,,,,,,,,,,,,,,,,,,,,,,,,
01246232448_dsl,Gurgaon,108.0,NKOT2F045EF1,NOKIA,CE6E364C323F,Haryana,,,,0.0,100.0,11.47,,,0.0,11.0,0.0,0.0,0.0,0.0,,0.0,0.42,0.03,AAP321NK,,,,,,,,False,True,False,False,False,False,,False,,,,350007296.0,350007296.0,3052187648.0,8.0,8.0,,8.0,8.0,0.0,8.0,,,,,,,,,,,,,,,,,,,,,,,,,,,,,,,,,,,,,,,,,,,,,,,,,,,,,,,,,,,,,,,,,,,,,,,,,,,,,,,,,,,,,,,,,,,,,,,,,,,,,,,,,,,,8.0,0.0,8.0,,,,8.0,,8.0,,,,,,,8.0,,,,,,,,,,,,,,,,,,,,,0.0,,0.0,,,,0.0,0.0,0.0,11.0,0.0,0.42,0.03,,,False,,False,,,,False,False,False,True,False,,,,,,,,,,,,,,,,,,,,,,,,,,,,,,,,,,,,,,,,
012444801137_dsl,Gurgaon,108.0,NKOTDF000165,NOKIA,0E8F1FC5025E,Haryana,0.0,0.0,0.0,0.0,100.0,17.13,True,False,0.0,11.0,0.12,50.0,0.0,0.0,0.0,0.0,1.36,0.05,AOT4221NK,,,,,False,False,False,False,True,False,False,False,False,False,False,20088.0,0.0,20088.0,6718585856.0,6718585856.0,39230609408.0,839.0,839.0,2.0,837.0,839.0,2.0,837.0,,,,,,,,,,,,,,,,,,,,,,,,,,,,,,,,,,,,,,,,,,,,,,,,,,,,,,,,,,,,,,,,,,,,,,,,,,,,,,,,,,,,,,,,,,,,,,,,,,,,,,,,,,,,839.0,2.0,837.0,0.0,20088.0,20088.0,839.0,2.0,837.0,,,,,,,839.0,,,,,,,,,,,,,,,,,,,,,0.0,0.0,0.0,0.0,0.0,0.0,0.12,50.0,0.0,11.0,0.0,1.36,0.05,True,False,False,False,False,False,False,False,False,False,False,True,False,,,,,,,,,,,,,,,,,,,,,,,,,,,,,,,,,,,,,,,,
01244081160_dsl,Gurgaon,108.0,NKOT0F01CE6F,NOKIA,C652953B26BF,Haryana,0.0,0.0,0.0,0.0,100.0,11.35,False,False,0.0,3.0,0.0,0.0,0.0,0.0,,0.0,0.35,0.1,AOT4221NK,Mac,PC,Apple,Computer,False,False,False,False,False,False,False,False,False,,False,2784.0,0.0,2784.0,495687680.0,495687680.0,4367818752.0,116.0,116.0,,116.0,116.0,0.0,116.0,,,,,,,,,,,,,,,,,,,,,,,,,,,,,,,,,,,,,,,,,,,,,,,,,,,,,,,,,,,,,,,,,,,,,,,,,,,,,,,,,,,,,,,,,,,,,,,,,,,,,,,,,,,,116.0,0.0,116.0,0.0,2784.0,2784.0,116.0,,116.0,,,,,,,116.0,,,,,,,,,,,,,,,,,,,,,0.0,,0.0,0.0,0.0,0.0,0.0,0.0,0.0,3.0,0.0,0.35,0.1,False,False,False,,False,False,False,False,False,False,False,False,False,,,,,,,,,,,,,,,,,,,,,,,,,,,,,,,,,,,,,,,,
012436398608_dsl,Gurgaon,108.0,NKOTDF0001E7,NOKIA,E8AACBA5B753,Haryana,,,,100.0,0.0,3.79,False,False,0.0,2.0,0.0,0.0,0.0,0.0,0.0,,4.2,0.08,AOT4221NK,Samsung,,,,,,,False,False,False,False,False,False,False,,,,,1455822848.0,1455822848.0,38383862784.0,36.0,36.0,36.0,,36.0,36.0,0.0,,,,,,,,,,,,,,,,,,,,,,,,,,,,,,,,,,,,,,,,,,,,,,,,,,,,,,,,,,,,,,,,,,,,,,,,,,,,,,,,,,,,,,,,,,,,,,,,,,,,,,,,,,,,36.0,36.0,0.0,,,,36.0,36.0,,,,,,,,36.0,,,,,,,,,,,,,,,,,,,,,0.0,0.0,,,,,0.0,0.0,0.0,2.0,0.0,4.2,0.08,False,False,False,False,,,,,False,False,False,False,False,,,,,,,,,,,,,,,,,,,,,,,,,,,,,,,,,,,,,,,,
012445159575_dsl,Gurgaon,108.0,ZYOTFD000042,NOKIA,EEF8085B863E,Haryana,33.11,0.0,33.11,0.0,100.0,17.67,,,0.0,,18.89,0.0,18.89,33.11,,33.11,1.59,0.11,AOT5221ZY,,,,,False,False,False,False,,False,False,False,False,,False,32400.0,0.0,32400.0,16532316160.0,16532316160.0,93565130752.0,1350.0,1350.0,,1350.0,1350.0,0.0,1350.0,,,,,,,,,,,,,,,,,,,,,,,,,,,,,,,,,,,,,,,,,,,,,,,,,,,,,,,,,,,,,,,,,,,,,,,,,,,,,,,,,,,,,,,,,,,,,,,,,,,,,,,,,,,,1350.0,0.0,1350.0,0.0,32400.0,32400.0,1350.0,,1350.0,,,,,,,1350.0,,,,,,,,,,,,,,,,,,,,,33.11,,33.11,33.11,0.0,33.11,18.89,0.0,18.89,,0.0,1.59,0.11,,,False,,False,False,False,False,False,False,False,,False,,,,,,,,,,,,,,,,,,,,,,,,,,,,,,,,,,,,,,,,
012444801137_dsl,Gurgaon,108.0,NKOTDF000165,NOKIA,EEB2A6A2A1E6,Haryana,0.0,0.0,0.0,0.0,100.0,11.22,True,False,0.0,28.0,0.52,0.0,0.52,0.0,,0.0,1.63,0.06,AOT4221NK,Aditya-Vikram-s-A36,,Samsung,Galaxy A36 5G,False,False,False,False,True,False,False,False,False,,False,22968.0,0.0,22968.0,4400336896.0,4400336896.0,39230609408.0,957.0,957.0,,957.0,957.0,0.0,957.0,,,,,,,,,,,,,,,,,,,,,,,,,,,,,,,,,,,,,,,,,,,,,,,,,,,,,,,,,,,,,,,,,,,,,,,,,,,,,,,,,,,,,,,,,,,,,,,,,,,,,,,,,,,,957.0,0.0,957.0,0.0,22968.0,22968.0,957.0,,957.0,,,,,,,957.0,,,,,,,,,,,,,,,,,,,,,0.0,,0.0,0.0,0.0,0.0,0.52,0.0,0.52,28.0,0.0,1.63,0.06,True,False,False,,False,False,False,False,False,False,False,True,False,,,,,,,,,,,,,,,,,,,,,,,,,,,,,,,,,,,,,,,,
01244081160_dsl,Gurgaon,108.0,NKOT0F01CE6F,NOKIA,624E55188F68,Haryana,0.0,0.0,0.0,0.0,100.0,4.27,,,0.0,,0.0,0.0,0.0,0.0,,0.0,0.02,0.0,AOT4221NK,,,,,False,False,False,False,,False,False,False,False,,False,26160.0,0.0,26160.0,186520576.0,186520576.0,4367818752.0,1090.0,1090.0,,1090.0,1090.0,0.0,1090.0,,,,,,,,,,,,,,,,,,,,,,,,,,,,,,,,,,,,,,,,,,,,,,,,,,,,,,,,,,,,,,,,,,,,,,,,,,,,,,,,,,,,,,,,,,,,,,,,,,,,,,,,,,,,1090.0,0.0,1090.0,0.0,26160.0,26160.0,1090.0,,1090.0,,,,,,,1090.0,,,,,,,,,,,,,,,,,,,,,0.0,,0.0,0.0,0.0,0.0,0.0,0.0,0.0,,0.0,0.02,0.0,,,False,,False,False,False,False,False,False,False,,False,,,,,,,,,,,,,,,,,,,,,,,,,,,,,,,,,,,,,,,,
012447862103_dsl,Gurgaon,108.0,ZYOTB0900020,NOKIA,B64DBCFFA6ED,Haryana,0.0,0.0,0.0,0.0,100.0,0.67,,,0.0,,0.0,0.0,0.0,0.0,,0.0,0.01,0.0,AOT5222ZY,,,,,False,False,False,False,,False,False,False,False,,False,14880.0,0.0,14880.0,93287424.0,93287424.0,13955147776.0,620.0,620.0,,620.0,620.0,0.0,620.0,,,,,,,,,,,,,,,,,,,,,,,,,,,,,,,,,,,,,,,,,,,,,,,,,,,,,,,,,,,,,,,,,,,,,,,,,,,,,,,,,,,,,,,,,,,,,,,,,,,,,,,,,,,,620.0,0.0,620.0,0.0,14880.0,14880.0,620.0,,620.0,,,,,,,620.0,,,,,,,,,,,,,,,,,,,,,0.0,,0.0,0.0,0.0,0.0,0.0,0.0,0.0,,0.0,0.01,0.0,,,False,,False,False,False,False,False,False,False,,False,,,,,,,,,,,,,,,,,,,,,,,,,,,,,,,,,,,,,,,,
01244054723_dsl,Gurgaon,108.0,NKOT0F0226EE,NOKIA,CE9CF0128DC3,Haryana,0.0,0.0,0.0,0.0,100.0,11.48,,,0.0,,0.0,0.0,0.0,0.0,,0.0,2.33,0.23,AAP321NK,,,,,False,False,False,False,,False,False,False,False,,False,32775.0,0.0,32775.0,7563045888.0,7563045888.0,65875159528.0,1425.0,1425.0,,1425.0,1425.0,0.0,1425.0,,,,,,,,,,,,,,,,,,,,,,,,,,,,,,,,,,,,,,,,,,,,,,,,,,,,,,,,,,,,,,,,,,,,,,,,,,,,,,,,,,,,,,,,,,,,,,,,,,,,,,,,,,,,1425.0,0.0,1425.0,0.0,32775.0,32775.0,1425.0,,1425.0,,,,,,,1425.0,,,,,,,,,,,,,,,,,,,,,0.0,,0.0,0.0,0.0,0.0,0.0,0.0,0.0,,0.0,2.33,0.23,,,False,,False,False,False,False,False,False,False,,False,,,,,,,,,,,,,,,,,,,,,,,,,,,,,,,,,,,,,,,,
012421019184_wifi,Gurgaon,108.0,ZYOTB0900058,NOKIA,6A838C308767,Haryana,,,,0.0,0.0,0.0,,,0.0,,0.0,0.0,0.0,100.0,100.0,,0.0,0.0,AOT5222ZY,,,,,,,,False,,False,False,False,True,True,,,,,0.0,0.0,21358592.0,1.0,1.0,1.0,,1.0,1.0,0.0,,,,,,,,,,,,,,,,,,,,,,,,,,,,,,,,,,,,,,,,,,,,,,,,,,,,,,,,,,,,,,,,,,,,,,,,,,,,,,,,,,,,,,,,,,,,,,,,,,,,,,,,,,,,1.0,1.0,0.0,,,,1.0,1.0,,,,,,,,1.0,,,,,,,,,,,,,,,,,,,,,100.0,100.0,,,,,0.0,0.0,0.0,,0.0,0.0,0.0,,,True,True,,,,,False,False,False,,False,,,,,,,,,,,,,,,,,,,,,,,,,,,,,,,,,,,,,,,,
01244081160_dsl,Gurgaon,108.0,NKOT0F01CE6F,NOKIA,46C1F4DAE089,Haryana,0.0,0.0,0.0,0.0,0.0,0.0,,,0.0,,0.0,0.0,0.0,0.0,,0.0,0.02,0.02,AOT4221NK,,,,,False,False,False,False,,False,False,False,False,,False,2568.0,0.0,2568.0,0.0,0.0,4367818752.0,107.0,107.0,,107.0,107.0,0.0,107.0,,,,,,,,,,,,,,,,,,,,,,,,,,,,,,,,,,,,,,,,,,,,,,,,,,,,,,,,,,,,,,,,,,,,,,,,,,,,,,,,,,,,,,,,,,,,,,,,,,,,,,,,,,,,107.0,0.0,107.0,0.0,2568.0,2568.0,107.0,,107.0,,,,,,,107.0,,,,,,,,,,,,,,,,,,,,,0.0,,0.0,0.0,0.0,0.0,0.0,0.0,0.0,,0.0,0.02,0.02,,,False,,False,False,False,False,False,False,False,,False,,,,,,,,,,,,,,,,,,,,,,,,,,,,,,,,,,,,,,,,
012444903348_dsl,Gurgaon,108.0,NKOT0F01CE7E,NOKIA,8E9D83596BDF,Haryana,0.0,0.0,0.0,0.0,100.0,3.25,,,0.0,,0.0,0.0,0.0,0.0,,0.0,0.17,0.02,AAP321NK,,,,,False,False,False,False,,False,False,False,False,,False,2776.0,0.0,2776.0,1795287352.0,1795287352.0,55270665493.0,1388.0,1388.0,,1388.0,1388.0,0.0,1388.0,,,,,,,,,,,,,,,,,,,,,,,,,,,,,,,,,,,,,,,,,,,,,,,,,,,,,,,,,,,,,,,,,,,,,,,,,,,,,,,,,,,,,,,,,,,,,,,,,,,,,,,,,,,,1388.0,0.0,1388.0,0.0,2776.0,2776.0,1388.0,,1388.0,,,,,,,1388.0,,,,,,,,,,,,,,,,,,,,,0.0,,0.0,0.0,0.0,0.0,0.0,0.0,0.0,,0.0,0.17,0.02,,,False,,False,False,False,False,False,False,False,,False,,,,,,,,,,,,,,,,,,,,,,,,,,,,,,,,,,,,,,,,
01244054723_dsl,Gurgaon,108.0,NKOT0F0226EE,NOKIA,FA221A76C102,Haryana,5.49,0.0,5.49,0.21,99.79,4.03,True,False,0.0,24.0,9.05,25.71,5.49,9.05,0.0,10.98,2.76,0.08,AAP321NK,iPhone,PHONE,Apple,iPhone,False,False,False,False,True,False,False,False,False,False,False,3772.0,0.0,3772.0,2653047808.0,2653047808.0,65875159528.0,199.0,199.0,35.0,164.0,199.0,35.0,164.0,,,,,,,,,,,,,,,,,,,,,,,,,,,,,,,,,,,,,,,,,,,,,,,,,,,,,,,,,,,,,,,,,,,,,,,,,,,,,,,,,,,,,,,,,,,,,,,,,,,,,,,,,,,,199.0,35.0,164.0,0.0,3772.0,3772.0,199.0,35.0,164.0,,,,,,,199.0,,,,,,,,,,,,,,,,,,,,,9.05,0.0,10.98,5.49,0.0,5.49,9.05,25.71,5.49,24.0,0.0,2.76,0.08,True,False,False,False,False,False,False,False,False,False,False,True,False,,,,,,,,,,,,,,,,,,,,,,,,,,,,,,,,,,,,,,,,
012445159575_dsl,Gurgaon,108.0,ZYOTFD000042,NOKIA,C20991673E48,Haryana,20.34,0.0,20.34,0.0,100.0,0.06,False,False,0.0,20.0,0.0,0.0,0.0,20.34,,20.34,0.09,0.04,AOT5221ZY,,,,,False,False,False,False,True,False,False,False,False,,False,11448.0,0.0,11448.0,54016000.0,54016000.0,93565130752.0,477.0,477.0,,477.0,477.0,0.0,477.0,,,,,,,,,,,,,,,,,,,,,,,,,,,,,,,,,,,,,,,,,,,,,,,,,,,,,,,,,,,,,,,,,,,,,,,,,,,,,,,,,,,,,,,,,,,,,,,,,,,,,,,,,,,,477.0,0.0,477.0,0.0,11448.0,11448.0,477.0,,477.0,,,,,,,477.0,,,,,,,,,,,,,,,,,,,,,20.34,,20.34,20.34,0.0,20.34,0.0,0.0,0.0,20.0,0.0,0.09,0.04,False,False,False,,False,False,False,False,False,False,False,True,False,,,,,,,,,,,,,,,,,,,,,,,,,,,,,,,,,,,,,,,,
012445159575_dsl,Gurgaon,108.0,ZYOTFD000042,NOKIA,36638CE621E6,Haryana,15.81,0.0,15.81,0.0,100.0,8.69,False,False,0.0,0.0,0.0,0.0,0.0,15.81,,15.81,3.25,0.04,AOT5221ZY,OnePlus-11R-5G,PHONE,OnePlus,11R 5G,False,False,False,False,False,False,False,False,False,,False,15792.0,0.0,15792.0,8127740928.0,8127740928.0,93565130752.0,658.0,658.0,,658.0,658.0,0.0,658.0,,,,,,,,,,,,,,,,,,,,,,,,,,,,,,,,,,,,,,,,,,,,,,,,,,,,,,,,,,,,,,,,,,,,,,,,,,,,,,,,,,,,,,,,,,,,,,,,,,,,,,,,,,,,658.0,0.0,658.0,0.0,15792.0,15792.0,658.0,,658.0,,,,,,,658.0,,,,,,,,,,,,,,,,,,,,,15.81,,15.81,15.81,0.0,15.81,0.0,0.0,0.0,0.0,0.0,3.25,0.04,False,False,False,,False,False,False,False,False,False,False,False,False,,,,,,,,,,,,,,,,,,,,,,,,,,,,,,,,,,,,,,,,
012444801137_dsl,Gurgaon,108.0,NKOTDF000165,NOKIA,8CD0B2169430,Haryana,,,,100.0,0.0,0.22,,,0.0,,38.15,38.15,0.0,0.0,0.0,,0.0,0.0,AOT4221NK,,,,,,,,False,,False,False,False,False,False,,,,,86829056.0,86829056.0,39230609408.0,1279.0,1279.0,1279.0,,1279.0,1279.0,0.0,,,,,,,,,,,,,,,,,,,,,,,,,,,,,,,,,,,,,,,,,,,,,,,,,,,,,,,,,,,,,,,,,,,,,,,,,,,,,,,,,,,,,,,,,,,,,,,,,,,,,,,,,,,,1279.0,1279.0,0.0,,,,1279.0,1279.0,,,,,,,,1279.0,,,,,,,,,,,,,,,,,,,,,0.0,0.0,,,,,38.15,38.15,0.0,,0.0,0.0,0.0,,,False,False,,,,,False,False,False,,False,,,,,,,,,,,,,,,,,,,,,,,,,,,,,,,,,,,,,,,,
012445118300_dsl,Gurgaon,108.0,NKOT0F01D2BA,NOKIA,8C2AC12B0202,Haryana,,,,100.0,0.0,18.09,True,False,0.0,1.0,100.0,100.0,0.0,0.0,0.0,,1.3,0.13,AOT4221NK,LGwebOSTV,TV,LG Electronics,,,,,False,False,True,True,False,False,False,,,,,11969620992.0,11969620992.0,66170877952.0,1425.0,1425.0,1425.0,,1425.0,1425.0,0.0,,,,,,,,,,,,,,,,,,,,,,,,,,,,,,,,,,,,,,,,,,,,,,,,,,,,,,,,,,,,,,,,,,,,,,,,,,,,,,,,,,,,,,,,,,,,,,,,,,,,,,,,,,,,1425.0,1425.0,0.0,,,,1425.0,1425.0,,,,,,,,1425.0,,,,,,,,,,,,,,,,,,,,,0.0,0.0,,,,,100.0,100.0,0.0,1.0,0.0,1.3,0.13,True,False,False,False,,,,,True,True,False,False,False,,,,,,,,,,,,,,,,,,,,,,,,,,,,,,,,,,,,,,,,
012447957675_dsl,Gurgaon,108.0,ZYOT5E069474,NOKIA,D6E775D0DE6D,Haryana,0.0,0.0,0.0,0.0,100.0,0.18,False,False,0.0,1.0,0.0,0.0,0.0,0.0,,0.0,0.14,0.05,AOT5221ZY,,,,,False,False,False,False,False,False,False,False,False,,False,17568.0,0.0,17568.0,77346816.0,77346816.0,41913894912.0,732.0,732.0,,732.0,732.0,0.0,732.0,,,,,,,,,,,,,,,,,,,,,,,,,,,,,,,,,,,,,,,,,,,,,,,,,,,,,,,,,,,,,,,,,,,,,,,,,,,,,,,,,,,,,,,,,,,,,,,,,,,,,,,,,,,,732.0,0.0,732.0,0.0,17568.0,17568.0,732.0,,732.0,,,,,,,732.0,,,,,,,,,,,,,,,,,,,,,0.0,,0.0,0.0,0.0,0.0,0.0,0.0,0.0,1.0,0.0,0.14,0.05,False,False,False,,False,False,False,False,False,False,False,False,False,,,,,,,,,,,,,,,,,,,,,,,,,,,,,,,,,,,,,,,,
01246232448_dsl,Gurgaon,108.0,NKOT2F045EF1,NOKIA,664768FB1349,Haryana,,,,0.0,100.0,0.51,False,False,0.0,2.0,0.0,0.0,0.0,0.0,,0.0,0.01,0.03,AAP321NK,,,,,,,,False,False,False,False,False,False,,False,,,,15613952.0,15613952.0,3052187648.0,8.0,8.0,,8.0,8.0,0.0,8.0,,,,,,,,,,,,,,,,,,,,,,,,,,,,,,,,,,,,,,,,,,,,,,,,,,,,,,,,,,,,,,,,,,,,,,,,,,,,,,,,,,,,,,,,,,,,,,,,,,,,,,,,,,,,8.0,0.0,8.0,,,,8.0,,8.0,,,,,,,8.0,,,,,,,,,,,,,,,,,,,,,0.0,,0.0,,,,0.0,0.0,0.0,2.0,0.0,0.01,0.03,False,False,False,,False,,,,False,False,False,False,False,,,,,,,,,,,,,,,,,,,,,,,,,,,,,,,,,,,,,,,,
012436398608_dsl,Gurgaon,108.0,NKOTDF0001E7,NOKIA,EAD4701DA67C,Haryana,0.0,0.0,0.0,0.0,100.0,10.97,,,0.0,,0.0,0.0,0.0,0.0,,0.0,1.75,0.03,AOT4221NK,,,,,False,False,False,False,,False,False,False,False,,False,27528.0,0.0,27528.0,4211860480.0,4211860480.0,38383862784.0,1147.0,1147.0,,1147.0,1147.0,0.0,1147.0,,,,,,,,,,,,,,,,,,,,,,,,,,,,,,,,,,,,,,,,,,,,,,,,,,,,,,,,,,,,,,,,,,,,,,,,,,,,,,,,,,,,,,,,,,,,,,,,,,,,,,,,,,,,1147.0,0.0,1147.0,0.0,27528.0,27528.0,1147.0,,1147.0,,,,,,,1147.0,,,,,,,,,,,,,,,,,,,,,0.0,,0.0,0.0,0.0,0.0,0.0,0.0,0.0,,0.0,1.75,0.03,,,False,,False,False,False,False,False,False,False,,False,,,,,,,,,,,,,,,,,,,,,,,,,,,,,,,,,,,,,,,,
012444801137_dsl,Gurgaon,108.0,NKOTDF000165,NOKIA,5A41573787E4,Haryana,0.0,0.0,0.0,0.0,100.0,29.06,,,0.0,1.0,0.0,0.0,0.0,0.0,,0.0,2.19,0.03,AOT4221NK,XstreamIPTV1-VT,OTHER,,,False,False,False,False,False,False,False,False,False,,False,30192.0,0.0,30192.0,11399096320.0,11399096320.0,39230609408.0,1258.0,1258.0,,1258.0,1258.0,0.0,1258.0,,,,,,,,,,,,,,,,,,,,,,,,,,,,,,,,,,,,,,,,,,,,,,,,,,,,,,,,,,,,,,,,,,,,,,,,,,,,,,,,,,,,,,,,,,,,,,,,,,,,,,,,,,,,1258.0,0.0,1258.0,0.0,30192.0,30192.0,1258.0,,1258.0,,,,,,,1258.0,,,,,,,,,,,,,,,,,,,,,0.0,,0.0,0.0,0.0,0.0,0.0,0.0,0.0,1.0,0.0,2.19,0.03,,,False,,False,False,False,False,False,False,False,False,False,,,,,,,,,,,,,,,,,,,,,,,,,,,,,,,,,,,,,,,,
01244081160_dsl,Gurgaon,108.0,NKOT0F01CE6F,NOKIA,4267BD61106B,Haryana,0.0,0.0,0.0,0.0,100.0,4.77,False,False,0.0,21.0,0.0,0.0,0.0,0.0,,0.0,0.46,0.06,AOT4221NK,iPhone,PHONE,Apple,iPhone,False,False,False,False,True,False,False,False,False,,False,1104.0,0.0,1104.0,208346112.0,208346112.0,4367818752.0,46.0,46.0,,46.0,46.0,0.0,46.0,,,,,,,,,,,,,,,,,,,,,,,,,,,,,,,,,,,,,,,,,,,,,,,,,,,,,,,,,,,,,,,,,,,,,,,,,,,,,,,,,,,,,,,,,,,,,,,,,,,,,,,,,,,,46.0,0.0,46.0,0.0,1104.0,1104.0,46.0,,46.0,,,,,,,46.0,,,,,,,,,,,,,,,,,,,,,0.0,,0.0,0.0,0.0,0.0,0.0,0.0,0.0,21.0,0.0,0.46,0.06,False,False,False,,False,False,False,False,False,False,False,True,False,,,,,,,,,,,,,,,,,,,,,,,,,,,,,,,,,,,,,,,,
012447957675_dsl,Gurgaon,108.0,ZYOT5E069474,NOKIA,1A439244E504,Haryana,5.42,0.0,5.42,0.0,100.0,10.35,False,False,0.0,16.0,22.76,0.0,22.76,0.08,,0.08,9.53,12.88,AOT5221ZY,,,,,False,False,False,False,True,False,False,False,False,,False,29736.0,0.0,29736.0,4336733184.0,4336733184.0,41913894912.0,1239.0,1239.0,,1239.0,1239.0,0.0,1239.0,,,,,,,,,,,,,,,,,,,,,,,,,,,,,,,,,,,,,,,,,,,,,,,,,,,,,,,,,,,,,,,,,,,,,,,,,,,,,,,,,,,,,,,,,,,,,,,,,,,,,,,,,,,,1239.0,0.0,1239.0,0.0,29736.0,29736.0,1239.0,,1239.0,,,,,,,1239.0,,,,,,,,,,,,,,,,,,,,,0.08,,0.08,5.42,0.0,5.42,22.76,0.0,22.76,16.0,0.0,9.53,12.88,False,False,False,,False,False,False,False,False,False,False,True,False,,,,,,,,,,,,,,,,,,,,,,,,,,,,,,,,,,,,,,,,
012445118300_dsl,Gurgaon,108.0,NKOT0F01D2BA,NOKIA,F2E5225B80EE,Haryana,0.82,0.0,0.82,0.52,99.48,1.84,False,False,0.0,47.0,0.48,100.0,0.0,0.48,100.0,0.0,1.93,0.04,AOT4221NK,iPhone,PHONE,Apple,iPhone,False,False,False,False,True,False,True,False,False,True,False,5016.0,0.0,5016.0,1218502656.0,1218502656.0,66170877952.0,210.0,210.0,1.0,209.0,210.0,1.0,209.0,,,,,,,,,,,,,,,,,,,,,,,,,,,,,,,,,,,,,,,,,,,,,,,,,,,,,,,,,,,,,,,,,,,,,,,,,,,,,,,,,,,,,,,,,,,,,,,,,,,,,,,,,,,,210.0,1.0,209.0,0.0,5016.0,5016.0,210.0,1.0,209.0,,,,,,,210.0,,,,,,,,,,,,,,,,,,,,,0.48,100.0,0.0,0.82,0.0,0.82,0.48,100.0,0.0,47.0,0.0,1.93,0.04,False,False,False,True,False,False,False,False,False,True,False,True,False,,,,,,,,,,,,,,,,,,,,,,,,,,,,,,,,,,,,,,,,
012444801137_dsl,Gurgaon,108.0,NKOTDF000165,NOKIA,1ADDCC588ACB,Haryana,0.0,0.0,0.0,0.0,100.0,26.86,False,False,0.0,17.0,0.88,0.0,0.88,0.09,,0.09,1.17,0.28,AOT4221NK,,,,,False,False,False,False,True,False,False,False,False,,False,27120.0,0.0,27120.0,10538036224.0,10538036224.0,39230609408.0,1130.0,1130.0,,1130.0,1130.0,0.0,1130.0,,,,,,,,,,,,,,,,,,,,,,,,,,,,,,,,,,,,,,,,,,,,,,,,,,,,,,,,,,,,,,,,,,,,,,,,,,,,,,,,,,,,,,,,,,,,,,,,,,,,,,,,,,,,1130.0,0.0,1130.0,0.0,27120.0,27120.0,1130.0,,1130.0,,,,,,,1130.0,,,,,,,,,,,,,,,,,,,,,0.09,,0.09,0.0,0.0,0.0,0.88,0.0,0.88,17.0,0.0,1.17,0.28,False,False,False,,False,False,False,False,False,False,False,True,False,,,,,,,,,,,,,,,,,,,,,,,,,,,,,,,,,,,,,,,,
012445159575_dsl,Gurgaon,108.0,ZYOTFD000042,NOKIA,B24C6E7E6054,Haryana,100.0,0.0,100.0,0.0,100.0,0.97,False,True,0.0,2.0,6.1,0.0,6.1,100.0,,100.0,0.11,0.0,AOT5221ZY,OPPO-A57,PHONE,OPPO,Oppo,True,False,True,False,False,False,False,False,True,,True,25176.0,0.0,25176.0,911398912.0,911398912.0,93565130752.0,1049.0,1049.0,,1049.0,1049.0,0.0,1049.0,,,,,,,,,,,,,,,,,,,,,,,,,,,,,,,,,,,,,,,,,,,,,,,,,,,,,,,,,,,,,,,,,,,,,,,,,,,,,,,,,,,,,,,,,,,,,,,,,,,,,,,,,,,,1049.0,0.0,1049.0,0.0,25176.0,25176.0,1049.0,,1049.0,,,,,,,1049.0,,,,,,,,,,,,,,,,,,,,,100.0,,100.0,100.0,0.0,100.0,6.1,0.0,6.1,2.0,0.0,0.11,0.0,False,True,True,,True,True,False,True,False,False,False,False,False,,,,,,,,,,,,,,,,,,,,,,,,,,,,,,,,,,,,,,,,
01244054723_dsl,Gurgaon,108.0,NKOT0F0226EE,NOKIA,D2D08E4B79CA,Haryana,0.0,0.0,0.0,42.6,57.4,1.71,False,True,0.0,13.0,1.73,3.24,0.0,0.0,0.0,0.0,4.49,0.1,AAP321NK,Arjuns-Galaxy-Note9,PHONE,Samsung Electronics,Galaxy,False,False,False,False,True,False,False,False,False,False,False,11201.0,0.0,11201.0,1126032760.0,1126032760.0,65875159528.0,1042.0,1042.0,555.0,487.0,1042.0,555.0,487.0,,,,,,,,,,,,,,,,,,,,,,,,,,,,,,,,,,,,,,,,,,,,,,,,,,,,,,,,,,,,,,,,,,,,,,,,,,,,,,,,,,,,,,,,,,,,,,,,,,,,,,,,,,,,1042.0,555.0,487.0,0.0,11201.0,11201.0,1042.0,555.0,487.0,,,,,,,1042.0,,,,,,,,,,,,,,,,,,,,,0.0,0.0,0.0,0.0,0.0,0.0,1.73,3.24,0.0,13.0,0.0,4.49,0.1,False,True,False,False,False,False,False,False,False,False,False,True,False,,,,,,,,,,,,,,,,,,,,,,,,,,,,,,,,,,,,,,,,
012436398608_dsl,Gurgaon,108.0,NKOTDF0001E7,NOKIA,4A2B8C8008F5,Haryana,0.0,0.0,0.0,12.02,87.98,23.42,True,False,0.0,3.0,29.66,56.54,20.4,0.0,0.0,0.0,1.13,0.09,AOT4221NK,OnePlus-Nord-CE3-5G,,,,False,False,False,False,False,False,False,False,False,False,False,13296.0,0.0,13296.0,8988262400.0,8988262400.0,38383862784.0,745.0,745.0,191.0,554.0,745.0,191.0,554.0,,,,,,,,,,,,,,,,,,,,,,,,,,,,,,,,,,,,,,,,,,,,,,,,,,,,,,,,,,,,,,,,,,,,,,,,,,,,,,,,,,,,,,,,,,,,,,,,,,,,,,,,,,,,745.0,191.0,554.0,0.0,13296.0,13296.0,745.0,191.0,554.0,,,,,,,745.0,,,,,,,,,,,,,,,,,,,,,0.0,0.0,0.0,0.0,0.0,0.0,29.66,56.54,20.4,3.0,0.0,1.13,0.09,True,False,False,False,False,False,False,False,False,False,False,False,False,,,,,,,,,,,,,,,,,,,,,,,,,,,,,,,,,,,,,,,,
012447957675_dsl,Gurgaon,108.0,ZYOT5E069474,NOKIA,401A58606B5F,Haryana,0.0,0.0,0.0,0.0,100.0,41.98,False,True,0.0,3.0,0.0,0.0,0.0,0.0,,0.0,7.46,0.29,AOT5221ZY,Unknown_40:1a:58:60:6b:5f,TV,WNC,Television,False,False,False,False,False,False,False,False,False,,False,3312.0,0.0,3312.0,17594117120.0,17594117120.0,41913894912.0,138.0,138.0,,138.0,138.0,0.0,138.0,,,,,,,,,,,,,,,,,,,,,,,,,,,,,,,,,,,,,,,,,,,,,,,,,,,,,,,,,,,,,,,,,,,,,,,,,,,,,,,,,,,,,,,,,,,,,,,,,,,,,,,,,,,,138.0,0.0,138.0,0.0,3312.0,3312.0,138.0,,138.0,,,,,,,138.0,,,,,,,,,,,,,,,,,,,,,0.0,,0.0,0.0,0.0,0.0,0.0,0.0,0.0,3.0,0.0,7.46,0.29,False,True,False,,False,False,False,False,False,False,False,False,False,,,,,,,,,,,,,,,,,,,,,,,,,,,,,,,,,,,,,,,,
012445118300_dsl,Gurgaon,108.0,NKOT0F01D2BA,NOKIA,48E15C8D0707,Haryana,0.0,0.0,0.0,0.0,100.0,35.64,False,False,0.0,3.0,0.0,0.0,0.0,0.0,,0.0,1.83,0.06,AOT4221NK,Bedroom,STREAMING_DEVICE,Apple,Television,False,False,False,False,False,False,False,False,False,,False,34200.0,0.0,34200.0,23585515520.0,23585515520.0,66170877952.0,1425.0,1425.0,,1425.0,1425.0,0.0,1425.0,,,,,,,,,,,,,,,,,,,,,,,,,,,,,,,,,,,,,,,,,,,,,,,,,,,,,,,,,,,,,,,,,,,,,,,,,,,,,,,,,,,,,,,,,,,,,,,,,,,,,,,,,,,,1425.0,0.0,1425.0,0.0,34200.0,34200.0,1425.0,,1425.0,,,,,,,1425.0,,,,,,,,,,,,,,,,,,,,,0.0,,0.0,0.0,0.0,0.0,0.0,0.0,0.0,3.0,0.0,1.83,0.06,False,False,False,,False,False,False,False,False,False,False,False,False,,,,,,,,,,,,,,,,,,,,,,,,,,,,,,,,,,,,,,,,
012436398608_dsl,Gurgaon,108.0,NKOTDF0001E7,NOKIA,FAB7B87A32B0,Haryana,0.0,0.0,0.0,84.9,15.1,7.26,False,False,0.0,15.0,11.11,0.0,36.36,0.0,0.0,0.0,7.37,0.2,AOT4221NK,,,,,False,False,False,False,True,False,False,False,False,False,False,264.0,0.0,264.0,2788395008.0,2788395008.0,38383862784.0,36.0,36.0,25.0,11.0,36.0,25.0,11.0,,,,,,,,,,,,,,,,,,,,,,,,,,,,,,,,,,,,,,,,,,,,,,,,,,,,,,,,,,,,,,,,,,,,,,,,,,,,,,,,,,,,,,,,,,,,,,,,,,,,,,,,,,,,36.0,25.0,11.0,0.0,264.0,264.0,36.0,25.0,11.0,,,,,,,36.0,,,,,,,,,,,,,,,,,,,,,0.0,0.0,0.0,0.0,0.0,0.0,11.11,0.0,36.36,15.0,0.0,7.37,0.2,False,False,False,False,False,False,False,False,False,False,False,True,False,,,,,,,,,,,,,,,,,,,,,,,,,,,,,,,,,,,,,,,,
01244054723_dsl,Gurgaon,108.0,NKOT0F0226EE,NOKIA,CC6B1E9D361D,Haryana,0.13,0.0,0.13,0.0,100.0,23.13,False,True,0.0,5.0,67.99,0.0,67.99,0.13,,0.13,1.75,0.1,AAP321NK,LAPTOP-333I3CKG,LAPTOP,HP,ProBook,False,False,False,False,False,True,False,True,False,,False,17894.0,0.0,17894.0,15239790592.0,15239790592.0,65875159528.0,778.0,778.0,,778.0,778.0,0.0,778.0,,,,,,,,,,,,,,,,,,,,,,,,,,,,,,,,,,,,,,,,,,,,,,,,,,,,,,,,,,,,,,,,,,,,,,,,,,,,,,,,,,,,,,,,,,,,,,,,,,,,,,,,,,,,778.0,0.0,778.0,0.0,17894.0,17894.0,778.0,,778.0,,,,,,,778.0,,,,,,,,,,,,,,,,,,,,,0.13,,0.13,0.13,0.0,0.13,67.99,0.0,67.99,5.0,0.0,1.75,0.1,False,True,False,,False,False,False,False,True,False,True,False,False,,,,,,,,,,,,,,,,,,,,,,,,,,,,,,,,,,,,,,,,
01244054723_dsl,Gurgaon,108.0,NKOT0F0226EE,NOKIA,5AA1E0C63E20,Haryana,0.0,0.0,0.0,1.87,98.13,7.18,False,False,0.0,55.0,6.3,15.03,0.0,1.46,3.49,0.0,1.71,0.08,AAP321NK,Pixel-8a,PHONE,Google,Pixel 8a,False,False,False,False,True,False,False,False,False,False,False,14628.0,0.0,14628.0,4727336960.0,4727336960.0,65875159528.0,1095.0,1095.0,459.0,636.0,1095.0,459.0,636.0,,,,,,,,,,,,,,,,,,,,,,,,,,,,,,,,,,,,,,,,,,,,,,,,,,,,,,,,,,,,,,,,,,,,,,,,,,,,,,,,,,,,,,,,,,,,,,,,,,,,,,,,,,,,1095.0,459.0,636.0,0.0,14628.0,14628.0,1095.0,459.0,636.0,,,,,,,1095.0,,,,,,,,,,,,,,,,,,,,,1.46,3.49,0.0,0.0,0.0,0.0,6.3,15.03,0.0,55.0,0.0,1.71,0.08,False,False,False,False,False,False,False,False,False,False,False,True,False,,,,,,,,,,,,,,,,,,,,,,,,,,,,,,,,,,,,,,,,
012445118300_dsl,Gurgaon,108.0,NKOT0F01D2BA,NOKIA,AADC7D1DFBBF,Haryana,0.2,0.0,0.2,0.12,99.88,1.0,True,False,0.0,32.0,0.2,100.0,0.0,0.41,100.0,0.2,2.25,0.04,AOT4221NK,iPhone,PHONE,Apple,iPhone,False,False,False,False,True,False,True,False,False,True,False,11808.0,0.0,11808.0,664651776.0,664651776.0,66170877952.0,493.0,493.0,1.0,492.0,493.0,1.0,492.0,,,,,,,,,,,,,,,,,,,,,,,,,,,,,,,,,,,,,,,,,,,,,,,,,,,,,,,,,,,,,,,,,,,,,,,,,,,,,,,,,,,,,,,,,,,,,,,,,,,,,,,,,,,,493.0,1.0,492.0,0.0,11808.0,11808.0,493.0,1.0,492.0,,,,,,,493.0,,,,,,,,,,,,,,,,,,,,,0.41,100.0,0.2,0.2,0.0,0.2,0.2,100.0,0.0,32.0,0.0,2.25,0.04,True,False,False,True,False,False,False,False,False,True,False,True,False,,,,,,,,,,,,,,,,,,,,,,,,,,,,,,,,,,,,,,,,
012444903348_dsl,Gurgaon,108.0,NKOT0F01CE7E,NOKIA,BCF171E84D65,Haryana,0.0,0.0,0.0,0.0,100.0,0.03,,,0.0,3.0,0.0,0.0,0.0,0.0,,0.0,6.39,0.08,AAP321NK,TABLET-G71GRCJO,,,,False,False,False,False,False,False,False,False,False,,False,214.0,0.0,214.0,16774055.0,16774055.0,55270665493.0,107.0,107.0,,107.0,107.0,0.0,107.0,,,,,,,,,,,,,,,,,,,,,,,,,,,,,,,,,,,,,,,,,,,,,,,,,,,,,,,,,,,,,,,,,,,,,,,,,,,,,,,,,,,,,,,,,,,,,,,,,,,,,,,,,,,,107.0,0.0,107.0,0.0,214.0,214.0,107.0,,107.0,,,,,,,107.0,,,,,,,,,,,,,,,,,,,,,0.0,,0.0,0.0,0.0,0.0,0.0,0.0,0.0,3.0,0.0,6.39,0.08,,,False,,False,False,False,False,False,False,False,False,False,,,,,,,,,,,,,,,,,,,,,,,,,,,,,,,,,,,,,,,,
012447957675_dsl,Gurgaon,108.0,ZYOT5E069474,NOKIA,46676779B267,Haryana,1.98,0.0,1.98,0.0,100.0,10.76,False,False,0.0,3.0,0.0,0.0,0.0,0.0,,0.0,1.02,0.07,AOT5221ZY,,,,,False,False,False,False,False,False,False,False,False,,False,17736.0,0.0,17736.0,4509577216.0,4509577216.0,41913894912.0,739.0,739.0,,739.0,739.0,0.0,739.0,,,,,,,,,,,,,,,,,,,,,,,,,,,,,,,,,,,,,,,,,,,,,,,,,,,,,,,,,,,,,,,,,,,,,,,,,,,,,,,,,,,,,,,,,,,,,,,,,,,,,,,,,,,,739.0,0.0,739.0,0.0,17736.0,17736.0,739.0,,739.0,,,,,,,739.0,,,,,,,,,,,,,,,,,,,,,0.0,,0.0,1.98,0.0,1.98,0.0,0.0,0.0,3.0,0.0,1.02,0.07,False,False,False,,False,False,False,False,False,False,False,False,False,,,,,,,,,,,,,,,,,,,,,,,,,,,,,,,,,,,,,,,,
012445118300_dsl,Gurgaon,108.0,NKOT0F01D2BA,NOKIA,02B8F490E9C4,Haryana,3.55,0.0,3.55,0.0,100.0,34.6,True,False,0.0,20.0,4.69,0.0,4.69,2.88,,2.88,2.78,0.55,AOT4221NK,OnePlus-Nord-CE3-5G,PHONE,OnePlus,Nord CE3,False,False,False,False,True,False,False,False,False,,False,22536.0,0.0,22536.0,22898275328.0,22898275328.0,66170877952.0,939.0,939.0,,939.0,939.0,0.0,939.0,,,,,,,,,,,,,,,,,,,,,,,,,,,,,,,,,,,,,,,,,,,,,,,,,,,,,,,,,,,,,,,,,,,,,,,,,,,,,,,,,,,,,,,,,,,,,,,,,,,,,,,,,,,,939.0,0.0,939.0,0.0,22536.0,22536.0,939.0,,939.0,,,,,,,939.0,,,,,,,,,,,,,,,,,,,,,2.88,,2.88,3.55,0.0,3.55,4.69,0.0,4.69,20.0,0.0,2.78,0.55,True,False,False,,False,False,False,False,False,False,False,True,False,,,,,,,,,,,,,,,,,,,,,,,,,,,,,,,,,,,,,,,,
01244081160_dsl,Gurgaon,108.0,NKOT0F01CE6F,NOKIA,6854FD250B98,Haryana,,,,100.0,0.0,5.83,False,False,0.0,1.0,0.0,0.0,0.0,0.0,0.0,,0.01,0.01,AOT4221NK,amazon-f290ecf4f,VOICE_ASSISTANT,Amazon,Echo,,,,False,False,False,False,False,False,False,,,,,254785536.0,254785536.0,4367818752.0,1090.0,1090.0,1090.0,,1090.0,1090.0,0.0,,,,,,,,,,,,,,,,,,,,,,,,,,,,,,,,,,,,,,,,,,,,,,,,,,,,,,,,,,,,,,,,,,,,,,,,,,,,,,,,,,,,,,,,,,,,,,,,,,,,,,,,,,,,1090.0,1090.0,0.0,,,,1090.0,1090.0,,,,,,,,1090.0,,,,,,,,,,,,,,,,,,,,,0.0,0.0,,,,,0.0,0.0,0.0,1.0,0.0,0.01,0.01,False,False,False,False,,,,,False,False,False,False,False,,,,,,,,,,,,,,,,,,,,,,,,,,,,,,,,,,,,,,,,
01244054723_dsl,Gurgaon,108.0,NKOT0F0226EE,NOKIA,62A173AB08D4,Haryana,0.0,0.0,0.0,0.0,100.0,0.23,False,False,0.0,3.0,0.0,0.0,0.0,0.0,,0.0,0.17,0.02,AAP321NK,,,,,False,False,False,False,False,False,False,False,False,,False,207.0,0.0,207.0,154210304.0,154210304.0,65875159528.0,9.0,9.0,,9.0,9.0,0.0,9.0,,,,,,,,,,,,,,,,,,,,,,,,,,,,,,,,,,,,,,,,,,,,,,,,,,,,,,,,,,,,,,,,,,,,,,,,,,,,,,,,,,,,,,,,,,,,,,,,,,,,,,,,,,,,9.0,0.0,9.0,0.0,207.0,207.0,9.0,,9.0,,,,,,,9.0,,,,,,,,,,,,,,,,,,,,,0.0,,0.0,0.0,0.0,0.0,0.0,0.0,0.0,3.0,0.0,0.17,0.02,False,False,False,,False,False,False,False,False,False,False,False,False,,,,,,,,,,,,,,,,,,,,,,,,,,,,,,,,,,,,,,,,
012445118300_dsl,Gurgaon,108.0,NKOT0F01D2BA,NOKIA,50DCE7D68D34,Haryana,0.0,0.0,0.0,0.0,100.0,2.95,False,True,0.0,3.0,1.12,0.0,1.12,0.0,,0.0,0.32,0.01,AOT4221NK,,,,,False,False,False,False,False,False,False,False,False,,False,34200.0,0.0,34200.0,1951934464.0,1951934464.0,66170877952.0,1425.0,1425.0,,1425.0,1425.0,0.0,1425.0,,,,,,,,,,,,,,,,,,,,,,,,,,,,,,,,,,,,,,,,,,,,,,,,,,,,,,,,,,,,,,,,,,,,,,,,,,,,,,,,,,,,,,,,,,,,,,,,,,,,,,,,,,,,1425.0,0.0,1425.0,0.0,34200.0,34200.0,1425.0,,1425.0,,,,,,,1425.0,,,,,,,,,,,,,,,,,,,,,0.0,,0.0,0.0,0.0,0.0,1.12,0.0,1.12,3.0,0.0,0.32,0.01,False,True,False,,False,False,False,False,False,False,False,False,False,,,,,,,,,,,,,,,,,,,,,,,,,,,,,,,,,,,,,,,,
01246472327_dsl,Gurgaon,108.0,NKOTA0000592,NOKIA,481B40DAC1F0,Haryana,0.0,0.0,0.0,0.0,100.0,2.18,,,0.0,,0.0,0.0,0.0,0.0,,0.0,0.0,0.02,AOT4221NK,,,,,False,False,False,False,,False,False,False,False,,False,33312.0,0.0,33312.0,160321536.0,160321536.0,7342070784.0,1388.0,1388.0,,1388.0,1388.0,0.0,1388.0,,,,,,,,,,,,,,,,,,,,,,,,,,,,,,,,,,,,,,,,,,,,,,,,,,,,,,,,,,,,,,,,,,,,,,,,,,,,,,,,,,,,,,,,,,,,,,,,,,,,,,,,,,,,1388.0,0.0,1388.0,0.0,33312.0,33312.0,1388.0,,1388.0,,,,,,,1388.0,,,,,,,,,,,,,,,,,,,,,0.0,,0.0,0.0,0.0,0.0,0.0,0.0,0.0,,0.0,0.0,0.02,,,False,,False,False,False,False,False,False,False,,False,,,,,,,,,,,,,,,,,,,,,,,,,,,,,,,,,,,,,,,,
012444903348_dsl,Gurgaon,108.0,NKOT0F01CE7E,NOKIA,5CEA1D30FB63,Haryana,0.0,0.0,0.0,0.0,100.0,19.41,,,0.0,,0.0,0.0,0.0,0.0,,0.0,3.32,0.05,AAP321NK,,,,,False,False,False,False,,False,False,False,False,,False,2776.0,0.0,2776.0,10727122175.0,10727122175.0,55270665493.0,1388.0,1388.0,,1388.0,1388.0,0.0,1388.0,,,,,,,,,,,,,,,,,,,,,,,,,,,,,,,,,,,,,,,,,,,,,,,,,,,,,,,,,,,,,,,,,,,,,,,,,,,,,,,,,,,,,,,,,,,,,,,,,,,,,,,,,,,,1388.0,0.0,1388.0,0.0,2776.0,2776.0,1388.0,,1388.0,,,,,,,1388.0,,,,,,,,,,,,,,,,,,,,,0.0,,0.0,0.0,0.0,0.0,0.0,0.0,0.0,,0.0,3.32,0.05,,,False,,False,False,False,False,False,False,False,,False,,,,,,,,,,,,,,,,,,,,,,,,,,,,,,,,,,,,,,,,
012444903348_dsl,Gurgaon,108.0,NKOT0F01CE7E,NOKIA,82A170AF2571,Haryana,0.0,0.0,0.0,64.3,35.7,5.59,False,True,0.0,20.0,24.02,25.13,0.0,0.0,0.0,0.0,3.13,0.09,AAP321NK,realme-15T,,,,False,False,False,False,True,False,False,False,False,False,False,4308.0,4290.0,18.0,3091013277.0,3091013277.0,55270665493.0,204.0,204.0,195.0,9.0,204.0,195.0,9.0,,,,,,,,,,,,,,,,,,,,,,,,,,,,,,,,,,,,,,,,,,,,,,,,,,,,,,,,,,,,,,,,,,,,,,,,,,,,,,,,,,,,,,,,,,,,,,,,,,,,,,,,,,,,204.0,195.0,9.0,4290.0,18.0,4308.0,204.0,195.0,9.0,,,,,,,204.0,,,,,,,,,,,,,,,,,,,,,0.0,0.0,0.0,0.0,0.0,0.0,24.02,25.13,0.0,20.0,0.0,3.13,0.09,False,True,False,False,False,False,False,False,False,False,False,True,False,,,,,,,,,,,,,,,,,,,,,,,,,,,,,,,,,,,,,,,,
01246472327_dsl,Gurgaon,108.0,NKOTA0000592,NOKIA,70317F1E11E4,Haryana,0.0,0.0,0.0,0.0,100.0,0.09,False,False,0.0,15.0,0.0,0.0,0.0,0.0,,0.0,0.15,0.02,AOT4221NK,Srijans-iPhone,PHONE,Apple,iPhone,False,False,False,False,True,False,False,False,False,,False,24.0,0.0,24.0,6473728.0,6473728.0,7342070784.0,1.0,1.0,,1.0,1.0,0.0,1.0,,,,,,,,,,,,,,,,,,,,,,,,,,,,,,,,,,,,,,,,,,,,,,,,,,,,,,,,,,,,,,,,,,,,,,,,,,,,,,,,,,,,,,,,,,,,,,,,,,,,,,,,,,,,1.0,0.0,1.0,0.0,24.0,24.0,1.0,,1.0,,,,,,,1.0,,,,,,,,,,,,,,,,,,,,,0.0,,0.0,0.0,0.0,0.0,0.0,0.0,0.0,15.0,0.0,0.15,0.02,False,False,False,,False,False,False,False,False,False,False,True,False,,,,,,,,,,,,,,,,,,,,,,,,,,,,,,,,,,,,,,,,
012444903348_dsl,Gurgaon,108.0,NKOT0F01CE7E,NOKIA,DE9EF3A73DC5,Haryana,0.0,0.0,0.0,99.84,0.16,0.01,False,True,0.0,18.0,96.3,100.0,50.0,18.52,16.0,50.0,0.03,0.02,AAP321NK,,,,,False,False,False,False,True,True,True,False,False,False,False,554.0,550.0,4.0,6467511.0,6467511.0,55270665493.0,27.0,27.0,25.0,2.0,27.0,25.0,2.0,,,,,,,,,,,,,,,,,,,,,,,,,,,,,,,,,,,,,,,,,,,,,,,,,,,,,,,,,,,,,,,,,,,,,,,,,,,,,,,,,,,,,,,,,,,,,,,,,,,,,,,,,,,,27.0,25.0,2.0,550.0,4.0,554.0,27.0,25.0,2.0,,,,,,,27.0,,,,,,,,,,,,,,,,,,,,,18.52,16.0,50.0,0.0,0.0,0.0,96.3,100.0,50.0,18.0,0.0,0.03,0.02,False,True,False,False,False,False,False,False,True,True,False,True,False,,,,,,,,,,,,,,,,,,,,,,,,,,,,,,,,,,,,,,,,
012445159575_dsl,Gurgaon,108.0,ZYOTFD000042,NOKIA,4C1B86D3490C,Haryana,74.91,0.0,74.91,0.0,100.0,49.89,,,0.0,,0.0,0.0,0.0,74.91,,74.91,4.33,0.15,AOT5221ZY,,,,,True,False,True,False,,False,False,False,True,,True,13776.0,0.0,13776.0,46675354624.0,46675354624.0,93565130752.0,574.0,574.0,,574.0,574.0,0.0,574.0,,,,,,,,,,,,,,,,,,,,,,,,,,,,,,,,,,,,,,,,,,,,,,,,,,,,,,,,,,,,,,,,,,,,,,,,,,,,,,,,,,,,,,,,,,,,,,,,,,,,,,,,,,,,574.0,0.0,574.0,0.0,13776.0,13776.0,574.0,,574.0,,,,,,,574.0,,,,,,,,,,,,,,,,,,,,,74.91,,74.91,74.91,0.0,74.91,0.0,0.0,0.0,,0.0,4.33,0.15,,,True,,True,True,False,True,False,False,False,,False,,,,,,,,,,,,,,,,,,,,,,,,,,,,,,,,,,,,,,,,
012447957675_dsl,Gurgaon,108.0,ZYOT5E069474,NOKIA,324ED16F1BEC,Haryana,0.0,0.0,0.0,0.0,100.0,0.1,False,True,0.0,1.0,0.0,0.0,0.0,0.0,,0.0,0.01,0.01,AOT5221ZY,spradit,OTHER,,,False,False,False,False,False,False,False,False,False,,False,15144.0,0.0,15144.0,42480640.0,42480640.0,41913894912.0,631.0,631.0,,631.0,631.0,0.0,631.0,,,,,,,,,,,,,,,,,,,,,,,,,,,,,,,,,,,,,,,,,,,,,,,,,,,,,,,,,,,,,,,,,,,,,,,,,,,,,,,,,,,,,,,,,,,,,,,,,,,,,,,,,,,,631.0,0.0,631.0,0.0,15144.0,15144.0,631.0,,631.0,,,,,,,631.0,,,,,,,,,,,,,,,,,,,,,0.0,,0.0,0.0,0.0,0.0,0.0,0.0,0.0,1.0,0.0,0.01,0.01,False,True,False,,False,False,False,False,False,False,False,False,False,,,,,,,,,,,,,,,,,,,,,,,,,,,,,,,,,,,,,,,,
012444903348_dsl,Gurgaon,108.0,NKOT0F01CE7E,NOKIA,C25FF6C7715F,Haryana,3.11,3.11,0.0,100.0,0.0,3.04,False,False,0.0,18.0,86.57,86.57,0.0,26.87,26.87,,0.66,0.03,AAP321NK,realme-C11-2021,,,,False,False,False,False,True,True,True,False,False,False,,7370.0,7370.0,0.0,1679345991.0,1679345991.0,55270665493.0,335.0,335.0,335.0,,335.0,335.0,0.0,,,,,,,,,,,,,,,,,,,,,,,,,,,,,,,,,,,,,,,,,,,,,,,,,,,,,,,,,,,,,,,,,,,,,,,,,,,,,,,,,,,,,,,,,,,,,,,,,,,,,,,,,,,,335.0,335.0,0.0,7370.0,0.0,7370.0,335.0,335.0,,,,,,,,335.0,,,,,,,,,,,,,,,,,,,,,26.87,26.87,,3.11,3.11,0.0,86.57,86.57,0.0,18.0,0.0,0.66,0.03,False,False,False,False,,False,False,False,True,True,False,True,False,,,,,,,,,,,,,,,,,,,,,,,,,,,,,,,,,,,,,,,,
01244081160_dsl,Gurgaon,108.0,NKOT0F01CE6F,NOKIA,DA662903C070,Haryana,0.0,0.0,0.0,0.0,100.0,16.72,False,False,0.0,0.0,0.0,0.0,0.0,0.0,,0.0,0.91,0.13,AOT4221NK,Mac,PC,Apple,Computer,False,False,False,False,False,False,False,False,False,,False,1728.0,0.0,1728.0,730406912.0,730406912.0,4367818752.0,72.0,72.0,,72.0,72.0,0.0,72.0,,,,,,,,,,,,,,,,,,,,,,,,,,,,,,,,,,,,,,,,,,,,,,,,,,,,,,,,,,,,,,,,,,,,,,,,,,,,,,,,,,,,,,,,,,,,,,,,,,,,,,,,,,,,72.0,0.0,72.0,0.0,1728.0,1728.0,72.0,,72.0,,,,,,,72.0,,,,,,,,,,,,,,,,,,,,,0.0,,0.0,0.0,0.0,0.0,0.0,0.0,0.0,0.0,0.0,0.91,0.13,False,False,False,,False,False,False,False,False,False,False,False,False,,,,,,,,,,,,,,,,,,,,,,,,,,,,,,,,,,,,,,,,
012444801137_dsl,Gurgaon,108.0,NKOTDF000165,NOKIA,9877D5D77618,Haryana,,,,100.0,0.0,0.02,False,False,0.0,3.0,59.62,59.62,0.0,0.0,0.0,,0.0,0.0,AOT4221NK,wiz_d77618,SMART_HOME,WIZ,Light,,,,False,False,False,False,False,False,False,,,,,8474624.0,8474624.0,39230609408.0,208.0,208.0,208.0,,208.0,208.0,0.0,,,,,,,,,,,,,,,,,,,,,,,,,,,,,,,,,,,,,,,,,,,,,,,,,,,,,,,,,,,,,,,,,,,,,,,,,,,,,,,,,,,,,,,,,,,,,,,,,,,,,,,,,,,,208.0,208.0,0.0,,,,208.0,208.0,,,,,,,,208.0,,,,,,,,,,,,,,,,,,,,,0.0,0.0,,,,,59.62,59.62,0.0,3.0,0.0,0.0,0.0,False,False,False,False,,,,,False,False,False,False,False,,,,,,,,,,,,,,,,,,,,,,,,,,,,,,,,,,,,,,,,
012444801137_dsl,Gurgaon,108.0,NKOTDF000165,NOKIA,9877D5A4F5CE,Haryana,,,,100.0,0.0,0.02,False,False,0.0,3.0,75.0,75.0,0.0,0.0,0.0,,0.0,0.0,AOT4221NK,wiz_a4f5ce,SMART_HOME,WIZ,Light,,,,False,False,True,True,False,False,False,,,,,8441856.0,8441856.0,39230609408.0,208.0,208.0,208.0,,208.0,208.0,0.0,,,,,,,,,,,,,,,,,,,,,,,,,,,,,,,,,,,,,,,,,,,,,,,,,,,,,,,,,,,,,,,,,,,,,,,,,,,,,,,,,,,,,,,,,,,,,,,,,,,,,,,,,,,,208.0,208.0,0.0,,,,208.0,208.0,,,,,,,,208.0,,,,,,,,,,,,,,,,,,,,,0.0,0.0,,,,,75.0,75.0,0.0,3.0,0.0,0.0,0.0,False,False,False,False,,,,,True,True,False,False,False,,,,,,,,,,,,,,,,,,,,,,,,,,,,,,,,,,,,,,,,
01246472327_dsl,Gurgaon,108.0,NKOTA0000592,NOKIA,2246CDEDC745,Haryana,0.0,0.0,0.0,0.0,100.0,93.59,False,False,0.0,11.0,0.0,0.0,0.0,0.0,,0.0,2.57,9.26,AOT4221NK,iPhone,PHONE,Apple,iPhone,False,False,False,False,True,False,False,False,False,,False,23832.0,0.0,23832.0,6871299072.0,6871299072.0,7342070784.0,993.0,993.0,,993.0,993.0,0.0,993.0,,,,,,,,,,,,,,,,,,,,,,,,,,,,,,,,,,,,,,,,,,,,,,,,,,,,,,,,,,,,,,,,,,,,,,,,,,,,,,,,,,,,,,,,,,,,,,,,,,,,,,,,,,,,993.0,0.0,993.0,0.0,23832.0,23832.0,993.0,,993.0,,,,,,,993.0,,,,,,,,,,,,,,,,,,,,,0.0,,0.0,0.0,0.0,0.0,0.0,0.0,0.0,11.0,0.0,2.57,9.26,False,False,False,,False,False,False,False,False,False,False,True,False,,,,,,,,,,,,,,,,,,,,,,,,,,,,,,,,,,,,,,,,
012444903348_dsl,Gurgaon,108.0,NKOT0F01CE7E,NOKIA,444201C1B177,Haryana,0.0,0.0,0.0,0.0,100.0,0.57,,,0.0,,0.0,0.0,0.0,0.0,,0.0,0.01,0.0,AAP321NK,,,,,False,False,False,False,,False,False,False,False,,False,2702.0,0.0,2702.0,317555712.0,317555712.0,55270665493.0,1351.0,1351.0,,1351.0,1351.0,0.0,1351.0,,,,,,,,,,,,,,,,,,,,,,,,,,,,,,,,,,,,,,,,,,,,,,,,,,,,,,,,,,,,,,,,,,,,,,,,,,,,,,,,,,,,,,,,,,,,,,,,,,,,,,,,,,,,1351.0,0.0,1351.0,0.0,2702.0,2702.0,1351.0,,1351.0,,,,,,,1351.0,,,,,,,,,,,,,,,,,,,,,0.0,,0.0,0.0,0.0,0.0,0.0,0.0,0.0,,0.0,0.01,0.0,,,False,,False,False,False,False,False,False,False,,False,,,,,,,,,,,,,,,,,,,,,,,,,,,,,,,,,,,,,,,,
012436398608_dsl,Gurgaon,108.0,NKOTDF0001E7,NOKIA,8E44C4BECA46,Haryana,0.0,0.0,0.0,0.0,100.0,1.63,False,False,0.0,6.0,0.0,0.0,0.0,0.0,,0.0,42.92,0.61,AOT4221NK,,,,,False,False,False,False,True,False,False,False,False,,False,4176.0,0.0,4176.0,626026496.0,626026496.0,38383862784.0,174.0,174.0,,174.0,174.0,0.0,174.0,,,,,,,,,,,,,,,,,,,,,,,,,,,,,,,,,,,,,,,,,,,,,,,,,,,,,,,,,,,,,,,,,,,,,,,,,,,,,,,,,,,,,,,,,,,,,,,,,,,,,,,,,,,,174.0,0.0,174.0,0.0,4176.0,4176.0,174.0,,174.0,,,,,,,174.0,,,,,,,,,,,,,,,,,,,,,0.0,,0.0,0.0,0.0,0.0,0.0,0.0,0.0,6.0,0.0,42.92,0.61,False,False,False,,False,False,False,False,False,False,False,True,False,,,,,,,,,,,,,,,,,,,,,,,,,,,,,,,,,,,,,,,,
012444903348_dsl,Gurgaon,108.0,NKOT0F01CE7E,NOKIA,32655446EDD7,Haryana,0.0,0.0,0.0,0.04,99.96,15.74,False,False,0.0,65.0,0.16,9.09,0.0,0.0,0.0,0.0,2.34,0.13,AAP321NK,Galaxy-S25-Ultra,PHONE,Samsung Electronics,Galaxy,False,False,False,False,True,False,False,False,False,False,False,1468.0,242.0,1226.0,8697940105.0,8697940105.0,55270665493.0,624.0,624.0,11.0,613.0,624.0,11.0,613.0,,,,,,,,,,,,,,,,,,,,,,,,,,,,,,,,,,,,,,,,,,,,,,,,,,,,,,,,,,,,,,,,,,,,,,,,,,,,,,,,,,,,,,,,,,,,,,,,,,,,,,,,,,,,624.0,11.0,613.0,242.0,1226.0,1468.0,624.0,11.0,613.0,,,,,,,624.0,,,,,,,,,,,,,,,,,,,,,0.0,0.0,0.0,0.0,0.0,0.0,0.16,9.09,0.0,65.0,0.0,2.34,0.13,False,False,False,False,False,False,False,False,False,False,False,True,False,,,,,,,,,,,,,,,,,,,,,,,,,,,,,,,,,,,,,,,,
01244054723_dsl,Gurgaon,108.0,NKOT0F0226EE,NOKIA,866D51236BCF,Haryana,0.94,0.0,0.94,0.32,99.68,19.44,False,False,0.0,89.0,0.0,0.0,0.0,0.93,0.0,0.94,3.22,0.3,AAP321NK,iPhone,PHONE,Apple,iPhone,False,False,False,False,True,False,False,False,False,False,False,22034.0,0.0,22034.0,12804307968.0,12804307968.0,65875159528.0,967.0,967.0,9.0,958.0,967.0,9.0,958.0,,,,,,,,,,,,,,,,,,,,,,,,,,,,,,,,,,,,,,,,,,,,,,,,,,,,,,,,,,,,,,,,,,,,,,,,,,,,,,,,,,,,,,,,,,,,,,,,,,,,,,,,,,,,967.0,9.0,958.0,0.0,22034.0,22034.0,967.0,9.0,958.0,,,,,,,967.0,,,,,,,,,,,,,,,,,,,,,0.93,0.0,0.94,0.94,0.0,0.94,0.0,0.0,0.0,89.0,0.0,3.22,0.3,False,False,False,False,False,False,False,False,False,False,False,True,False,,,,,,,,,,,,,,,,,,,,,,,,,,,,,,,,,,,,,,,,
012436398608_dsl,Gurgaon,108.0,NKOTDF0001E7,NOKIA,0EED7B0E8241,Haryana,0.0,0.0,0.0,98.69,1.31,0.09,True,False,0.0,8.0,0.0,0.0,0.0,0.0,0.0,0.0,0.35,0.04,AOT4221NK,OnePlus-15R,,,,False,False,False,False,True,False,False,False,False,False,False,1536.0,0.0,1536.0,33831936.0,33831936.0,38383862784.0,91.0,91.0,27.0,64.0,91.0,27.0,64.0,,,,,,,,,,,,,,,,,,,,,,,,,,,,,,,,,,,,,,,,,,,,,,,,,,,,,,,,,,,,,,,,,,,,,,,,,,,,,,,,,,,,,,,,,,,,,,,,,,,,,,,,,,,,91.0,27.0,64.0,0.0,1536.0,1536.0,91.0,27.0,64.0,,,,,,,91.0,,,,,,,,,,,,,,,,,,,,,0.0,0.0,0.0,0.0,0.0,0.0,0.0,0.0,0.0,8.0,0.0,0.35,0.04,True,False,False,False,False,False,False,False,False,False,False,True,False,,,,,,,,,,,,,,,,,,,,,,,,,,,,,,,,,,,,,,,,
01244054723_dsl,Gurgaon,108.0,NKOT0F0226EE,NOKIA,4CF5DCF7CBCA,Haryana,,,,100.0,0.0,2.09,False,False,0.0,13.0,96.55,96.55,0.0,0.0,0.0,,0.01,0.23,AAP321NK,846606451,OTHER,Hikvision,,,,,False,True,True,True,False,False,False,,,,,1376189552.0,1376189552.0,65875159528.0,1187.0,1187.0,1187.0,,1187.0,1187.0,0.0,,,,,,,,,,,,,,,,,,,,,,,,,,,,,,,,,,,,,,,,,,,,,,,,,,,,,,,,,,,,,,,,,,,,,,,,,,,,,,,,,,,,,,,,,,,,,,,,,,,,,,,,,,,,1187.0,1187.0,0.0,,,,1187.0,1187.0,,,,,,,,1187.0,,,,,,,,,,,,,,,,,,,,,0.0,0.0,,,,,96.55,96.55,0.0,13.0,0.0,0.01,0.23,False,False,False,False,,,,,True,True,False,True,False,,,,,,,,,,,,,,,,,,,,,,,,,,,,,,,,,,,,,,,,
012444903348_dsl,Gurgaon,108.0,NKOT0F01CE7E,NOKIA,B2C8CF9ECE29,Haryana,0.0,0.0,0.0,14.67,85.33,2.82,False,False,0.0,50.0,0.2,33.33,0.0,0.2,33.33,0.0,8.3,0.08,AAP321NK,iPhone,,,,False,False,False,False,True,False,False,False,False,False,False,1064.0,66.0,998.0,1559916884.0,1559916884.0,55270665493.0,502.0,502.0,3.0,499.0,502.0,3.0,499.0,,,,,,,,,,,,,,,,,,,,,,,,,,,,,,,,,,,,,,,,,,,,,,,,,,,,,,,,,,,,,,,,,,,,,,,,,,,,,,,,,,,,,,,,,,,,,,,,,,,,,,,,,,,,502.0,3.0,499.0,66.0,998.0,1064.0,502.0,3.0,499.0,,,,,,,502.0,,,,,,,,,,,,,,,,,,,,,0.2,33.33,0.0,0.0,0.0,0.0,0.2,33.33,0.0,50.0,0.0,8.3,0.08,False,False,False,False,False,False,False,False,False,False,False,True,False,,,,,,,,,,,,,,,,,,,,,,,,,,,,,,,,,,,,,,,,
01244054723_dsl,Gurgaon,108.0,NKOT0F0226EE,NOKIA,E8C7CFB663D4,Haryana,0.0,0.0,0.0,0.0,100.0,5.13,True,False,0.0,4.0,0.0,0.0,0.0,0.0,,0.0,2.64,0.13,AAP321NK,,,,,False,False,False,False,False,False,False,False,False,,False,2967.0,0.0,2967.0,3376382976.0,3376382976.0,65875159528.0,129.0,129.0,,129.0,129.0,0.0,129.0,,,,,,,,,,,,,,,,,,,,,,,,,,,,,,,,,,,,,,,,,,,,,,,,,,,,,,,,,,,,,,,,,,,,,,,,,,,,,,,,,,,,,,,,,,,,,,,,,,,,,,,,,,,,129.0,0.0,129.0,0.0,2967.0,2967.0,129.0,,129.0,,,,,,,129.0,,,,,,,,,,,,,,,,,,,,,0.0,,0.0,0.0,0.0,0.0,0.0,0.0,0.0,4.0,0.0,2.64,0.13,True,False,False,,False,False,False,False,False,False,False,False,False,,,,,,,,,,,,,,,,,,,,,,,,,,,,,,,,,,,,,,,,
01244054723_dsl,Gurgaon,108.0,NKOT0F0226EE,NOKIA,7243CCCDA6CE,Haryana,0.0,0.0,0.0,0.0,100.0,18.94,True,False,0.0,6.0,0.0,0.0,0.0,0.0,,0.0,2.38,0.02,AAP321NK,XstreamIPTV1-VT,STREAMING_DEVICE,,Streaming Dongle,False,False,False,False,True,False,False,False,False,,False,31073.0,0.0,31073.0,12479499264.0,12479499264.0,65875159528.0,1351.0,1351.0,,1351.0,1351.0,0.0,1351.0,,,,,,,,,,,,,,,,,,,,,,,,,,,,,,,,,,,,,,,,,,,,,,,,,,,,,,,,,,,,,,,,,,,,,,,,,,,,,,,,,,,,,,,,,,,,,,,,,,,,,,,,,,,,1351.0,0.0,1351.0,0.0,31073.0,31073.0,1351.0,,1351.0,,,,,,,1351.0,,,,,,,,,,,,,,,,,,,,,0.0,,0.0,0.0,0.0,0.0,0.0,0.0,0.0,6.0,0.0,2.38,0.02,True,False,False,,False,False,False,False,False,False,False,True,False,,,,,,,,,,,,,,,,,,,,,,,,,,,,,,,,,,,,,,,,
012445118300_dsl,Gurgaon,108.0,NKOT0F01D2BA,NOKIA,BACE2A0CC19D,Haryana,1.11,0.0,1.11,0.0,100.0,0.24,False,False,0.0,3.0,0.0,0.0,0.0,0.0,,0.0,0.06,0.03,AOT4221NK,Mac,PC,Apple,Computer,False,False,False,False,False,False,False,False,False,,False,5952.0,0.0,5952.0,159584256.0,159584256.0,66170877952.0,248.0,248.0,,248.0,248.0,0.0,248.0,,,,,,,,,,,,,,,,,,,,,,,,,,,,,,,,,,,,,,,,,,,,,,,,,,,,,,,,,,,,,,,,,,,,,,,,,,,,,,,,,,,,,,,,,,,,,,,,,,,,,,,,,,,,248.0,0.0,248.0,0.0,5952.0,5952.0,248.0,,248.0,,,,,,,248.0,,,,,,,,,,,,,,,,,,,,,0.0,,0.0,1.11,0.0,1.11,0.0,0.0,0.0,3.0,0.0,0.06,0.03,False,False,False,,False,False,False,False,False,False,False,False,False,,,,,,,,,,,,,,,,,,,,,,,,,,,,,,,,,,,,,,,,
012447862103_dsl,Gurgaon,108.0,ZYOTB0900020,NOKIA,14B5CD43D30F,Haryana,0.0,0.0,0.0,0.0,100.0,47.2,,,0.0,,0.0,0.0,0.0,0.0,,0.0,1.6,0.04,AOT5222ZY,,,,,False,False,False,False,,False,False,False,False,,False,33312.0,0.0,33312.0,6586378240.0,6586378240.0,13955147776.0,1388.0,1388.0,,1388.0,1388.0,0.0,1388.0,,,,,,,,,,,,,,,,,,,,,,,,,,,,,,,,,,,,,,,,,,,,,,,,,,,,,,,,,,,,,,,,,,,,,,,,,,,,,,,,,,,,,,,,,,,,,,,,,,,,,,,,,,,,1388.0,0.0,1388.0,0.0,33312.0,33312.0,1388.0,,1388.0,,,,,,,1388.0,,,,,,,,,,,,,,,,,,,,,0.0,,0.0,0.0,0.0,0.0,0.0,0.0,0.0,,0.0,1.6,0.04,,,False,,False,False,False,False,False,False,False,,False,,,,,,,,,,,,,,,,,,,,,,,,,,,,,,,,,,,,,,,,
01246232448_dsl,Gurgaon,108.0,NKOT2F045EF1,NOKIA,8A43BA359CDF,Haryana,,,,0.0,100.0,18.41,False,False,0.0,6.0,0.0,0.0,0.0,0.0,,0.0,0.59,0.02,AAP321NK,,,,,,,,False,True,False,False,False,False,,False,,,,561848320.0,561848320.0,3052187648.0,8.0,8.0,,8.0,8.0,0.0,8.0,,,,,,,,,,,,,,,,,,,,,,,,,,,,,,,,,,,,,,,,,,,,,,,,,,,,,,,,,,,,,,,,,,,,,,,,,,,,,,,,,,,,,,,,,,,,,,,,,,,,,,,,,,,,8.0,0.0,8.0,,,,8.0,,8.0,,,,,,,8.0,,,,,,,,,,,,,,,,,,,,,0.0,,0.0,,,,0.0,0.0,0.0,6.0,0.0,0.59,0.02,False,False,False,,False,,,,False,False,False,True,False,,,,,,,,,,,,,,,,,,,,,,,,,,,,,,,,,,,,,,,,
012445118300_dsl,Gurgaon,108.0,NKOT0F01D2BA,NOKIA,3CA6F6264B0F,Haryana,0.09,0.0,0.09,0.0,100.0,5.34,,,0.0,,0.0,0.0,0.0,0.0,,0.0,0.23,0.33,AOT4221NK,,,,,False,False,False,False,,False,False,False,False,,False,34200.0,0.0,34200.0,3534267392.0,3534267392.0,66170877952.0,1425.0,1425.0,,1425.0,1425.0,0.0,1425.0,,,,,,,,,,,,,,,,,,,,,,,,,,,,,,,,,,,,,,,,,,,,,,,,,,,,,,,,,,,,,,,,,,,,,,,,,,,,,,,,,,,,,,,,,,,,,,,,,,,,,,,,,,,,1425.0,0.0,1425.0,0.0,34200.0,34200.0,1425.0,,1425.0,,,,,,,1425.0,,,,,,,,,,,,,,,,,,,,,0.0,,0.0,0.09,0.0,0.09,0.0,0.0,0.0,,0.0,0.23,0.33,,,False,,False,False,False,False,False,False,False,,False,,,,,,,,,,,,,,,,,,,,,,,,,,,,,,,,,,,,,,,,
012444801137_dsl,Gurgaon,108.0,NKOTDF000165,NOKIA,683943AD68BF,Haryana,0.0,0.0,0.0,0.0,100.0,3.15,False,True,0.0,1.0,0.0,0.0,0.0,0.0,,0.0,0.95,0.03,AOT4221NK,Family-Room-TV,,,,False,False,False,False,False,False,False,False,False,,False,840.0,0.0,840.0,1236049920.0,1236049920.0,39230609408.0,35.0,35.0,,35.0,35.0,0.0,35.0,,,,,,,,,,,,,,,,,,,,,,,,,,,,,,,,,,,,,,,,,,,,,,,,,,,,,,,,,,,,,,,,,,,,,,,,,,,,,,,,,,,,,,,,,,,,,,,,,,,,,,,,,,,,35.0,0.0,35.0,0.0,840.0,840.0,35.0,,35.0,,,,,,,35.0,,,,,,,,,,,,,,,,,,,,,0.0,,0.0,0.0,0.0,0.0,0.0,0.0,0.0,1.0,0.0,0.95,0.03,False,True,False,,False,False,False,False,False,False,False,False,False,,,,,,,,,,,,,,,,,,,,,,,,,,,,,,,,,,,,,,,,
012447957675_dsl,Gurgaon,108.0,ZYOT5E069474,NOKIA,F2CE1B18563F,Haryana,0.0,0.0,0.0,0.0,100.0,0.28,False,False,0.0,0.0,0.0,0.0,0.0,0.0,,0.0,0.06,0.24,AOT5221ZY,XstreamIPTV1-VT,OTHER,,,False,False,False,False,False,False,False,False,False,,False,31824.0,0.0,31824.0,116125696.0,116125696.0,41913894912.0,1326.0,1326.0,,1326.0,1326.0,0.0,1326.0,,,,,,,,,,,,,,,,,,,,,,,,,,,,,,,,,,,,,,,,,,,,,,,,,,,,,,,,,,,,,,,,,,,,,,,,,,,,,,,,,,,,,,,,,,,,,,,,,,,,,,,,,,,,1326.0,0.0,1326.0,0.0,31824.0,31824.0,1326.0,,1326.0,,,,,,,1326.0,,,,,,,,,,,,,,,,,,,,,0.0,,0.0,0.0,0.0,0.0,0.0,0.0,0.0,0.0,0.0,0.06,0.24,False,False,False,,False,False,False,False,False,False,False,False,False,,,,,,,,,,,,,,,,,,,,,,,,,,,,,,,,,,,,,,,,
01246232448_dsl,Gurgaon,108.0,NKOT2F045EF1,NOKIA,F621EE1DD5B7,Haryana,,,,0.0,100.0,0.13,,,0.0,5.0,0.0,0.0,0.0,0.0,,0.0,0.0,0.0,AAP321NK,,,,,,,,False,False,False,False,False,False,,False,,,,3940352.0,3940352.0,3052187648.0,8.0,8.0,,8.0,8.0,0.0,8.0,,,,,,,,,,,,,,,,,,,,,,,,,,,,,,,,,,,,,,,,,,,,,,,,,,,,,,,,,,,,,,,,,,,,,,,,,,,,,,,,,,,,,,,,,,,,,,,,,,,,,,,,,,,,8.0,0.0,8.0,,,,8.0,,8.0,,,,,,,8.0,,,,,,,,,,,,,,,,,,,,,0.0,,0.0,,,,0.0,0.0,0.0,5.0,0.0,0.0,0.0,,,False,,False,,,,False,False,False,False,False,,,,,,,,,,,,,,,,,,,,,,,,,,,,,,,,,,,,,,,,
012436398608_dsl,Gurgaon,108.0,NKOTDF0001E7,NOKIA,62D8084F50B0,Haryana,0.0,0.0,0.0,5.34,94.66,30.57,False,True,0.0,11.0,16.31,50.0,15.9,0.0,0.0,0.0,6.04,0.19,AOT4221NK,OnePlus-Nord-CE4-Lite-5G,,,,False,False,False,False,True,False,False,False,False,False,False,15696.0,0.0,15696.0,11735169024.0,11735169024.0,38383862784.0,662.0,662.0,8.0,654.0,662.0,8.0,654.0,,,,,,,,,,,,,,,,,,,,,,,,,,,,,,,,,,,,,,,,,,,,,,,,,,,,,,,,,,,,,,,,,,,,,,,,,,,,,,,,,,,,,,,,,,,,,,,,,,,,,,,,,,,,662.0,8.0,654.0,0.0,15696.0,15696.0,662.0,8.0,654.0,,,,,,,662.0,,,,,,,,,,,,,,,,,,,,,0.0,0.0,0.0,0.0,0.0,0.0,16.31,50.0,15.9,11.0,0.0,6.04,0.19,False,True,False,False,False,False,False,False,False,False,False,True,False,,,,,,,,,,,,,,,,,,,,,,,,,,,,,,,,,,,,,,,,
01246232448_dsl,Gurgaon,108.0,NKOT2F045EF1,NOKIA,A091A2A13221,Haryana,,,,100.0,0.0,68.64,,,0.0,1.0,0.0,0.0,0.0,0.0,0.0,,3.35,0.15,AAP321NK,,,,,,,,False,False,False,False,False,False,False,,,,,2094956544.0,2094956544.0,3052187648.0,8.0,8.0,8.0,,8.0,8.0,0.0,,,,,,,,,,,,,,,,,,,,,,,,,,,,,,,,,,,,,,,,,,,,,,,,,,,,,,,,,,,,,,,,,,,,,,,,,,,,,,,,,,,,,,,,,,,,,,,,,,,,,,,,,,,,8.0,8.0,0.0,,,,8.0,8.0,,,,,,,,8.0,,,,,,,,,,,,,,,,,,,,,0.0,0.0,,,,,0.0,0.0,0.0,1.0,0.0,3.35,0.15,,,False,False,,,,,False,False,False,False,False,,,,,,,,,,,,,,,,,,,,,,,,,,,,,,,,,,,,,,,,
012444903348_dsl,Gurgaon,108.0,NKOT0F01CE7E,NOKIA,DC4BA104E8A6,Haryana,0.0,0.0,0.0,0.0,100.0,0.02,,,0.0,,92.89,0.0,92.89,0.0,,0.0,0.01,0.0,AAP321NK,,,,,False,False,False,False,,True,False,True,False,,False,2702.0,0.0,2702.0,9058304.0,9058304.0,55270665493.0,1351.0,1351.0,,1351.0,1351.0,0.0,1351.0,,,,,,,,,,,,,,,,,,,,,,,,,,,,,,,,,,,,,,,,,,,,,,,,,,,,,,,,,,,,,,,,,,,,,,,,,,,,,,,,,,,,,,,,,,,,,,,,,,,,,,,,,,,,1351.0,0.0,1351.0,0.0,2702.0,2702.0,1351.0,,1351.0,,,,,,,1351.0,,,,,,,,,,,,,,,,,,,,,0.0,,0.0,0.0,0.0,0.0,92.89,0.0,92.89,,0.0,0.01,0.0,,,False,,False,False,False,False,True,False,True,,False,,,,,,,,,,,,,,,,,,,,,,,,,,,,,,,,,,,,,,,,
012444903348_dsl,Gurgaon,108.0,NKOT0F01CE7E,NOKIA,48EA62570373,Haryana,0.0,0.0,0.0,100.0,0.0,0.0,,,0.0,2.0,100.0,100.0,0.0,0.0,0.0,,0.03,0.03,AAP321NK,HP570373,PRINTER_SCANNER,HP,Smart Tank 580-590 Series,False,False,False,False,False,True,True,False,False,False,,22.0,22.0,0.0,907736.0,907736.0,55270665493.0,1.0,1.0,1.0,,1.0,1.0,0.0,,,,,,,,,,,,,,,,,,,,,,,,,,,,,,,,,,,,,,,,,,,,,,,,,,,,,,,,,,,,,,,,,,,,,,,,,,,,,,,,,,,,,,,,,,,,,,,,,,,,,,,,,,,,1.0,1.0,0.0,22.0,0.0,22.0,1.0,1.0,,,,,,,,1.0,,,,,,,,,,,,,,,,,,,,,0.0,0.0,,0.0,0.0,0.0,100.0,100.0,0.0,2.0,0.0,0.03,0.03,,,False,False,,False,False,False,True,True,False,False,False,,,,,,,,,,,,,,,,,,,,,,,,,,,,,,,,,,,,,,,,
012444903348_dsl,Gurgaon,108.0,NKOT0F01CE7E,NOKIA,F8FE5EBD1479,Haryana,0.0,0.0,0.0,0.0,100.0,21.51,,,0.0,4.0,40.18,0.0,40.18,0.0,,0.0,4.11,0.78,AAP321NK,LTB0208540-3,,Google,Chromebook,False,False,False,False,False,False,False,False,False,,False,224.0,0.0,224.0,11891009995.0,11891009995.0,55270665493.0,112.0,112.0,,112.0,112.0,0.0,112.0,,,,,,,,,,,,,,,,,,,,,,,,,,,,,,,,,,,,,,,,,,,,,,,,,,,,,,,,,,,,,,,,,,,,,,,,,,,,,,,,,,,,,,,,,,,,,,,,,,,,,,,,,,,,112.0,0.0,112.0,0.0,224.0,224.0,112.0,,112.0,,,,,,,112.0,,,,,,,,,,,,,,,,,,,,,0.0,,0.0,0.0,0.0,0.0,40.18,0.0,40.18,4.0,0.0,4.11,0.78,,,False,,False,False,False,False,False,False,False,False,False,,,,,,,,,,,,,,,,,,,,,,,,,,,,,,,,,,,,,,,,
01246472327_dsl,Gurgaon,108.0,NKOTA0000592,NOKIA,,Haryana,,,,,,,,,,,,,,,,,,,AOT4221NK,,,,,,,,,,,,,,,,,,,,,,,,,,,,,01246472327_dsl,108.0,NKOTA0000592,NOKIA,0C36234FB190,AOT4221NK,4.0,0.0,4.0,0.0,,0.0,0.0,0.0,0.0,2.57,9.26,0.0,0.0,0.0,4.07,11.81,0.0,39.0,0.0,0.0,0.0,0.0,0.0,0.0,0.0,0.0,0.0,0.0,0.0,0.0,0.0,0.0,0.0,0.0,,,,0.0,0.0,100.0,7342070784.0,2.63,1.0,38.0,0.0,0.0,13.0,4.0,1.0,25.0,0.0,0.0,0.0,0.0,0.0,0.0,False,,False,False,False,False,False,False,False,False,False,False,False,False,True,False,False,False,False,False,False,False,False,False,False,,,,,False,False,False,False,False,False,False,False,False,False,92.93,0.0,False,0.0,False,True,2610.0,0.0,2610.0,0.0,62640.0,62640.0,2610.0,,2610.0,3463.0,1194.0,2269.0,177.0,92.0,85.0,2610.0,184.0,92.0,92.0,184.0,92.0,92.0,,,7342070784.0,38.0,13.0,25.0,184.0,92.0,92.0,38.0,13.0,25.0,0C36234FB190,4.0,0.0,,0.0,0.0,0.0,0.0,0.0,0.0,0.0,39.0,0.0,2.57,9.26,0.0,0.0,False,,False,False,False,False,False,False,False,True,False,4.07,11.81,0.0,0.0,0.0,0.0,0.0,0.0,,,,100.0,7342070784.0,2.63,1.0,38.0,0.0,0.0,13.0,4.0,1.0,25.0,92.93,False,False,False,False,False,False,False,False,,,,,False,False,False,False,True
012447957675_dsl,Gurgaon,108.0,ZYOT5E069474,NOKIA,,Haryana,,,,,,,,,,,,,,,,,,,MTK 0000,,,,,,,,,,,,,,,,,,,,,,,,,,,,,012447957675_dsl,108.0,ZYOT5E069474,NOKIA,30BD13CF4F18,MTK 0000,9.0,3.0,9.0,0.49,0.0,0.49,0.0,3.47,25.35,9.53,25.85,9.71,100.0,9.65,91.35,91.13,91.53,79.0,0.0,0.0,0.0,0.0,0.0,0.0,0.0,0.0,0.0,0.0,0.0,0.0,0.0,0.0,0.0,0.0,,,,0.0,1.0,100.0,41913894912.0,4.17,1.0,24.0,9.09,1.0,11.0,0.0,0.0,13.0,0.0,0.0,0.0,0.0,0.0,0.0,False,False,False,False,False,False,False,False,False,True,False,True,True,True,True,False,False,False,False,False,False,False,False,False,False,,,,,False,False,False,False,False,False,False,False,False,False,71.57,56.79,False,0.66,False,True,6138.0,4.0,6134.0,0.0,147216.0,14208.0,6138.0,4.0,6134.0,3468.0,1556.0,1912.0,392.0,162.0,230.0,6138.0,372.0,162.0,210.0,392.0,162.0,230.0,,,41913894912.0,24.0,11.0,13.0,313.0,162.0,151.0,24.0,11.0,13.0,30BD13CF4F18,9.0,0.49,0.0,0.49,25.35,0.0,3.47,9.71,100.0,9.65,79.0,0.0,9.53,25.85,0.0,1.0,False,False,False,False,False,False,False,True,False,True,False,91.35,91.13,91.53,0.0,0.0,0.0,0.0,0.0,,,,100.0,41913894912.0,4.17,1.0,24.0,9.09,1.0,11.0,0.0,0.0,13.0,71.57,False,False,True,True,True,False,False,False,,,,,False,False,False,False,True
01244081160_dsl,Gurgaon,108.0,NKOT0F01CE6F,NOKIA,,Haryana,,,,,,,,,,,,,,,,,,,AOT4221NK,,,,,,,,,,,,,,,,,,,,,,,,,,,,,01244081160_dsl,108.0,NKOT0F01CE6F,NOKIA,2CC1F432FE41,AOT4221NK,8.0,1.0,7.0,0.0,0.0,0.0,0.0,0.0,0.0,0.91,0.84,0.0,0.0,0.0,4.5,13.09,0.0,84.0,0.0,0.0,0.0,0.0,0.0,0.0,0.0,0.0,0.0,0.0,0.0,0.0,0.0,0.0,0.0,0.0,,,,0.0,0.0,94.17,4367818752.0,2.63,1.0,38.0,7.69,1.0,13.0,0.0,0.0,25.0,0.0,0.0,0.0,0.0,0.0,0.0,False,False,False,False,False,False,True,True,False,False,False,False,False,False,True,False,False,False,False,False,False,False,False,False,False,,,,,False,False,False,False,False,False,False,False,False,False,63.41,3.66,False,0.0,False,True,3111.0,1090.0,2021.0,0.0,48504.0,48504.0,3111.0,1090.0,2021.0,3091.0,1062.0,2029.0,186.0,82.0,104.0,3111.0,186.0,82.0,104.0,186.0,82.0,104.0,,,4367818752.0,38.0,13.0,25.0,164.0,82.0,82.0,38.0,13.0,25.0,2CC1F432FE41,8.0,0.0,0.0,0.0,0.0,0.0,0.0,0.0,0.0,0.0,84.0,0.0,0.91,0.84,0.0,0.0,False,False,False,False,False,False,False,False,False,True,False,4.5,13.09,0.0,0.0,0.0,0.0,0.0,0.0,,,,94.17,4367818752.0,2.63,1.0,38.0,7.69,1.0,13.0,0.0,0.0,25.0,63.41,True,True,False,False,False,False,False,False,,,,,False,False,False,False,True
01244054723_dsl,Gurgaon,108.0,NKOT0F0226EE,NOKIA,,Haryana,,,,,,,,,,,,,,,,,,,AAP321NK,,,,,,,,,,,,,,,,,,,,,,,,,,,,,01244054723_dsl,108.0,NKOT0F0226EE,NOKIA,2CC1F4388631,AAP321NK,12.0,5.0,11.0,0.47,0.71,0.39,0.0,0.27,0.29,6.29,0.3,18.96,55.32,7.53,1.55,3.89,0.34,227.0,0.0,0.0,0.0,0.0,0.0,0.0,0.0,0.0,0.0,0.0,0.0,0.0,0.0,0.0,0.0,0.0,,1.0,0.0,3.0,0.0,96.98,65875159528.0,2.63,1.0,38.0,7.69,1.0,13.0,0.0,0.0,25.0,0.0,0.0,0.0,0.0,0.0,0.0,False,False,False,False,False,False,False,True,False,False,False,False,False,False,True,False,False,False,False,False,False,False,False,False,False,,,True,False,False,False,False,False,False,False,False,False,False,False,64.97,3.31,False,0.0,False,True,9386.0,2245.0,7141.0,0.0,164243.0,151087.0,9386.0,2245.0,7141.0,6783.0,2313.0,4470.0,534.0,180.0,354.0,9386.0,532.0,180.0,352.0,533.0,180.0,353.0,,,65875159528.0,38.0,13.0,25.0,354.0,181.0,173.0,38.0,13.0,25.0,2CC1F4388631,12.0,0.47,0.71,0.39,0.29,0.0,0.27,18.96,55.32,7.53,227.0,0.0,6.29,0.3,3.0,0.0,False,False,False,False,False,False,False,False,False,True,False,1.55,3.89,0.34,0.0,0.0,0.0,0.0,0.0,,1.0,0.0,96.98,65875159528.0,2.63,1.0,38.0,7.69,1.0,13.0,0.0,0.0,25.0,64.97,False,True,False,False,False,False,False,False,,,True,False,False,False,False,False,True
012444903348_dsl,Gurgaon,108.0,NKOT0F01CE7E,NOKIA,,Haryana,,,,,,,,,,,,,,,,,,,AAP321NK,,,,,,,,,,,,,,,,,,,,,,,,,,,,,012444903348_dsl,108.0,NKOT0F01CE7E,NOKIA,609849C8E401,AAP321NK,17.0,8.0,14.0,0.93,16.3,0.01,1.79,0.0,1.0,8.3,1.46,16.13,62.95,13.33,1.23,3.6,0.0,212.0,0.0,0.0,0.0,0.0,0.0,0.0,0.0,0.0,0.0,0.0,0.0,0.0,0.0,0.0,0.0,0.0,,1.0,0.0,0.0,1.0,92.89,55270665493.0,0.0,0.0,38.0,0.0,0.0,13.0,0.0,0.0,25.0,0.0,0.0,0.0,0.0,0.0,0.0,False,False,False,False,False,False,False,False,False,True,False,False,False,False,True,False,False,False,False,False,False,False,False,False,False,,,True,False,False,False,False,False,False,False,False,False,False,False,60.73,0.0,False,0.0,False,True,10341.0,583.0,9758.0,12826.0,19516.0,21332.0,10341.0,583.0,9758.0,10373.0,3557.0,6816.0,910.0,273.0,637.0,10341.0,888.0,270.0,618.0,901.0,270.0,631.0,,,55270665493.0,38.0,13.0,25.0,550.0,275.0,275.0,38.0,13.0,25.0,609849C8E401,17.0,0.93,16.3,0.01,1.0,1.79,0.0,16.13,62.95,13.33,212.0,0.0,8.3,1.46,0.0,1.0,False,False,False,False,False,False,False,True,False,True,False,1.23,3.6,0.0,0.0,0.0,0.0,0.0,0.0,,1.0,0.0,92.89,55270665493.0,0.0,0.0,38.0,0.0,0.0,13.0,0.0,0.0,25.0,60.73,False,False,False,False,False,False,False,False,,,True,False,False,False,False,False,True
012444801137_dsl,Gurgaon,108.0,NKOTDF000165,NOKIA,,Haryana,,,,,,,,,,,,,,,,,,,AOT4221NK,,,,,,,,,,,,,,,,,,,,,,,,,,,,,012444801137_dsl,108.0,NKOTDF000165,NOKIA,503D7FDFEC00,AOT4221NK,12.0,6.0,7.0,0.01,0.0,0.02,0.0,0.0,0.0,2.19,0.29,35.76,65.47,12.44,2.33,6.44,0.19,86.0,0.0,0.0,0.0,0.0,0.0,0.0,0.0,0.0,0.0,0.0,0.0,0.0,0.0,0.0,0.0,0.0,,1.0,0.0,2.0,0.0,99.34,39230609408.0,0.0,0.0,38.0,0.0,0.0,13.0,0.0,0.0,25.0,0.0,0.0,0.0,0.0,0.0,0.0,False,False,False,False,False,False,False,True,False,True,False,False,False,False,True,False,False,False,False,False,False,False,False,False,False,,,True,False,False,False,False,False,False,False,False,False,False,False,60.55,19.64,False,0.0,False,True,9759.0,4292.0,5467.0,0.0,131208.0,1536.0,9759.0,4292.0,5467.0,10316.0,3526.0,6790.0,910.0,273.0,637.0,9759.0,892.0,273.0,619.0,909.0,273.0,636.0,,,39230609408.0,38.0,13.0,25.0,550.0,275.0,275.0,38.0,13.0,25.0,503D7FDFEC00,12.0,0.01,0.0,0.02,0.0,0.0,0.0,35.76,65.47,12.44,86.0,0.0,2.19,0.29,2.0,0.0,False,False,False,False,False,False,False,True,False,True,False,2.33,6.44,0.19,0.0,0.0,0.0,0.0,0.0,,1.0,0.0,99.34,39230609408.0,0.0,0.0,38.0,0.0,0.0,13.0,0.0,0.0,25.0,60.55,False,True,False,False,False,False,False,False,,,True,False,False,False,False,False,True
01246232448_dsl,Gurgaon,108.0,NKOT2F045EF1,NOKIA,,Haryana,,,,,,,,,,,,,,,,,,,AAP321NK,,,,,,,,,,,,,,,,,,,,,,,,,,,,,01246232448_dsl,108.0,NKOT2F045EF1,NOKIA,,AAP321NK,8.0,1.0,7.0,0.0,0.0,0.0,,,,3.35,0.44,0.0,0.0,0.0,5.7,16.67,0.0,81.0,0.0,0.0,0.0,0.0,0.0,0.0,0.0,0.0,0.0,0.0,0.0,0.0,0.0,0.0,0.0,0.0,,,,0.0,0.0,31.36,3052187648.0,7.89,3.0,38.0,23.08,3.0,13.0,0.0,0.0,25.0,0.0,0.0,0.0,0.0,0.0,0.0,False,False,False,,,,False,True,False,False,False,False,False,False,True,False,False,False,False,False,False,False,False,False,False,,,,,False,False,True,False,False,False,False,False,False,False,75.0,66.67,True,0.0,False,True,64.0,8.0,56.0,,,,64.0,8.0,56.0,228.0,78.0,150.0,20.0,6.0,14.0,64.0,20.0,6.0,14.0,20.0,6.0,14.0,,,3052187648.0,38.0,13.0,25.0,12.0,6.0,6.0,38.0,13.0,25.0,,8.0,0.0,0.0,0.0,,,,0.0,0.0,0.0,81.0,0.0,3.35,0.44,0.0,0.0,False,False,False,,,,False,False,False,True,False,5.7,16.67,0.0,0.0,0.0,0.0,0.0,0.0,,,,31.36,3052187648.0,7.89,3.0,38.0,23.08,3.0,13.0,0.0,0.0,25.0,75.0,False,True,False,False,False,False,False,False,,,,,False,False,False,False,True
012436398608_dsl,Gurgaon,108.0,NKOTDF0001E7,NOKIA,,Haryana,,,,,,,,,,,,,,,,,,,AOT4221NK,,,,,,,,,,,,,,,,,,,,,,,,,,,,,012436398608_dsl,108.0,NKOTDF0001E7,NOKIA,503D7FDFF420,AOT4221NK,11.0,7.0,10.0,0.0,0.0,0.0,0.0,0.0,0.0,42.92,0.61,11.46,36.6,9.72,0.94,2.75,0.0,63.0,0.0,0.0,0.0,0.0,0.0,0.0,0.0,0.0,0.0,0.0,0.0,0.0,0.0,0.0,0.0,0.0,,,,1.0,0.0,84.59,38383862784.0,0.0,0.0,38.0,0.0,0.0,13.0,0.0,0.0,25.0,0.0,0.0,0.0,0.0,0.0,0.0,False,False,False,False,False,False,False,True,False,False,False,False,False,False,True,False,False,False,False,False,False,False,False,False,False,,,,,False,False,False,False,False,False,False,False,False,False,50.29,0.58,False,0.0,False,True,4710.0,306.0,4404.0,0.0,105696.0,74400.0,4710.0,306.0,4404.0,6464.0,2215.0,4249.0,512.0,171.0,341.0,4710.0,505.0,168.0,337.0,509.0,169.0,340.0,,,38383862784.0,38.0,13.0,25.0,342.0,171.0,171.0,38.0,13.0,25.0,503D7FDFF420,11.0,0.0,0.0,0.0,0.0,0.0,0.0,11.46,36.6,9.72,63.0,0.0,42.92,0.61,1.0,0.0,False,False,False,False,False,False,False,False,False,True,False,0.94,2.75,0.0,0.0,0.0,0.0,0.0,0.0,,,,84.59,38383862784.0,0.0,0.0,38.0,0.0,0.0,13.0,0.0,0.0,25.0,50.29,False,True,False,False,False,False,False,False,,,,,False,False,False,False,True
012445159575_dsl,Gurgaon,108.0,ZYOTFD000042,NOKIA,,Haryana,,,,,,,,,,,,,,,,,,,AOT5221ZY,,,,,,,,,,,,,,,,,,,,,,,,,,,,,012445159575_dsl,108.0,ZYOTFD000042,NOKIA,F80DA96AE5C8,AOT5221ZY,7.0,0.0,7.0,53.0,,53.0,0.0,53.0,53.0,4.33,0.15,6.56,0.0,6.56,87.0,91.07,83.27,23.0,0.0,0.0,0.0,0.0,0.0,0.0,0.0,0.0,0.0,0.0,0.0,0.0,0.0,0.0,0.0,0.0,,,,0.0,0.0,100.0,93565130752.0,0.0,0.0,23.0,0.0,0.0,11.0,0.0,0.0,12.0,0.0,0.0,0.0,0.0,0.0,0.0,False,,False,False,False,False,False,True,False,False,False,True,True,True,True,False,False,False,False,False,False,False,False,False,False,,,,,False,False,False,False,False,False,False,False,False,False,79.26,1.06,False,1.06,False,True,5349.0,0.0,5349.0,0.0,128376.0,128376.0,5349.0,,5349.0,2154.0,1030.0,1124.0,188.0,94.0,94.0,5349.0,168.0,94.0,74.0,188.0,94.0,94.0,,,93565130752.0,23.0,11.0,12.0,188.0,94.0,94.0,23.0,11.0,12.0,F80DA96AE5C8,7.0,53.0,,53.0,53.0,0.0,53.0,6.56,0.0,6.56,23.0,0.0,4.33,0.15,0.0,0.0,False,,False,False,False,False,False,False,False,True,False,87.0,91.07,83.27,0.0,0.0,0.0,0.0,0.0,,,,100.0,93565130752.0,0.0,0.0,23.0,0.0,0.0,11.0,0.0,0.0,12.0,79.26,False,True,True,True,True,False,False,False,,,,,False,False,False,False,True
012445118300_dsl,Gurgaon,108.0,NKOT0F01D2BA,NOKIA,,Haryana,,,,,,,,,,,,,,,,,,,AOT4221NK,,,,,,,,,,,,,,,,,,,,,,,,,,,,,012445118300_dsl,108.0,NKOT0F01D2BA,NOKIA,2CC1F43342F1,AOT4221NK,9.0,3.0,8.0,0.35,0.14,0.39,0.0,0.62,0.62,2.78,0.55,17.3,100.0,0.84,6.73,16.92,1.43,117.0,0.0,0.0,0.0,0.0,0.0,0.0,0.0,0.0,0.0,0.0,0.0,0.0,0.0,0.0,0.0,0.0,,,,3.0,0.0,81.9,66170877952.0,7.89,3.0,38.0,23.08,3.0,13.0,0.0,0.0,25.0,0.0,0.0,0.0,0.0,0.0,0.0,False,False,False,False,False,False,False,True,False,True,False,False,False,False,True,False,False,False,False,False,False,False,False,False,False,,,,,False,False,False,False,False,False,False,False,False,False,71.51,88.17,True,0.0,False,True,8594.0,1427.0,7167.0,0.0,172008.0,172008.0,8594.0,1427.0,7167.0,3509.0,1200.0,2309.0,186.0,93.0,93.0,8594.0,186.0,93.0,93.0,186.0,93.0,93.0,,,66170877952.0,38.0,13.0,25.0,186.0,93.0,93.0,38.0,13.0,25.0,2CC1F43342F1,9.0,0.35,0.14,0.39,0.62,0.0,0.62,17.3,100.0,0.84,117.0,0.0,2.78,0.55,3.0,0.0,False,False,False,False,False,False,False,True,False,True,False,6.73,16.92,1.43,0.0,0.0,0.0,0.0,0.0,,,,81.9,66170877952.0,7.89,3.0,38.0,23.08,3.0,13.0,0.0,0.0,25.0,71.51,False,True,False,False,False,False,False,False,,,,,False,False,False,False,True
012447862103_dsl,Gurgaon,108.0,ZYOTB0900020,NOKIA,,Haryana,,,,,,,,,,,,,,,,,,,AOT5222ZY,,,,,,,,,,,,,,,,,,,,,,,,,,,,,012447862103_dsl,108.0,ZYOTB0900020,NOKIA,C02E5FAD7669,AOT5222ZY,3.0,0.0,3.0,0.0,,0.0,0.0,0.0,0.0,20.03,0.38,0.0,0.0,0.0,78.39,91.47,66.55,,0.0,0.0,0.0,0.0,0.0,0.0,0.0,0.0,0.0,0.0,0.0,0.0,0.0,0.0,0.0,0.0,,,,,,100.0,13955147776.0,0.0,0.0,23.0,0.0,0.0,11.0,0.0,0.0,12.0,0.0,0.0,0.0,0.0,0.0,0.0,False,,False,False,False,False,False,True,False,False,False,True,True,True,,False,False,False,False,False,False,False,False,False,False,,,,,,,False,False,False,False,False,False,False,False,60.0,4.55,False,0.0,False,True,2807.0,0.0,2807.0,0.0,67368.0,67368.0,2807.0,,2807.0,2096.0,996.0,1100.0,186.0,93.0,93.0,2807.0,139.0,93.0,46.0,186.0,93.0,93.0,,,13955147776.0,23.0,11.0,12.0,180.0,88.0,92.0,23.0,11.0,12.0,C02E5FAD7669,3.0,0.0,,0.0,0.0,0.0,0.0,0.0,0.0,0.0,,0.0,20.03,0.38,,,False,,False,False,False,False,False,False,False,,False,78.39,91.47,66.55,0.0,0.0,0.0,0.0,0.0,,,,100.0,13955147776.0,0.0,0.0,23.0,0.0,0.0,11.0,0.0,0.0,12.0,60.0,False,True,True,True,True,False,False,False,,,,,,,False,False,True
012421019184_wifi,Gurgaon,108.0,ZYOTB0900058,NOKIA,,Haryana,,,,,,,,,,,,,,,,,,,AOT5222ZY,,,,,,,,,,,,,,,,,,,,,,,,,,,,,012421019184_wifi,108.0,ZYOTB0900058,NOKIA,C02E5FAD7799,AOT5222ZY,2.0,1.0,1.0,50.0,100.0,0.0,0.0,0.0,0.0,0.37,0.04,0.0,0.0,0.0,92.81,93.75,91.94,,0.0,0.0,0.0,0.0,0.0,0.0,0.0,0.0,0.0,0.0,0.0,0.0,0.0,0.0,0.0,0.0,,,,,,100.0,21358592.0,0.0,0.0,23.0,0.0,0.0,11.0,0.0,0.0,12.0,0.0,0.0,0.0,0.0,0.0,0.0,False,True,False,False,False,False,True,True,False,False,False,True,True,True,,False,False,False,False,False,False,False,False,False,False,,,,,,,False,False,False,False,False,False,False,False,58.33,1.09,False,0.0,False,True,2.0,1.0,1.0,0.0,23.0,23.0,2.0,1.0,1.0,2100.0,1008.0,1092.0,184.0,92.0,92.0,2.0,184.0,92.0,92.0,184.0,92.0,92.0,,,21358592.0,23.0,11.0,12.0,180.0,92.0,88.0,23.0,11.0,12.0,C02E5FAD7799,2.0,50.0,100.0,0.0,0.0,0.0,0.0,0.0,0.0,0.0,,0.0,0.37,0.04,,,False,True,False,False,False,False,False,False,False,,False,92.81,93.75,91.94,0.0,0.0,0.0,0.0,0.0,,,,100.0,21358592.0,0.0,0.0,23.0,0.0,0.0,11.0,0.0,0.0,12.0,58.33,True,True,True,True,True,False,False,False,,,,,,,False,False,True
080101842220_kk,Bangalore,105.0,ZYOTEF108503,NOKIA,1A22052D73A0,Karnataka,0.61,0.0,0.61,89.88,10.12,22.5,,,0.0,,53.23,100.0,7.64,0.32,0.0,0.64,3.36,0.07,AOT5221ZY,,,,,False,False,False,False,,False,True,False,False,False,False,3611.0,0.0,3611.0,7687801856.0,7687801856.0,34172422144.0,310.0,310.0,153.0,157.0,310.0,153.0,157.0,,,,,,,,,,,,,,,,,,,,,,,,,,,,,,,,,,,,,,,,,,,,,,,,,,,,,,,,,,,,,,,,,,,,,,,,,,,,,,,,,,,,,,,,,,,,,,,,,,,,,,,,,,,,310.0,153.0,157.0,0.0,3611.0,3611.0,310.0,153.0,157.0,,,,,,,310.0,,,,,,,,,,,,,,,,,,,,,0.32,0.0,0.64,0.61,0.0,0.61,53.23,100.0,7.64,,0.0,3.36,0.07,,,False,False,False,False,False,False,False,True,False,,False,,,,,,,,,,,,,,,,,,,,,,,,,,,,,,,,,,,,,,,,
080101842220_kk,Bangalore,105.0,ZYOTEF108503,NOKIA,56B9786E39E1,Karnataka,3.81,0.0,3.81,52.97,47.03,0.81,,,0.0,,87.71,86.55,87.97,3.84,0.0,4.7,6.44,2.35,AOT5221ZY,,,,,False,False,False,False,,True,True,True,False,False,False,12236.0,0.0,12236.0,275506176.0,275506176.0,34172422144.0,651.0,651.0,119.0,532.0,651.0,119.0,532.0,,,,,,,,,,,,,,,,,,,,,,,,,,,,,,,,,,,,,,,,,,,,,,,,,,,,,,,,,,,,,,,,,,,,,,,,,,,,,,,,,,,,,,,,,,,,,,,,,,,,,,,,,,,,651.0,119.0,532.0,0.0,12236.0,12236.0,651.0,119.0,532.0,,,,,,,651.0,,,,,,,,,,,,,,,,,,,,,3.84,0.0,4.7,3.81,0.0,3.81,87.71,86.55,87.97,,0.0,6.44,2.35,,,False,False,False,False,False,False,True,True,True,,False,,,,,,,,,,,,,,,,,,,,,,,,,,,,,,,,,,,,,,,,
08021305959_wifi,Bangalore,105.0,ZYOTAF220521,NOKIA,20BD1D920B30,Karnataka,0.0,0.0,0.0,0.0,100.0,4.5,,,0.0,,25.0,0.0,25.0,0.0,,0.0,2.49,0.16,AOT5221ZY,,,,,False,False,False,False,,False,False,False,False,,False,128.0,0.0,128.0,6369902592.0,6369902592.0,141573469184.0,128.0,128.0,,128.0,128.0,0.0,128.0,,,,,,,,,,,,,,,,,,,,,,,,,,,,,,,,,,,,,,,,,,,,,,,,,,,,,,,,,,,,,,,,,,,,,,,,,,,,,,,,,,,,,,,,,,,,,,,,,,,,,,,,,,,,128.0,0.0,128.0,0.0,128.0,128.0,128.0,,128.0,,,,,,,128.0,,,,,,,,,,,,,,,,,,,,,0.0,,0.0,0.0,0.0,0.0,25.0,0.0,25.0,,0.0,2.49,0.16,,,False,,False,False,False,False,False,False,False,,False,,,,,,,,,,,,,,,,,,,,,,,,,,,,,,,,,,,,,,,,
08024828161_wifi,Bangalore,105.0,ZYOTFF046132,NOKIA,2818FDAEBD35,Karnataka,,,,100.0,0.0,100.0,False,False,0.0,75.0,72.61,72.61,0.0,0.0,0.0,,0.02,0.07,AOT5221ZY,,,,,,,,False,True,True,True,False,False,False,,,,,247808.0,247808.0,247808.0,303.0,303.0,303.0,,303.0,303.0,0.0,,,,,,,,,,,,,,,,,,,,,,,,,,,,,,,,,,,,,,,,,,,,,,,,,,,,,,,,,,,,,,,,,,,,,,,,,,,,,,,,,,,,,,,,,,,,,,,,,,,,,,,,,,,,303.0,303.0,0.0,,,,303.0,303.0,,,,,,,,303.0,,,,,,,,,,,,,,,,,,,,,0.0,0.0,,,,,72.61,72.61,0.0,75.0,0.0,0.02,0.07,False,False,False,False,,,,,True,True,False,True,False,,,,,,,,,,,,,,,,,,,,,,,,,,,,,,,,,,,,,,,,
08021305959_wifi,Bangalore,105.0,ZYOTAF220521,NOKIA,3AB3E810E58B,Karnataka,6.31,9.52,0.88,0.85,99.15,16.01,,,0.0,,23.98,95.24,18.74,1.47,9.52,0.88,17575.71,3612.66,AOT5221ZY,,,,,False,False,False,False,,False,True,False,False,False,False,1537.0,966.0,571.0,22668018688.0,22668018688.0,141573469184.0,613.0,613.0,42.0,571.0,613.0,42.0,571.0,,,,,,,,,,,,,,,,,,,,,,,,,,,,,,,,,,,,,,,,,,,,,,,,,,,,,,,,,,,,,,,,,,,,,,,,,,,,,,,,,,,,,,,,,,,,,,,,,,,,,,,,,,,,613.0,42.0,571.0,966.0,571.0,1537.0,613.0,42.0,571.0,,,,,,,613.0,,,,,,,,,,,,,,,,,,,,,1.47,9.52,0.88,6.31,9.52,0.88,23.98,95.24,18.74,,0.0,17575.71,3612.66,,,False,False,False,False,False,False,False,True,False,,False,,,,,,,,,,,,,,,,,,,,,,,,,,,,,,,,,,,,,,,,
080101842220_kk,Bangalore,105.0,ZYOTEF108503,NOKIA,520CCB97F3AB,Karnataka,0.0,0.0,0.0,0.0,100.0,7.89,,,0.0,,97.83,0.0,97.83,0.0,,0.0,0.51,0.02,AOT5221ZY,,,,,False,False,False,False,,True,False,True,False,,False,29647.0,0.0,29647.0,2697871360.0,2697871360.0,34172422144.0,1289.0,1289.0,,1289.0,1289.0,0.0,1289.0,,,,,,,,,,,,,,,,,,,,,,,,,,,,,,,,,,,,,,,,,,,,,,,,,,,,,,,,,,,,,,,,,,,,,,,,,,,,,,,,,,,,,,,,,,,,,,,,,,,,,,,,,,,,1289.0,0.0,1289.0,0.0,29647.0,29647.0,1289.0,,1289.0,,,,,,,1289.0,,,,,,,,,,,,,,,,,,,,,0.0,,0.0,0.0,0.0,0.0,97.83,0.0,97.83,,0.0,0.51,0.02,,,False,,False,False,False,False,True,False,True,,False,,,,,,,,,,,,,,,,,,,,,,,,,,,,,,,,,,,,,,,,
080101842220_kk,Bangalore,105.0,ZYOTEF108503,NOKIA,78B39F17368C,Karnataka,0.0,0.0,0.0,0.0,100.0,17.36,,,0.0,,100.0,0.0,100.0,0.0,,0.0,42.41,0.54,AOT5221ZY,,,,,False,False,False,False,,True,False,True,False,,False,4209.0,0.0,4209.0,5933705216.0,5933705216.0,34172422144.0,183.0,183.0,,183.0,183.0,0.0,183.0,,,,,,,,,,,,,,,,,,,,,,,,,,,,,,,,,,,,,,,,,,,,,,,,,,,,,,,,,,,,,,,,,,,,,,,,,,,,,,,,,,,,,,,,,,,,,,,,,,,,,,,,,,,,183.0,0.0,183.0,0.0,4209.0,4209.0,183.0,,183.0,,,,,,,183.0,,,,,,,,,,,,,,,,,,,,,0.0,,0.0,0.0,0.0,0.0,100.0,0.0,100.0,,0.0,42.41,0.54,,,False,,False,False,False,False,True,False,True,,False,,,,,,,,,,,,,,,,,,,,,,,,,,,,,,,,,,,,,,,,
080101842220_kk,Bangalore,105.0,ZYOTEF108503,NOKIA,763209D28788,Karnataka,0.0,0.0,0.0,0.0,100.0,19.7,,,0.0,,0.0,0.0,0.0,0.0,,0.0,1.2,0.97,AOT5221ZY,,,,,False,False,False,False,,False,False,False,False,,False,22655.0,0.0,22655.0,6730476544.0,6730476544.0,34172422144.0,985.0,985.0,,985.0,985.0,0.0,985.0,,,,,,,,,,,,,,,,,,,,,,,,,,,,,,,,,,,,,,,,,,,,,,,,,,,,,,,,,,,,,,,,,,,,,,,,,,,,,,,,,,,,,,,,,,,,,,,,,,,,,,,,,,,,985.0,0.0,985.0,0.0,22655.0,22655.0,985.0,,985.0,,,,,,,985.0,,,,,,,,,,,,,,,,,,,,,0.0,,0.0,0.0,0.0,0.0,0.0,0.0,0.0,,0.0,1.2,0.97,,,False,,False,False,False,False,False,False,False,,False,,,,,,,,,,,,,,,,,,,,,,,,,,,,,,,,,,,,,,,,
08021305959_wifi,Bangalore,105.0,ZYOTAF220521,NOKIA,06893E102DBF,Karnataka,2.22,1.86,5.77,0.24,99.76,33.56,False,False,0.0,6.0,55.43,32.09,65.41,4.6,1.86,5.77,178.88,7.43,AOT5221ZY,,,,,False,False,False,False,True,False,False,True,False,False,False,5448.0,4945.0,503.0,47515635712.0,47515635712.0,141573469184.0,718.0,718.0,215.0,503.0,718.0,215.0,503.0,,,,,,,,,,,,,,,,,,,,,,,,,,,,,,,,,,,,,,,,,,,,,,,,,,,,,,,,,,,,,,,,,,,,,,,,,,,,,,,,,,,,,,,,,,,,,,,,,,,,,,,,,,,,718.0,215.0,503.0,4945.0,503.0,5448.0,718.0,215.0,503.0,,,,,,,718.0,,,,,,,,,,,,,,,,,,,,,4.6,1.86,5.77,2.22,1.86,5.77,55.43,32.09,65.41,6.0,0.0,178.88,7.43,False,False,False,False,False,False,False,False,False,False,True,True,False,,,,,,,,,,,,,,,,,,,,,,,,,,,,,,,,,,,,,,,,
08021305959_wifi,Bangalore,105.0,ZYOTAF220521,NOKIA,1CD6BEAA4661,Karnataka,0.0,0.0,0.0,0.0,100.0,45.72,,,0.0,,42.63,0.0,42.63,0.0,,0.0,8.42,0.92,AOT5221ZY,,,,,False,False,False,False,,False,False,False,False,,False,1377.0,0.0,1377.0,64732082176.0,64732082176.0,141573469184.0,1377.0,1377.0,,1377.0,1377.0,0.0,1377.0,,,,,,,,,,,,,,,,,,,,,,,,,,,,,,,,,,,,,,,,,,,,,,,,,,,,,,,,,,,,,,,,,,,,,,,,,,,,,,,,,,,,,,,,,,,,,,,,,,,,,,,,,,,,1377.0,0.0,1377.0,0.0,1377.0,1377.0,1377.0,,1377.0,,,,,,,1377.0,,,,,,,,,,,,,,,,,,,,,0.0,,0.0,0.0,0.0,0.0,42.63,0.0,42.63,,0.0,8.42,0.92,,,False,,False,False,False,False,False,False,False,,False,,,,,,,,,,,,,,,,,,,,,,,,,,,,,,,,,,,,,,,,
080101842220_kk,Bangalore,105.0,ZYOTEF108503,NOKIA,F4289DA74175,Karnataka,0.0,0.0,0.0,0.0,100.0,31.74,,,0.0,,100.0,0.0,100.0,0.0,,0.0,1.59,0.1,AOT5221ZY,,,,,False,False,False,False,,True,False,True,False,,False,13409.0,0.0,13409.0,10847060992.0,10847060992.0,34172422144.0,583.0,583.0,,583.0,583.0,0.0,583.0,,,,,,,,,,,,,,,,,,,,,,,,,,,,,,,,,,,,,,,,,,,,,,,,,,,,,,,,,,,,,,,,,,,,,,,,,,,,,,,,,,,,,,,,,,,,,,,,,,,,,,,,,,,,583.0,0.0,583.0,0.0,13409.0,13409.0,583.0,,583.0,,,,,,,583.0,,,,,,,,,,,,,,,,,,,,,0.0,,0.0,0.0,0.0,0.0,100.0,0.0,100.0,,0.0,1.59,0.1,,,False,,False,False,False,False,True,False,True,,False,,,,,,,,,,,,,,,,,,,,,,,,,,,,,,,,,,,,,,,,
08021305959_wifi,Bangalore,105.0,ZYOTAF220521,NOKIA,4CD08A27B074,Karnataka,0.0,0.0,0.0,100.0,0.0,0.2,,,0.0,,100.0,100.0,0.0,0.0,0.0,,0.0,0.01,AOT5221ZY,,,,,False,False,False,False,,True,True,False,False,False,,32775.0,32775.0,0.0,287830016.0,287830016.0,141573469184.0,1425.0,1425.0,1425.0,,1425.0,1425.0,0.0,,,,,,,,,,,,,,,,,,,,,,,,,,,,,,,,,,,,,,,,,,,,,,,,,,,,,,,,,,,,,,,,,,,,,,,,,,,,,,,,,,,,,,,,,,,,,,,,,,,,,,,,,,,,1425.0,1425.0,0.0,32775.0,0.0,32775.0,1425.0,1425.0,,,,,,,,1425.0,,,,,,,,,,,,,,,,,,,,,0.0,0.0,,0.0,0.0,0.0,100.0,100.0,0.0,,0.0,0.0,0.01,,,False,False,,False,False,False,True,True,False,,False,,,,,,,,,,,,,,,,,,,,,,,,,,,,,,,,,,,,,,,,
08024828161_wifi,Bangalore,105.0,ZYOTFF046132,NOKIA,,Karnataka,,,,,,,,,,,,,,,,,,,AOT5221ZY,,,,,,,,,,,,,,,,,,,,,,,,,,,,,08024828161_wifi,105.0,ZYOTFF046132,NOKIA,,AOT5221ZY,1.0,1.0,0.0,0.0,0.0,,,,,0.02,0.07,72.61,72.61,0.0,75.61,90.9,61.71,75.0,0.0,0.0,0.0,0.0,0.0,0.0,0.0,0.0,0.0,0.0,0.0,0.0,0.0,0.0,0.0,0.0,,,,0.0,0.0,0.0,247808.0,0.0,0.0,23.0,0.0,0.0,11.0,0.0,0.0,12.0,0.0,0.0,0.0,0.0,0.0,0.0,False,False,,,,,True,True,True,True,False,True,True,True,True,False,False,False,False,False,False,False,False,False,False,,,,,False,False,True,False,False,False,False,False,False,False,46.84,0.0,False,0.0,False,False,303.0,303.0,0.0,,,,303.0,303.0,,2169.0,1033.0,1136.0,190.0,95.0,95.0,303.0,190.0,95.0,95.0,190.0,95.0,95.0,,,247808.0,23.0,11.0,12.0,190.0,95.0,95.0,23.0,11.0,12.0,,1.0,0.0,0.0,,,,,72.61,72.61,0.0,75.0,0.0,0.02,0.07,0.0,0.0,False,False,,,,,True,True,False,True,False,75.61,90.9,61.71,0.0,0.0,0.0,0.0,0.0,,,,0.0,247808.0,0.0,0.0,23.0,0.0,0.0,11.0,0.0,0.0,12.0,46.84,True,True,True,True,True,False,False,False,,,,,False,False,False,False,False
080101842220_kk,Bangalore,105.0,ZYOTEF108503,NOKIA,,Karnataka,,,,,,,,,,,,,,,,,,,MTK 0000,,,,,,,,,,,,,,,,,,,,,,,,,,,,,080101842220_kk,105.0,ZYOTEF108503,NOKIA,30BD1330F2A8,MTK 0000,6.0,2.0,6.0,0.65,0.0,0.7,0.0,0.57,0.84,42.41,2.35,69.06,94.12,67.23,91.32,90.28,92.14,,0.0,0.0,0.0,0.0,0.0,0.0,0.0,0.0,0.0,0.0,0.0,0.0,0.0,0.0,0.0,0.0,,,,,,79.35,34172422144.0,4.17,1.0,24.0,0.0,0.0,11.0,7.69,1.0,13.0,0.0,0.0,0.0,0.0,0.0,0.0,False,False,False,False,False,False,False,False,True,True,True,True,True,True,,False,False,False,False,False,False,False,False,False,False,,,,,,,False,False,False,False,False,False,False,False,77.09,15.3,False,0.57,False,True,4001.0,272.0,3729.0,0.0,85767.0,57845.0,4001.0,272.0,3729.0,4065.0,1801.0,2264.0,461.0,184.0,277.0,4001.0,461.0,184.0,277.0,461.0,184.0,277.0,,,34172422144.0,24.0,11.0,13.0,358.0,183.0,175.0,24.0,11.0,13.0,30BD1330F2A8,6.0,0.65,0.0,0.7,0.84,0.0,0.57,69.06,94.12,67.23,,0.0,42.41,2.35,,,False,False,False,False,False,False,True,True,True,,False,91.32,90.28,92.14,0.0,0.0,0.0,0.0,0.0,,,,79.35,34172422144.0,4.17,1.0,24.0,0.0,0.0,11.0,7.69,1.0,13.0,77.09,False,False,True,True,True,False,False,False,,,,,,,False,False,True
08021305959_wifi,Bangalore,105.0,ZYOTAF220521,NOKIA,,Karnataka,,,,,,,,,,,,,,,,,,,AAP4221ZY,,,,,,,,,,,,,,,,,,,,,,,,,,,,,08021305959_wifi,105.0,ZYOTAF220521,NOKIA,4463C20DB388,AAP4221ZY,5.0,3.0,4.0,0.99,0.48,1.32,0.48,1.32,0.05,17575.71,3612.66,60.76,91.2,40.91,30.27,41.45,22.19,6.0,0.0,0.0,0.0,0.0,0.0,0.0,0.0,0.0,0.0,0.0,0.0,0.0,0.0,0.0,0.0,0.0,,,,0.0,0.0,99.58,141573469184.0,0.0,0.0,24.0,0.0,0.0,11.0,0.0,0.0,13.0,0.0,0.0,0.0,0.0,0.0,0.0,False,False,False,False,False,False,False,False,True,True,False,False,False,False,True,False,False,False,False,False,False,False,False,False,False,,,,,False,False,False,False,False,False,False,False,False,False,62.55,1.12,False,0.0,False,True,4261.0,1682.0,2579.0,38686.0,2579.0,2103.0,4261.0,1682.0,2579.0,5738.0,2408.0,3330.0,707.0,267.0,440.0,4261.0,662.0,265.0,397.0,708.0,267.0,441.0,,,141573469184.0,24.0,11.0,13.0,534.0,267.0,267.0,24.0,11.0,13.0,4463C20DB388,5.0,0.99,0.48,1.32,0.05,0.48,1.32,60.76,91.2,40.91,6.0,0.0,17575.71,3612.66,0.0,0.0,False,False,False,False,False,False,True,True,False,True,False,30.27,41.45,22.19,0.0,0.0,0.0,0.0,0.0,,,,99.58,141573469184.0,0.0,0.0,24.0,0.0,0.0,11.0,0.0,0.0,13.0,62.55,False,False,False,False,False,False,False,False,,,,,False,False,False,False,True
