ap,city,circle_code_no,ont_serial_no,vendor_name,station_mac,circle,client_with_poor_snr_sample,client_with_poor_snr_sample_2,client_with_poor_snr_sample_5,tot_2g,tot_5g,tot_overall,client_with_high_no_of_sticky_client_2_with_good_coverage,client_with_high_no_of_sticky_client_5_with_poor_coverage,client_with_high_tx_packet_error,client_with_high_client_disconnection,client_with_poor_link_speed_mcs_rate,client_with_poor_link_speed_mcs_rate_2,client_with_poor_link_speed_mcs_rate_5,client_with_poor_coverage,client_with_poor_coverage_2,client_with_poor_coverage_5,client_with_poor_dl_throughput_less_than_threshold,client_with_poor_ul_throughput_less_than_threshold,ap_manufacturer,host_name,type,manufacturer,model,client_with_poor_snr_sample_breach,client_with_poor_snr_sample_2_breach,client_with_poor_snr_sample_5_breach,client_with_high_tx_packet_error_breach,client_with_high_client_disconnection_breach,client_with_poor_link_speed_mcs_rate_breach,client_with_poor_link_speed_mcs_rate_2_breach,client_with_poor_link_speed_mcs_rate_5_breach,client_with_poor_coverage_breach,client_with_poor_coverage_2_breach,client_with_poor_coverage_5_breach,count_of_total_samples_for_client_with_poor_snr_sample,count_of_total_samples_for_client_with_poor_snr_sample_2,count_of_total_samples_for_client_with_poor_snr_sample_5,count_of_total_samples_for_ap_tot_2g,count_of_total_samples_for_ap_tot_5g,count_of_total_samples_for_ap_tot_overall,count_of_total_samples_for_client_with_high_tx_packet_error,count_of_total_samples_for_client_with_poor_link_speed_mcs_rate,count_of_total_samples_for_client_with_poor_link_speed_mcs_rate_2,count_of_total_samples_for_client_with_poor_link_speed_mcs_rate_5,count_of_total_samples_for_client_with_poor_coverage,count_of_total_samples_for_client_with_poor_coverage_2,count_of_total_samples_for_client_with_poor_coverage_5,ap name,circle code,ont serial number,vendor,mac address,ap manufacturer,connected clients,connected clients (2.4 ghz),connected clients (5 ghz),poor coverage (overall),poor coverage (2.4 ghz),poor coverage (5 ghz),poor snr (2.4 ghz),poor snr (5 ghz),poor snr (overall),low download throughput (overall),low upload throughput (overall),low link speed (overall),low link speed (2.4 ghz),low link speed (5 ghz),high interference (overall),high interference (2.4 ghz),high interference (5 ghz),high client disconnections (overall),high retry rate (overall),high retry rate (2.4 ghz),high retry rate (5 ghz),high tx packet errors (overall),tx packet error (%) (overall),tx packet error (%) (2.4 ghz),tx packet error (%) (5 ghz),high tx packet errors flag (overall),high tx packet errors flag (2.4 ghz),high tx packet errors flag (5 ghz),high rx packet errors (overall),high rx packet errors (2.4 ghz),high rx packet errors (5 ghz),high rx packet errors flag (overall),high rx packet errors flag (2.4 ghz),high rx packet errors flag (5 ghz),downtime (%) (overall),high cpu utilization (overall),memory errors (overall),sticky clients (2.4 ghz - good coverage),sticky clients (5 ghz - poor coverage),poor tot on (5 ghz),zero usage aps (overall),channel utilization (%) (overall),high channel utilization count (overall),total channels (all bands),high channel utilization (2.4 ghz) (%),high channel utilization count (2.4 ghz),total channels (2.4 ghz),high channel congestion (5 ghz) (%),high channel congestion count (5 ghz),total channels (5 ghz),own channel usage ratio (%) (overall),own channel usage ratio count (overall),own channel usage ratio (%) (2.4 ghz),own channel usage ratio count (2.4 ghz),own channel usage ratio (%) (5 ghz),own channel usage ratio count (5 ghz),poor coverage breach (overall),poor coverage breach (2.4 ghz),poor coverage breach (5 ghz),poor snr breach (2.4 ghz),poor snr breach (5 ghz),poor snr breach (overall),low download throughput breach (overall),low upload throughput breach (overall),low link speed breach (overall),low link speed breach (2.4 ghz),low link speed breach (5 ghz),high interference breach (overall),high interference breach (2.4 ghz),high interference breach (5 ghz),high client disconnections breach (overall),high retry rate breach (overall),high retry rate breach (2.4 ghz),high retry rate breach (5 ghz),high tx packet errors breach (overall),tx packet error (%) breach (overall),tx packet error (%) breach (2.4 ghz),tx packet error (%) breach (5 ghz),high rx packet errors breach (overall),high rx packet errors breach (2.4 ghz),high rx packet errors breach (5 ghz),ap downtime (%) breach (overall),internet down incidents breach (overall),high cpu utilization breach (overall),memory errors breach (overall),sticky clients breach (2.4 ghz - good coverage),sticky clients breach (5 ghz - poor coverage),poor tot breach (5 ghz),zero usage aps breach (overall),high channel utilization breach (overall),high channel utilization breach (2.4 ghz),high channel congestion breach (5 ghz),own channel usage ratio breach (overall),own channel usage ratio breach (2.4 ghz),own channel usage ratio breach (5 ghz),obss (overall),obss (2.4 ghz),obss breach (2.4 ghz),obss (5 ghz),obss breach (5 ghz),obss breach (overall),count_of_total_samples_for_ap_with_poor_coverage,count_of_total_samples_for_ap_with_poor_coverage_2,count_of_total_samples_for_ap_with_poor_coverage_5,count_of_total_samples_for_ap_with_poor_snr_sample_2,count_of_total_samples_for_ap_with_poor_snr_sample_5,count_of_total_samples_for_ap_with_poor_snr_sample,count_of_total_samples_for_ap_with_poor_link_speed_mcs_rate,count_of_total_samples_for_ap_with_poor_link_speed_mcs_rate_2,count_of_total_samples_for_ap_with_poor_link_speed_mcs_rate_5,count_of_total_samples_for_ap_with_high_interference,count_of_total_samples_for_ap_with_high_interference_2,count_of_total_samples_for_ap_with_high_interference_5,count_of_total_samples_for_ap_with_high_retry_rate,high retry rate sample count (2.4 ghz),high retry rate sample count (5 ghz),count_of_total_samples_for_ap_with_high_tx_packet_error,count_of_total_samples_for_ap_with_high_tx_packet_error_percent,tx packet error (%) sample count (2.4 ghz),tx packet error (%) sample count (5 ghz),count_of_total_samples_for_ap_with_high_rx_packet_error,high rx packet errors sample count (2.4 ghz),high rx packet errors sample count (5 ghz),count_of_total_samples_for_ap_downtime_per,count_of_total_samples_for_ap_with_high_internet_down_incident,count_of_total_samples_for_ap_with_poor_tot_on_5g,count_of_total_samples_for_ap_with_high_channel_utilisation,count_of_total_samples_for_ap_with_high_channel_utilisation_2,count_of_total_samples_for_ap_with_high_channel_congestion_5,count_of_total_samples_for_channelobss,count_of_total_samples_for_channelobss2_4,count_of_total_samples_for_channelobss5,own channel usage ratio sample count (overall),own channel usage ratio sample count (2.4 ghz),own channel usage ratio sample count (5 ghz),mac_address,station_count,ap_with_poor_coverage,ap_with_poor_coverage_2,ap_with_poor_coverage_5,ap_with_poor_snr_sample,ap_with_poor_snr_sample_2,ap_with_poor_snr_sample_5,ap_with_poor_link_speed_mcs_rate,ap_with_poor_link_speed_mcs_rate_2,ap_with_poor_link_speed_mcs_rate_5,ap_with_high_client_disconnection,ap_with_high_tx_packet_error,ap_with_poor_dl_throughput_less_than_threshold,ap_with_poor_ul_throughput_less_than_threshold,ap_with_high_no_of_sticky_client_2_with_good_coverage,ap_with_high_no_of_sticky_client_5_with_poor_coverage,ap_with_poor_coverage_breach,ap_with_poor_coverage_2_breach,ap_with_poor_coverage_5_breach,ap_with_poor_snr_sample_breach,ap_with_poor_snr_sample_2_breach,ap_with_poor_snr_sample_5_breach,ap_with_poor_link_speed_mcs_rate_breach,ap_with_poor_link_speed_mcs_rate_2_breach,ap_with_poor_link_speed_mcs_rate_5_breach,ap_with_high_client_disconnection_breach,ap_with_high_tx_packet_error_breach,ap_with_high_interference,ap_with_high_interference_2,ap_with_high_interference_5,ap_with_high_retry_rate,ap_with_high_tx_packet_error_percent,ap_with_high_tx_packet_error_flag,ap_with_high_rx_packet_error,ap_with_high_rx_packet_error_flag,ap_downtime_per,ap_with_high_cpu_utilisation,ap_with_high_memory_packet_error,ap_with_poor_tot_on_5g,ap_with_zero_usage,ap_with_high_channel_utilisation_pct,ap_with_high_channel_utilisation_count,total_channels_all,ap_with_high_channel_utilisation_2_pct,ap_with_high_channel_utilisation_2_count,total_channels_2,ap_with_high_channel_congestion_5_pct,ap_with_high_channel_congestion_5_count,total_channels_5,channelobss,ap_with_poor_dl_throughput_less_than_threshold_breach,ap_with_poor_ul_throughput_less_than_threshold_breach,ap_with_high_interference_breach,ap_with_high_interference_2_breach,ap_with_high_interference_5_breach,ap_with_high_retry_rate_breach,ap_with_high_tx_packet_error_percent_breach,ap_with_high_rx_packet_error_breach,ap_downtime_per_breach,ap_with_high_internet_down_incident_breach,ap_with_high_cpu_utilisation_breach,ap_with_high_memory_packet_error_breach,ap_with_high_no_of_sticky_client_2_with_good_coverage_breach,ap_with_high_no_of_sticky_client_5_with_poor_coverage_breach,ap_with_zero_usage_breach,ap_with_high_channel_congestion_5_breach,channelobss_breach
01244081160_dsl,Gurgaon,108.0,NKOT0F01CE6F,NOKIA,2E16524D4AFB,Haryana,0.0,0.0,0.0,0.0,100.0,82.75,False,False,0.0,21.0,0.0,0.0,0.0,0.0,,0.0,3.77,1.13,AOT4221NK,iPhone,PHONE,,iPhone,False,False,False,False,True,False,False,False,False,,False,14136.0,0.0,14136.0,11060425728.0,11060425728.0,13365293056.0,589.0,589.0,,589.0,589.0,0.0,589.0,,,,,,,,,,,,,,,,,,,,,,,,,,,,,,,,,,,,,,,,,,,,,,,,,,,,,,,,,,,,,,,,,,,,,,,,,,,,,,,,,,,,,,,,,,,,,,,,,,,,,,,,,,,,589.0,0.0,589.0,0.0,14136.0,14136.0,589.0,,589.0,,,,,,,589.0,,,,,,,,,,,,,,,,,,,,,0.0,,0.0,0.0,0.0,0.0,0.0,0.0,0.0,21.0,0.0,3.77,1.13,False,False,False,,False,False,False,False,False,False,False,True,False,,,,,,,,,,,,,,,,,,,,,,,,,,,,,,,,,,,,,,,,
012444903348_dsl,Gurgaon,108.0,NKOT0F01CE7E,NOKIA,1AA0C35EE4F9,Haryana,0.0,0.0,0.0,2.49,97.51,18.58,False,False,0.0,41.0,0.11,25.0,0.0,0.11,25.0,0.0,2.71,0.21,AAP321NK,iPhone,PHONE,Apple,iPhone,False,False,False,False,True,False,False,False,False,False,False,2760.0,84.0,2676.0,7678946813.0,7678946813.0,41321124191.0,896.0,896.0,4.0,892.0,896.0,4.0,892.0,,,,,,,,,,,,,,,,,,,,,,,,,,,,,,,,,,,,,,,,,,,,,,,,,,,,,,,,,,,,,,,,,,,,,,,,,,,,,,,,,,,,,,,,,,,,,,,,,,,,,,,,,,,,896.0,4.0,892.0,84.0,2676.0,2760.0,896.0,4.0,892.0,,,,,,,896.0,,,,,,,,,,,,,,,,,,,,,0.11,25.0,0.0,0.0,0.0,0.0,0.11,25.0,0.0,41.0,0.0,2.71,0.21,False,False,False,False,False,False,False,False,False,False,False,True,False,,,,,,,,,,,,,,,,,,,,,,,,,,,,,,,,,,,,,,,,
012436398608_dsl,Gurgaon,108.0,NKOTDF0001E7,NOKIA,5215E04285F1,Haryana,1.54,0.0,1.54,26.6,73.4,12.62,True,False,0.0,6.0,13.69,0.0,16.47,3.85,7.63,3.09,2.84,0.06,AAP321NK,OnePlus-10T-5G,,,,False,False,False,False,True,False,False,False,False,False,False,13992.0,0.0,13992.0,10258351104.0,10258351104.0,81278974976.0,701.0,701.0,118.0,583.0,701.0,118.0,583.0,,,,,,,,,,,,,,,,,,,,,,,,,,,,,,,,,,,,,,,,,,,,,,,,,,,,,,,,,,,,,,,,,,,,,,,,,,,,,,,,,,,,,,,,,,,,,,,,,,,,,,,,,,,,701.0,118.0,583.0,0.0,13992.0,13992.0,701.0,118.0,583.0,,,,,,,701.0,,,,,,,,,,,,,,,,,,,,,3.85,7.63,3.09,1.54,0.0,1.54,13.69,0.0,16.47,6.0,0.0,2.84,0.06,True,False,False,False,False,False,False,False,False,False,False,True,False,,,,,,,,,,,,,,,,,,,,,,,,,,,,,,,,,,,,,,,,
012445159575_dsl,Gurgaon,108.0,ZYOTFD000042,NOKIA,8C7A3DD408C7,Haryana,100.0,0.0,100.0,0.0,100.0,0.01,,,0.0,,43.43,0.0,43.43,100.0,,100.0,3.51,0.09,AOT5221ZY,,,,,True,False,True,False,,False,False,False,True,,True,2376.0,0.0,2376.0,10112000.0,10112000.0,78208337920.0,99.0,99.0,,99.0,99.0,0.0,99.0,,,,,,,,,,,,,,,,,,,,,,,,,,,,,,,,,,,,,,,,,,,,,,,,,,,,,,,,,,,,,,,,,,,,,,,,,,,,,,,,,,,,,,,,,,,,,,,,,,,,,,,,,,,,99.0,0.0,99.0,0.0,2376.0,2376.0,99.0,,99.0,,,,,,,99.0,,,,,,,,,,,,,,,,,,,,,100.0,,100.0,100.0,0.0,100.0,43.43,0.0,43.43,,0.0,3.51,0.09,,,True,,True,True,False,True,False,False,False,,False,,,,,,,,,,,,,,,,,,,,,,,,,,,,,,,,,,,,,,,,
01244054723_dsl,Gurgaon,108.0,NKOT0F0226EE,NOKIA,4C22F33F2EDC,Haryana,0.0,0.0,0.0,0.0,100.0,9.32,False,True,0.0,2.0,0.0,0.0,0.0,0.0,,0.0,4.47,0.13,AOT4221NK,LGwebOSTV,,,,False,False,False,False,False,False,False,False,False,,False,7440.0,0.0,7440.0,4971695104.0,4971695104.0,53326569472.0,310.0,310.0,,310.0,310.0,0.0,310.0,,,,,,,,,,,,,,,,,,,,,,,,,,,,,,,,,,,,,,,,,,,,,,,,,,,,,,,,,,,,,,,,,,,,,,,,,,,,,,,,,,,,,,,,,,,,,,,,,,,,,,,,,,,,310.0,0.0,310.0,0.0,7440.0,7440.0,310.0,,310.0,,,,,,,310.0,,,,,,,,,,,,,,,,,,,,,0.0,,0.0,0.0,0.0,0.0,0.0,0.0,0.0,2.0,0.0,4.47,0.13,False,True,False,,False,False,False,False,False,False,False,False,False,,,,,,,,,,,,,,,,,,,,,,,,,,,,,,,,,,,,,,,,
01246232448_dsl,Gurgaon,108.0,NKOT2F045EF1,NOKIA,92A6DFBC2EA2,Haryana,,,,0.0,100.0,12.63,,,0.0,21.0,100.0,0.0,100.0,0.0,,0.0,0.01,0.0,AAP321NK,,,,,,,,False,True,True,False,True,False,,False,,,,25600.0,25600.0,202752.0,1.0,1.0,,1.0,1.0,0.0,1.0,,,,,,,,,,,,,,,,,,,,,,,,,,,,,,,,,,,,,,,,,,,,,,,,,,,,,,,,,,,,,,,,,,,,,,,,,,,,,,,,,,,,,,,,,,,,,,,,,,,,,,,,,,,,1.0,0.0,1.0,,,,1.0,,1.0,,,,,,,1.0,,,,,,,,,,,,,,,,,,,,,0.0,,0.0,,,,100.0,0.0,100.0,21.0,0.0,0.01,0.0,,,False,,False,,,,True,False,True,True,False,,,,,,,,,,,,,,,,,,,,,,,,,,,,,,,,,,,,,,,,
012445118300_dsl,Gurgaon,108.0,NKOT0F01D2BA,NOKIA,0A4E7629625C,Haryana,,,,100.0,0.0,0.02,False,False,0.0,15.0,100.0,100.0,0.0,0.0,0.0,,0.06,0.02,AOT4221NK,,,,,,,,False,True,True,True,False,False,False,,,,,9336832.0,9336832.0,41102011392.0,4.0,4.0,4.0,,4.0,4.0,0.0,,,,,,,,,,,,,,,,,,,,,,,,,,,,,,,,,,,,,,,,,,,,,,,,,,,,,,,,,,,,,,,,,,,,,,,,,,,,,,,,,,,,,,,,,,,,,,,,,,,,,,,,,,,,4.0,4.0,0.0,,,,4.0,4.0,,,,,,,,4.0,,,,,,,,,,,,,,,,,,,,,0.0,0.0,,,,,100.0,100.0,0.0,15.0,0.0,0.06,0.02,False,False,False,False,,,,,True,True,False,True,False,,,,,,,,,,,,,,,,,,,,,,,,,,,,,,,,,,,,,,,,
012444903348_dsl,Gurgaon,108.0,NKOT0F01CE7E,NOKIA,F4032A96D8C9,Haryana,0.0,0.0,0.0,0.0,100.0,0.52,,,0.0,1.0,0.0,0.0,0.0,0.0,,0.0,0.12,0.06,AAP321NK,Unknown_f4:03:2a:96:d8:c9,,,,False,False,False,False,False,False,False,False,False,,False,3720.0,0.0,3720.0,214860676.0,214860676.0,41321124191.0,1240.0,1240.0,,1240.0,1240.0,0.0,1240.0,,,,,,,,,,,,,,,,,,,,,,,,,,,,,,,,,,,,,,,,,,,,,,,,,,,,,,,,,,,,,,,,,,,,,,,,,,,,,,,,,,,,,,,,,,,,,,,,,,,,,,,,,,,,1240.0,0.0,1240.0,0.0,3720.0,3720.0,1240.0,,1240.0,,,,,,,1240.0,,,,,,,,,,,,,,,,,,,,,0.0,,0.0,0.0,0.0,0.0,0.0,0.0,0.0,1.0,0.0,0.12,0.06,,,False,,False,False,False,False,False,False,False,False,False,,,,,,,,,,,,,,,,,,,,,,,,,,,,,,,,,,,,,,,,
012445118300_dsl,Gurgaon,108.0,NKOT0F01D2BA,NOKIA,960207D43B98,Haryana,0.21,0.0,0.21,0.0,100.0,1.44,,,0.0,,0.0,0.0,0.0,0.0,,0.0,0.56,0.02,AOT4221NK,,,,,False,False,False,False,,False,False,False,False,,False,30648.0,0.0,30648.0,590019584.0,590019584.0,41102011392.0,1277.0,1277.0,,1277.0,1277.0,0.0,1277.0,,,,,,,,,,,,,,,,,,,,,,,,,,,,,,,,,,,,,,,,,,,,,,,,,,,,,,,,,,,,,,,,,,,,,,,,,,,,,,,,,,,,,,,,,,,,,,,,,,,,,,,,,,,,1277.0,0.0,1277.0,0.0,30648.0,30648.0,1277.0,,1277.0,,,,,,,1277.0,,,,,,,,,,,,,,,,,,,,,0.0,,0.0,0.21,0.0,0.21,0.0,0.0,0.0,,0.0,0.56,0.02,,,False,,False,False,False,False,False,False,False,,False,,,,,,,,,,,,,,,,,,,,,,,,,,,,,,,,,,,,,,,,
012447862103_dsl,Gurgaon,108.0,ZYOTB0900020,NOKIA,6696E8690975,Haryana,0.0,0.0,0.0,21.2,78.8,0.14,,,0.0,,19.64,58.93,0.0,0.0,0.0,0.0,1.19,0.36,AOT5222ZY,,,,,False,False,False,False,,False,False,False,False,False,False,15312.0,0.0,15312.0,19720692736.0,19720692736.0,14406047228928.0,957.0,957.0,319.0,638.0,957.0,319.0,638.0,,,,,,,,,,,,,,,,,,,,,,,,,,,,,,,,,,,,,,,,,,,,,,,,,,,,,,,,,,,,,,,,,,,,,,,,,,,,,,,,,,,,,,,,,,,,,,,,,,,,,,,,,,,,957.0,319.0,638.0,0.0,15312.0,15312.0,957.0,319.0,638.0,,,,,,,957.0,,,,,,,,,,,,,,,,,,,,,0.0,0.0,0.0,0.0,0.0,0.0,19.64,58.93,0.0,,0.0,1.19,0.36,,,False,False,False,False,False,False,False,False,False,,False,,,,,,,,,,,,,,,,,,,,,,,,,,,,,,,,,,,,,,,,
012436398608_dsl,Gurgaon,108.0,NKOTDF0001E7,NOKIA,5A8CF8F08505,Haryana,0.0,0.0,0.0,0.0,100.0,0.47,,,0.0,,0.0,0.0,0.0,0.0,,0.0,0.02,0.01,AAP321NK,,,,,False,False,False,False,,False,False,False,False,,False,31536.0,0.0,31536.0,383556608.0,383556608.0,81278974976.0,1314.0,1314.0,,1314.0,1314.0,0.0,1314.0,,,,,,,,,,,,,,,,,,,,,,,,,,,,,,,,,,,,,,,,,,,,,,,,,,,,,,,,,,,,,,,,,,,,,,,,,,,,,,,,,,,,,,,,,,,,,,,,,,,,,,,,,,,,1314.0,0.0,1314.0,0.0,31536.0,31536.0,1314.0,,1314.0,,,,,,,1314.0,,,,,,,,,,,,,,,,,,,,,0.0,,0.0,0.0,0.0,0.0,0.0,0.0,0.0,,0.0,0.02,0.01,,,False,,False,False,False,False,False,False,False,,False,,,,,,,,,,,,,,,,,,,,,,,,,,,,,,,,,,,,,,,,
012444801137_dsl,Gurgaon,108.0,NKOTDF000165,NOKIA,A09208536DDC,Haryana,,,,100.0,0.0,0.12,False,False,0.0,1.0,82.18,82.18,0.0,0.0,0.0,,0.0,0.0,AAP321NK,Unknown_a0:92:08:53:6d:dc,SMART_HOME,Tuya,Smart Device,,,,False,False,True,True,False,False,False,,,,,41634816.0,41634816.0,34183815168.0,1240.0,1240.0,1240.0,,1240.0,1240.0,0.0,,,,,,,,,,,,,,,,,,,,,,,,,,,,,,,,,,,,,,,,,,,,,,,,,,,,,,,,,,,,,,,,,,,,,,,,,,,,,,,,,,,,,,,,,,,,,,,,,,,,,,,,,,,,1240.0,1240.0,0.0,,,,1240.0,1240.0,,,,,,,,1240.0,,,,,,,,,,,,,,,,,,,,,0.0,0.0,,,,,82.18,82.18,0.0,1.0,0.0,0.0,0.0,False,False,False,False,,,,,True,True,False,False,False,,,,,,,,,,,,,,,,,,,,,,,,,,,,,,,,,,,,,,,,
012436398608_dsl,Gurgaon,108.0,NKOTDF0001E7,NOKIA,9CB150B15C9C,Haryana,0.0,0.0,0.0,0.0,100.0,10.69,False,False,0.0,2.0,0.0,0.0,0.0,0.0,,0.0,3.13,0.33,AAP321NK,AA308101,,,,False,False,False,False,False,False,False,False,False,,False,10536.0,0.0,10536.0,8692531200.0,8692531200.0,81278974976.0,439.0,439.0,,439.0,439.0,0.0,439.0,,,,,,,,,,,,,,,,,,,,,,,,,,,,,,,,,,,,,,,,,,,,,,,,,,,,,,,,,,,,,,,,,,,,,,,,,,,,,,,,,,,,,,,,,,,,,,,,,,,,,,,,,,,,439.0,0.0,439.0,0.0,10536.0,10536.0,439.0,,439.0,,,,,,,439.0,,,,,,,,,,,,,,,,,,,,,0.0,,0.0,0.0,0.0,0.0,0.0,0.0,0.0,2.0,0.0,3.13,0.33,False,False,False,,False,False,False,False,False,False,False,False,False,,,,,,,,,,,,,,,,,,,,,,,,,,,,,,,,,,,,,,,,
012444801137_dsl,Gurgaon,108.0,NKOTDF000165,NOKIA,9877D53D4080,Haryana,,,,100.0,0.0,0.0,,,0.0,2.0,100.0,100.0,0.0,0.0,0.0,,0.0,0.0,AAP321NK,,,,,,,,False,False,True,True,False,False,False,,,,,490496.0,490496.0,34183815168.0,28.0,28.0,28.0,,28.0,28.0,0.0,,,,,,,,,,,,,,,,,,,,,,,,,,,,,,,,,,,,,,,,,,,,,,,,,,,,,,,,,,,,,,,,,,,,,,,,,,,,,,,,,,,,,,,,,,,,,,,,,,,,,,,,,,,,28.0,28.0,0.0,,,,28.0,28.0,,,,,,,,28.0,,,,,,,,,,,,,,,,,,,,,0.0,0.0,,,,,100.0,100.0,0.0,2.0,0.0,0.0,0.0,,,False,False,,,,,True,True,False,False,False,,,,,,,,,,,,,,,,,,,,,,,,,,,,,,,,,,,,,,,,
01246472327_dsl,Gurgaon,108.0,NKOTA0000592,NOKIA,7AB5AA2AA71B,Haryana,2.12,0.0,2.12,0.0,100.0,2.04,False,False,0.0,12.0,1.54,0.0,1.54,1.54,,1.54,1.68,0.08,AOT4221NK,iPhone,PHONE,Apple,iPhone,False,False,False,False,True,False,False,False,False,,False,1560.0,0.0,1560.0,620924928.0,620924928.0,30405626880.0,65.0,65.0,,65.0,65.0,0.0,65.0,,,,,,,,,,,,,,,,,,,,,,,,,,,,,,,,,,,,,,,,,,,,,,,,,,,,,,,,,,,,,,,,,,,,,,,,,,,,,,,,,,,,,,,,,,,,,,,,,,,,,,,,,,,,65.0,0.0,65.0,0.0,1560.0,1560.0,65.0,,65.0,,,,,,,65.0,,,,,,,,,,,,,,,,,,,,,1.54,,1.54,2.12,0.0,2.12,1.54,0.0,1.54,12.0,0.0,1.68,0.08,False,False,False,,False,False,False,False,False,False,False,True,False,,,,,,,,,,,,,,,,,,,,,,,,,,,,,,,,,,,,,,,,
012444801137_dsl,Gurgaon,108.0,NKOTDF000165,NOKIA,9877D5D771C0,Haryana,,,,100.0,0.0,0.01,False,False,0.0,1.0,62.86,62.86,0.0,0.0,0.0,,0.0,0.0,AAP321NK,wiz_d771c0,,,,,,,False,False,True,True,False,False,False,,,,,2233344.0,2233344.0,34183815168.0,35.0,35.0,35.0,,35.0,35.0,0.0,,,,,,,,,,,,,,,,,,,,,,,,,,,,,,,,,,,,,,,,,,,,,,,,,,,,,,,,,,,,,,,,,,,,,,,,,,,,,,,,,,,,,,,,,,,,,,,,,,,,,,,,,,,,35.0,35.0,0.0,,,,35.0,35.0,,,,,,,,35.0,,,,,,,,,,,,,,,,,,,,,0.0,0.0,,,,,62.86,62.86,0.0,1.0,0.0,0.0,0.0,False,False,False,False,,,,,True,True,False,False,False,,,,,,,,,,,,,,,,,,,,,,,,,,,,,,,,,,,,,,,,
012444801137_dsl,Gurgaon,108.0,NKOTDF000165,NOKIA,60DC81CCA4D0,Haryana,,,,100.0,0.0,0.17,,,0.0,,80.06,80.06,0.0,0.0,0.0,,0.0,0.0,AAP321NK,,,,,,,,False,,True,True,False,False,False,,,,,56542208.0,56542208.0,34183815168.0,1314.0,1314.0,1314.0,,1314.0,1314.0,0.0,,,,,,,,,,,,,,,,,,,,,,,,,,,,,,,,,,,,,,,,,,,,,,,,,,,,,,,,,,,,,,,,,,,,,,,,,,,,,,,,,,,,,,,,,,,,,,,,,,,,,,,,,,,,1314.0,1314.0,0.0,,,,1314.0,1314.0,,,,,,,,1314.0,,,,,,,,,,,,,,,,,,,,,0.0,0.0,,,,,80.06,80.06,0.0,,0.0,0.0,0.0,,,False,False,,,,,True,True,False,,False,,,,,,,,,,,,,,,,,,,,,,,,,,,,,,,,,,,,,,,,
012444903348_dsl,Gurgaon,108.0,NKOT0F01CE7E,NOKIA,3644BFE90759,Haryana,0.0,0.0,0.0,0.0,100.0,0.16,,,0.0,1.0,0.0,0.0,0.0,0.0,,0.0,0.01,0.0,AAP321NK,iPad,TABLET,Apple,iPad,False,False,False,False,False,False,False,False,False,,False,3609.0,0.0,3609.0,67422208.0,67422208.0,41321124191.0,1203.0,1203.0,,1203.0,1203.0,0.0,1203.0,,,,,,,,,,,,,,,,,,,,,,,,,,,,,,,,,,,,,,,,,,,,,,,,,,,,,,,,,,,,,,,,,,,,,,,,,,,,,,,,,,,,,,,,,,,,,,,,,,,,,,,,,,,,1203.0,0.0,1203.0,0.0,3609.0,3609.0,1203.0,,1203.0,,,,,,,1203.0,,,,,,,,,,,,,,,,,,,,,0.0,,0.0,0.0,0.0,0.0,0.0,0.0,0.0,1.0,0.0,0.01,0.0,,,False,,False,False,False,False,False,False,False,False,False,,,,,,,,,,,,,,,,,,,,,,,,,,,,,,,,,,,,,,,,
012447862103_dsl,Gurgaon,108.0,ZYOTB0900020,NOKIA,EA1BACE87CEE,Haryana,56.27,0.0,56.27,0.1,99.9,0.01,,,0.0,,0.0,0.0,0.0,45.85,4.82,56.27,1.55,0.06,AOT5222ZY,,,,,False,False,False,False,,False,False,False,False,False,False,7848.0,0.0,7848.0,1268443136.0,1268443136.0,14406047228928.0,410.0,410.0,83.0,327.0,410.0,83.0,327.0,,,,,,,,,,,,,,,,,,,,,,,,,,,,,,,,,,,,,,,,,,,,,,,,,,,,,,,,,,,,,,,,,,,,,,,,,,,,,,,,,,,,,,,,,,,,,,,,,,,,,,,,,,,,410.0,83.0,327.0,0.0,7848.0,7848.0,410.0,83.0,327.0,,,,,,,410.0,,,,,,,,,,,,,,,,,,,,,45.85,4.82,56.27,56.27,0.0,56.27,0.0,0.0,0.0,,0.0,1.55,0.06,,,False,False,False,False,False,False,False,False,False,,False,,,,,,,,,,,,,,,,,,,,,,,,,,,,,,,,,,,,,,,,
012436398608_dsl,Gurgaon,108.0,NKOTDF0001E7,NOKIA,4CC95E7815B6,Haryana,,,,100.0,0.0,0.27,False,False,0.0,1.0,57.91,57.91,0.0,0.0,0.0,,0.2,0.01,AAP321NK,Samsung,,,,,,,False,False,False,False,False,False,False,,,,,216407040.0,216407040.0,81278974976.0,537.0,537.0,537.0,,537.0,537.0,0.0,,,,,,,,,,,,,,,,,,,,,,,,,,,,,,,,,,,,,,,,,,,,,,,,,,,,,,,,,,,,,,,,,,,,,,,,,,,,,,,,,,,,,,,,,,,,,,,,,,,,,,,,,,,,537.0,537.0,0.0,,,,537.0,537.0,,,,,,,,537.0,,,,,,,,,,,,,,,,,,,,,0.0,0.0,,,,,57.91,57.91,0.0,1.0,0.0,0.2,0.01,False,False,False,False,,,,,False,False,False,False,False,,,,,,,,,,,,,,,,,,,,,,,,,,,,,,,,,,,,,,,,
012444801137_dsl,Gurgaon,108.0,NKOTDF000165,NOKIA,46C1F4D28799,Haryana,0.0,0.0,0.0,0.0,100.0,14.75,,,0.0,,0.0,0.0,0.0,0.0,,0.0,1.3,0.12,AAP321NK,,,,,False,False,False,False,,False,False,False,False,,False,28872.0,0.0,28872.0,5042920448.0,5042920448.0,34183815168.0,1203.0,1203.0,,1203.0,1203.0,0.0,1203.0,,,,,,,,,,,,,,,,,,,,,,,,,,,,,,,,,,,,,,,,,,,,,,,,,,,,,,,,,,,,,,,,,,,,,,,,,,,,,,,,,,,,,,,,,,,,,,,,,,,,,,,,,,,,1203.0,0.0,1203.0,0.0,28872.0,28872.0,1203.0,,1203.0,,,,,,,1203.0,,,,,,,,,,,,,,,,,,,,,0.0,,0.0,0.0,0.0,0.0,0.0,0.0,0.0,,0.0,1.3,0.12,,,False,,False,False,False,False,False,False,False,,False,,,,,,,,,,,,,,,,,,,,,,,,,,,,,,,,,,,,,,,,
012421019184_wifi,Gurgaon,108.0,ZYOTB0900058,NOKIA,126FBBBC1135,Haryana,100.0,0.0,100.0,53.42,46.58,40.61,True,False,0.0,2.0,0.0,0.0,0.0,36.9,22.9,100.0,2.95,0.32,AOT5222ZY,Mac,,,,True,False,True,False,False,False,False,False,False,False,True,2330.0,0.0,2330.0,13675259904.0,13675259904.0,33678201856.0,1046.0,1046.0,856.0,190.0,1046.0,856.0,190.0,,,,,,,,,,,,,,,,,,,,,,,,,,,,,,,,,,,,,,,,,,,,,,,,,,,,,,,,,,,,,,,,,,,,,,,,,,,,,,,,,,,,,,,,,,,,,,,,,,,,,,,,,,,,1046.0,856.0,190.0,0.0,2330.0,2330.0,1046.0,856.0,190.0,,,,,,,1046.0,,,,,,,,,,,,,,,,,,,,,36.9,22.9,100.0,100.0,0.0,100.0,0.0,0.0,0.0,2.0,0.0,2.95,0.32,True,False,False,False,True,True,False,True,False,False,False,False,False,,,,,,,,,,,,,,,,,,,,,,,,,,,,,,,,,,,,,,,,
012447957675_dsl,Gurgaon,108.0,ZYOT5E069474,NOKIA,FA3B08FBA40B,Haryana,0.0,0.0,0.0,0.0,100.0,0.19,,,0.0,,0.0,0.0,0.0,0.0,,0.0,0.0,0.0,AOT5221ZY,,,,,False,False,False,False,,False,False,False,False,,False,11184.0,0.0,11184.0,5770240.0,5770240.0,3082269696.0,466.0,466.0,,466.0,466.0,0.0,466.0,,,,,,,,,,,,,,,,,,,,,,,,,,,,,,,,,,,,,,,,,,,,,,,,,,,,,,,,,,,,,,,,,,,,,,,,,,,,,,,,,,,,,,,,,,,,,,,,,,,,,,,,,,,,466.0,0.0,466.0,0.0,11184.0,11184.0,466.0,,466.0,,,,,,,466.0,,,,,,,,,,,,,,,,,,,,,0.0,,0.0,0.0,0.0,0.0,0.0,0.0,0.0,,0.0,0.0,0.0,,,False,,False,False,False,False,False,False,False,,False,,,,,,,,,,,,,,,,,,,,,,,,,,,,,,,,,,,,,,,,
012444801137_dsl,Gurgaon,108.0,NKOTDF000165,NOKIA,6288AC047A9A,Haryana,0.0,0.0,0.0,0.0,100.0,0.41,,,0.0,7.0,100.0,0.0,100.0,0.0,,0.0,0.01,0.0,AAP321NK,SM-R875F,WEARABLE,Samsung,Galaxy Watch4 (44mm),False,False,False,False,True,True,False,True,False,,False,31536.0,0.0,31536.0,141447168.0,141447168.0,34183815168.0,1314.0,1314.0,,1314.0,1314.0,0.0,1314.0,,,,,,,,,,,,,,,,,,,,,,,,,,,,,,,,,,,,,,,,,,,,,,,,,,,,,,,,,,,,,,,,,,,,,,,,,,,,,,,,,,,,,,,,,,,,,,,,,,,,,,,,,,,,1314.0,0.0,1314.0,0.0,31536.0,31536.0,1314.0,,1314.0,,,,,,,1314.0,,,,,,,,,,,,,,,,,,,,,0.0,,0.0,0.0,0.0,0.0,100.0,0.0,100.0,7.0,0.0,0.01,0.0,,,False,,False,False,False,False,True,False,True,True,False,,,,,,,,,,,,,,,,,,,,,,,,,,,,,,,,,,,,,,,,
01244054723_dsl,Gurgaon,108.0,NKOT0F0226EE,NOKIA,168232BE1BF2,Haryana,0.0,0.0,0.0,0.0,100.0,0.94,False,False,0.0,0.0,0.0,0.0,0.0,0.0,,0.0,0.08,0.02,AOT4221NK,,,,,False,False,False,False,False,False,False,False,False,,False,18144.0,0.0,18144.0,501323776.0,501323776.0,53326569472.0,756.0,756.0,,756.0,756.0,0.0,756.0,,,,,,,,,,,,,,,,,,,,,,,,,,,,,,,,,,,,,,,,,,,,,,,,,,,,,,,,,,,,,,,,,,,,,,,,,,,,,,,,,,,,,,,,,,,,,,,,,,,,,,,,,,,,756.0,0.0,756.0,0.0,18144.0,18144.0,756.0,,756.0,,,,,,,756.0,,,,,,,,,,,,,,,,,,,,,0.0,,0.0,0.0,0.0,0.0,0.0,0.0,0.0,0.0,0.0,0.08,0.02,False,False,False,,False,False,False,False,False,False,False,False,False,,,,,,,,,,,,,,,,,,,,,,,,,,,,,,,,,,,,,,,,
012445159575_dsl,Gurgaon,108.0,ZYOTFD000042,NOKIA,68FCCAA8805C,Haryana,0.0,0.0,0.0,0.0,100.0,39.14,,,0.0,,0.0,0.0,0.0,0.0,,0.0,2.9,0.1,AOT5221ZY,,,,,False,False,False,False,,False,False,False,False,,False,8112.0,0.0,8112.0,30611734528.0,30611734528.0,78208337920.0,338.0,338.0,,338.0,338.0,0.0,338.0,,,,,,,,,,,,,,,,,,,,,,,,,,,,,,,,,,,,,,,,,,,,,,,,,,,,,,,,,,,,,,,,,,,,,,,,,,,,,,,,,,,,,,,,,,,,,,,,,,,,,,,,,,,,338.0,0.0,338.0,0.0,8112.0,8112.0,338.0,,338.0,,,,,,,338.0,,,,,,,,,,,,,,,,,,,,,0.0,,0.0,0.0,0.0,0.0,0.0,0.0,0.0,,0.0,2.9,0.1,,,False,,False,False,False,False,False,False,False,,False,,,,,,,,,,,,,,,,,,,,,,,,,,,,,,,,,,,,,,,,
01244054723_dsl,Gurgaon,108.0,NKOT0F0226EE,NOKIA,FC671FF55A2E,Haryana,,,,100.0,0.0,0.0,False,False,0.0,8.0,100.0,100.0,0.0,0.0,0.0,,0.01,0.4,AOT4221NK,wlan0,,,,,,,False,True,True,True,False,False,False,,,,,1658880.0,1658880.0,53326569472.0,1.0,1.0,1.0,,1.0,1.0,0.0,,,,,,,,,,,,,,,,,,,,,,,,,,,,,,,,,,,,,,,,,,,,,,,,,,,,,,,,,,,,,,,,,,,,,,,,,,,,,,,,,,,,,,,,,,,,,,,,,,,,,,,,,,,,1.0,1.0,0.0,,,,1.0,1.0,,,,,,,,1.0,,,,,,,,,,,,,,,,,,,,,0.0,0.0,,,,,100.0,100.0,0.0,8.0,0.0,0.01,0.4,False,False,False,False,,,,,True,True,False,True,False,,,,,,,,,,,,,,,,,,,,,,,,,,,,,,,,,,,,,,,,
012447862103_dsl,Gurgaon,108.0,ZYOTB0900020,NOKIA,9A8445E9AF01,Haryana,0.0,0.0,0.0,0.0,100.0,0.0,,,0.0,,0.0,0.0,0.0,0.0,,0.0,3.32,0.45,AOT5222ZY,,,,,False,False,False,False,,False,False,False,False,,False,24.0,0.0,24.0,2470912.0,2470912.0,14406047228928.0,1.0,1.0,,1.0,1.0,0.0,1.0,,,,,,,,,,,,,,,,,,,,,,,,,,,,,,,,,,,,,,,,,,,,,,,,,,,,,,,,,,,,,,,,,,,,,,,,,,,,,,,,,,,,,,,,,,,,,,,,,,,,,,,,,,,,1.0,0.0,1.0,0.0,24.0,24.0,1.0,,1.0,,,,,,,1.0,,,,,,,,,,,,,,,,,,,,,0.0,,0.0,0.0,0.0,0.0,0.0,0.0,0.0,,0.0,3.32,0.45,,,False,,False,False,False,False,False,False,False,,False,,,,,,,,,,,,,,,,,,,,,,,,,,,,,,,,,,,,,,,,
01246232448_dsl,Gurgaon,108.0,NKOT2F045EF1,NOKIA,CE6E364C323F,Haryana,,,,0.0,100.0,46.97,,,0.0,11.0,0.0,0.0,0.0,0.0,,0.0,0.01,0.0,AAP321NK,,,,,,,,False,True,False,False,False,False,,False,,,,95232.0,95232.0,202752.0,1.0,1.0,,1.0,1.0,0.0,1.0,,,,,,,,,,,,,,,,,,,,,,,,,,,,,,,,,,,,,,,,,,,,,,,,,,,,,,,,,,,,,,,,,,,,,,,,,,,,,,,,,,,,,,,,,,,,,,,,,,,,,,,,,,,,1.0,0.0,1.0,,,,1.0,,1.0,,,,,,,1.0,,,,,,,,,,,,,,,,,,,,,0.0,,0.0,,,,0.0,0.0,0.0,11.0,0.0,0.01,0.0,,,False,,False,,,,False,False,False,True,False,,,,,,,,,,,,,,,,,,,,,,,,,,,,,,,,,,,,,,,,
012447862103_dsl,Gurgaon,108.0,ZYOTB0900020,NOKIA,D6AF32D8C6F1,Haryana,3.34,0.0,3.34,73.04,26.96,0.01,,,0.0,,1.29,0.0,2.31,1.86,0.0,3.34,0.94,0.04,AOT5222ZY,,,,,False,False,False,False,,False,False,False,False,False,False,9336.0,0.0,9336.0,1172225024.0,1172225024.0,14406047228928.0,700.0,700.0,311.0,389.0,700.0,311.0,389.0,,,,,,,,,,,,,,,,,,,,,,,,,,,,,,,,,,,,,,,,,,,,,,,,,,,,,,,,,,,,,,,,,,,,,,,,,,,,,,,,,,,,,,,,,,,,,,,,,,,,,,,,,,,,700.0,311.0,389.0,0.0,9336.0,9336.0,700.0,311.0,389.0,,,,,,,700.0,,,,,,,,,,,,,,,,,,,,,1.86,0.0,3.34,3.34,0.0,3.34,1.29,0.0,2.31,,0.0,0.94,0.04,,,False,False,False,False,False,False,False,False,False,,False,,,,,,,,,,,,,,,,,,,,,,,,,,,,,,,,,,,,,,,,
012444801137_dsl,Gurgaon,108.0,NKOTDF000165,NOKIA,0E8F1FC5025E,Haryana,0.0,0.0,0.0,0.0,100.0,8.45,False,True,0.0,2.0,0.0,0.0,0.0,0.0,,0.0,1.27,0.35,AAP321NK,,,,,False,False,False,False,False,False,False,False,False,,False,10272.0,0.0,10272.0,2889454592.0,2889454592.0,34183815168.0,428.0,428.0,,428.0,428.0,0.0,428.0,,,,,,,,,,,,,,,,,,,,,,,,,,,,,,,,,,,,,,,,,,,,,,,,,,,,,,,,,,,,,,,,,,,,,,,,,,,,,,,,,,,,,,,,,,,,,,,,,,,,,,,,,,,,428.0,0.0,428.0,0.0,10272.0,10272.0,428.0,,428.0,,,,,,,428.0,,,,,,,,,,,,,,,,,,,,,0.0,,0.0,0.0,0.0,0.0,0.0,0.0,0.0,2.0,0.0,1.27,0.35,False,True,False,,False,False,False,False,False,False,False,False,False,,,,,,,,,,,,,,,,,,,,,,,,,,,,,,,,,,,,,,,,
012436398608_dsl,Gurgaon,108.0,NKOTDF0001E7,NOKIA,E8AACBA5B753,Haryana,,,,100.0,0.0,28.54,False,False,0.0,7.0,0.74,0.74,0.0,0.0,0.0,,3.97,0.14,AAP321NK,Samsung,,,,,,,False,True,False,False,False,False,False,,,,,23197991936.0,23197991936.0,81278974976.0,538.0,538.0,538.0,,538.0,538.0,0.0,,,,,,,,,,,,,,,,,,,,,,,,,,,,,,,,,,,,,,,,,,,,,,,,,,,,,,,,,,,,,,,,,,,,,,,,,,,,,,,,,,,,,,,,,,,,,,,,,,,,,,,,,,,,538.0,538.0,0.0,,,,538.0,538.0,,,,,,,,538.0,,,,,,,,,,,,,,,,,,,,,0.0,0.0,,,,,0.74,0.74,0.0,7.0,0.0,3.97,0.14,False,False,False,False,,,,,False,False,False,True,False,,,,,,,,,,,,,,,,,,,,,,,,,,,,,,,,,,,,,,,,
012445159575_dsl,Gurgaon,108.0,ZYOTFD000042,NOKIA,EEF8085B863E,Haryana,90.23,0.0,90.23,0.0,100.0,3.04,,,0.0,,40.76,0.0,40.76,90.23,,90.23,2.65,0.12,AOT5221ZY,,,,,True,False,True,False,,False,False,False,True,,True,20136.0,0.0,20136.0,2381376512.0,2381376512.0,78208337920.0,839.0,839.0,,839.0,839.0,0.0,839.0,,,,,,,,,,,,,,,,,,,,,,,,,,,,,,,,,,,,,,,,,,,,,,,,,,,,,,,,,,,,,,,,,,,,,,,,,,,,,,,,,,,,,,,,,,,,,,,,,,,,,,,,,,,,839.0,0.0,839.0,0.0,20136.0,20136.0,839.0,,839.0,,,,,,,839.0,,,,,,,,,,,,,,,,,,,,,90.23,,90.23,90.23,0.0,90.23,40.76,0.0,40.76,,0.0,2.65,0.12,,,True,,True,True,False,True,False,False,False,,False,,,,,,,,,,,,,,,,,,,,,,,,,,,,,,,,,,,,,,,,
012444801137_dsl,Gurgaon,108.0,NKOTDF000165,NOKIA,EEB2A6A2A1E6,Haryana,0.0,0.0,0.0,0.0,100.0,36.61,False,False,0.0,19.0,30.85,0.0,30.85,0.0,,0.0,1.92,0.33,AAP321NK,Aditya-Vikram-s-A36,PHONE,Samsung,Galaxy A36 5G,False,False,False,False,True,False,False,False,False,,False,23184.0,0.0,23184.0,12513132544.0,12513132544.0,34183815168.0,966.0,966.0,,966.0,966.0,0.0,966.0,,,,,,,,,,,,,,,,,,,,,,,,,,,,,,,,,,,,,,,,,,,,,,,,,,,,,,,,,,,,,,,,,,,,,,,,,,,,,,,,,,,,,,,,,,,,,,,,,,,,,,,,,,,,966.0,0.0,966.0,0.0,23184.0,23184.0,966.0,,966.0,,,,,,,966.0,,,,,,,,,,,,,,,,,,,,,0.0,,0.0,0.0,0.0,0.0,30.85,0.0,30.85,19.0,0.0,1.92,0.33,False,False,False,,False,False,False,False,False,False,False,True,False,,,,,,,,,,,,,,,,,,,,,,,,,,,,,,,,,,,,,,,,
01244081160_dsl,Gurgaon,108.0,NKOT0F01CE6F,NOKIA,624E55188F68,Haryana,0.0,0.0,0.0,0.0,100.0,2.26,,,0.0,,0.0,0.0,0.0,0.0,,0.0,0.0,0.18,AOT4221NK,,,,,False,False,False,False,,False,False,False,False,,False,23520.0,0.0,23520.0,301607936.0,301607936.0,13365293056.0,980.0,980.0,,980.0,980.0,0.0,980.0,,,,,,,,,,,,,,,,,,,,,,,,,,,,,,,,,,,,,,,,,,,,,,,,,,,,,,,,,,,,,,,,,,,,,,,,,,,,,,,,,,,,,,,,,,,,,,,,,,,,,,,,,,,,980.0,0.0,980.0,0.0,23520.0,23520.0,980.0,,980.0,,,,,,,980.0,,,,,,,,,,,,,,,,,,,,,0.0,,0.0,0.0,0.0,0.0,0.0,0.0,0.0,,0.0,0.0,0.18,,,False,,False,False,False,False,False,False,False,,False,,,,,,,,,,,,,,,,,,,,,,,,,,,,,,,,,,,,,,,,
012447862103_dsl,Gurgaon,108.0,ZYOTB0900020,NOKIA,B64DBCFFA6ED,Haryana,0.0,0.0,0.0,0.85,99.15,0.0,,,0.0,,0.0,0.0,0.0,0.0,0.0,0.0,0.02,0.01,AOT5222ZY,,,,,False,False,False,False,,False,False,False,False,False,False,30912.0,0.0,30912.0,181387264.0,181387264.0,14406047228928.0,1315.0,1315.0,27.0,1288.0,1315.0,27.0,1288.0,,,,,,,,,,,,,,,,,,,,,,,,,,,,,,,,,,,,,,,,,,,,,,,,,,,,,,,,,,,,,,,,,,,,,,,,,,,,,,,,,,,,,,,,,,,,,,,,,,,,,,,,,,,,1315.0,27.0,1288.0,0.0,30912.0,30912.0,1315.0,27.0,1288.0,,,,,,,1315.0,,,,,,,,,,,,,,,,,,,,,0.0,0.0,0.0,0.0,0.0,0.0,0.0,0.0,0.0,,0.0,0.02,0.01,,,False,False,False,False,False,False,False,False,False,,False,,,,,,,,,,,,,,,,,,,,,,,,,,,,,,,,,,,,,,,,
01244081160_dsl,Gurgaon,108.0,NKOT0F01CE6F,NOKIA,A2B5039A07F0,Haryana,0.0,0.0,0.0,2.61,97.39,0.34,False,False,0.0,27.0,11.11,100.0,0.0,0.0,0.0,0.0,0.64,0.05,AOT4221NK,iPhone,PHONE,Apple,iPhone,False,False,False,False,True,False,True,False,False,False,False,192.0,0.0,192.0,45758464.0,45758464.0,13365293056.0,9.0,9.0,1.0,8.0,9.0,1.0,8.0,,,,,,,,,,,,,,,,,,,,,,,,,,,,,,,,,,,,,,,,,,,,,,,,,,,,,,,,,,,,,,,,,,,,,,,,,,,,,,,,,,,,,,,,,,,,,,,,,,,,,,,,,,,,9.0,1.0,8.0,0.0,192.0,192.0,9.0,1.0,8.0,,,,,,,9.0,,,,,,,,,,,,,,,,,,,,,0.0,0.0,0.0,0.0,0.0,0.0,11.11,100.0,0.0,27.0,0.0,0.64,0.05,False,False,False,False,False,False,False,False,False,True,False,True,False,,,,,,,,,,,,,,,,,,,,,,,,,,,,,,,,,,,,,,,,
012444903348_dsl,Gurgaon,108.0,NKOT0F01CE7E,NOKIA,8E9D83596BDF,Haryana,0.0,0.0,0.0,0.0,100.0,11.43,False,False,0.0,7.0,0.29,0.0,0.29,0.29,,0.29,0.93,0.15,AAP321NK,arna-s-S25,PHONE,Samsung Electronics,Galaxy,False,False,False,False,True,False,False,False,False,,False,2055.0,0.0,2055.0,4722612770.0,4722612770.0,41321124191.0,685.0,685.0,,685.0,685.0,0.0,685.0,,,,,,,,,,,,,,,,,,,,,,,,,,,,,,,,,,,,,,,,,,,,,,,,,,,,,,,,,,,,,,,,,,,,,,,,,,,,,,,,,,,,,,,,,,,,,,,,,,,,,,,,,,,,685.0,0.0,685.0,0.0,2055.0,2055.0,685.0,,685.0,,,,,,,685.0,,,,,,,,,,,,,,,,,,,,,0.29,,0.29,0.0,0.0,0.0,0.29,0.0,0.29,7.0,0.0,0.93,0.15,False,False,False,,False,False,False,False,False,False,False,True,False,,,,,,,,,,,,,,,,,,,,,,,,,,,,,,,,,,,,,,,,
01244054723_dsl,Gurgaon,108.0,NKOT0F0226EE,NOKIA,FA221A76C102,Haryana,0.0,0.0,0.0,0.91,99.09,8.71,True,False,0.0,31.0,49.13,90.06,0.0,3.69,6.77,0.0,0.75,0.1,AOT4221NK,iPhone,PHONE,Apple,iPhone,False,False,False,False,True,False,True,False,False,False,False,9456.0,0.0,9456.0,4644697088.0,4644697088.0,53326569472.0,867.0,867.0,473.0,394.0,867.0,473.0,394.0,,,,,,,,,,,,,,,,,,,,,,,,,,,,,,,,,,,,,,,,,,,,,,,,,,,,,,,,,,,,,,,,,,,,,,,,,,,,,,,,,,,,,,,,,,,,,,,,,,,,,,,,,,,,867.0,473.0,394.0,0.0,9456.0,9456.0,867.0,473.0,394.0,,,,,,,867.0,,,,,,,,,,,,,,,,,,,,,3.69,6.77,0.0,0.0,0.0,0.0,49.13,90.06,0.0,31.0,0.0,0.75,0.1,True,False,False,False,False,False,False,False,False,True,False,True,False,,,,,,,,,,,,,,,,,,,,,,,,,,,,,,,,,,,,,,,,
012445159575_dsl,Gurgaon,108.0,ZYOTFD000042,NOKIA,C20991673E48,Haryana,100.0,0.0,100.0,0.0,100.0,0.13,,,0.0,,3.57,0.0,3.57,100.0,,100.0,0.33,0.14,AOT5221ZY,,,,,True,False,True,False,,False,False,False,True,,True,672.0,0.0,672.0,98404352.0,98404352.0,78208337920.0,28.0,28.0,,28.0,28.0,0.0,28.0,,,,,,,,,,,,,,,,,,,,,,,,,,,,,,,,,,,,,,,,,,,,,,,,,,,,,,,,,,,,,,,,,,,,,,,,,,,,,,,,,,,,,,,,,,,,,,,,,,,,,,,,,,,,28.0,0.0,28.0,0.0,672.0,672.0,28.0,,28.0,,,,,,,28.0,,,,,,,,,,,,,,,,,,,,,100.0,,100.0,100.0,0.0,100.0,3.57,0.0,3.57,,0.0,0.33,0.14,,,True,,True,True,False,True,False,False,False,,False,,,,,,,,,,,,,,,,,,,,,,,,,,,,,,,,,,,,,,,,
012445159575_dsl,Gurgaon,108.0,ZYOTFD000042,NOKIA,36638CE621E6,Haryana,78.05,0.0,78.05,0.0,100.0,6.91,,,0.0,,21.95,0.0,21.95,78.05,,78.05,3.81,0.05,AOT5221ZY,,,,,True,False,True,False,,False,False,False,True,,True,1968.0,0.0,1968.0,5404052480.0,5404052480.0,78208337920.0,82.0,82.0,,82.0,82.0,0.0,82.0,,,,,,,,,,,,,,,,,,,,,,,,,,,,,,,,,,,,,,,,,,,,,,,,,,,,,,,,,,,,,,,,,,,,,,,,,,,,,,,,,,,,,,,,,,,,,,,,,,,,,,,,,,,,82.0,0.0,82.0,0.0,1968.0,1968.0,82.0,,82.0,,,,,,,82.0,,,,,,,,,,,,,,,,,,,,,78.05,,78.05,78.05,0.0,78.05,21.95,0.0,21.95,,0.0,3.81,0.05,,,True,,True,True,False,True,False,False,False,,False,,,,,,,,,,,,,,,,,,,,,,,,,,,,,,,,,,,,,,,,
012444801137_dsl,Gurgaon,108.0,NKOTDF000165,NOKIA,8CD0B2169430,Haryana,,,,100.0,0.0,0.24,False,False,0.0,1.0,1.29,1.29,0.0,0.0,0.0,,0.0,0.0,AAP321NK,zhimi-airp-mb5_mibt9430,SENSOR,Xiaomi,Smart Air Purifier 6,,,,False,False,False,False,False,False,False,,,,,81165312.0,81165312.0,34183815168.0,1240.0,1240.0,1240.0,,1240.0,1240.0,0.0,,,,,,,,,,,,,,,,,,,,,,,,,,,,,,,,,,,,,,,,,,,,,,,,,,,,,,,,,,,,,,,,,,,,,,,,,,,,,,,,,,,,,,,,,,,,,,,,,,,,,,,,,,,,1240.0,1240.0,0.0,,,,1240.0,1240.0,,,,,,,,1240.0,,,,,,,,,,,,,,,,,,,,,0.0,0.0,,,,,1.29,1.29,0.0,1.0,0.0,0.0,0.0,False,False,False,False,,,,,False,False,False,False,False,,,,,,,,,,,,,,,,,,,,,,,,,,,,,,,,,,,,,,,,
012445118300_dsl,Gurgaon,108.0,NKOT0F01D2BA,NOKIA,8C2AC12B0202,Haryana,,,,100.0,0.0,52.29,False,False,0.0,9.0,75.0,75.0,0.0,0.0,0.0,,7.64,0.13,AOT4221NK,LGwebOSTV,TV,LG Electronics,,,,,False,True,True,True,False,False,False,,,,,21490648064.0,21490648064.0,41102011392.0,412.0,412.0,412.0,,412.0,412.0,0.0,,,,,,,,,,,,,,,,,,,,,,,,,,,,,,,,,,,,,,,,,,,,,,,,,,,,,,,,,,,,,,,,,,,,,,,,,,,,,,,,,,,,,,,,,,,,,,,,,,,,,,,,,,,,412.0,412.0,0.0,,,,412.0,412.0,,,,,,,,412.0,,,,,,,,,,,,,,,,,,,,,0.0,0.0,,,,,75.0,75.0,0.0,9.0,0.0,7.64,0.13,False,False,False,False,,,,,True,True,False,True,False,,,,,,,,,,,,,,,,,,,,,,,,,,,,,,,,,,,,,,,,
012447957675_dsl,Gurgaon,108.0,ZYOT5E069474,NOKIA,D6E775D0DE6D,Haryana,0.7,0.0,0.7,0.0,100.0,2.93,,,0.0,,0.0,0.0,0.0,0.85,,0.85,0.01,0.01,AOT5221ZY,,,,,False,False,False,False,,False,False,False,False,,False,11352.0,0.0,11352.0,90379264.0,90379264.0,3082269696.0,473.0,473.0,,473.0,473.0,0.0,473.0,,,,,,,,,,,,,,,,,,,,,,,,,,,,,,,,,,,,,,,,,,,,,,,,,,,,,,,,,,,,,,,,,,,,,,,,,,,,,,,,,,,,,,,,,,,,,,,,,,,,,,,,,,,,473.0,0.0,473.0,0.0,11352.0,11352.0,473.0,,473.0,,,,,,,473.0,,,,,,,,,,,,,,,,,,,,,0.85,,0.85,0.7,0.0,0.7,0.0,0.0,0.0,,0.0,0.01,0.01,,,False,,False,False,False,False,False,False,False,,False,,,,,,,,,,,,,,,,,,,,,,,,,,,,,,,,,,,,,,,,
012436398608_dsl,Gurgaon,108.0,NKOTDF0001E7,NOKIA,EAD4701DA67C,Haryana,0.0,0.0,0.0,0.0,100.0,8.63,,,0.0,,0.0,0.0,0.0,0.0,,0.0,1.62,0.03,AAP321NK,,,,,False,False,False,False,,False,False,False,False,,False,31536.0,0.0,31536.0,7010920448.0,7010920448.0,81278974976.0,1314.0,1314.0,,1314.0,1314.0,0.0,1314.0,,,,,,,,,,,,,,,,,,,,,,,,,,,,,,,,,,,,,,,,,,,,,,,,,,,,,,,,,,,,,,,,,,,,,,,,,,,,,,,,,,,,,,,,,,,,,,,,,,,,,,,,,,,,1314.0,0.0,1314.0,0.0,31536.0,31536.0,1314.0,,1314.0,,,,,,,1314.0,,,,,,,,,,,,,,,,,,,,,0.0,,0.0,0.0,0.0,0.0,0.0,0.0,0.0,,0.0,1.62,0.03,,,False,,False,False,False,False,False,False,False,,False,,,,,,,,,,,,,,,,,,,,,,,,,,,,,,,,,,,,,,,,
012444801137_dsl,Gurgaon,108.0,NKOTDF000165,NOKIA,5A41573787E4,Haryana,0.0,0.0,0.0,0.0,100.0,12.0,,,0.0,,0.0,0.0,0.0,0.0,,0.0,0.83,0.11,AAP321NK,,,,,False,False,False,False,,False,False,False,False,,False,31536.0,0.0,31536.0,4102535168.0,4102535168.0,34183815168.0,1314.0,1314.0,,1314.0,1314.0,0.0,1314.0,,,,,,,,,,,,,,,,,,,,,,,,,,,,,,,,,,,,,,,,,,,,,,,,,,,,,,,,,,,,,,,,,,,,,,,,,,,,,,,,,,,,,,,,,,,,,,,,,,,,,,,,,,,,1314.0,0.0,1314.0,0.0,31536.0,31536.0,1314.0,,1314.0,,,,,,,1314.0,,,,,,,,,,,,,,,,,,,,,0.0,,0.0,0.0,0.0,0.0,0.0,0.0,0.0,,0.0,0.83,0.11,,,False,,False,False,False,False,False,False,False,,False,,,,,,,,,,,,,,,,,,,,,,,,,,,,,,,,,,,,,,,,
01244081160_dsl,Gurgaon,108.0,NKOT0F01CE6F,NOKIA,982CC65FE490,Haryana,0.0,0.0,0.0,0.0,100.0,4.24,,,0.0,,0.0,0.0,0.0,0.0,,0.0,0.0,0.1,AOT4221NK,,,,,False,False,False,False,,False,False,False,False,,False,23520.0,0.0,23520.0,567150592.0,567150592.0,13365293056.0,980.0,980.0,,980.0,980.0,0.0,980.0,,,,,,,,,,,,,,,,,,,,,,,,,,,,,,,,,,,,,,,,,,,,,,,,,,,,,,,,,,,,,,,,,,,,,,,,,,,,,,,,,,,,,,,,,,,,,,,,,,,,,,,,,,,,980.0,0.0,980.0,0.0,23520.0,23520.0,980.0,,980.0,,,,,,,980.0,,,,,,,,,,,,,,,,,,,,,0.0,,0.0,0.0,0.0,0.0,0.0,0.0,0.0,,0.0,0.0,0.1,,,False,,False,False,False,False,False,False,False,,False,,,,,,,,,,,,,,,,,,,,,,,,,,,,,,,,,,,,,,,,
01244081160_dsl,Gurgaon,108.0,NKOT0F01CE6F,NOKIA,4267BD61106B,Haryana,0.0,0.0,0.0,0.0,100.0,0.08,False,False,0.0,20.0,0.0,0.0,0.0,0.0,,0.0,0.06,0.01,AOT4221NK,iPhone,PHONE,Apple,iPhone,False,False,False,False,True,False,False,False,False,,False,48.0,0.0,48.0,10476544.0,10476544.0,13365293056.0,2.0,2.0,,2.0,2.0,0.0,2.0,,,,,,,,,,,,,,,,,,,,,,,,,,,,,,,,,,,,,,,,,,,,,,,,,,,,,,,,,,,,,,,,,,,,,,,,,,,,,,,,,,,,,,,,,,,,,,,,,,,,,,,,,,,,2.0,0.0,2.0,0.0,48.0,48.0,2.0,,2.0,,,,,,,2.0,,,,,,,,,,,,,,,,,,,,,0.0,,0.0,0.0,0.0,0.0,0.0,0.0,0.0,20.0,0.0,0.06,0.01,False,False,False,,False,False,False,False,False,False,False,True,False,,,,,,,,,,,,,,,,,,,,,,,,,,,,,,,,,,,,,,,,
012447862103_dsl,Gurgaon,108.0,ZYOTB0900020,NOKIA,C49500783697,Haryana,0.0,0.0,0.0,99.63,0.37,0.23,,,0.0,,3.98,3.99,0.0,0.0,0.0,0.0,8.67,2.46,AOT5222ZY,,,,,False,False,False,False,,False,False,False,False,False,False,24.0,0.0,24.0,33339788288.0,33339788288.0,14406047228928.0,402.0,402.0,401.0,1.0,402.0,401.0,1.0,,,,,,,,,,,,,,,,,,,,,,,,,,,,,,,,,,,,,,,,,,,,,,,,,,,,,,,,,,,,,,,,,,,,,,,,,,,,,,,,,,,,,,,,,,,,,,,,,,,,,,,,,,,,402.0,401.0,1.0,0.0,24.0,24.0,402.0,401.0,1.0,,,,,,,402.0,,,,,,,,,,,,,,,,,,,,,0.0,0.0,0.0,0.0,0.0,0.0,3.98,3.99,0.0,,0.0,8.67,2.46,,,False,False,False,False,False,False,False,False,False,,False,,,,,,,,,,,,,,,,,,,,,,,,,,,,,,,,,,,,,,,,
012445118300_dsl,Gurgaon,108.0,NKOT0F01D2BA,NOKIA,F2E5225B80EE,Haryana,0.0,0.0,0.0,0.0,100.0,0.05,False,False,0.0,6.0,0.0,0.0,0.0,0.0,,0.0,0.41,0.0,AOT4221NK,iPhone,,,,False,False,False,False,True,False,False,False,False,,False,2208.0,0.0,2208.0,20595712.0,20595712.0,41102011392.0,92.0,92.0,,92.0,92.0,0.0,92.0,,,,,,,,,,,,,,,,,,,,,,,,,,,,,,,,,,,,,,,,,,,,,,,,,,,,,,,,,,,,,,,,,,,,,,,,,,,,,,,,,,,,,,,,,,,,,,,,,,,,,,,,,,,,92.0,0.0,92.0,0.0,2208.0,2208.0,92.0,,92.0,,,,,,,92.0,,,,,,,,,,,,,,,,,,,,,0.0,,0.0,0.0,0.0,0.0,0.0,0.0,0.0,6.0,0.0,0.41,0.0,False,False,False,,False,False,False,False,False,False,False,True,False,,,,,,,,,,,,,,,,,,,,,,,,,,,,,,,,,,,,,,,,
012445159575_dsl,Gurgaon,108.0,ZYOTFD000042,NOKIA,B24C6E7E6054,Haryana,96.94,0.0,96.94,0.0,100.0,0.01,,,0.0,,4.45,0.0,4.45,96.94,,96.94,0.01,0.01,AOT5221ZY,,,,,True,False,True,False,,False,False,False,True,,True,25896.0,0.0,25896.0,6482944.0,6482944.0,78208337920.0,1079.0,1079.0,,1079.0,1079.0,0.0,1079.0,,,,,,,,,,,,,,,,,,,,,,,,,,,,,,,,,,,,,,,,,,,,,,,,,,,,,,,,,,,,,,,,,,,,,,,,,,,,,,,,,,,,,,,,,,,,,,,,,,,,,,,,,,,,1079.0,0.0,1079.0,0.0,25896.0,25896.0,1079.0,,1079.0,,,,,,,1079.0,,,,,,,,,,,,,,,,,,,,,96.94,,96.94,96.94,0.0,96.94,4.45,0.0,4.45,,0.0,0.01,0.01,,,True,,True,True,False,True,False,False,False,,False,,,,,,,,,,,,,,,,,,,,,,,,,,,,,,,,,,,,,,,,
012436398608_dsl,Gurgaon,108.0,NKOTDF0001E7,NOKIA,4A2B8C8008F5,Haryana,0.0,0.0,0.0,9.39,90.61,7.95,True,False,0.0,7.0,23.67,44.83,17.39,0.2,0.86,0.0,2.08,0.14,AAP321NK,OnePlus-Nord-CE3-5G,,,,False,False,False,False,True,False,False,False,False,False,False,9384.0,0.0,9384.0,6458164224.0,6458164224.0,81278974976.0,507.0,507.0,116.0,391.0,507.0,116.0,391.0,,,,,,,,,,,,,,,,,,,,,,,,,,,,,,,,,,,,,,,,,,,,,,,,,,,,,,,,,,,,,,,,,,,,,,,,,,,,,,,,,,,,,,,,,,,,,,,,,,,,,,,,,,,,507.0,116.0,391.0,0.0,9384.0,9384.0,507.0,116.0,391.0,,,,,,,507.0,,,,,,,,,,,,,,,,,,,,,0.2,0.86,0.0,0.0,0.0,0.0,23.67,44.83,17.39,7.0,0.0,2.08,0.14,True,False,False,False,False,False,False,False,False,False,False,True,False,,,,,,,,,,,,,,,,,,,,,,,,,,,,,,,,,,,,,,,,
012444801137_dsl,Gurgaon,108.0,NKOTDF000165,NOKIA,9877D5D7774A,Haryana,,,,100.0,0.0,0.01,False,False,0.0,2.0,100.0,100.0,0.0,0.0,0.0,,0.0,0.0,AAP321NK,wiz_d7774a,,,,,,,False,False,True,True,False,False,False,,,,,3109888.0,3109888.0,34183815168.0,55.0,55.0,55.0,,55.0,55.0,0.0,,,,,,,,,,,,,,,,,,,,,,,,,,,,,,,,,,,,,,,,,,,,,,,,,,,,,,,,,,,,,,,,,,,,,,,,,,,,,,,,,,,,,,,,,,,,,,,,,,,,,,,,,,,,55.0,55.0,0.0,,,,55.0,55.0,,,,,,,,55.0,,,,,,,,,,,,,,,,,,,,,0.0,0.0,,,,,100.0,100.0,0.0,2.0,0.0,0.0,0.0,False,False,False,False,,,,,True,True,False,False,False,,,,,,,,,,,,,,,,,,,,,,,,,,,,,,,,,,,,,,,,
012444801137_dsl,Gurgaon,108.0,NKOTDF000165,NOKIA,9877D5A4F04A,Haryana,,,,100.0,0.0,0.01,False,False,0.0,2.0,67.27,67.27,0.0,0.0,0.0,,0.0,0.0,AAP321NK,wiz_a4f04a,,,,,,,False,False,True,True,False,False,False,,,,,3120128.0,3120128.0,34183815168.0,55.0,55.0,55.0,,55.0,55.0,0.0,,,,,,,,,,,,,,,,,,,,,,,,,,,,,,,,,,,,,,,,,,,,,,,,,,,,,,,,,,,,,,,,,,,,,,,,,,,,,,,,,,,,,,,,,,,,,,,,,,,,,,,,,,,,55.0,55.0,0.0,,,,55.0,55.0,,,,,,,,55.0,,,,,,,,,,,,,,,,,,,,,0.0,0.0,,,,,67.27,67.27,0.0,2.0,0.0,0.0,0.0,False,False,False,False,,,,,True,True,False,False,False,,,,,,,,,,,,,,,,,,,,,,,,,,,,,,,,,,,,,,,,
012447957675_dsl,Gurgaon,108.0,ZYOT5E069474,NOKIA,401A58606B5F,Haryana,0.0,0.0,0.0,0.0,0.0,0.0,,,0.0,,0.0,0.0,0.0,0.0,,0.0,0.0,0.08,AOT5221ZY,,,,,False,False,False,False,,False,False,False,False,,False,192.0,0.0,192.0,0.0,0.0,3082269696.0,8.0,8.0,,8.0,8.0,0.0,8.0,,,,,,,,,,,,,,,,,,,,,,,,,,,,,,,,,,,,,,,,,,,,,,,,,,,,,,,,,,,,,,,,,,,,,,,,,,,,,,,,,,,,,,,,,,,,,,,,,,,,,,,,,,,,8.0,0.0,8.0,0.0,192.0,192.0,8.0,,8.0,,,,,,,8.0,,,,,,,,,,,,,,,,,,,,,0.0,,0.0,0.0,0.0,0.0,0.0,0.0,0.0,,0.0,0.0,0.08,,,False,,False,False,False,False,False,False,False,,False,,,,,,,,,,,,,,,,,,,,,,,,,,,,,,,,,,,,,,,,
012445118300_dsl,Gurgaon,108.0,NKOT0F01D2BA,NOKIA,48E15C8D0707,Haryana,0.0,0.0,0.0,0.0,100.0,0.17,,,0.0,,0.0,0.0,0.0,0.0,,0.0,0.0,0.0,AOT4221NK,,,,,False,False,False,False,,False,False,False,False,,False,30648.0,0.0,30648.0,69703680.0,69703680.0,41102011392.0,1277.0,1277.0,,1277.0,1277.0,0.0,1277.0,,,,,,,,,,,,,,,,,,,,,,,,,,,,,,,,,,,,,,,,,,,,,,,,,,,,,,,,,,,,,,,,,,,,,,,,,,,,,,,,,,,,,,,,,,,,,,,,,,,,,,,,,,,,1277.0,0.0,1277.0,0.0,30648.0,30648.0,1277.0,,1277.0,,,,,,,1277.0,,,,,,,,,,,,,,,,,,,,,0.0,,0.0,0.0,0.0,0.0,0.0,0.0,0.0,,0.0,0.0,0.0,,,False,,False,False,False,False,False,False,False,,False,,,,,,,,,,,,,,,,,,,,,,,,,,,,,,,,,,,,,,,,
012436398608_dsl,Gurgaon,108.0,NKOTDF0001E7,NOKIA,FAB7B87A32B0,Haryana,0.0,0.0,0.0,20.17,79.83,4.07,True,False,0.0,24.0,2.86,1.59,3.57,0.0,0.0,0.0,3.65,0.22,AAP321NK,,,,,False,False,False,False,True,False,False,False,False,False,False,2688.0,0.0,2688.0,3304973312.0,3304973312.0,81278974976.0,175.0,175.0,63.0,112.0,175.0,63.0,112.0,,,,,,,,,,,,,,,,,,,,,,,,,,,,,,,,,,,,,,,,,,,,,,,,,,,,,,,,,,,,,,,,,,,,,,,,,,,,,,,,,,,,,,,,,,,,,,,,,,,,,,,,,,,,175.0,63.0,112.0,0.0,2688.0,2688.0,175.0,63.0,112.0,,,,,,,175.0,,,,,,,,,,,,,,,,,,,,,0.0,0.0,0.0,0.0,0.0,0.0,2.86,1.59,3.57,24.0,0.0,3.65,0.22,True,False,False,False,False,False,False,False,False,False,False,True,False,,,,,,,,,,,,,,,,,,,,,,,,,,,,,,,,,,,,,,,,
01244054723_dsl,Gurgaon,108.0,NKOT0F0226EE,NOKIA,CC6B1E9D361D,Haryana,0.0,0.0,0.0,0.0,100.0,25.8,False,True,0.0,8.0,44.67,100.0,44.13,0.48,50.0,0.0,2.67,0.22,AOT4221NK,LAPTOP-333I3CKG,LAPTOP,,ProBook,False,False,False,False,True,False,True,False,False,False,False,19632.0,0.0,19632.0,13760003072.0,13760003072.0,53326569472.0,826.0,826.0,8.0,818.0,826.0,8.0,818.0,,,,,,,,,,,,,,,,,,,,,,,,,,,,,,,,,,,,,,,,,,,,,,,,,,,,,,,,,,,,,,,,,,,,,,,,,,,,,,,,,,,,,,,,,,,,,,,,,,,,,,,,,,,,826.0,8.0,818.0,0.0,19632.0,19632.0,826.0,8.0,818.0,,,,,,,826.0,,,,,,,,,,,,,,,,,,,,,0.48,50.0,0.0,0.0,0.0,0.0,44.67,100.0,44.13,8.0,0.0,2.67,0.22,False,True,False,False,False,False,False,False,False,True,False,True,False,,,,,,,,,,,,,,,,,,,,,,,,,,,,,,,,,,,,,,,,
01244054723_dsl,Gurgaon,108.0,NKOT0F0226EE,NOKIA,5AA1E0C63E20,Haryana,0.0,0.0,0.0,3.53,96.47,6.68,False,False,0.0,28.0,58.33,99.8,0.0,31.85,54.49,0.0,0.86,0.72,AOT4221NK,Pixel-8a,,Google,Pixel 8a,False,False,False,False,True,False,True,False,False,False,False,8736.0,0.0,8736.0,3563242496.0,3563242496.0,53326569472.0,876.0,876.0,512.0,364.0,876.0,512.0,364.0,,,,,,,,,,,,,,,,,,,,,,,,,,,,,,,,,,,,,,,,,,,,,,,,,,,,,,,,,,,,,,,,,,,,,,,,,,,,,,,,,,,,,,,,,,,,,,,,,,,,,,,,,,,,876.0,512.0,364.0,0.0,8736.0,8736.0,876.0,512.0,364.0,,,,,,,876.0,,,,,,,,,,,,,,,,,,,,,31.85,54.49,0.0,0.0,0.0,0.0,58.33,99.8,0.0,28.0,0.0,0.86,0.72,False,False,False,False,False,False,False,False,False,True,False,True,False,,,,,,,,,,,,,,,,,,,,,,,,,,,,,,,,,,,,,,,,
012445118300_dsl,Gurgaon,108.0,NKOT0F01D2BA,NOKIA,AADC7D1DFBBF,Haryana,2.95,0.0,2.95,0.0,100.0,19.1,False,False,0.0,33.0,0.0,0.0,0.0,1.14,,1.14,0.39,1.66,AOT4221NK,iPhone,PHONE,Apple,iPhone,False,False,False,False,True,False,False,False,False,,False,16800.0,0.0,16800.0,7850445824.0,7850445824.0,41102011392.0,700.0,700.0,,700.0,700.0,0.0,700.0,,,,,,,,,,,,,,,,,,,,,,,,,,,,,,,,,,,,,,,,,,,,,,,,,,,,,,,,,,,,,,,,,,,,,,,,,,,,,,,,,,,,,,,,,,,,,,,,,,,,,,,,,,,,700.0,0.0,700.0,0.0,16800.0,16800.0,700.0,,700.0,,,,,,,700.0,,,,,,,,,,,,,,,,,,,,,1.14,,1.14,2.95,0.0,2.95,0.0,0.0,0.0,33.0,0.0,0.39,1.66,False,False,False,,False,False,False,False,False,False,False,True,False,,,,,,,,,,,,,,,,,,,,,,,,,,,,,,,,,,,,,,,,
012444903348_dsl,Gurgaon,108.0,NKOT0F01CE7E,NOKIA,BCF171E84D65,Haryana,0.0,0.0,0.0,0.0,100.0,5.58,,,0.0,5.0,0.0,0.0,0.0,0.0,,0.0,0.44,0.24,AAP321NK,TABLET-G71GRCJO,,,,False,False,False,False,False,False,False,False,False,,False,1857.0,0.0,1857.0,2304851075.0,2304851075.0,41321124191.0,619.0,619.0,,619.0,619.0,0.0,619.0,,,,,,,,,,,,,,,,,,,,,,,,,,,,,,,,,,,,,,,,,,,,,,,,,,,,,,,,,,,,,,,,,,,,,,,,,,,,,,,,,,,,,,,,,,,,,,,,,,,,,,,,,,,,619.0,0.0,619.0,0.0,1857.0,1857.0,619.0,,619.0,,,,,,,619.0,,,,,,,,,,,,,,,,,,,,,0.0,,0.0,0.0,0.0,0.0,0.0,0.0,0.0,5.0,0.0,0.44,0.24,,,False,,False,False,False,False,False,False,False,False,False,,,,,,,,,,,,,,,,,,,,,,,,,,,,,,,,,,,,,,,,
012447957675_dsl,Gurgaon,108.0,ZYOT5E069474,NOKIA,46676779B267,Haryana,0.7,0.0,0.7,0.0,100.0,92.05,,,0.0,,0.0,0.0,0.0,0.85,,0.85,1.35,0.1,AOT5221ZY,,,,,False,False,False,False,,False,False,False,False,,False,11352.0,0.0,11352.0,2837281792.0,2837281792.0,3082269696.0,473.0,473.0,,473.0,473.0,0.0,473.0,,,,,,,,,,,,,,,,,,,,,,,,,,,,,,,,,,,,,,,,,,,,,,,,,,,,,,,,,,,,,,,,,,,,,,,,,,,,,,,,,,,,,,,,,,,,,,,,,,,,,,,,,,,,473.0,0.0,473.0,0.0,11352.0,11352.0,473.0,,473.0,,,,,,,473.0,,,,,,,,,,,,,,,,,,,,,0.85,,0.85,0.7,0.0,0.7,0.0,0.0,0.0,,0.0,1.35,0.1,,,False,,False,False,False,False,False,False,False,,False,,,,,,,,,,,,,,,,,,,,,,,,,,,,,,,,,,,,,,,,
012445118300_dsl,Gurgaon,108.0,NKOT0F01D2BA,NOKIA,02B8F490E9C4,Haryana,1.41,0.0,1.41,0.0,100.0,16.37,True,False,0.0,17.0,8.7,0.0,8.7,0.0,,0.0,2.26,0.73,AOT4221NK,OnePlus-Nord-CE3-5G,,,,False,False,False,False,True,False,False,False,False,,False,9384.0,0.0,9384.0,6730368000.0,6730368000.0,41102011392.0,391.0,391.0,,391.0,391.0,0.0,391.0,,,,,,,,,,,,,,,,,,,,,,,,,,,,,,,,,,,,,,,,,,,,,,,,,,,,,,,,,,,,,,,,,,,,,,,,,,,,,,,,,,,,,,,,,,,,,,,,,,,,,,,,,,,,391.0,0.0,391.0,0.0,9384.0,9384.0,391.0,,391.0,,,,,,,391.0,,,,,,,,,,,,,,,,,,,,,0.0,,0.0,1.41,0.0,1.41,8.7,0.0,8.7,17.0,0.0,2.26,0.73,True,False,False,,False,False,False,False,False,False,False,True,False,,,,,,,,,,,,,,,,,,,,,,,,,,,,,,,,,,,,,,,,
01244081160_dsl,Gurgaon,108.0,NKOT0F01CE6F,NOKIA,6854FD250B98,Haryana,,,,100.0,0.0,1.21,,,0.0,,0.0,0.0,0.0,0.0,0.0,,0.01,0.0,AOT4221NK,,,,,,,,False,,False,False,False,False,False,,,,,161340416.0,161340416.0,13365293056.0,980.0,980.0,980.0,,980.0,980.0,0.0,,,,,,,,,,,,,,,,,,,,,,,,,,,,,,,,,,,,,,,,,,,,,,,,,,,,,,,,,,,,,,,,,,,,,,,,,,,,,,,,,,,,,,,,,,,,,,,,,,,,,,,,,,,,980.0,980.0,0.0,,,,980.0,980.0,,,,,,,,980.0,,,,,,,,,,,,,,,,,,,,,0.0,0.0,,,,,0.0,0.0,0.0,,0.0,0.01,0.0,,,False,False,,,,,False,False,False,,False,,,,,,,,,,,,,,,,,,,,,,,,,,,,,,,,,,,,,,,,
01244054723_dsl,Gurgaon,108.0,NKOT0F0226EE,NOKIA,62A173AB08D4,Haryana,0.0,0.0,0.0,0.0,100.0,0.03,False,False,0.0,2.0,0.0,0.0,0.0,0.0,,0.0,0.01,0.0,AOT4221NK,,,,,False,False,False,False,False,False,False,False,False,,False,672.0,0.0,672.0,17705984.0,17705984.0,53326569472.0,28.0,28.0,,28.0,28.0,0.0,28.0,,,,,,,,,,,,,,,,,,,,,,,,,,,,,,,,,,,,,,,,,,,,,,,,,,,,,,,,,,,,,,,,,,,,,,,,,,,,,,,,,,,,,,,,,,,,,,,,,,,,,,,,,,,,28.0,0.0,28.0,0.0,672.0,672.0,28.0,,28.0,,,,,,,28.0,,,,,,,,,,,,,,,,,,,,,0.0,,0.0,0.0,0.0,0.0,0.0,0.0,0.0,2.0,0.0,0.01,0.0,False,False,False,,False,False,False,False,False,False,False,False,False,,,,,,,,,,,,,,,,,,,,,,,,,,,,,,,,,,,,,,,,
012445118300_dsl,Gurgaon,108.0,NKOT0F01D2BA,NOKIA,50DCE7D68D34,Haryana,0.0,0.0,0.0,0.0,100.0,1.86,,,0.0,,0.0,0.0,0.0,0.0,,0.0,0.21,0.01,AOT4221NK,,,,,False,False,False,False,,False,False,False,False,,False,30648.0,0.0,30648.0,762524672.0,762524672.0,41102011392.0,1277.0,1277.0,,1277.0,1277.0,0.0,1277.0,,,,,,,,,,,,,,,,,,,,,,,,,,,,,,,,,,,,,,,,,,,,,,,,,,,,,,,,,,,,,,,,,,,,,,,,,,,,,,,,,,,,,,,,,,,,,,,,,,,,,,,,,,,,1277.0,0.0,1277.0,0.0,30648.0,30648.0,1277.0,,1277.0,,,,,,,1277.0,,,,,,,,,,,,,,,,,,,,,0.0,,0.0,0.0,0.0,0.0,0.0,0.0,0.0,,0.0,0.21,0.01,,,False,,False,False,False,False,False,False,False,,False,,,,,,,,,,,,,,,,,,,,,,,,,,,,,,,,,,,,,,,,
01246472327_dsl,Gurgaon,108.0,NKOTA0000592,NOKIA,481B40DAC1F0,Haryana,0.0,0.0,0.0,0.0,100.0,0.6,,,0.0,,0.0,0.0,0.0,0.0,,0.0,0.0,0.03,AOT4221NK,,,,,False,False,False,False,,False,False,False,False,,False,32424.0,0.0,32424.0,181821440.0,181821440.0,30405626880.0,1351.0,1351.0,,1351.0,1351.0,0.0,1351.0,,,,,,,,,,,,,,,,,,,,,,,,,,,,,,,,,,,,,,,,,,,,,,,,,,,,,,,,,,,,,,,,,,,,,,,,,,,,,,,,,,,,,,,,,,,,,,,,,,,,,,,,,,,,1351.0,0.0,1351.0,0.0,32424.0,32424.0,1351.0,,1351.0,,,,,,,1351.0,,,,,,,,,,,,,,,,,,,,,0.0,,0.0,0.0,0.0,0.0,0.0,0.0,0.0,,0.0,0.0,0.03,,,False,,False,False,False,False,False,False,False,,False,,,,,,,,,,,,,,,,,,,,,,,,,,,,,,,,,,,,,,,,
012444903348_dsl,Gurgaon,108.0,NKOT0F01CE7E,NOKIA,5CEA1D30FB63,Haryana,0.0,0.0,0.0,0.0,100.0,18.07,,,0.0,2.0,0.0,0.0,0.0,0.0,,0.0,3.85,0.17,AAP321NK,Unknown_5c:ea:1d:30:fb:63,TV,Sony,Television,False,False,False,False,False,False,False,False,False,,False,3441.0,0.0,3441.0,7467931507.0,7467931507.0,41321124191.0,1147.0,1147.0,,1147.0,1147.0,0.0,1147.0,,,,,,,,,,,,,,,,,,,,,,,,,,,,,,,,,,,,,,,,,,,,,,,,,,,,,,,,,,,,,,,,,,,,,,,,,,,,,,,,,,,,,,,,,,,,,,,,,,,,,,,,,,,,1147.0,0.0,1147.0,0.0,3441.0,3441.0,1147.0,,1147.0,,,,,,,1147.0,,,,,,,,,,,,,,,,,,,,,0.0,,0.0,0.0,0.0,0.0,0.0,0.0,0.0,2.0,0.0,3.85,0.17,,,False,,False,False,False,False,False,False,False,False,False,,,,,,,,,,,,,,,,,,,,,,,,,,,,,,,,,,,,,,,,
012444903348_dsl,Gurgaon,108.0,NKOT0F01CE7E,NOKIA,82A170AF2571,Haryana,0.0,0.0,0.0,100.0,0.0,8.77,False,True,0.0,19.0,45.57,45.57,0.0,0.0,0.0,,1.41,0.06,AAP321NK,realme-15T,PHONE,Realme,15T,False,False,False,False,True,False,False,False,False,False,,8295.0,8295.0,0.0,3624752432.0,3624752432.0,41321124191.0,395.0,395.0,395.0,,395.0,395.0,0.0,,,,,,,,,,,,,,,,,,,,,,,,,,,,,,,,,,,,,,,,,,,,,,,,,,,,,,,,,,,,,,,,,,,,,,,,,,,,,,,,,,,,,,,,,,,,,,,,,,,,,,,,,,,,395.0,395.0,0.0,8295.0,0.0,8295.0,395.0,395.0,,,,,,,,395.0,,,,,,,,,,,,,,,,,,,,,0.0,0.0,,0.0,0.0,0.0,45.57,45.57,0.0,19.0,0.0,1.41,0.06,False,True,False,False,,False,False,False,False,False,False,True,False,,,,,,,,,,,,,,,,,,,,,,,,,,,,,,,,,,,,,,,,
012444903348_dsl,Gurgaon,108.0,NKOT0F01CE7E,NOKIA,DE9EF3A73DC5,Haryana,9.59,9.67,0.0,98.65,1.35,0.04,False,True,0.0,38.0,97.35,97.18,100.0,38.81,41.09,2.78,0.06,0.01,AAP321NK,,,,,False,False,False,False,True,True,True,True,False,False,False,12015.0,11907.0,108.0,15181572.0,15181572.0,41321124191.0,603.0,603.0,567.0,36.0,603.0,567.0,36.0,,,,,,,,,,,,,,,,,,,,,,,,,,,,,,,,,,,,,,,,,,,,,,,,,,,,,,,,,,,,,,,,,,,,,,,,,,,,,,,,,,,,,,,,,,,,,,,,,,,,,,,,,,,,603.0,567.0,36.0,11907.0,108.0,12015.0,603.0,567.0,36.0,,,,,,,603.0,,,,,,,,,,,,,,,,,,,,,38.81,41.09,2.78,9.59,9.67,0.0,97.35,97.18,100.0,38.0,0.0,0.06,0.01,False,True,False,False,False,False,False,False,True,True,True,True,False,,,,,,,,,,,,,,,,,,,,,,,,,,,,,,,,,,,,,,,,
012445159575_dsl,Gurgaon,108.0,ZYOTFD000042,NOKIA,4C1B86D3490C,Haryana,96.97,0.0,96.97,0.0,100.0,50.76,,,0.0,,2.37,0.0,2.37,96.97,,96.97,8.05,0.3,AOT5221ZY,,,,,True,False,True,False,,False,False,False,True,,True,32424.0,0.0,32424.0,39695082496.0,39695082496.0,78208337920.0,1351.0,1351.0,,1351.0,1351.0,0.0,1351.0,,,,,,,,,,,,,,,,,,,,,,,,,,,,,,,,,,,,,,,,,,,,,,,,,,,,,,,,,,,,,,,,,,,,,,,,,,,,,,,,,,,,,,,,,,,,,,,,,,,,,,,,,,,,1351.0,0.0,1351.0,0.0,32424.0,32424.0,1351.0,,1351.0,,,,,,,1351.0,,,,,,,,,,,,,,,,,,,,,96.97,,96.97,96.97,0.0,96.97,2.37,0.0,2.37,,0.0,8.05,0.3,,,True,,True,True,False,True,False,False,False,,False,,,,,,,,,,,,,,,,,,,,,,,,,,,,,,,,,,,,,,,,
012444903348_dsl,Gurgaon,108.0,NKOT0F01CE7E,NOKIA,C25FF6C7715F,Haryana,9.68,9.68,0.0,100.0,0.0,17.7,False,False,0.0,26.0,95.12,95.12,0.0,43.6,43.6,,1.45,0.04,AAP321NK,realme-C11-2021,PHONE,,Realme,False,False,False,False,True,True,True,False,False,False,,6888.0,6888.0,0.0,7314899462.0,7314899462.0,41321124191.0,328.0,328.0,328.0,,328.0,328.0,0.0,,,,,,,,,,,,,,,,,,,,,,,,,,,,,,,,,,,,,,,,,,,,,,,,,,,,,,,,,,,,,,,,,,,,,,,,,,,,,,,,,,,,,,,,,,,,,,,,,,,,,,,,,,,,328.0,328.0,0.0,6888.0,0.0,6888.0,328.0,328.0,,,,,,,,328.0,,,,,,,,,,,,,,,,,,,,,43.6,43.6,,9.68,9.68,0.0,95.12,95.12,0.0,26.0,0.0,1.45,0.04,False,False,False,False,,False,False,False,True,True,False,True,False,,,,,,,,,,,,,,,,,,,,,,,,,,,,,,,,,,,,,,,,
01244081160_dsl,Gurgaon,108.0,NKOT0F01CE6F,NOKIA,DA662903C070,Haryana,0.0,0.0,0.0,0.0,100.0,9.12,False,False,0.0,4.0,0.0,0.0,0.0,0.0,,0.0,0.4,0.06,AOT4221NK,Mac,PC,Apple,Computer,False,False,False,False,False,False,False,False,False,,False,21288.0,0.0,21288.0,1218533376.0,1218533376.0,13365293056.0,887.0,887.0,,887.0,887.0,0.0,887.0,,,,,,,,,,,,,,,,,,,,,,,,,,,,,,,,,,,,,,,,,,,,,,,,,,,,,,,,,,,,,,,,,,,,,,,,,,,,,,,,,,,,,,,,,,,,,,,,,,,,,,,,,,,,887.0,0.0,887.0,0.0,21288.0,21288.0,887.0,,887.0,,,,,,,887.0,,,,,,,,,,,,,,,,,,,,,0.0,,0.0,0.0,0.0,0.0,0.0,0.0,0.0,4.0,0.0,0.4,0.06,False,False,False,,False,False,False,False,False,False,False,False,False,,,,,,,,,,,,,,,,,,,,,,,,,,,,,,,,,,,,,,,,
01246232448_dsl,Gurgaon,108.0,NKOT2F045EF1,NOKIA,7A5B25752C54,Haryana,,,,0.0,100.0,6.06,,,0.0,13.0,0.0,0.0,0.0,0.0,,0.0,0.0,0.0,AAP321NK,,,,,,,,False,True,False,False,False,False,,False,,,,12288.0,12288.0,202752.0,1.0,1.0,,1.0,1.0,0.0,1.0,,,,,,,,,,,,,,,,,,,,,,,,,,,,,,,,,,,,,,,,,,,,,,,,,,,,,,,,,,,,,,,,,,,,,,,,,,,,,,,,,,,,,,,,,,,,,,,,,,,,,,,,,,,,1.0,0.0,1.0,,,,1.0,,1.0,,,,,,,1.0,,,,,,,,,,,,,,,,,,,,,0.0,,0.0,,,,0.0,0.0,0.0,13.0,0.0,0.0,0.0,,,False,,False,,,,False,False,False,True,False,,,,,,,,,,,,,,,,,,,,,,,,,,,,,,,,,,,,,,,,
012444801137_dsl,Gurgaon,108.0,NKOTDF000165,NOKIA,9877D5D77618,Haryana,,,,100.0,0.0,0.01,False,False,0.0,5.0,67.07,67.07,0.0,0.0,0.0,,0.0,0.0,AAP321NK,wiz_d77618,,,,,,,False,False,True,True,False,False,False,,,,,4661248.0,4661248.0,34183815168.0,82.0,82.0,82.0,,82.0,82.0,0.0,,,,,,,,,,,,,,,,,,,,,,,,,,,,,,,,,,,,,,,,,,,,,,,,,,,,,,,,,,,,,,,,,,,,,,,,,,,,,,,,,,,,,,,,,,,,,,,,,,,,,,,,,,,,82.0,82.0,0.0,,,,82.0,82.0,,,,,,,,82.0,,,,,,,,,,,,,,,,,,,,,0.0,0.0,,,,,67.07,67.07,0.0,5.0,0.0,0.0,0.0,False,False,False,False,,,,,True,True,False,False,False,,,,,,,,,,,,,,,,,,,,,,,,,,,,,,,,,,,,,,,,
012447862103_dsl,Gurgaon,108.0,ZYOTB0900020,NOKIA,44F53E70E6E0,Haryana,0.0,0.0,0.0,0.0,100.0,4.61,,,0.0,,0.0,0.0,0.0,0.0,,0.0,133.97,4.08,AOT5222ZY,,,,,False,False,False,False,,False,False,False,False,,False,4368.0,0.0,4368.0,663785517056.0,663785517056.0,14406047228928.0,182.0,182.0,,182.0,182.0,0.0,182.0,,,,,,,,,,,,,,,,,,,,,,,,,,,,,,,,,,,,,,,,,,,,,,,,,,,,,,,,,,,,,,,,,,,,,,,,,,,,,,,,,,,,,,,,,,,,,,,,,,,,,,,,,,,,182.0,0.0,182.0,0.0,4368.0,4368.0,182.0,,182.0,,,,,,,182.0,,,,,,,,,,,,,,,,,,,,,0.0,,0.0,0.0,0.0,0.0,0.0,0.0,0.0,,0.0,133.97,4.08,,,False,,False,False,False,False,False,False,False,,False,,,,,,,,,,,,,,,,,,,,,,,,,,,,,,,,,,,,,,,,
012445118300_dsl,Gurgaon,108.0,NKOT0F01D2BA,NOKIA,86513241D816,Haryana,0.0,0.0,0.0,0.0,100.0,1.52,False,False,0.0,2.0,0.0,0.0,0.0,0.0,,0.0,0.93,0.08,AOT4221NK,Mac,,,,False,False,False,False,False,False,False,False,False,,False,10272.0,0.0,10272.0,626103296.0,626103296.0,41102011392.0,428.0,428.0,,428.0,428.0,0.0,428.0,,,,,,,,,,,,,,,,,,,,,,,,,,,,,,,,,,,,,,,,,,,,,,,,,,,,,,,,,,,,,,,,,,,,,,,,,,,,,,,,,,,,,,,,,,,,,,,,,,,,,,,,,,,,428.0,0.0,428.0,0.0,10272.0,10272.0,428.0,,428.0,,,,,,,428.0,,,,,,,,,,,,,,,,,,,,,0.0,,0.0,0.0,0.0,0.0,0.0,0.0,0.0,2.0,0.0,0.93,0.08,False,False,False,,False,False,False,False,False,False,False,False,False,,,,,,,,,,,,,,,,,,,,,,,,,,,,,,,,,,,,,,,,
012444801137_dsl,Gurgaon,108.0,NKOTDF000165,NOKIA,9877D5A4F5CE,Haryana,,,,100.0,0.0,0.01,False,False,0.0,5.0,32.93,32.93,0.0,0.0,0.0,,0.0,0.0,AAP321NK,wiz_a4f5ce,SMART_HOME,WIZ,Light,,,,False,False,False,False,False,False,False,,,,,4660224.0,4660224.0,34183815168.0,82.0,82.0,82.0,,82.0,82.0,0.0,,,,,,,,,,,,,,,,,,,,,,,,,,,,,,,,,,,,,,,,,,,,,,,,,,,,,,,,,,,,,,,,,,,,,,,,,,,,,,,,,,,,,,,,,,,,,,,,,,,,,,,,,,,,82.0,82.0,0.0,,,,82.0,82.0,,,,,,,,82.0,,,,,,,,,,,,,,,,,,,,,0.0,0.0,,,,,32.93,32.93,0.0,5.0,0.0,0.0,0.0,False,False,False,False,,,,,False,False,False,False,False,,,,,,,,,,,,,,,,,,,,,,,,,,,,,,,,,,,,,,,,
01246472327_dsl,Gurgaon,108.0,NKOTA0000592,NOKIA,2246CDEDC745,Haryana,0.92,0.0,0.92,0.0,100.0,97.36,False,False,0.0,20.0,0.0,0.0,0.0,0.0,,0.0,4.22,3.7,AOT4221NK,iPhone,,,,False,False,False,False,True,False,False,False,False,,False,22536.0,0.0,22536.0,29602880512.0,29602880512.0,30405626880.0,939.0,939.0,,939.0,939.0,0.0,939.0,,,,,,,,,,,,,,,,,,,,,,,,,,,,,,,,,,,,,,,,,,,,,,,,,,,,,,,,,,,,,,,,,,,,,,,,,,,,,,,,,,,,,,,,,,,,,,,,,,,,,,,,,,,,939.0,0.0,939.0,0.0,22536.0,22536.0,939.0,,939.0,,,,,,,939.0,,,,,,,,,,,,,,,,,,,,,0.0,,0.0,0.92,0.0,0.92,0.0,0.0,0.0,20.0,0.0,4.22,3.7,False,False,False,,False,False,False,False,False,False,False,True,False,,,,,,,,,,,,,,,,,,,,,,,,,,,,,,,,,,,,,,,,
012444903348_dsl,Gurgaon,108.0,NKOT0F01CE7E,NOKIA,444201C1B177,Haryana,0.0,0.0,0.0,0.0,100.0,3.84,,,0.0,1.0,0.0,0.0,0.0,0.0,,0.0,0.35,0.05,AAP321NK,Unknown_44:42:01:c1:b1:77,OTHER,Amazon,,False,False,False,False,False,False,False,False,False,,False,3609.0,0.0,3609.0,1587377152.0,1587377152.0,41321124191.0,1203.0,1203.0,,1203.0,1203.0,0.0,1203.0,,,,,,,,,,,,,,,,,,,,,,,,,,,,,,,,,,,,,,,,,,,,,,,,,,,,,,,,,,,,,,,,,,,,,,,,,,,,,,,,,,,,,,,,,,,,,,,,,,,,,,,,,,,,1203.0,0.0,1203.0,0.0,3609.0,3609.0,1203.0,,1203.0,,,,,,,1203.0,,,,,,,,,,,,,,,,,,,,,0.0,,0.0,0.0,0.0,0.0,0.0,0.0,0.0,1.0,0.0,0.35,0.05,,,False,,False,False,False,False,False,False,False,False,False,,,,,,,,,,,,,,,,,,,,,,,,,,,,,,,,,,,,,,,,
012436398608_dsl,Gurgaon,108.0,NKOTDF0001E7,NOKIA,8E44C4BECA46,Haryana,0.0,0.0,0.0,11.08,88.92,0.22,False,False,0.0,16.0,0.0,0.0,0.0,0.54,10.0,0.0,0.25,0.05,AAP321NK,,,,,False,False,False,False,True,False,False,False,False,False,False,4176.0,0.0,4176.0,175047680.0,175047680.0,81278974976.0,184.0,184.0,10.0,174.0,184.0,10.0,174.0,,,,,,,,,,,,,,,,,,,,,,,,,,,,,,,,,,,,,,,,,,,,,,,,,,,,,,,,,,,,,,,,,,,,,,,,,,,,,,,,,,,,,,,,,,,,,,,,,,,,,,,,,,,,184.0,10.0,174.0,0.0,4176.0,4176.0,184.0,10.0,174.0,,,,,,,184.0,,,,,,,,,,,,,,,,,,,,,0.54,10.0,0.0,0.0,0.0,0.0,0.0,0.0,0.0,16.0,0.0,0.25,0.05,False,False,False,False,False,False,False,False,False,False,False,True,False,,,,,,,,,,,,,,,,,,,,,,,,,,,,,,,,,,,,,,,,
012444903348_dsl,Gurgaon,108.0,NKOT0F01CE7E,NOKIA,32655446EDD7,Haryana,0.0,0.0,0.0,5.11,94.89,4.37,False,False,0.0,87.0,0.54,1.89,0.0,0.54,1.89,0.0,5.03,0.59,AAP321NK,Galaxy-S25-Ultra,,Samsung Electronics,Galaxy,False,False,False,False,True,False,False,False,False,False,False,4530.0,3339.0,1191.0,1805633396.0,1805633396.0,41321124191.0,556.0,556.0,159.0,397.0,556.0,159.0,397.0,,,,,,,,,,,,,,,,,,,,,,,,,,,,,,,,,,,,,,,,,,,,,,,,,,,,,,,,,,,,,,,,,,,,,,,,,,,,,,,,,,,,,,,,,,,,,,,,,,,,,,,,,,,,556.0,159.0,397.0,3339.0,1191.0,4530.0,556.0,159.0,397.0,,,,,,,556.0,,,,,,,,,,,,,,,,,,,,,0.54,1.89,0.0,0.0,0.0,0.0,0.54,1.89,0.0,87.0,0.0,5.03,0.59,False,False,False,False,False,False,False,False,False,False,False,True,False,,,,,,,,,,,,,,,,,,,,,,,,,,,,,,,,,,,,,,,,
01244054723_dsl,Gurgaon,108.0,NKOT0F0226EE,NOKIA,866D51236BCF,Haryana,0.0,0.0,0.0,3.22,96.78,14.68,False,False,0.0,49.0,0.0,0.0,0.0,0.0,0.0,0.0,3.57,0.15,AOT4221NK,iPhone,,,,False,False,False,False,True,False,False,False,False,False,False,14544.0,0.0,14544.0,7830288384.0,7830288384.0,53326569472.0,623.0,623.0,17.0,606.0,623.0,17.0,606.0,,,,,,,,,,,,,,,,,,,,,,,,,,,,,,,,,,,,,,,,,,,,,,,,,,,,,,,,,,,,,,,,,,,,,,,,,,,,,,,,,,,,,,,,,,,,,,,,,,,,,,,,,,,,623.0,17.0,606.0,0.0,14544.0,14544.0,623.0,17.0,606.0,,,,,,,623.0,,,,,,,,,,,,,,,,,,,,,0.0,0.0,0.0,0.0,0.0,0.0,0.0,0.0,0.0,49.0,0.0,3.57,0.15,False,False,False,False,False,False,False,False,False,False,False,True,False,,,,,,,,,,,,,,,,,,,,,,,,,,,,,,,,,,,,,,,,
012447957675_dsl,Gurgaon,108.0,ZYOT5E069474,NOKIA,8AA6D718D519,Haryana,0.0,0.0,0.0,0.0,100.0,0.2,,,0.0,,0.0,0.0,0.0,0.0,,0.0,0.04,0.01,AOT5221ZY,,,,,False,False,False,False,,False,False,False,False,,False,11352.0,0.0,11352.0,6275072.0,6275072.0,3082269696.0,473.0,473.0,,473.0,473.0,0.0,473.0,,,,,,,,,,,,,,,,,,,,,,,,,,,,,,,,,,,,,,,,,,,,,,,,,,,,,,,,,,,,,,,,,,,,,,,,,,,,,,,,,,,,,,,,,,,,,,,,,,,,,,,,,,,,473.0,0.0,473.0,0.0,11352.0,11352.0,473.0,,473.0,,,,,,,473.0,,,,,,,,,,,,,,,,,,,,,0.0,,0.0,0.0,0.0,0.0,0.0,0.0,0.0,,0.0,0.04,0.01,,,False,,False,False,False,False,False,False,False,,False,,,,,,,,,,,,,,,,,,,,,,,,,,,,,,,,,,,,,,,,
012436398608_dsl,Gurgaon,108.0,NKOTDF0001E7,NOKIA,0EED7B0E8241,Haryana,0.0,0.0,0.0,0.61,99.39,13.25,True,False,0.0,10.0,12.77,1.56,16.19,0.0,0.0,0.0,1.88,0.05,AAP321NK,OnePlus-15R,,,,False,False,False,False,True,False,False,False,False,False,False,5040.0,0.0,5040.0,10771991552.0,10771991552.0,81278974976.0,274.0,274.0,64.0,210.0,274.0,64.0,210.0,,,,,,,,,,,,,,,,,,,,,,,,,,,,,,,,,,,,,,,,,,,,,,,,,,,,,,,,,,,,,,,,,,,,,,,,,,,,,,,,,,,,,,,,,,,,,,,,,,,,,,,,,,,,274.0,64.0,210.0,0.0,5040.0,5040.0,274.0,64.0,210.0,,,,,,,274.0,,,,,,,,,,,,,,,,,,,,,0.0,0.0,0.0,0.0,0.0,0.0,12.77,1.56,16.19,10.0,0.0,1.88,0.05,True,False,False,False,False,False,False,False,False,False,False,True,False,,,,,,,,,,,,,,,,,,,,,,,,,,,,,,,,,,,,,,,,
01244054723_dsl,Gurgaon,108.0,NKOT0F0226EE,NOKIA,4CF5DCF7CBCA,Haryana,,,,100.0,0.0,2.1,,,0.0,,90.08,90.08,0.0,0.0,0.0,,0.0,0.14,AOT4221NK,,,,,,,,False,,True,True,False,False,False,,,,,1117535232.0,1117535232.0,53326569472.0,1240.0,1240.0,1240.0,,1240.0,1240.0,0.0,,,,,,,,,,,,,,,,,,,,,,,,,,,,,,,,,,,,,,,,,,,,,,,,,,,,,,,,,,,,,,,,,,,,,,,,,,,,,,,,,,,,,,,,,,,,,,,,,,,,,,,,,,,,1240.0,1240.0,0.0,,,,1240.0,1240.0,,,,,,,,1240.0,,,,,,,,,,,,,,,,,,,,,0.0,0.0,,,,,90.08,90.08,0.0,,0.0,0.0,0.14,,,False,False,,,,,True,True,False,,False,,,,,,,,,,,,,,,,,,,,,,,,,,,,,,,,,,,,,,,,
012444903348_dsl,Gurgaon,108.0,NKOT0F01CE7E,NOKIA,B2C8CF9ECE29,Haryana,0.43,0.52,0.0,66.81,33.19,6.71,False,False,0.0,93.0,0.98,2.33,0.0,1.63,3.88,0.0,1.8,0.13,AAP321NK,iPhone,PHONE,Apple,iPhone,False,False,False,False,True,False,False,False,False,False,False,6480.0,5418.0,1062.0,2771878909.0,2771878909.0,41321124191.0,612.0,612.0,258.0,354.0,612.0,258.0,354.0,,,,,,,,,,,,,,,,,,,,,,,,,,,,,,,,,,,,,,,,,,,,,,,,,,,,,,,,,,,,,,,,,,,,,,,,,,,,,,,,,,,,,,,,,,,,,,,,,,,,,,,,,,,,612.0,258.0,354.0,5418.0,1062.0,6480.0,612.0,258.0,354.0,,,,,,,612.0,,,,,,,,,,,,,,,,,,,,,1.63,3.88,0.0,0.43,0.52,0.0,0.98,2.33,0.0,93.0,0.0,1.8,0.13,False,False,False,False,False,False,False,False,False,False,False,True,False,,,,,,,,,,,,,,,,,,,,,,,,,,,,,,,,,,,,,,,,
01244054723_dsl,Gurgaon,108.0,NKOT0F0226EE,NOKIA,7243CCCDA6CE,Haryana,0.0,0.0,0.0,0.0,100.0,31.73,False,False,0.0,1.0,0.0,0.0,0.0,0.0,,0.0,3.06,0.02,AOT4221NK,XstreamIPTV1-VT,,,,False,False,False,False,False,False,False,False,False,,False,30648.0,0.0,30648.0,16918419456.0,16918419456.0,53326569472.0,1277.0,1277.0,,1277.0,1277.0,0.0,1277.0,,,,,,,,,,,,,,,,,,,,,,,,,,,,,,,,,,,,,,,,,,,,,,,,,,,,,,,,,,,,,,,,,,,,,,,,,,,,,,,,,,,,,,,,,,,,,,,,,,,,,,,,,,,,1277.0,0.0,1277.0,0.0,30648.0,30648.0,1277.0,,1277.0,,,,,,,1277.0,,,,,,,,,,,,,,,,,,,,,0.0,,0.0,0.0,0.0,0.0,0.0,0.0,0.0,1.0,0.0,3.06,0.02,False,False,False,,False,False,False,False,False,False,False,False,False,,,,,,,,,,,,,,,,,,,,,,,,,,,,,,,,,,,,,,,,
012447862103_dsl,Gurgaon,108.0,ZYOTB0900020,NOKIA,8E41F778AE60,Haryana,0.0,0.0,0.0,0.01,99.99,0.03,,,0.0,,0.0,0.0,0.0,0.0,0.0,0.0,0.29,0.5,AOT5222ZY,,,,,False,False,False,False,,False,False,False,False,False,False,30912.0,0.0,30912.0,4038825984.0,4038825984.0,14406047228928.0,1289.0,1289.0,1.0,1288.0,1289.0,1.0,1288.0,,,,,,,,,,,,,,,,,,,,,,,,,,,,,,,,,,,,,,,,,,,,,,,,,,,,,,,,,,,,,,,,,,,,,,,,,,,,,,,,,,,,,,,,,,,,,,,,,,,,,,,,,,,,1289.0,1.0,1288.0,0.0,30912.0,30912.0,1289.0,1.0,1288.0,,,,,,,1289.0,,,,,,,,,,,,,,,,,,,,,0.0,0.0,0.0,0.0,0.0,0.0,0.0,0.0,0.0,,0.0,0.29,0.5,,,False,False,False,False,False,False,False,False,False,,False,,,,,,,,,,,,,,,,,,,,,,,,,,,,,,,,,,,,,,,,
012447862103_dsl,Gurgaon,108.0,ZYOTB0900020,NOKIA,14B5CD43D30F,Haryana,0.0,0.0,0.0,4.61,95.39,0.08,,,0.0,,0.0,0.0,0.0,0.0,0.0,0.0,0.79,0.04,AOT5222ZY,,,,,False,False,False,False,,False,False,False,False,False,False,22560.0,0.0,22560.0,11449966592.0,11449966592.0,14406047228928.0,1005.0,1005.0,65.0,940.0,1005.0,65.0,940.0,,,,,,,,,,,,,,,,,,,,,,,,,,,,,,,,,,,,,,,,,,,,,,,,,,,,,,,,,,,,,,,,,,,,,,,,,,,,,,,,,,,,,,,,,,,,,,,,,,,,,,,,,,,,1005.0,65.0,940.0,0.0,22560.0,22560.0,1005.0,65.0,940.0,,,,,,,1005.0,,,,,,,,,,,,,,,,,,,,,0.0,0.0,0.0,0.0,0.0,0.0,0.0,0.0,0.0,,0.0,0.79,0.04,,,False,False,False,False,False,False,False,False,False,,False,,,,,,,,,,,,,,,,,,,,,,,,,,,,,,,,,,,,,,,,
012444801137_dsl,Gurgaon,108.0,NKOTDF000165,NOKIA,9877D5A4F402,Haryana,,,,100.0,0.0,0.01,False,False,0.0,1.0,62.86,62.86,0.0,0.0,0.0,,0.0,0.0,AAP321NK,wiz_a4f402,,,,,,,False,False,True,True,False,False,False,,,,,2246656.0,2246656.0,34183815168.0,35.0,35.0,35.0,,35.0,35.0,0.0,,,,,,,,,,,,,,,,,,,,,,,,,,,,,,,,,,,,,,,,,,,,,,,,,,,,,,,,,,,,,,,,,,,,,,,,,,,,,,,,,,,,,,,,,,,,,,,,,,,,,,,,,,,,35.0,35.0,0.0,,,,35.0,35.0,,,,,,,,35.0,,,,,,,,,,,,,,,,,,,,,0.0,0.0,,,,,62.86,62.86,0.0,1.0,0.0,0.0,0.0,False,False,False,False,,,,,True,True,False,False,False,,,,,,,,,,,,,,,,,,,,,,,,,,,,,,,,,,,,,,,,
012445118300_dsl,Gurgaon,108.0,NKOT0F01D2BA,NOKIA,3CA6F6264B0F,Haryana,0.97,0.0,0.97,0.0,100.0,0.38,False,False,0.0,1.0,0.0,0.0,0.0,0.0,,0.0,0.01,0.0,AOT4221NK,,,,,False,False,False,False,False,False,False,False,False,,False,30192.0,0.0,30192.0,157569024.0,157569024.0,41102011392.0,1258.0,1258.0,,1258.0,1258.0,0.0,1258.0,,,,,,,,,,,,,,,,,,,,,,,,,,,,,,,,,,,,,,,,,,,,,,,,,,,,,,,,,,,,,,,,,,,,,,,,,,,,,,,,,,,,,,,,,,,,,,,,,,,,,,,,,,,,1258.0,0.0,1258.0,0.0,30192.0,30192.0,1258.0,,1258.0,,,,,,,1258.0,,,,,,,,,,,,,,,,,,,,,0.0,,0.0,0.97,0.0,0.97,0.0,0.0,0.0,1.0,0.0,0.01,0.0,False,False,False,,False,False,False,False,False,False,False,False,False,,,,,,,,,,,,,,,,,,,,,,,,,,,,,,,,,,,,,,,,
012445159575_dsl,Gurgaon,108.0,ZYOTFD000042,NOKIA,4A7D8DB627F1,Haryana,,,,100.0,0.0,0.0,,,0.0,,0.0,0.0,0.0,31.44,31.44,,0.0,0.0,AOT5221ZY,,,,,,,,False,,False,False,False,False,False,,,,,1092608.0,1092608.0,78208337920.0,1269.0,1269.0,1269.0,,1269.0,1269.0,0.0,,,,,,,,,,,,,,,,,,,,,,,,,,,,,,,,,,,,,,,,,,,,,,,,,,,,,,,,,,,,,,,,,,,,,,,,,,,,,,,,,,,,,,,,,,,,,,,,,,,,,,,,,,,,1269.0,1269.0,0.0,,,,1269.0,1269.0,,,,,,,,1269.0,,,,,,,,,,,,,,,,,,,,,31.44,31.44,,,,,0.0,0.0,0.0,,0.0,0.0,0.0,,,False,False,,,,,False,False,False,,False,,,,,,,,,,,,,,,,,,,,,,,,,,,,,,,,,,,,,,,,
012444801137_dsl,Gurgaon,108.0,NKOTDF000165,NOKIA,683943AD68BF,Haryana,0.0,0.0,0.0,0.0,100.0,27.19,False,True,0.0,4.0,0.0,0.0,0.0,0.0,,0.0,1.92,0.05,AAP321NK,Family-Room-TV,TV,Xiaomi,Mi TV -AXSO2,False,False,False,False,False,False,False,False,False,,False,6120.0,0.0,6120.0,9294460928.0,9294460928.0,34183815168.0,255.0,255.0,,255.0,255.0,0.0,255.0,,,,,,,,,,,,,,,,,,,,,,,,,,,,,,,,,,,,,,,,,,,,,,,,,,,,,,,,,,,,,,,,,,,,,,,,,,,,,,,,,,,,,,,,,,,,,,,,,,,,,,,,,,,,255.0,0.0,255.0,0.0,6120.0,6120.0,255.0,,255.0,,,,,,,255.0,,,,,,,,,,,,,,,,,,,,,0.0,,0.0,0.0,0.0,0.0,0.0,0.0,0.0,4.0,0.0,1.92,0.05,False,True,False,,False,False,False,False,False,False,False,False,False,,,,,,,,,,,,,,,,,,,,,,,,,,,,,,,,,,,,,,,,
012447957675_dsl,Gurgaon,108.0,ZYOT5E069474,NOKIA,F2CE1B18563F,Haryana,0.0,0.0,0.0,0.0,100.0,4.63,,,0.0,,0.0,0.0,0.0,0.0,,0.0,0.0,0.01,AOT5221ZY,,,,,False,False,False,False,,False,False,False,False,,False,30648.0,0.0,30648.0,142563328.0,142563328.0,3082269696.0,1277.0,1277.0,,1277.0,1277.0,0.0,1277.0,,,,,,,,,,,,,,,,,,,,,,,,,,,,,,,,,,,,,,,,,,,,,,,,,,,,,,,,,,,,,,,,,,,,,,,,,,,,,,,,,,,,,,,,,,,,,,,,,,,,,,,,,,,,1277.0,0.0,1277.0,0.0,30648.0,30648.0,1277.0,,1277.0,,,,,,,1277.0,,,,,,,,,,,,,,,,,,,,,0.0,,0.0,0.0,0.0,0.0,0.0,0.0,0.0,,0.0,0.0,0.01,,,False,,False,False,False,False,False,False,False,,False,,,,,,,,,,,,,,,,,,,,,,,,,,,,,,,,,,,,,,,,
01246232448_dsl,Gurgaon,108.0,NKOT2F045EF1,NOKIA,F621EE1DD5B7,Haryana,,,,0.0,100.0,34.34,,,0.0,4.0,0.0,0.0,0.0,0.0,,0.0,0.0,0.0,AAP321NK,,,,,,,,False,False,False,False,False,False,,False,,,,69632.0,69632.0,202752.0,1.0,1.0,,1.0,1.0,0.0,1.0,,,,,,,,,,,,,,,,,,,,,,,,,,,,,,,,,,,,,,,,,,,,,,,,,,,,,,,,,,,,,,,,,,,,,,,,,,,,,,,,,,,,,,,,,,,,,,,,,,,,,,,,,,,,1.0,0.0,1.0,,,,1.0,,1.0,,,,,,,1.0,,,,,,,,,,,,,,,,,,,,,0.0,,0.0,,,,0.0,0.0,0.0,4.0,0.0,0.0,0.0,,,False,,False,,,,False,False,False,False,False,,,,,,,,,,,,,,,,,,,,,,,,,,,,,,,,,,,,,,,,
012436398608_dsl,Gurgaon,108.0,NKOTDF0001E7,NOKIA,62D8084F50B0,Haryana,0.0,0.0,0.0,3.26,96.74,13.3,True,True,0.0,7.0,25.51,100.0,8.38,0.14,0.78,0.0,1.33,0.97,AAP321NK,OnePlus-Nord-CE4-Lite-5G,,,,False,False,False,False,True,False,True,False,False,False,False,13464.0,0.0,13464.0,10809039872.0,10809039872.0,81278974976.0,690.0,690.0,129.0,561.0,690.0,129.0,561.0,,,,,,,,,,,,,,,,,,,,,,,,,,,,,,,,,,,,,,,,,,,,,,,,,,,,,,,,,,,,,,,,,,,,,,,,,,,,,,,,,,,,,,,,,,,,,,,,,,,,,,,,,,,,690.0,129.0,561.0,0.0,13464.0,13464.0,690.0,129.0,561.0,,,,,,,690.0,,,,,,,,,,,,,,,,,,,,,0.14,0.78,0.0,0.0,0.0,0.0,25.51,100.0,8.38,7.0,0.0,1.33,0.97,True,True,False,False,False,False,False,False,False,True,False,True,False,,,,,,,,,,,,,,,,,,,,,,,,,,,,,,,,,,,,,,,,
012444903348_dsl,Gurgaon,108.0,NKOT0F01CE7E,NOKIA,DC4BA104E8A6,Haryana,0.0,0.0,0.0,0.0,100.0,0.1,,,0.0,1.0,95.84,0.0,95.84,0.0,,0.0,0.02,0.0,AAP321NK,Unknown_dc:4b:a1:04:e8:a6,,,,False,False,False,False,False,True,False,True,False,,False,3609.0,0.0,3609.0,42724352.0,42724352.0,41321124191.0,1203.0,1203.0,,1203.0,1203.0,0.0,1203.0,,,,,,,,,,,,,,,,,,,,,,,,,,,,,,,,,,,,,,,,,,,,,,,,,,,,,,,,,,,,,,,,,,,,,,,,,,,,,,,,,,,,,,,,,,,,,,,,,,,,,,,,,,,,1203.0,0.0,1203.0,0.0,3609.0,3609.0,1203.0,,1203.0,,,,,,,1203.0,,,,,,,,,,,,,,,,,,,,,0.0,,0.0,0.0,0.0,0.0,95.84,0.0,95.84,1.0,0.0,0.02,0.0,,,False,,False,False,False,False,True,False,True,False,False,,,,,,,,,,,,,,,,,,,,,,,,,,,,,,,,,,,,,,,,
012421019184_wifi,Gurgaon,108.0,ZYOTB0900058,NOKIA,564A8BEA6BC2,Haryana,84.98,0.0,84.98,73.61,26.39,59.39,False,False,0.0,59.0,2.76,2.74,2.82,33.66,22.3,80.28,16.33,1.6,AOT5222ZY,iPhone,,,,True,False,True,False,True,False,False,False,False,False,True,1678.0,0.0,1678.0,20002941952.0,20002941952.0,33678201856.0,725.0,725.0,583.0,142.0,725.0,583.0,142.0,,,,,,,,,,,,,,,,,,,,,,,,,,,,,,,,,,,,,,,,,,,,,,,,,,,,,,,,,,,,,,,,,,,,,,,,,,,,,,,,,,,,,,,,,,,,,,,,,,,,,,,,,,,,725.0,583.0,142.0,0.0,1678.0,1678.0,725.0,583.0,142.0,,,,,,,725.0,,,,,,,,,,,,,,,,,,,,,33.66,22.3,80.28,84.98,0.0,84.98,2.76,2.74,2.82,59.0,0.0,16.33,1.6,False,False,False,False,True,True,False,True,False,False,False,True,False,,,,,,,,,,,,,,,,,,,,,,,,,,,,,,,,,,,,,,,,
012444903348_dsl,Gurgaon,108.0,NKOT0F01CE7E,NOKIA,48EA62570373,Haryana,0.0,0.0,0.0,100.0,0.0,0.0,,,0.0,1.0,100.0,100.0,0.0,0.0,0.0,,0.01,0.02,AAP321NK,HP570373,PRINTER_SCANNER,HP,Smart Tank 580-590 Series,False,False,False,False,False,True,True,False,False,False,,21.0,21.0,0.0,368877.0,368877.0,41321124191.0,1.0,1.0,1.0,,1.0,1.0,0.0,,,,,,,,,,,,,,,,,,,,,,,,,,,,,,,,,,,,,,,,,,,,,,,,,,,,,,,,,,,,,,,,,,,,,,,,,,,,,,,,,,,,,,,,,,,,,,,,,,,,,,,,,,,,1.0,1.0,0.0,21.0,0.0,21.0,1.0,1.0,,,,,,,,1.0,,,,,,,,,,,,,,,,,,,,,0.0,0.0,,0.0,0.0,0.0,100.0,100.0,0.0,1.0,0.0,0.01,0.02,,,False,False,,False,False,False,True,True,False,False,False,,,,,,,,,,,,,,,,,,,,,,,,,,,,,,,,,,,,,,,,
012445118300_dsl,Gurgaon,108.0,NKOT0F01D2BA,NOKIA,2E57ED585A9A,Haryana,0.56,0.0,0.56,0.0,100.0,6.8,False,False,0.0,40.0,0.0,0.0,0.0,0.0,,0.0,2.01,0.09,AOT4221NK,iPhone,,,,False,False,False,False,True,False,False,False,False,,False,3240.0,0.0,3240.0,2794696704.0,2794696704.0,41102011392.0,135.0,135.0,,135.0,135.0,0.0,135.0,,,,,,,,,,,,,,,,,,,,,,,,,,,,,,,,,,,,,,,,,,,,,,,,,,,,,,,,,,,,,,,,,,,,,,,,,,,,,,,,,,,,,,,,,,,,,,,,,,,,,,,,,,,,135.0,0.0,135.0,0.0,3240.0,3240.0,135.0,,135.0,,,,,,,135.0,,,,,,,,,,,,,,,,,,,,,0.0,,0.0,0.56,0.0,0.56,0.0,0.0,0.0,40.0,0.0,2.01,0.09,False,False,False,,False,False,False,False,False,False,False,True,False,,,,,,,,,,,,,,,,,,,,,,,,,,,,,,,,,,,,,,,,
012444903348_dsl,Gurgaon,108.0,NKOT0F01CE7E,NOKIA,F8FE5EBD1479,Haryana,0.0,0.0,0.0,0.0,100.0,4.12,True,False,0.0,7.0,23.97,0.0,23.97,0.0,,0.0,8.97,1.03,AAP321NK,LTB0208540-3,,,,False,False,False,False,True,False,False,False,False,,False,1740.0,0.0,1740.0,1701682990.0,1701682990.0,41321124191.0,580.0,580.0,,580.0,580.0,0.0,580.0,,,,,,,,,,,,,,,,,,,,,,,,,,,,,,,,,,,,,,,,,,,,,,,,,,,,,,,,,,,,,,,,,,,,,,,,,,,,,,,,,,,,,,,,,,,,,,,,,,,,,,,,,,,,580.0,0.0,580.0,0.0,1740.0,1740.0,580.0,,580.0,,,,,,,580.0,,,,,,,,,,,,,,,,,,,,,0.0,,0.0,0.0,0.0,0.0,23.97,0.0,23.97,7.0,0.0,8.97,1.03,True,False,False,,False,False,False,False,False,False,False,True,False,,,,,,,,,,,,,,,,,,,,,,,,,,,,,,,,,,,,,,,,
012447862103_dsl,Gurgaon,108.0,ZYOTB0900020,NOKIA,F414BF87A484,Haryana,0.0,0.0,0.0,100.0,0.0,94.9,,,0.0,,0.0,0.0,0.0,0.0,0.0,0.0,1934.77,80.36,AOT5222ZY,,,,,False,False,False,False,,False,False,False,False,False,False,48.0,0.0,48.0,13671087911936.0,13671087911936.0,14406047228928.0,475.0,475.0,473.0,2.0,475.0,473.0,2.0,,,,,,,,,,,,,,,,,,,,,,,,,,,,,,,,,,,,,,,,,,,,,,,,,,,,,,,,,,,,,,,,,,,,,,,,,,,,,,,,,,,,,,,,,,,,,,,,,,,,,,,,,,,,475.0,473.0,2.0,0.0,48.0,48.0,475.0,473.0,2.0,,,,,,,475.0,,,,,,,,,,,,,,,,,,,,,0.0,0.0,0.0,0.0,0.0,0.0,0.0,0.0,0.0,,0.0,1934.77,80.36,,,False,False,False,False,False,False,False,False,False,,False,,,,,,,,,,,,,,,,,,,,,,,,,,,,,,,,,,,,,,,,
01246472327_dsl,Gurgaon,108.0,NKOTA0000592,NOKIA,,Haryana,,,,,,,,,,,,,,,,,,,AOT4221NK,,,,,,,,,,,,,,,,,,,,,,,,,,,,,01246472327_dsl,108.0,NKOTA0000592,NOKIA,0C36234FB190,AOT4221NK,3.0,0.0,3.0,0.04,,0.04,0.0,0.42,0.42,4.22,3.7,0.04,0.0,0.04,3.38,9.8,0.04,61.0,0.0,0.0,0.0,0.0,0.0,0.0,0.0,0.0,0.0,0.0,0.0,0.0,0.0,0.0,0.0,0.0,,,,0.0,0.0,100.0,30405626880.0,2.63,1.0,38.0,0.0,0.0,13.0,4.0,1.0,25.0,0.0,0.0,0.0,0.0,0.0,0.0,False,,False,False,False,False,False,False,False,False,False,False,False,False,True,False,False,False,False,False,False,False,False,False,False,,,,,False,False,False,False,False,False,False,False,False,False,92.93,1.09,False,0.0,False,True,2355.0,0.0,2355.0,0.0,56520.0,56520.0,2355.0,,2355.0,3494.0,1194.0,2300.0,179.0,91.0,88.0,2355.0,182.0,91.0,91.0,182.0,91.0,91.0,,,30405626880.0,38.0,13.0,25.0,184.0,92.0,92.0,38.0,13.0,25.0,0C36234FB190,3.0,0.04,,0.04,0.42,0.0,0.42,0.04,0.0,0.04,61.0,0.0,4.22,3.7,0.0,0.0,False,,False,False,False,False,False,False,False,True,False,3.38,9.8,0.04,0.0,0.0,0.0,0.0,0.0,,,,100.0,30405626880.0,2.63,1.0,38.0,0.0,0.0,13.0,4.0,1.0,25.0,92.93,False,False,False,False,False,False,False,False,,,,,False,False,False,False,True
012447957675_dsl,Gurgaon,108.0,ZYOT5E069474,NOKIA,,Haryana,,,,,,,,,,,,,,,,,,,AOT5221ZY,,,,,,,,,,,,,,,,,,,,,,,,,,,,,012447957675_dsl,108.0,ZYOT5E069474,NOKIA,6C4F8905E11B,AOT5221ZY,6.0,0.0,6.0,0.25,,0.25,0.0,0.21,0.21,1.35,0.1,0.0,0.0,0.0,91.33,90.48,92.01,,0.0,0.0,0.0,0.0,0.0,0.0,0.0,0.0,0.0,0.0,0.0,0.0,0.0,0.0,0.0,0.0,,,,,,100.0,3082269696.0,4.17,1.0,24.0,9.09,1.0,11.0,0.0,0.0,13.0,0.0,0.0,0.0,0.0,0.0,0.0,False,,False,False,False,False,False,True,False,False,False,True,True,True,,False,False,False,False,False,False,False,False,False,False,,,,,,,False,False,False,False,False,False,False,False,72.1,54.14,False,0.0,False,True,3170.0,0.0,3170.0,0.0,76080.0,76080.0,3170.0,,3170.0,4071.0,1807.0,2264.0,454.0,181.0,273.0,3170.0,454.0,181.0,273.0,454.0,181.0,273.0,,,3082269696.0,24.0,11.0,13.0,362.0,181.0,181.0,24.0,11.0,13.0,6C4F8905E11B,6.0,0.25,,0.25,0.21,0.0,0.21,0.0,0.0,0.0,,0.0,1.35,0.1,,,False,,False,False,False,False,False,False,False,,False,91.33,90.48,92.01,0.0,0.0,0.0,0.0,0.0,,,,100.0,3082269696.0,4.17,1.0,24.0,9.09,1.0,11.0,0.0,0.0,13.0,72.1,False,True,True,True,True,False,False,False,,,,,,,False,False,True
01244081160_dsl,Gurgaon,108.0,NKOT0F01CE6F,NOKIA,,Haryana,,,,,,,,,,,,,,,,,,,AOT4221NK,,,,,,,,,,,,,,,,,,,,,,,,,,,,,01244081160_dsl,108.0,NKOT0F01CE6F,NOKIA,2CC1F432FE41,AOT4221NK,7.0,2.0,6.0,0.0,0.0,0.0,0.0,0.0,0.0,3.77,1.13,0.02,0.1,0.0,4.29,12.45,0.05,75.0,0.0,0.0,0.0,0.0,0.0,0.0,0.0,0.0,0.0,0.0,0.0,0.0,0.0,0.0,0.0,0.0,,,,0.0,0.0,98.78,13365293056.0,2.63,1.0,38.0,7.69,1.0,13.0,0.0,0.0,25.0,0.0,0.0,0.0,0.0,0.0,0.0,False,False,False,False,False,False,False,False,False,False,False,False,False,False,True,False,False,False,False,False,False,False,False,False,False,,,,,False,False,False,False,False,False,False,False,False,False,75.0,0.0,False,0.0,False,True,4427.0,981.0,3446.0,0.0,82704.0,82704.0,4427.0,981.0,3446.0,3031.0,1036.0,1995.0,160.0,80.0,80.0,4427.0,160.0,80.0,80.0,160.0,80.0,80.0,,,13365293056.0,38.0,13.0,25.0,160.0,80.0,80.0,38.0,13.0,25.0,2CC1F432FE41,7.0,0.0,0.0,0.0,0.0,0.0,0.0,0.02,0.1,0.0,75.0,0.0,3.77,1.13,0.0,0.0,False,False,False,False,False,False,False,False,False,True,False,4.29,12.45,0.05,0.0,0.0,0.0,0.0,0.0,,,,98.78,13365293056.0,2.63,1.0,38.0,7.69,1.0,13.0,0.0,0.0,25.0,75.0,False,False,False,False,False,False,False,False,,,,,False,False,False,False,True
01244054723_dsl,Gurgaon,108.0,NKOT0F0226EE,NOKIA,,Haryana,,,,,,,,,,,,,,,,,,,AAP321NK,,,,,,,,,,,,,,,,,,,,,,,,,,,,,01244054723_dsl,108.0,NKOT0F0226EE,NOKIA,2CC1F46D39D1,AAP321NK,10.0,6.0,8.0,4.63,13.99,0.0,0.0,0.0,0.0,4.47,0.72,35.63,91.65,7.93,1.67,3.94,0.49,132.0,0.0,0.0,0.0,0.0,0.0,0.0,0.0,0.0,0.0,0.0,0.0,0.0,0.0,0.0,0.0,0.0,,,,1.0,0.0,97.11,53326569472.0,0.0,0.0,38.0,0.0,0.0,13.0,0.0,0.0,25.0,0.0,0.0,0.0,0.0,0.0,0.0,False,False,False,False,False,False,False,True,False,True,False,False,False,False,True,False,False,False,False,False,False,False,False,False,False,,,,,False,False,False,False,False,False,False,False,False,False,57.22,7.78,False,0.0,False,True,6804.0,2251.0,4553.0,0.0,109272.0,14256.0,6804.0,2251.0,4553.0,6835.0,2336.0,4499.0,524.0,176.0,348.0,6804.0,518.0,176.0,342.0,524.0,176.0,348.0,,,53326569472.0,38.0,13.0,25.0,360.0,180.0,180.0,38.0,13.0,25.0,2CC1F46D39D1,10.0,4.63,13.99,0.0,0.0,0.0,0.0,35.63,91.65,7.93,132.0,0.0,4.47,0.72,1.0,0.0,False,False,False,False,False,False,False,True,False,True,False,1.67,3.94,0.49,0.0,0.0,0.0,0.0,0.0,,,,97.11,53326569472.0,0.0,0.0,38.0,0.0,0.0,13.0,0.0,0.0,25.0,57.22,False,True,False,False,False,False,False,False,,,,,False,False,False,False,True
012444903348_dsl,Gurgaon,108.0,NKOT0F01CE7E,NOKIA,,Haryana,,,,,,,,,,,,,,,,,,,AAP321NK,,,,,,,,,,,,,,,,,,,,,,,,,,,,,012444903348_dsl,108.0,NKOT0F01CE7E,NOKIA,BC515FA88F33,AAP321NK,15.0,7.0,12.0,3.49,22.78,0.03,5.14,0.0,0.0,8.97,1.03,21.15,61.57,13.91,1.09,3.17,0.01,330.0,0.0,0.0,0.0,0.0,0.0,0.0,0.0,0.0,0.0,0.0,0.0,0.0,0.0,0.0,0.0,0.0,,4.0,0.0,1.0,1.0,68.32,41321124191.0,0.0,0.0,38.0,0.0,0.0,13.0,0.0,0.0,25.0,0.0,0.0,0.0,0.0,0.0,0.0,False,False,False,False,False,False,False,False,False,True,False,False,False,False,True,False,False,False,False,False,False,False,False,False,False,,,True,False,False,False,False,False,False,False,False,False,False,False,64.15,0.37,False,0.0,False,True,11271.0,1712.0,9559.0,35952.0,28677.0,13524.0,11271.0,1712.0,9559.0,10322.0,3530.0,6792.0,886.0,267.0,619.0,11271.0,862.0,262.0,600.0,878.0,263.0,615.0,,,41321124191.0,38.0,13.0,25.0,544.0,272.0,272.0,38.0,13.0,25.0,BC515FA88F33,15.0,3.49,22.78,0.03,0.0,5.14,0.0,21.15,61.57,13.91,330.0,0.0,8.97,1.03,1.0,1.0,False,False,False,False,False,False,False,True,False,True,False,1.09,3.17,0.01,0.0,0.0,0.0,0.0,0.0,,4.0,0.0,68.32,41321124191.0,0.0,0.0,38.0,0.0,0.0,13.0,0.0,0.0,25.0,64.15,False,False,False,False,False,False,False,False,,,True,False,False,False,False,False,True
012444801137_dsl,Gurgaon,108.0,NKOTDF000165,NOKIA,,Haryana,,,,,,,,,,,,,,,,,,,AAP321NK,,,,,,,,,,,,,,,,,,,,,,,,,,,,,012444801137_dsl,108.0,NKOTDF000165,NOKIA,503D7FDFEC00,AAP321NK,16.0,10.0,6.0,0.0,0.0,0.0,0.0,0.0,0.0,1.92,0.35,40.9,56.0,29.42,1.54,4.1,0.23,57.0,0.0,0.0,0.0,0.0,0.0,0.0,0.0,0.0,0.0,0.0,0.0,0.0,0.0,0.0,0.0,0.0,,3.0,0.0,0.0,0.0,99.42,34183815168.0,2.63,1.0,38.0,7.69,1.0,13.0,0.0,0.0,25.0,0.0,0.0,0.0,0.0,0.0,0.0,False,False,False,False,False,False,False,True,False,False,False,False,False,False,True,False,False,False,False,False,False,False,False,False,False,,,True,False,False,False,False,False,False,False,False,False,False,False,53.54,36.57,False,0.0,False,True,9646.0,4166.0,5480.0,0.0,131520.0,23592.0,9646.0,4166.0,5480.0,10103.0,3442.0,6661.0,882.0,265.0,617.0,9646.0,878.0,265.0,613.0,884.0,265.0,619.0,,,34183815168.0,38.0,13.0,25.0,536.0,268.0,268.0,38.0,13.0,25.0,503D7FDFEC00,16.0,0.0,0.0,0.0,0.0,0.0,0.0,40.9,56.0,29.42,57.0,0.0,1.92,0.35,0.0,0.0,False,False,False,False,False,False,False,False,False,True,False,1.54,4.1,0.23,0.0,0.0,0.0,0.0,0.0,,3.0,0.0,99.42,34183815168.0,2.63,1.0,38.0,7.69,1.0,13.0,0.0,0.0,25.0,53.54,False,True,False,False,False,False,False,False,,,True,False,False,False,False,False,True
01244203817_dsl,Gurgaon,108.0,ZYOT2E000479,NOKIA,,Haryana,,,,,,,,,,,,,,,,,,,AAP321NK,,,,,,,,,,,,,,,,,,,,,,,,,,,,,01244203817_dsl,108.0,ZYOT2E000479,NOKIA,5807F84FAB41,AAP321NK,2.0,2.0,1.0,5.26,66.67,0.0,0.0,0.0,0.0,1.35,0.07,5.26,66.67,0.0,0.0,0.0,0.0,437.0,0.0,0.0,0.0,0.0,0.0,0.0,0.0,0.0,0.0,0.0,0.0,0.0,0.0,0.0,0.0,0.0,,,,0.0,0.0,99.61,1767193600.0,0.0,0.0,38.0,0.0,0.0,13.0,0.0,0.0,25.0,0.0,0.0,0.0,0.0,0.0,0.0,False,True,False,False,False,False,False,True,False,True,False,False,False,False,True,False,False,False,False,False,False,False,False,False,False,,,,,False,False,False,False,False,False,False,False,False,False,49.43,0.0,False,0.0,False,False,38.0,3.0,35.0,0.0,840.0,840.0,38.0,3.0,35.0,3257.0,1099.0,2158.0,348.0,87.0,261.0,38.0,348.0,87.0,261.0,347.0,87.0,260.0,,,1767193600.0,38.0,13.0,25.0,174.0,87.0,87.0,38.0,13.0,25.0,5807F84FAB41,2.0,5.26,66.67,0.0,0.0,0.0,0.0,5.26,66.67,0.0,437.0,0.0,1.35,0.07,0.0,0.0,False,True,False,False,False,False,False,True,False,True,False,0.0,0.0,0.0,0.0,0.0,0.0,0.0,0.0,,,,99.61,1767193600.0,0.0,0.0,38.0,0.0,0.0,13.0,0.0,0.0,25.0,49.43,False,True,False,False,False,False,False,False,,,,,False,False,False,False,False
01246232448_dsl,Gurgaon,108.0,NKOT2F045EF1,NOKIA,,Haryana,,,,,,,,,,,,,,,,,,,AAP321NK,,,,,,,,,,,,,,,,,,,,,,,,,,,,,01246232448_dsl,108.0,NKOT2F045EF1,NOKIA,,AAP321NK,4.0,0.0,4.0,0.0,,0.0,,,,0.01,0.0,25.0,0.0,25.0,2.5,7.14,0.0,76.0,0.0,0.0,0.0,0.0,0.0,0.0,0.0,0.0,0.0,0.0,0.0,0.0,0.0,0.0,0.0,0.0,,1.0,0.0,,,100.0,202752.0,31.58,12.0,38.0,92.31,12.0,13.0,0.0,0.0,25.0,0.0,0.0,0.0,0.0,0.0,0.0,False,,False,,,,True,True,False,False,False,False,False,False,True,False,False,False,False,False,False,False,False,False,False,,,True,False,,,False,False,True,True,False,False,False,False,75.0,50.0,False,0.0,False,True,4.0,0.0,4.0,,,,4.0,,4.0,40.0,14.0,26.0,8.0,2.0,6.0,4.0,8.0,2.0,6.0,8.0,2.0,6.0,,,202752.0,38.0,13.0,25.0,4.0,2.0,2.0,38.0,13.0,25.0,,4.0,0.0,,0.0,,,,25.0,0.0,25.0,76.0,0.0,0.01,0.0,,,False,,False,,,,False,False,False,True,False,2.5,7.14,0.0,0.0,0.0,0.0,0.0,0.0,,1.0,0.0,100.0,202752.0,31.58,12.0,38.0,92.31,12.0,13.0,0.0,0.0,25.0,75.0,True,True,False,False,False,False,False,False,,,True,False,,,False,False,True
012436398608_dsl,Gurgaon,108.0,NKOTDF0001E7,NOKIA,,Haryana,,,,,,,,,,,,,,,,,,,AOT4221NK,,,,,,,,,,,,,,,,,,,,,,,,,,,,,012436398608_dsl,108.0,NKOTDF0001E7,NOKIA,503D7FDFF420,AOT4221NK,11.0,8.0,9.0,0.45,0.76,0.35,0.0,0.18,0.0,3.97,0.97,11.19,31.62,4.88,1.25,3.68,0.0,80.0,0.0,0.0,0.0,0.0,0.0,0.0,0.0,0.0,0.0,0.0,0.0,0.0,0.0,0.0,0.0,0.0,,,,5.0,0.0,65.73,81278974976.0,0.0,0.0,38.0,0.0,0.0,13.0,0.0,0.0,25.0,0.0,0.0,0.0,0.0,0.0,0.0,False,False,False,False,False,False,False,True,False,False,False,False,False,False,True,False,False,False,False,False,False,False,False,False,False,,,,,False,False,False,False,False,False,False,False,False,False,52.2,4.4,False,0.0,False,True,6673.0,1575.0,5098.0,0.0,122352.0,88752.0,6673.0,1575.0,5098.0,6878.0,2334.0,4544.0,540.0,180.0,360.0,6673.0,533.0,176.0,357.0,539.0,180.0,359.0,,,81278974976.0,38.0,13.0,25.0,364.0,182.0,182.0,38.0,13.0,25.0,503D7FDFF420,11.0,0.45,0.76,0.35,0.0,0.0,0.18,11.19,31.62,4.88,80.0,0.0,3.97,0.97,5.0,0.0,False,False,False,False,False,False,False,False,False,True,False,1.25,3.68,0.0,0.0,0.0,0.0,0.0,0.0,,,,65.73,81278974976.0,0.0,0.0,38.0,0.0,0.0,13.0,0.0,0.0,25.0,52.2,False,True,False,False,False,False,False,False,,,,,False,False,False,False,True
012445159575_dsl,Gurgaon,108.0,ZYOTFD000042,NOKIA,,Haryana,,,,,,,,,,,,,,,,,,,AOT5221ZY,,,,,,,,,,,,,,,,,,,,,,,,,,,,,012445159575_dsl,108.0,ZYOTFD000042,NOKIA,F80DA96AE5C8,AOT5221ZY,8.0,1.0,7.0,72.82,31.44,86.58,0.0,86.58,86.58,8.05,0.3,9.52,0.0,12.68,87.62,91.11,84.42,,0.0,0.0,0.0,0.0,0.0,0.0,0.0,0.0,0.0,0.0,0.0,0.0,0.0,0.0,0.0,0.0,,,,,,100.0,78208337920.0,0.0,0.0,23.0,0.0,0.0,11.0,0.0,0.0,12.0,0.0,0.0,0.0,0.0,0.0,0.0,True,False,True,False,True,True,False,True,False,False,False,True,True,True,,False,False,False,False,False,False,False,False,False,False,,,,,,,False,False,False,False,False,False,False,False,73.38,2.17,False,0.0,False,True,5085.0,1269.0,3816.0,0.0,91584.0,91584.0,5085.0,1269.0,3816.0,2116.0,1012.0,1104.0,182.0,91.0,91.0,5085.0,175.0,91.0,84.0,182.0,91.0,91.0,,,78208337920.0,23.0,11.0,12.0,139.0,92.0,47.0,23.0,11.0,12.0,F80DA96AE5C8,8.0,72.82,31.44,86.58,86.58,0.0,86.58,9.52,0.0,12.68,,0.0,8.05,0.3,,,True,False,True,True,False,True,False,False,False,,False,87.62,91.11,84.42,0.0,0.0,0.0,0.0,0.0,,,,100.0,78208337920.0,0.0,0.0,23.0,0.0,0.0,11.0,0.0,0.0,12.0,73.38,False,True,True,True,True,False,False,False,,,,,,,False,False,True
012445118300_dsl,Gurgaon,108.0,NKOT0F01D2BA,NOKIA,,Haryana,,,,,,,,,,,,,,,,,,,AOT4221NK,,,,,,,,,,,,,,,,,,,,,,,,,,,,,012445118300_dsl,108.0,NKOT0F01D2BA,NOKIA,2CC1F43342F1,AOT4221NK,11.0,2.0,9.0,0.11,0.0,0.12,0.0,0.61,0.61,7.64,1.66,4.79,75.24,0.5,8.2,21.97,1.07,124.0,0.0,0.0,0.0,0.0,0.0,0.0,0.0,0.0,0.0,0.0,0.0,0.0,0.0,0.0,0.0,0.0,,,,1.0,0.0,47.69,41102011392.0,7.89,3.0,38.0,23.08,3.0,13.0,0.0,0.0,25.0,0.0,0.0,0.0,0.0,0.0,0.0,False,False,False,False,False,False,False,False,False,True,False,False,False,False,True,False,False,False,False,False,False,False,False,False,False,,,,,False,False,True,False,False,False,False,False,False,False,76.11,78.89,True,0.0,False,True,7251.0,416.0,6835.0,0.0,164040.0,164040.0,7251.0,416.0,6835.0,3413.0,1165.0,2248.0,178.0,89.0,89.0,7251.0,178.0,89.0,89.0,178.0,89.0,89.0,,,41102011392.0,38.0,13.0,25.0,180.0,90.0,90.0,38.0,13.0,25.0,2CC1F43342F1,11.0,0.11,0.0,0.12,0.61,0.0,0.61,4.79,75.24,0.5,124.0,0.0,7.64,1.66,1.0,0.0,False,False,False,False,False,False,False,True,False,True,False,8.2,21.97,1.07,0.0,0.0,0.0,0.0,0.0,,,,47.69,41102011392.0,7.89,3.0,38.0,23.08,3.0,13.0,0.0,0.0,25.0,76.11,False,False,False,False,False,False,False,False,,,,,False,False,False,False,True
012447862103_dsl,Gurgaon,108.0,ZYOTB0900020,NOKIA,,Haryana,,,,,,,,,,,,,,,,,,,AOT5222ZY,,,,,,,,,,,,,,,,,,,,,,,,,,,,,012447862103_dsl,108.0,ZYOTB0900020,NOKIA,C02E5FAD7669,AOT5222ZY,10.0,8.0,10.0,2.98,0.24,3.9,0.0,3.9,3.9,1934.77,80.36,3.16,12.14,0.18,78.13,91.15,66.67,,0.0,0.0,0.0,0.0,0.0,0.0,0.0,0.0,0.0,0.0,0.0,0.0,0.0,0.0,0.0,0.0,,,,,,4.83,14406047228928.0,0.0,0.0,23.0,0.0,0.0,11.0,0.0,0.0,12.0,0.0,0.0,0.0,0.0,0.0,0.0,False,False,False,False,False,False,False,False,False,False,False,True,True,True,,False,False,False,False,False,False,False,False,False,False,,,,,,,True,False,False,False,False,False,False,False,44.02,0.0,False,0.0,False,False,6736.0,1680.0,5056.0,0.0,121344.0,121344.0,6736.0,1680.0,5056.0,2076.0,972.0,1104.0,180.0,90.0,90.0,6736.0,131.0,67.0,64.0,180.0,90.0,90.0,,,14406047228928.0,23.0,11.0,12.0,184.0,92.0,92.0,23.0,11.0,12.0,C02E5FAD7669,10.0,2.98,0.24,3.9,3.9,0.0,3.9,3.16,12.14,0.18,,0.0,1934.77,80.36,,,False,False,False,False,False,False,False,False,False,,False,78.13,91.15,66.67,0.0,0.0,0.0,0.0,0.0,,,,4.83,14406047228928.0,0.0,0.0,23.0,0.0,0.0,11.0,0.0,0.0,12.0,44.02,False,False,True,True,True,False,False,False,,,,,,,False,False,False
012421019184_wifi,Gurgaon,108.0,ZYOTB0900058,NOKIA,,Haryana,,,,,,,,,,,,,,,,,,,AOT5222ZY,,,,,,,,,,,,,,,,,,,,,,,,,,,,,012421019184_wifi,108.0,ZYOTB0900058,NOKIA,C02E5FAD7799,AOT5222ZY,2.0,2.0,2.0,35.57,22.65,91.57,0.0,93.71,93.71,16.33,1.6,1.13,1.11,1.2,94.33,92.02,96.44,61.0,0.0,0.0,0.0,0.0,0.0,0.0,0.0,0.0,0.0,0.0,0.0,0.0,0.0,0.0,0.0,0.0,,,,1.0,0.0,34.59,33678201856.0,0.0,0.0,23.0,0.0,0.0,11.0,0.0,0.0,12.0,0.0,0.0,0.0,0.0,0.0,0.0,False,False,True,False,True,True,False,False,False,False,False,True,True,True,True,False,False,False,False,False,False,False,False,False,False,,,,,False,False,True,False,False,False,False,False,False,False,60.65,3.66,False,0.0,False,True,1771.0,1439.0,332.0,0.0,4008.0,4008.0,1771.0,1439.0,332.0,1886.0,902.0,984.0,160.0,80.0,80.0,1771.0,141.0,70.0,71.0,160.0,80.0,80.0,,,33678201856.0,23.0,11.0,12.0,155.0,82.0,73.0,23.0,11.0,12.0,C02E5FAD7799,2.0,35.57,22.65,91.57,93.71,0.0,93.71,1.13,1.11,1.2,61.0,0.0,16.33,1.6,1.0,0.0,False,False,True,True,False,True,False,False,False,True,False,94.33,92.02,96.44,0.0,0.0,0.0,0.0,0.0,,,,34.59,33678201856.0,0.0,0.0,23.0,0.0,0.0,11.0,0.0,0.0,12.0,60.65,False,False,True,True,True,False,False,False,,,,,False,False,False,False,True
080101842220_kk,Bangalore,105.0,ZYOTEF108503,NOKIA,1A22052D73A0,Karnataka,23.27,0.0,23.27,86.55,13.45,23.06,,,0.0,,93.72,100.0,93.3,36.8,0.0,39.26,8.48,0.26,MTK 0000,,,,,False,False,False,False,,True,True,True,False,False,False,10392.0,0.0,10392.0,9049704448.0,9049704448.0,39246894080.0,462.0,462.0,29.0,433.0,462.0,29.0,433.0,,,,,,,,,,,,,,,,,,,,,,,,,,,,,,,,,,,,,,,,,,,,,,,,,,,,,,,,,,,,,,,,,,,,,,,,,,,,,,,,,,,,,,,,,,,,,,,,,,,,,,,,,,,,462.0,29.0,433.0,0.0,10392.0,10392.0,462.0,29.0,433.0,,,,,,,462.0,,,,,,,,,,,,,,,,,,,,,36.8,0.0,39.26,23.27,0.0,23.27,93.72,100.0,93.3,,0.0,8.48,0.26,,,False,False,False,False,False,False,True,True,True,,False,,,,,,,,,,,,,,,,,,,,,,,,,,,,,,,,,,,,,,,,
080101842220_kk,Bangalore,105.0,ZYOTEF108503,NOKIA,56B9786E39E1,Karnataka,18.94,0.0,18.94,84.02,15.98,1.76,,,0.0,,91.78,95.78,80.3,8.61,0.0,33.33,9.99,2.74,MTK 0000,,,,,False,False,False,False,,True,True,True,False,False,False,6336.0,0.0,6336.0,691780608.0,691780608.0,39246894080.0,1022.0,1022.0,758.0,264.0,1022.0,758.0,264.0,,,,,,,,,,,,,,,,,,,,,,,,,,,,,,,,,,,,,,,,,,,,,,,,,,,,,,,,,,,,,,,,,,,,,,,,,,,,,,,,,,,,,,,,,,,,,,,,,,,,,,,,,,,,1022.0,758.0,264.0,0.0,6336.0,6336.0,1022.0,758.0,264.0,,,,,,,1022.0,,,,,,,,,,,,,,,,,,,,,8.61,0.0,33.33,18.94,0.0,18.94,91.78,95.78,80.3,,0.0,9.99,2.74,,,False,False,False,False,False,False,True,True,True,,False,,,,,,,,,,,,,,,,,,,,,,,,,,,,,,,,,,,,,,,,
08024828161_wifi,Bangalore,105.0,ZYOTFF046132,NOKIA,2818FDAEBD35,Karnataka,,,,100.0,0.0,100.0,,,0.0,,100.0,100.0,0.0,0.0,0.0,,0.0,0.0,AOT5221ZY,,,,,,,,False,,True,True,False,False,False,,,,,34328576.0,34328576.0,34328576.0,1462.0,1462.0,1462.0,,1462.0,1462.0,0.0,,,,,,,,,,,,,,,,,,,,,,,,,,,,,,,,,,,,,,,,,,,,,,,,,,,,,,,,,,,,,,,,,,,,,,,,,,,,,,,,,,,,,,,,,,,,,,,,,,,,,,,,,,,,1462.0,1462.0,0.0,,,,1462.0,1462.0,,,,,,,,1462.0,,,,,,,,,,,,,,,,,,,,,0.0,0.0,,,,,100.0,100.0,0.0,,0.0,0.0,0.0,,,False,False,,,,,True,True,False,,False,,,,,,,,,,,,,,,,,,,,,,,,,,,,,,,,,,,,,,,,
080101842220_kk,Bangalore,105.0,ZYOTEF108503,NOKIA,96A208813FA5,Karnataka,0.0,0.0,0.0,1.35,98.65,0.27,,,0.0,,100.0,100.0,100.0,0.0,0.0,0.0,0.05,0.0,MTK 0000,,,,,False,False,False,False,,True,True,True,False,False,False,25224.0,0.0,25224.0,104207360.0,104207360.0,39246894080.0,1305.0,1305.0,254.0,1051.0,1305.0,254.0,1051.0,,,,,,,,,,,,,,,,,,,,,,,,,,,,,,,,,,,,,,,,,,,,,,,,,,,,,,,,,,,,,,,,,,,,,,,,,,,,,,,,,,,,,,,,,,,,,,,,,,,,,,,,,,,,1305.0,254.0,1051.0,0.0,25224.0,25224.0,1305.0,254.0,1051.0,,,,,,,1305.0,,,,,,,,,,,,,,,,,,,,,0.0,0.0,0.0,0.0,0.0,0.0,100.0,100.0,100.0,,0.0,0.05,0.0,,,False,False,False,False,False,False,True,True,True,,False,,,,,,,,,,,,,,,,,,,,,,,,,,,,,,,,,,,,,,,,
080101842220_kk,Bangalore,105.0,ZYOTEF108503,NOKIA,4A3FE353465E,Karnataka,0.0,0.0,0.0,0.13,99.87,0.81,,,0.0,,100.0,100.0,100.0,2.78,100.0,0.0,0.33,0.01,MTK 0000,,,,,False,False,False,False,,True,True,True,False,True,False,840.0,0.0,840.0,319791104.0,319791104.0,39246894080.0,36.0,36.0,1.0,35.0,36.0,1.0,35.0,,,,,,,,,,,,,,,,,,,,,,,,,,,,,,,,,,,,,,,,,,,,,,,,,,,,,,,,,,,,,,,,,,,,,,,,,,,,,,,,,,,,,,,,,,,,,,,,,,,,,,,,,,,,36.0,1.0,35.0,0.0,840.0,840.0,36.0,1.0,35.0,,,,,,,36.0,,,,,,,,,,,,,,,,,,,,,2.78,100.0,0.0,0.0,0.0,0.0,100.0,100.0,100.0,,0.0,0.33,0.01,,,False,True,False,False,False,False,True,True,True,,False,,,,,,,,,,,,,,,,,,,,,,,,,,,,,,,,,,,,,,,,
08021305959_wifi,Bangalore,105.0,ZYOTAF220521,NOKIA,3AB3E810E58B,Karnataka,1.62,1.28,1.67,23.66,76.34,19.06,False,False,0.0,23.0,34.82,94.87,0.0,1.53,1.28,1.67,253.36,12.32,AAP4221ZY,Veena-s-S20-FE,,,,False,False,False,False,True,False,True,False,False,False,False,11782.0,1560.0,10222.0,5081688064.0,5081688064.0,26662364160.0,850.0,850.0,312.0,538.0,850.0,312.0,538.0,,,,,,,,,,,,,,,,,,,,,,,,,,,,,,,,,,,,,,,,,,,,,,,,,,,,,,,,,,,,,,,,,,,,,,,,,,,,,,,,,,,,,,,,,,,,,,,,,,,,,,,,,,,,850.0,312.0,538.0,1560.0,10222.0,11782.0,850.0,312.0,538.0,,,,,,,850.0,,,,,,,,,,,,,,,,,,,,,1.53,1.28,1.67,1.62,1.28,1.67,34.82,94.87,0.0,23.0,0.0,253.36,12.32,False,False,False,False,False,False,False,False,False,True,False,True,False,,,,,,,,,,,,,,,,,,,,,,,,,,,,,,,,,,,,,,,,
080101842220_kk,Bangalore,105.0,ZYOTEF108503,NOKIA,520CCB97F3AB,Karnataka,2.59,0.0,2.59,0.0,100.0,8.5,,,0.0,,100.0,100.0,100.0,2.96,0.0,2.96,0.26,0.02,MTK 0000,,,,,False,False,False,False,,True,True,True,False,False,False,29160.0,0.0,29160.0,3337791488.0,3337791488.0,39246894080.0,1216.0,1216.0,1.0,1215.0,1216.0,1.0,1215.0,,,,,,,,,,,,,,,,,,,,,,,,,,,,,,,,,,,,,,,,,,,,,,,,,,,,,,,,,,,,,,,,,,,,,,,,,,,,,,,,,,,,,,,,,,,,,,,,,,,,,,,,,,,,1216.0,1.0,1215.0,0.0,29160.0,29160.0,1216.0,1.0,1215.0,,,,,,,1216.0,,,,,,,,,,,,,,,,,,,,,2.96,0.0,2.96,2.59,0.0,2.59,100.0,100.0,100.0,,0.0,0.26,0.02,,,False,False,False,False,False,False,True,True,True,,False,,,,,,,,,,,,,,,,,,,,,,,,,,,,,,,,,,,,,,,,
080101842220_kk,Bangalore,105.0,ZYOTEF108503,NOKIA,78B39F17368C,Karnataka,0.0,0.0,0.0,0.0,100.0,57.13,,,0.0,,100.0,0.0,100.0,0.0,,0.0,3.07,0.05,MTK 0000,,,,,False,False,False,False,,True,False,True,False,,False,15984.0,0.0,15984.0,22421496832.0,22421496832.0,39246894080.0,666.0,666.0,,666.0,666.0,0.0,666.0,,,,,,,,,,,,,,,,,,,,,,,,,,,,,,,,,,,,,,,,,,,,,,,,,,,,,,,,,,,,,,,,,,,,,,,,,,,,,,,,,,,,,,,,,,,,,,,,,,,,,,,,,,,,666.0,0.0,666.0,0.0,15984.0,15984.0,666.0,,666.0,,,,,,,666.0,,,,,,,,,,,,,,,,,,,,,0.0,,0.0,0.0,0.0,0.0,100.0,0.0,100.0,,0.0,3.07,0.05,,,False,,False,False,False,False,True,False,True,,False,,,,,,,,,,,,,,,,,,,,,,,,,,,,,,,,,,,,,,,,
08021305959_wifi,Bangalore,105.0,ZYOTAF220521,NOKIA,E6B4718C2F37,Karnataka,6.0,25.0,0.0,5.5,94.5,2.15,False,False,0.0,26.0,90.91,91.67,90.0,13.64,25.0,0.0,27.09,1.32,AAP4221ZY,Unknown_e6:b4:71:8c:2f:37,,,,False,False,False,False,True,True,True,True,False,False,False,250.0,60.0,190.0,572306432.0,572306432.0,26662364160.0,22.0,22.0,12.0,10.0,22.0,12.0,10.0,,,,,,,,,,,,,,,,,,,,,,,,,,,,,,,,,,,,,,,,,,,,,,,,,,,,,,,,,,,,,,,,,,,,,,,,,,,,,,,,,,,,,,,,,,,,,,,,,,,,,,,,,,,,22.0,12.0,10.0,60.0,190.0,250.0,22.0,12.0,10.0,,,,,,,22.0,,,,,,,,,,,,,,,,,,,,,13.64,25.0,0.0,6.0,25.0,0.0,90.91,91.67,90.0,26.0,0.0,27.09,1.32,False,False,False,False,False,False,False,False,True,True,True,True,False,,,,,,,,,,,,,,,,,,,,,,,,,,,,,,,,,,,,,,,,
080101842220_kk,Bangalore,105.0,ZYOTEF108503,NOKIA,763209D28788,Karnataka,4.22,0.0,4.22,0.0,100.0,6.49,,,0.0,,43.88,0.0,43.88,5.92,,5.92,2.85,0.41,MTK 0000,,,,,False,False,False,False,,False,False,False,False,,False,29976.0,0.0,29976.0,2545451008.0,2545451008.0,39246894080.0,1249.0,1249.0,,1249.0,1249.0,0.0,1249.0,,,,,,,,,,,,,,,,,,,,,,,,,,,,,,,,,,,,,,,,,,,,,,,,,,,,,,,,,,,,,,,,,,,,,,,,,,,,,,,,,,,,,,,,,,,,,,,,,,,,,,,,,,,,1249.0,0.0,1249.0,0.0,29976.0,29976.0,1249.0,,1249.0,,,,,,,1249.0,,,,,,,,,,,,,,,,,,,,,5.92,,5.92,4.22,0.0,4.22,43.88,0.0,43.88,,0.0,2.85,0.41,,,False,,False,False,False,False,False,False,False,,False,,,,,,,,,,,,,,,,,,,,,,,,,,,,,,,,,,,,,,,,
08021305959_wifi,Bangalore,105.0,ZYOTAF220521,NOKIA,5E20088233E4,Karnataka,0.0,0.0,0.0,0.0,100.0,19.31,,,0.0,0.0,0.0,0.0,0.0,0.0,,0.0,0.3,0.15,AAP4221ZY,,,,,False,False,False,False,False,False,False,False,False,,False,13528.0,0.0,13528.0,5147962368.0,5147962368.0,26662364160.0,712.0,712.0,,712.0,712.0,0.0,712.0,,,,,,,,,,,,,,,,,,,,,,,,,,,,,,,,,,,,,,,,,,,,,,,,,,,,,,,,,,,,,,,,,,,,,,,,,,,,,,,,,,,,,,,,,,,,,,,,,,,,,,,,,,,,712.0,0.0,712.0,0.0,13528.0,13528.0,712.0,,712.0,,,,,,,712.0,,,,,,,,,,,,,,,,,,,,,0.0,,0.0,0.0,0.0,0.0,0.0,0.0,0.0,0.0,0.0,0.3,0.15,,,False,,False,False,False,False,False,False,False,False,False,,,,,,,,,,,,,,,,,,,,,,,,,,,,,,,,,,,,,,,,
08021305959_wifi,Bangalore,105.0,ZYOTAF220521,NOKIA,1CD6BEAA4661,Karnataka,0.0,0.0,0.0,0.0,100.0,26.23,,,0.0,,4.35,0.0,4.35,0.0,,0.0,3.48,0.41,AAP4221ZY,,,,,False,False,False,False,,False,False,False,False,,False,23560.0,0.0,23560.0,6994576384.0,6994576384.0,26662364160.0,1240.0,1240.0,,1240.0,1240.0,0.0,1240.0,,,,,,,,,,,,,,,,,,,,,,,,,,,,,,,,,,,,,,,,,,,,,,,,,,,,,,,,,,,,,,,,,,,,,,,,,,,,,,,,,,,,,,,,,,,,,,,,,,,,,,,,,,,,1240.0,0.0,1240.0,0.0,23560.0,23560.0,1240.0,,1240.0,,,,,,,1240.0,,,,,,,,,,,,,,,,,,,,,0.0,,0.0,0.0,0.0,0.0,4.35,0.0,4.35,,0.0,3.48,0.41,,,False,,False,False,False,False,False,False,False,,False,,,,,,,,,,,,,,,,,,,,,,,,,,,,,,,,,,,,,,,,
08021305959_wifi,Bangalore,105.0,ZYOTAF220521,NOKIA,9247F166A2BB,Karnataka,6.95,33.33,5.63,0.03,99.97,33.08,False,False,0.0,23.0,23.67,100.0,9.15,10.06,33.33,5.63,5.56,0.13,AAP4221ZY,Unknown_92:47:f1:66:a2:bb,,,,False,False,False,False,True,False,True,False,False,False,False,2833.0,135.0,2698.0,8819778560.0,8819778560.0,26662364160.0,169.0,169.0,27.0,142.0,169.0,27.0,142.0,,,,,,,,,,,,,,,,,,,,,,,,,,,,,,,,,,,,,,,,,,,,,,,,,,,,,,,,,,,,,,,,,,,,,,,,,,,,,,,,,,,,,,,,,,,,,,,,,,,,,,,,,,,,169.0,27.0,142.0,135.0,2698.0,2833.0,169.0,27.0,142.0,,,,,,,169.0,,,,,,,,,,,,,,,,,,,,,10.06,33.33,5.63,6.95,33.33,5.63,23.67,100.0,9.15,23.0,0.0,5.56,0.13,False,False,False,False,False,False,False,False,False,True,False,True,False,,,,,,,,,,,,,,,,,,,,,,,,,,,,,,,,,,,,,,,,
080101842220_kk,Bangalore,105.0,ZYOTEF108503,NOKIA,F4289DA74175,Karnataka,0.0,0.0,0.0,0.0,100.0,1.98,,,0.0,,100.0,0.0,100.0,0.0,,0.0,0.19,0.03,MTK 0000,,,,,False,False,False,False,,True,False,True,False,,False,8352.0,0.0,8352.0,776671232.0,776671232.0,39246894080.0,348.0,348.0,,348.0,348.0,0.0,348.0,,,,,,,,,,,,,,,,,,,,,,,,,,,,,,,,,,,,,,,,,,,,,,,,,,,,,,,,,,,,,,,,,,,,,,,,,,,,,,,,,,,,,,,,,,,,,,,,,,,,,,,,,,,,348.0,0.0,348.0,0.0,8352.0,8352.0,348.0,,348.0,,,,,,,348.0,,,,,,,,,,,,,,,,,,,,,0.0,,0.0,0.0,0.0,0.0,100.0,0.0,100.0,,0.0,0.19,0.03,,,False,,False,False,False,False,True,False,True,,False,,,,,,,,,,,,,,,,,,,,,,,,,,,,,,,,,,,,,,,,
08021305959_wifi,Bangalore,105.0,ZYOTAF220521,NOKIA,4CD08A27B074,Karnataka,0.0,0.0,0.0,100.0,0.0,0.17,False,False,0.0,10.0,100.0,100.0,0.0,0.0,0.0,,0.0,0.01,AAP4221ZY,HNS-200_B074,,,,False,False,False,False,True,True,True,False,False,False,,1275.0,1275.0,0.0,46052352.0,46052352.0,26662364160.0,255.0,255.0,255.0,,255.0,255.0,0.0,,,,,,,,,,,,,,,,,,,,,,,,,,,,,,,,,,,,,,,,,,,,,,,,,,,,,,,,,,,,,,,,,,,,,,,,,,,,,,,,,,,,,,,,,,,,,,,,,,,,,,,,,,,,255.0,255.0,0.0,1275.0,0.0,1275.0,255.0,255.0,,,,,,,,255.0,,,,,,,,,,,,,,,,,,,,,0.0,0.0,,0.0,0.0,0.0,100.0,100.0,0.0,10.0,0.0,0.0,0.01,False,False,False,False,,False,False,False,True,True,False,True,False,,,,,,,,,,,,,,,,,,,,,,,,,,,,,,,,,,,,,,,,
08024828161_wifi,Bangalore,105.0,ZYOTFF046132,NOKIA,,Karnataka,,,,,,,,,,,,,,,,,,,AOT5221ZY,,,,,,,,,,,,,,,,,,,,,,,,,,,,,08024828161_wifi,105.0,ZYOTFF046132,NOKIA,,AOT5221ZY,1.0,1.0,0.0,0.0,0.0,,,,,0.0,0.0,100.0,100.0,0.0,62.67,90.91,36.79,,0.0,0.0,0.0,0.0,0.0,0.0,0.0,0.0,0.0,0.0,0.0,0.0,0.0,0.0,0.0,0.0,,,,,,0.0,34328576.0,0.0,0.0,23.0,0.0,0.0,11.0,0.0,0.0,12.0,0.0,0.0,0.0,0.0,0.0,0.0,False,False,,,,,True,True,True,True,False,True,True,False,,False,False,False,False,False,False,False,False,False,False,,,,,,,True,False,False,False,False,False,False,False,50.0,1.06,False,0.0,False,False,1462.0,1462.0,0.0,,,,1462.0,1462.0,,2162.0,1034.0,1128.0,188.0,94.0,94.0,1462.0,188.0,94.0,94.0,188.0,94.0,94.0,,,34328576.0,23.0,11.0,12.0,188.0,94.0,94.0,23.0,11.0,12.0,,1.0,0.0,0.0,,,,,100.0,100.0,0.0,,0.0,0.0,0.0,,,False,False,,,,,True,True,False,,False,62.67,90.91,36.79,0.0,0.0,0.0,0.0,0.0,,,,0.0,34328576.0,0.0,0.0,23.0,0.0,0.0,11.0,0.0,0.0,12.0,50.0,True,True,True,True,False,False,False,False,,,,,,,False,False,False
080101842220_kk,Bangalore,105.0,ZYOTEF108503,NOKIA,,Karnataka,,,,,,,,,,,,,,,,,,,AOT5221ZY,,,,,,,,,,,,,,,,,,,,,,,,,,,,,080101842220_kk,105.0,ZYOTEF108503,NOKIA,30BD1330F2A8,AOT5221ZY,8.0,5.0,8.0,5.85,0.1,6.99,0.0,4.47,5.19,9.99,2.74,87.09,96.93,85.14,91.16,90.09,92.01,,0.0,0.0,0.0,0.0,0.0,0.0,0.0,0.0,0.0,0.0,0.0,0.0,0.0,0.0,0.0,0.0,,,,,,78.56,39246894080.0,4.17,1.0,24.0,0.0,0.0,11.0,7.69,1.0,13.0,0.0,0.0,0.0,0.0,0.0,0.0,False,False,False,False,False,False,False,False,True,True,True,True,True,True,,False,False,False,False,False,False,False,False,False,False,,,,,,,False,False,False,False,False,False,False,False,71.31,19.67,False,0.0,False,True,6304.0,1043.0,5261.0,0.0,126264.0,108768.0,6304.0,1043.0,5261.0,4116.0,1827.0,2289.0,459.0,183.0,276.0,6304.0,459.0,183.0,276.0,459.0,183.0,276.0,,,39246894080.0,24.0,11.0,13.0,366.0,183.0,183.0,24.0,11.0,13.0,30BD1330F2A8,8.0,5.85,0.1,6.99,5.19,0.0,4.47,87.09,96.93,85.14,,0.0,9.99,2.74,,,False,False,False,False,False,False,True,True,True,,False,91.16,90.09,92.01,0.0,0.0,0.0,0.0,0.0,,,,78.56,39246894080.0,4.17,1.0,24.0,0.0,0.0,11.0,7.69,1.0,13.0,71.31,False,False,True,True,True,False,False,False,,,,,,,False,False,True
08021305959_wifi,Bangalore,105.0,ZYOTAF220521,NOKIA,,Karnataka,,,,,,,,,,,,,,,,,,,AOT5221ZY,,,,,,,,,,,,,,,,,,,,,,,,,,,,,08021305959_wifi,105.0,ZYOTAF220521,NOKIA,6C4F89165033,AOT5221ZY,6.0,4.0,5.0,1.02,2.64,0.64,2.64,0.64,0.77,253.36,12.32,20.47,97.19,2.88,60.81,72.25,51.37,95.0,0.0,0.0,0.0,0.0,0.0,0.0,0.0,0.0,0.0,0.0,0.0,0.0,0.0,0.0,0.0,0.0,0.0,,,0.0,0.0,95.19,26662364160.0,0.0,0.0,24.0,0.0,0.0,11.0,0.0,0.0,13.0,0.0,0.0,0.0,0.0,0.0,0.0,False,False,False,False,False,False,False,False,False,True,False,True,True,True,True,False,False,False,False,False,False,False,False,False,False,True,True,,,False,False,False,False,False,False,False,False,False,False,56.49,0.0,False,0.0,False,True,3248.0,606.0,2642.0,3030.0,50198.0,51741.0,3248.0,606.0,2642.0,2855.0,1290.0,1565.0,295.0,128.0,167.0,3248.0,272.0,123.0,149.0,295.0,128.0,167.0,24.0,24.0,26662364160.0,24.0,11.0,13.0,262.0,131.0,131.0,24.0,11.0,13.0,6C4F89165033,6.0,1.02,2.64,0.64,0.77,2.64,0.64,20.47,97.19,2.88,95.0,0.0,253.36,12.32,0.0,0.0,False,False,False,False,False,False,False,True,False,True,False,60.81,72.25,51.37,0.0,0.0,0.0,0.0,0.0,0.0,,,95.19,26662364160.0,0.0,0.0,24.0,0.0,0.0,11.0,0.0,0.0,13.0,56.49,False,False,True,True,True,False,False,False,True,True,,,False,False,False,False,True
