ap,city,circle_code_no,ont_serial_no,vendor_name,station_mac,circle,client_with_poor_snr_sample,client_with_poor_snr_sample_2,client_with_poor_snr_sample_5,tot_2g,tot_5g,tot_overall,client_with_high_no_of_sticky_client_2_with_good_coverage,client_with_high_no_of_sticky_client_5_with_poor_coverage,client_with_high_tx_packet_error,client_with_high_client_disconnection,client_with_poor_link_speed_mcs_rate,client_with_poor_link_speed_mcs_rate_2,client_with_poor_link_speed_mcs_rate_5,client_with_poor_coverage,client_with_poor_coverage_2,client_with_poor_coverage_5,client_with_poor_dl_throughput_less_than_threshold,client_with_poor_ul_throughput_less_than_threshold,ap_manufacturer,host_name,type,manufacturer,model,client_with_poor_snr_sample_breach,client_with_poor_snr_sample_2_breach,client_with_poor_snr_sample_5_breach,client_with_high_tx_packet_error_breach,client_with_high_client_disconnection_breach,client_with_poor_link_speed_mcs_rate_breach,client_with_poor_link_speed_mcs_rate_2_breach,client_with_poor_link_speed_mcs_rate_5_breach,client_with_poor_coverage_breach,client_with_poor_coverage_2_breach,client_with_poor_coverage_5_breach,count_of_total_samples_for_client_with_poor_snr_sample,count_of_total_samples_for_client_with_poor_snr_sample_2,count_of_total_samples_for_client_with_poor_snr_sample_5,count_of_total_samples_for_ap_tot_2g,count_of_total_samples_for_ap_tot_5g,count_of_total_samples_for_ap_tot_overall,count_of_total_samples_for_client_with_high_tx_packet_error,count_of_total_samples_for_client_with_poor_link_speed_mcs_rate,count_of_total_samples_for_client_with_poor_link_speed_mcs_rate_2,count_of_total_samples_for_client_with_poor_link_speed_mcs_rate_5,count_of_total_samples_for_client_with_poor_coverage,count_of_total_samples_for_client_with_poor_coverage_2,count_of_total_samples_for_client_with_poor_coverage_5,ap name,circle code,ont serial number,vendor,mac address,ap manufacturer,connected clients,connected clients (2.4 ghz),connected clients (5 ghz),poor coverage (overall),poor coverage (2.4 ghz),poor coverage (5 ghz),poor snr (2.4 ghz),poor snr (5 ghz),poor snr (overall),low download throughput (overall),low upload throughput (overall),low link speed (overall),low link speed (2.4 ghz),low link speed (5 ghz),high interference (overall),high interference (2.4 ghz),high interference (5 ghz),high client disconnections (overall),high retry rate (overall),high retry rate (2.4 ghz),high retry rate (5 ghz),high tx packet errors (overall),tx packet error (%) (overall),tx packet error (%) (2.4 ghz),tx packet error (%) (5 ghz),high tx packet errors flag (overall),high tx packet errors flag (2.4 ghz),high tx packet errors flag (5 ghz),high rx packet errors (overall),high rx packet errors (2.4 ghz),high rx packet errors (5 ghz),high rx packet errors flag (overall),high rx packet errors flag (2.4 ghz),high rx packet errors flag (5 ghz),downtime (%) (overall),high cpu utilization (overall),memory errors (overall),sticky clients (2.4 ghz - good coverage),sticky clients (5 ghz - poor coverage),poor tot on (5 ghz),zero usage aps (overall),channel utilization (%) (overall),high channel utilization count (overall),total channels (all bands),high channel utilization (2.4 ghz) (%),high channel utilization count (2.4 ghz),total channels (2.4 ghz),high channel congestion (5 ghz) (%),high channel congestion count (5 ghz),total channels (5 ghz),own channel usage ratio (%) (overall),own channel usage ratio count (overall),own channel usage ratio (%) (2.4 ghz),own channel usage ratio count (2.4 ghz),own channel usage ratio (%) (5 ghz),own channel usage ratio count (5 ghz),poor coverage breach (overall),poor coverage breach (2.4 ghz),poor coverage breach (5 ghz),poor snr breach (2.4 ghz),poor snr breach (5 ghz),poor snr breach (overall),low download throughput breach (overall),low upload throughput breach (overall),low link speed breach (overall),low link speed breach (2.4 ghz),low link speed breach (5 ghz),high interference breach (overall),high interference breach (2.4 ghz),high interference breach (5 ghz),high client disconnections breach (overall),high retry rate breach (overall),high retry rate breach (2.4 ghz),high retry rate breach (5 ghz),high tx packet errors breach (overall),tx packet error (%) breach (overall),tx packet error (%) breach (2.4 ghz),tx packet error (%) breach (5 ghz),high rx packet errors breach (overall),high rx packet errors breach (2.4 ghz),high rx packet errors breach (5 ghz),ap downtime (%) breach (overall),internet down incidents breach (overall),high cpu utilization breach (overall),memory errors breach (overall),sticky clients breach (2.4 ghz - good coverage),sticky clients breach (5 ghz - poor coverage),poor tot breach (5 ghz),zero usage aps breach (overall),high channel utilization breach (overall),high channel utilization breach (2.4 ghz),high channel congestion breach (5 ghz),own channel usage ratio breach (overall),own channel usage ratio breach (2.4 ghz),own channel usage ratio breach (5 ghz),obss (overall),obss (2.4 ghz),obss breach (2.4 ghz),obss (5 ghz),obss breach (5 ghz),obss breach (overall),count_of_total_samples_for_ap_with_poor_coverage,count_of_total_samples_for_ap_with_poor_coverage_2,count_of_total_samples_for_ap_with_poor_coverage_5,count_of_total_samples_for_ap_with_poor_snr_sample_2,count_of_total_samples_for_ap_with_poor_snr_sample_5,count_of_total_samples_for_ap_with_poor_snr_sample,count_of_total_samples_for_ap_with_poor_link_speed_mcs_rate,count_of_total_samples_for_ap_with_poor_link_speed_mcs_rate_2,count_of_total_samples_for_ap_with_poor_link_speed_mcs_rate_5,count_of_total_samples_for_ap_with_high_interference,count_of_total_samples_for_ap_with_high_interference_2,count_of_total_samples_for_ap_with_high_interference_5,count_of_total_samples_for_ap_with_high_retry_rate,high retry rate sample count (2.4 ghz),high retry rate sample count (5 ghz),count_of_total_samples_for_ap_with_high_tx_packet_error,count_of_total_samples_for_ap_with_high_tx_packet_error_percent,tx packet error (%) sample count (2.4 ghz),tx packet error (%) sample count (5 ghz),count_of_total_samples_for_ap_with_high_rx_packet_error,high rx packet errors sample count (2.4 ghz),high rx packet errors sample count (5 ghz),count_of_total_samples_for_ap_downtime_per,count_of_total_samples_for_ap_with_high_internet_down_incident,count_of_total_samples_for_ap_with_poor_tot_on_5g,count_of_total_samples_for_ap_with_high_channel_utilisation,count_of_total_samples_for_ap_with_high_channel_utilisation_2,count_of_total_samples_for_ap_with_high_channel_congestion_5,count_of_total_samples_for_channelobss,count_of_total_samples_for_channelobss2_4,count_of_total_samples_for_channelobss5,own channel usage ratio sample count (overall),own channel usage ratio sample count (2.4 ghz),own channel usage ratio sample count (5 ghz),mac_address,station_count,ap_with_poor_coverage,ap_with_poor_coverage_2,ap_with_poor_coverage_5,ap_with_poor_snr_sample,ap_with_poor_snr_sample_2,ap_with_poor_snr_sample_5,ap_with_poor_link_speed_mcs_rate,ap_with_poor_link_speed_mcs_rate_2,ap_with_poor_link_speed_mcs_rate_5,ap_with_high_client_disconnection,ap_with_high_tx_packet_error,ap_with_poor_dl_throughput_less_than_threshold,ap_with_poor_ul_throughput_less_than_threshold,ap_with_high_no_of_sticky_client_2_with_good_coverage,ap_with_high_no_of_sticky_client_5_with_poor_coverage,ap_with_poor_coverage_breach,ap_with_poor_coverage_2_breach,ap_with_poor_coverage_5_breach,ap_with_poor_snr_sample_breach,ap_with_poor_snr_sample_2_breach,ap_with_poor_snr_sample_5_breach,ap_with_poor_link_speed_mcs_rate_breach,ap_with_poor_link_speed_mcs_rate_2_breach,ap_with_poor_link_speed_mcs_rate_5_breach,ap_with_high_client_disconnection_breach,ap_with_high_tx_packet_error_breach,ap_with_high_interference,ap_with_high_interference_2,ap_with_high_interference_5,ap_with_high_retry_rate,ap_with_high_tx_packet_error_percent,ap_with_high_tx_packet_error_flag,ap_with_high_rx_packet_error,ap_with_high_rx_packet_error_flag,ap_downtime_per,ap_with_high_cpu_utilisation,ap_with_high_memory_packet_error,ap_with_poor_tot_on_5g,ap_with_zero_usage,ap_with_high_channel_utilisation_pct,ap_with_high_channel_utilisation_count,total_channels_all,ap_with_high_channel_utilisation_2_pct,ap_with_high_channel_utilisation_2_count,total_channels_2,ap_with_high_channel_congestion_5_pct,ap_with_high_channel_congestion_5_count,total_channels_5,channelobss,ap_with_poor_dl_throughput_less_than_threshold_breach,ap_with_poor_ul_throughput_less_than_threshold_breach,ap_with_high_interference_breach,ap_with_high_interference_2_breach,ap_with_high_interference_5_breach,ap_with_high_retry_rate_breach,ap_with_high_tx_packet_error_percent_breach,ap_with_high_rx_packet_error_breach,ap_downtime_per_breach,ap_with_high_internet_down_incident_breach,ap_with_high_cpu_utilisation_breach,ap_with_high_memory_packet_error_breach,ap_with_high_no_of_sticky_client_2_with_good_coverage_breach,ap_with_high_no_of_sticky_client_5_with_poor_coverage_breach,ap_with_zero_usage_breach,ap_with_high_channel_congestion_5_breach,channelobss_breach
012421019184_wifi,Gurgaon,108.0,ZYOTB0900058,NOKIA,649D38ED42E8,Haryana,0.0,0.0,0.0,76.71,23.29,0.2,False,False,0.0,4.0,0.0,0.0,0.0,24.18,62.86,0.0,0.95,0.09,AOT5222ZY,,,,,False,False,False,False,False,False,False,False,False,True,False,254.0,0.0,254.0,2689363968.0,2689363968.0,1312742806528.0,91.0,91.0,35.0,56.0,91.0,35.0,56.0,,,,,,,,,,,,,,,,,,,,,,,,,,,,,,,,,,,,,,,,,,,,,,,,,,,,,,,,,,,,,,,,,,,,,,,,,,,,,,,,,,,,,,,,,,,,,,,,,,,,,,,,,,,,91.0,35.0,56.0,0.0,254.0,254.0,91.0,35.0,56.0,,,,,,,91.0,,,,,,,,,,,,,,,,,,,,,24.18,62.86,0.0,0.0,0.0,0.0,0.0,0.0,0.0,4.0,0.0,0.95,0.09,False,False,False,True,False,False,False,False,False,False,False,False,False,,,,,,,,,,,,,,,,,,,,,,,,,,,,,,,,,,,,,,,,
01244081160_dsl,Gurgaon,108.0,NKOT0F01CE6F,NOKIA,2E16524D4AFB,Haryana,0.0,0.0,0.0,0.0,100.0,38.86,False,False,0.0,11.0,0.0,0.0,0.0,0.0,,0.0,2.8,0.07,AOT4221NK,iPhone,PHONE,Apple,iPhone,False,False,False,False,True,False,False,False,False,,False,9120.0,0.0,9120.0,5630139392.0,5630139392.0,14486651904.0,380.0,380.0,,380.0,380.0,0.0,380.0,,,,,,,,,,,,,,,,,,,,,,,,,,,,,,,,,,,,,,,,,,,,,,,,,,,,,,,,,,,,,,,,,,,,,,,,,,,,,,,,,,,,,,,,,,,,,,,,,,,,,,,,,,,,380.0,0.0,380.0,0.0,9120.0,9120.0,380.0,,380.0,,,,,,,380.0,,,,,,,,,,,,,,,,,,,,,0.0,,0.0,0.0,0.0,0.0,0.0,0.0,0.0,11.0,0.0,2.8,0.07,False,False,False,,False,False,False,False,False,False,False,True,False,,,,,,,,,,,,,,,,,,,,,,,,,,,,,,,,,,,,,,,,
012444903348_dsl,Gurgaon,108.0,NKOT0F01CE7E,NOKIA,286B35D324CB,Haryana,,,,0.0,100.0,0.91,,,0.0,8.0,0.0,0.0,0.0,0.0,,0.0,2.28,1.19,AOT4221NK,DESKTOP-7592F22,PC,Intel,Desktop,,,,False,True,False,False,False,False,,False,,,,1084443270.0,1084443270.0,118588693273.0,124.0,124.0,,124.0,124.0,0.0,124.0,,,,,,,,,,,,,,,,,,,,,,,,,,,,,,,,,,,,,,,,,,,,,,,,,,,,,,,,,,,,,,,,,,,,,,,,,,,,,,,,,,,,,,,,,,,,,,,,,,,,,,,,,,,,124.0,0.0,124.0,,,,124.0,,124.0,,,,,,,124.0,,,,,,,,,,,,,,,,,,,,,0.0,,0.0,,,,0.0,0.0,0.0,8.0,0.0,2.28,1.19,,,False,,False,,,,False,False,False,True,False,,,,,,,,,,,,,,,,,,,,,,,,,,,,,,,,,,,,,,,,
012444903348_dsl,Gurgaon,108.0,NKOT0F01CE7E,NOKIA,1AA0C35EE4F9,Haryana,0.0,0.0,0.0,0.03,99.97,6.91,False,False,0.0,61.0,0.98,33.33,0.0,0.0,0.0,0.0,3.15,0.07,AOT4221NK,iPhone,,,,False,False,False,False,True,False,False,False,False,False,False,718.0,718.0,0.0,8194595410.0,8194595410.0,118588693273.0,1016.0,1016.0,30.0,986.0,1016.0,30.0,986.0,,,,,,,,,,,,,,,,,,,,,,,,,,,,,,,,,,,,,,,,,,,,,,,,,,,,,,,,,,,,,,,,,,,,,,,,,,,,,,,,,,,,,,,,,,,,,,,,,,,,,,,,,,,,1016.0,30.0,986.0,718.0,0.0,718.0,1016.0,30.0,986.0,,,,,,,1016.0,,,,,,,,,,,,,,,,,,,,,0.0,0.0,0.0,0.0,0.0,0.0,0.98,33.33,0.0,61.0,0.0,3.15,0.07,False,False,False,False,False,False,False,False,False,False,False,True,False,,,,,,,,,,,,,,,,,,,,,,,,,,,,,,,,,,,,,,,,
012436398608_dsl,Gurgaon,108.0,NKOTDF0001E7,NOKIA,5215E04285F1,Haryana,0.0,0.0,0.0,21.32,78.68,6.75,True,False,0.0,9.0,34.59,30.0,34.79,0.0,0.0,0.0,2.45,0.13,AOT4221NK,OnePlus-10T-5G,,,,False,False,False,False,True,False,False,False,False,False,False,15620.0,0.0,15620.0,4497787904.0,4497787904.0,66646081536.0,740.0,740.0,30.0,710.0,740.0,30.0,710.0,,,,,,,,,,,,,,,,,,,,,,,,,,,,,,,,,,,,,,,,,,,,,,,,,,,,,,,,,,,,,,,,,,,,,,,,,,,,,,,,,,,,,,,,,,,,,,,,,,,,,,,,,,,,740.0,30.0,710.0,0.0,15620.0,15620.0,740.0,30.0,710.0,,,,,,,740.0,,,,,,,,,,,,,,,,,,,,,0.0,0.0,0.0,0.0,0.0,0.0,34.59,30.0,34.79,9.0,0.0,2.45,0.13,True,False,False,False,False,False,False,False,False,False,False,True,False,,,,,,,,,,,,,,,,,,,,,,,,,,,,,,,,,,,,,,,,
01244054723_dsl,Gurgaon,108.0,NKOT0F0226EE,NOKIA,4C22F33F2EDC,Haryana,0.0,0.0,0.0,0.0,100.0,9.02,False,True,0.0,0.0,0.0,0.0,0.0,0.0,,0.0,3.32,0.16,AOT4221NK,LGwebOSTV,TV,LG Electronics,TV,False,False,False,False,False,False,False,False,False,,False,9416.0,0.0,9416.0,2435354624.0,2435354624.0,26989172736.0,428.0,428.0,,428.0,428.0,0.0,428.0,,,,,,,,,,,,,,,,,,,,,,,,,,,,,,,,,,,,,,,,,,,,,,,,,,,,,,,,,,,,,,,,,,,,,,,,,,,,,,,,,,,,,,,,,,,,,,,,,,,,,,,,,,,,428.0,0.0,428.0,0.0,9416.0,9416.0,428.0,,428.0,,,,,,,428.0,,,,,,,,,,,,,,,,,,,,,0.0,,0.0,0.0,0.0,0.0,0.0,0.0,0.0,0.0,0.0,3.32,0.16,False,True,False,,False,False,False,False,False,False,False,False,False,,,,,,,,,,,,,,,,,,,,,,,,,,,,,,,,,,,,,,,,
01246232448_dsl,Gurgaon,108.0,NKOT2F045EF1,NOKIA,92A6DFBC2EA2,Haryana,0.0,0.0,0.0,0.0,100.0,45.39,False,False,0.0,38.0,0.0,0.0,0.0,0.0,,0.0,6.89,0.47,AOT4221NK,Unknown_92:a6:df:bc:2e:a2,OTHER,,,False,False,False,False,True,False,False,False,False,,False,1911.0,0.0,1911.0,16464910320.0,16464910320.0,36272653320.0,791.0,791.0,,791.0,791.0,0.0,791.0,,,,,,,,,,,,,,,,,,,,,,,,,,,,,,,,,,,,,,,,,,,,,,,,,,,,,,,,,,,,,,,,,,,,,,,,,,,,,,,,,,,,,,,,,,,,,,,,,,,,,,,,,,,,791.0,0.0,791.0,0.0,1911.0,1911.0,791.0,,791.0,,,,,,,791.0,,,,,,,,,,,,,,,,,,,,,0.0,,0.0,0.0,0.0,0.0,0.0,0.0,0.0,38.0,0.0,6.89,0.47,False,False,False,,False,False,False,False,False,False,False,True,False,,,,,,,,,,,,,,,,,,,,,,,,,,,,,,,,,,,,,,,,
01246472327_dsl,Gurgaon,108.0,NKOTA0000592,NOKIA,9208A08B7425,Haryana,,,,100.0,0.0,0.0,False,False,0.0,3.0,100.0,100.0,0.0,0.0,0.0,,0.01,0.01,AOT4221NK,iPhone,,,,,,,False,False,True,True,False,False,False,,,,,823296.0,823296.0,40367702016.0,2.0,2.0,2.0,,2.0,2.0,0.0,,,,,,,,,,,,,,,,,,,,,,,,,,,,,,,,,,,,,,,,,,,,,,,,,,,,,,,,,,,,,,,,,,,,,,,,,,,,,,,,,,,,,,,,,,,,,,,,,,,,,,,,,,,,2.0,2.0,0.0,,,,2.0,2.0,,,,,,,,2.0,,,,,,,,,,,,,,,,,,,,,0.0,0.0,,,,,100.0,100.0,0.0,3.0,0.0,0.01,0.01,False,False,False,False,,,,,True,True,False,False,False,,,,,,,,,,,,,,,,,,,,,,,,,,,,,,,,,,,,,,,,
012444903348_dsl,Gurgaon,108.0,NKOT0F01CE7E,NOKIA,F4032A96D8C9,Haryana,,,,0.0,100.0,0.22,,,0.0,0.0,0.0,0.0,0.0,0.0,,0.0,0.13,0.01,AOT4221NK,Unknown_f4:03:2a:96:d8:c9,OTHER,Amazon,,,,,False,False,False,False,False,False,,False,,,,263471520.0,263471520.0,118588693273.0,847.0,847.0,,847.0,847.0,0.0,847.0,,,,,,,,,,,,,,,,,,,,,,,,,,,,,,,,,,,,,,,,,,,,,,,,,,,,,,,,,,,,,,,,,,,,,,,,,,,,,,,,,,,,,,,,,,,,,,,,,,,,,,,,,,,,847.0,0.0,847.0,,,,847.0,,847.0,,,,,,,847.0,,,,,,,,,,,,,,,,,,,,,0.0,,0.0,,,,0.0,0.0,0.0,0.0,0.0,0.13,0.01,,,False,,False,,,,False,False,False,False,False,,,,,,,,,,,,,,,,,,,,,,,,,,,,,,,,,,,,,,,,
01244054723_dsl,Gurgaon,108.0,NKOT0F0226EE,NOKIA,0A3CC1576FFD,Haryana,1.75,0.0,1.75,76.51,23.49,0.92,False,False,0.0,28.0,80.82,100.0,1.75,80.82,100.0,1.75,0.04,0.03,AOT4221NK,iPad,TABLET,Apple,iPad,False,False,False,False,True,True,True,False,True,True,False,1254.0,0.0,1254.0,247730176.0,247730176.0,26989172736.0,292.0,292.0,235.0,57.0,292.0,235.0,57.0,,,,,,,,,,,,,,,,,,,,,,,,,,,,,,,,,,,,,,,,,,,,,,,,,,,,,,,,,,,,,,,,,,,,,,,,,,,,,,,,,,,,,,,,,,,,,,,,,,,,,,,,,,,,292.0,235.0,57.0,0.0,1254.0,1254.0,292.0,235.0,57.0,,,,,,,292.0,,,,,,,,,,,,,,,,,,,,,80.82,100.0,1.75,1.75,0.0,1.75,80.82,100.0,1.75,28.0,0.0,0.04,0.03,False,False,True,True,False,False,False,False,True,True,False,True,False,,,,,,,,,,,,,,,,,,,,,,,,,,,,,,,,,,,,,,,,
012447957675_dsl,Gurgaon,108.0,ZYOT5E069474,NOKIA,72E2C338581F,Haryana,0.0,0.0,0.0,0.0,100.0,7.8,,,0.0,,0.0,0.0,0.0,0.0,,0.0,1.42,1.32,AOT5221ZY,,,,,False,False,False,False,,False,False,False,False,,False,10032.0,0.0,10032.0,2481702912.0,2481702912.0,31808593920.0,418.0,418.0,,418.0,418.0,0.0,418.0,,,,,,,,,,,,,,,,,,,,,,,,,,,,,,,,,,,,,,,,,,,,,,,,,,,,,,,,,,,,,,,,,,,,,,,,,,,,,,,,,,,,,,,,,,,,,,,,,,,,,,,,,,,,418.0,0.0,418.0,0.0,10032.0,10032.0,418.0,,418.0,,,,,,,418.0,,,,,,,,,,,,,,,,,,,,,0.0,,0.0,0.0,0.0,0.0,0.0,0.0,0.0,,0.0,1.42,1.32,,,False,,False,False,False,False,False,False,False,,False,,,,,,,,,,,,,,,,,,,,,,,,,,,,,,,,,,,,,,,,
012447862103_dsl,Gurgaon,108.0,ZYOTB0900020,NOKIA,6696E8690975,Haryana,0.0,0.0,0.0,0.0,100.0,0.11,,,0.0,,0.0,0.0,0.0,0.0,,0.0,10.18,0.2,AOT5222ZY,,,,,False,False,False,False,,False,False,False,False,,False,12489.0,0.0,12489.0,16478862336.0,16478862336.0,15021251838976.0,543.0,543.0,,543.0,543.0,0.0,543.0,,,,,,,,,,,,,,,,,,,,,,,,,,,,,,,,,,,,,,,,,,,,,,,,,,,,,,,,,,,,,,,,,,,,,,,,,,,,,,,,,,,,,,,,,,,,,,,,,,,,,,,,,,,,543.0,0.0,543.0,0.0,12489.0,12489.0,543.0,,543.0,,,,,,,543.0,,,,,,,,,,,,,,,,,,,,,0.0,,0.0,0.0,0.0,0.0,0.0,0.0,0.0,,0.0,10.18,0.2,,,False,,False,False,False,False,False,False,False,,False,,,,,,,,,,,,,,,,,,,,,,,,,,,,,,,,,,,,,,,,
01246232448_dsl,Gurgaon,108.0,NKOT2F045EF1,NOKIA,56BD372664E2,Haryana,0.0,0.0,0.0,0.0,100.0,16.91,False,False,0.0,18.0,0.11,0.0,0.11,0.0,,0.0,2.55,0.05,AOT4221NK,Galaxy-A36-5G,,,,False,False,False,False,True,False,False,False,False,,False,6468.0,0.0,6468.0,6133587975.0,6133587975.0,36272653320.0,929.0,929.0,,929.0,929.0,0.0,929.0,,,,,,,,,,,,,,,,,,,,,,,,,,,,,,,,,,,,,,,,,,,,,,,,,,,,,,,,,,,,,,,,,,,,,,,,,,,,,,,,,,,,,,,,,,,,,,,,,,,,,,,,,,,,929.0,0.0,929.0,0.0,6468.0,6468.0,929.0,,929.0,,,,,,,929.0,,,,,,,,,,,,,,,,,,,,,0.0,,0.0,0.0,0.0,0.0,0.11,0.0,0.11,18.0,0.0,2.55,0.05,False,False,False,,False,False,False,False,False,False,False,True,False,,,,,,,,,,,,,,,,,,,,,,,,,,,,,,,,,,,,,,,,
01244203817_dsl,Gurgaon,108.0,NKOTF00113D9,NOKIA,5633751951FE,Haryana,0.0,0.0,0.0,0.0,100.0,100.0,False,False,0.0,149.0,0.0,0.0,0.0,0.0,,0.0,0.03,0.01,AAP321NK,iPhone,PHONE,Apple,iPhone,False,False,False,False,True,False,False,False,False,,False,648.0,0.0,648.0,14063616.0,14063616.0,14063616.0,27.0,27.0,,27.0,27.0,0.0,27.0,,,,,,,,,,,,,,,,,,,,,,,,,,,,,,,,,,,,,,,,,,,,,,,,,,,,,,,,,,,,,,,,,,,,,,,,,,,,,,,,,,,,,,,,,,,,,,,,,,,,,,,,,,,,27.0,0.0,27.0,0.0,648.0,648.0,27.0,,27.0,,,,,,,27.0,,,,,,,,,,,,,,,,,,,,,0.0,,0.0,0.0,0.0,0.0,0.0,0.0,0.0,149.0,0.0,0.03,0.01,False,False,False,,False,False,False,False,False,False,False,True,False,,,,,,,,,,,,,,,,,,,,,,,,,,,,,,,,,,,,,,,,
012436398608_dsl,Gurgaon,108.0,NKOTDF0001E7,NOKIA,5A8CF8F08505,Haryana,0.0,0.0,0.0,0.0,100.0,15.48,False,False,0.0,3.0,0.0,0.0,0.0,0.0,,0.0,1.65,0.27,AOT4221NK,MacBookPro,LAPTOP,Apple,MacBook,False,False,False,False,False,False,False,False,False,,False,16588.0,0.0,16588.0,10315534336.0,10315534336.0,66646081536.0,754.0,754.0,,754.0,754.0,0.0,754.0,,,,,,,,,,,,,,,,,,,,,,,,,,,,,,,,,,,,,,,,,,,,,,,,,,,,,,,,,,,,,,,,,,,,,,,,,,,,,,,,,,,,,,,,,,,,,,,,,,,,,,,,,,,,754.0,0.0,754.0,0.0,16588.0,16588.0,754.0,,754.0,,,,,,,754.0,,,,,,,,,,,,,,,,,,,,,0.0,,0.0,0.0,0.0,0.0,0.0,0.0,0.0,3.0,0.0,1.65,0.27,False,False,False,,False,False,False,False,False,False,False,False,False,,,,,,,,,,,,,,,,,,,,,,,,,,,,,,,,,,,,,,,,
012445118300_dsl,Gurgaon,108.0,NKOT0F01D2BA,NOKIA,7A9849000F3B,Haryana,0.0,0.0,0.0,0.0,0.0,0.0,,,0.0,,0.0,0.0,0.0,0.0,,0.0,0.0,0.0,AOT4221NK,,,,,False,False,False,False,,False,False,False,False,,False,21480.0,0.0,21480.0,0.0,0.0,18599175168.0,895.0,895.0,,895.0,895.0,0.0,895.0,,,,,,,,,,,,,,,,,,,,,,,,,,,,,,,,,,,,,,,,,,,,,,,,,,,,,,,,,,,,,,,,,,,,,,,,,,,,,,,,,,,,,,,,,,,,,,,,,,,,,,,,,,,,895.0,0.0,895.0,0.0,21480.0,21480.0,895.0,,895.0,,,,,,,895.0,,,,,,,,,,,,,,,,,,,,,0.0,,0.0,0.0,0.0,0.0,0.0,0.0,0.0,,0.0,0.0,0.0,,,False,,False,False,False,False,False,False,False,,False,,,,,,,,,,,,,,,,,,,,,,,,,,,,,,,,,,,,,,,,
012444801137_dsl,Gurgaon,108.0,NKOTDF000165,NOKIA,A09208536DDC,Haryana,,,,100.0,0.0,0.09,,,0.0,,82.65,82.65,0.0,0.0,0.0,,0.0,0.0,AAP321NK,,,,,,,,False,,True,True,False,False,False,,,,,52307968.0,52307968.0,60904515584.0,1049.0,1049.0,1049.0,,1049.0,1049.0,0.0,,,,,,,,,,,,,,,,,,,,,,,,,,,,,,,,,,,,,,,,,,,,,,,,,,,,,,,,,,,,,,,,,,,,,,,,,,,,,,,,,,,,,,,,,,,,,,,,,,,,,,,,,,,,1049.0,1049.0,0.0,,,,1049.0,1049.0,,,,,,,,1049.0,,,,,,,,,,,,,,,,,,,,,0.0,0.0,,,,,82.65,82.65,0.0,,0.0,0.0,0.0,,,False,False,,,,,True,True,False,,False,,,,,,,,,,,,,,,,,,,,,,,,,,,,,,,,,,,,,,,,
012436398608_dsl,Gurgaon,108.0,NKOTDF0001E7,NOKIA,36C731F77459,Haryana,0.0,0.0,0.0,0.0,100.0,1.54,False,True,0.0,0.0,0.0,0.0,0.0,0.0,,0.0,22.49,21.15,AOT4221NK,iPad,TABLET,Apple,iPad,False,False,False,False,False,False,False,False,False,,False,6248.0,0.0,6248.0,1029116928.0,1029116928.0,66646081536.0,284.0,284.0,,284.0,284.0,0.0,284.0,,,,,,,,,,,,,,,,,,,,,,,,,,,,,,,,,,,,,,,,,,,,,,,,,,,,,,,,,,,,,,,,,,,,,,,,,,,,,,,,,,,,,,,,,,,,,,,,,,,,,,,,,,,,284.0,0.0,284.0,0.0,6248.0,6248.0,284.0,,284.0,,,,,,,284.0,,,,,,,,,,,,,,,,,,,,,0.0,,0.0,0.0,0.0,0.0,0.0,0.0,0.0,0.0,0.0,22.49,21.15,False,True,False,,False,False,False,False,False,False,False,False,False,,,,,,,,,,,,,,,,,,,,,,,,,,,,,,,,,,,,,,,,
012444801137_dsl,Gurgaon,108.0,NKOTDF000165,NOKIA,9877D53D4080,Haryana,,,,100.0,0.0,0.0,,,0.0,4.0,66.67,66.67,0.0,0.0,0.0,,0.0,0.0,AAP321NK,wiz_3d4080,SMART_HOME,WIZ,Light,,,,False,False,True,True,False,False,False,,,,,1391616.0,1391616.0,60904515584.0,99.0,99.0,99.0,,99.0,99.0,0.0,,,,,,,,,,,,,,,,,,,,,,,,,,,,,,,,,,,,,,,,,,,,,,,,,,,,,,,,,,,,,,,,,,,,,,,,,,,,,,,,,,,,,,,,,,,,,,,,,,,,,,,,,,,,99.0,99.0,0.0,,,,99.0,99.0,,,,,,,,99.0,,,,,,,,,,,,,,,,,,,,,0.0,0.0,,,,,66.67,66.67,0.0,4.0,0.0,0.0,0.0,,,False,False,,,,,True,True,False,False,False,,,,,,,,,,,,,,,,,,,,,,,,,,,,,,,,,,,,,,,,
01246232448_dsl,Gurgaon,108.0,NKOT2F045EF1,NOKIA,325B49E35801,Haryana,0.0,0.0,0.0,0.0,100.0,3.38,False,False,0.0,6.0,0.27,0.0,0.27,0.27,,0.27,0.16,0.02,AOT4221NK,Anils-Galaxy-S9,PHONE,Samsung Electronics,Galaxy,False,False,False,False,True,False,False,False,False,,False,42.0,0.0,42.0,1227003904.0,1227003904.0,36272653320.0,374.0,374.0,,374.0,374.0,0.0,374.0,,,,,,,,,,,,,,,,,,,,,,,,,,,,,,,,,,,,,,,,,,,,,,,,,,,,,,,,,,,,,,,,,,,,,,,,,,,,,,,,,,,,,,,,,,,,,,,,,,,,,,,,,,,,374.0,0.0,374.0,0.0,42.0,42.0,374.0,,374.0,,,,,,,374.0,,,,,,,,,,,,,,,,,,,,,0.27,,0.27,0.0,0.0,0.0,0.27,0.0,0.27,6.0,0.0,0.16,0.02,False,False,False,,False,False,False,False,False,False,False,True,False,,,,,,,,,,,,,,,,,,,,,,,,,,,,,,,,,,,,,,,,
01246232448_dsl,Gurgaon,108.0,NKOT2F045EF1,NOKIA,620DEAC99CE7,Haryana,0.0,0.0,0.0,0.0,100.0,0.0,False,True,0.0,9.0,100.0,100.0,100.0,3.45,100.0,0.0,0.0,0.0,AOT4221NK,Watch,TV,Apple,Television,False,False,False,False,True,True,True,True,False,True,False,21.0,0.0,21.0,75776.0,75776.0,36272653320.0,29.0,29.0,1.0,28.0,29.0,1.0,28.0,,,,,,,,,,,,,,,,,,,,,,,,,,,,,,,,,,,,,,,,,,,,,,,,,,,,,,,,,,,,,,,,,,,,,,,,,,,,,,,,,,,,,,,,,,,,,,,,,,,,,,,,,,,,29.0,1.0,28.0,0.0,21.0,21.0,29.0,1.0,28.0,,,,,,,29.0,,,,,,,,,,,,,,,,,,,,,3.45,100.0,0.0,0.0,0.0,0.0,100.0,100.0,100.0,9.0,0.0,0.0,0.0,False,True,False,True,False,False,False,False,True,True,True,True,False,,,,,,,,,,,,,,,,,,,,,,,,,,,,,,,,,,,,,,,,
01246472327_dsl,Gurgaon,108.0,NKOTA0000592,NOKIA,7AB5AA2AA71B,Haryana,0.0,0.0,0.0,0.0,100.0,2.31,False,False,0.0,5.0,0.0,0.0,0.0,0.0,,0.0,0.87,0.05,AOT4221NK,iPhone,,,,False,False,False,False,False,False,False,False,False,,False,1020.0,0.0,1020.0,932251648.0,932251648.0,40367702016.0,44.0,44.0,,44.0,44.0,0.0,44.0,,,,,,,,,,,,,,,,,,,,,,,,,,,,,,,,,,,,,,,,,,,,,,,,,,,,,,,,,,,,,,,,,,,,,,,,,,,,,,,,,,,,,,,,,,,,,,,,,,,,,,,,,,,,44.0,0.0,44.0,0.0,1020.0,1020.0,44.0,,44.0,,,,,,,44.0,,,,,,,,,,,,,,,,,,,,,0.0,,0.0,0.0,0.0,0.0,0.0,0.0,0.0,5.0,0.0,0.87,0.05,False,False,False,,False,False,False,False,False,False,False,False,False,,,,,,,,,,,,,,,,,,,,,,,,,,,,,,,,,,,,,,,,
012421019184_wifi,Gurgaon,108.0,ZYOTB0900058,NOKIA,2EB8538356AA,Haryana,,,,100.0,0.0,0.0,True,False,0.0,1.0,0.0,0.0,0.0,0.0,0.0,,1.25,0.03,AOT5222ZY,Xiaomi-Pad-6,TABLET,Xiaomi,pad 6,,,,False,False,False,False,False,False,False,,,,,6680576.0,6680576.0,1312742806528.0,784.0,784.0,784.0,,784.0,784.0,0.0,,,,,,,,,,,,,,,,,,,,,,,,,,,,,,,,,,,,,,,,,,,,,,,,,,,,,,,,,,,,,,,,,,,,,,,,,,,,,,,,,,,,,,,,,,,,,,,,,,,,,,,,,,,,784.0,784.0,0.0,,,,784.0,784.0,,,,,,,,784.0,,,,,,,,,,,,,,,,,,,,,0.0,0.0,,,,,0.0,0.0,0.0,1.0,0.0,1.25,0.03,True,False,False,False,,,,,False,False,False,False,False,,,,,,,,,,,,,,,,,,,,,,,,,,,,,,,,,,,,,,,,
01244081160_dsl,Gurgaon,108.0,NKOT0F01CE6F,NOKIA,3EDE8A98F4FB,Haryana,0.0,0.0,0.0,0.0,100.0,50.53,,,0.0,,0.0,0.0,0.0,0.0,,0.0,1.44,2.31,AOT4221NK,,,,,False,False,False,False,,False,False,False,False,,False,18168.0,0.0,18168.0,7319541760.0,7319541760.0,14486651904.0,757.0,757.0,,757.0,757.0,0.0,757.0,,,,,,,,,,,,,,,,,,,,,,,,,,,,,,,,,,,,,,,,,,,,,,,,,,,,,,,,,,,,,,,,,,,,,,,,,,,,,,,,,,,,,,,,,,,,,,,,,,,,,,,,,,,,757.0,0.0,757.0,0.0,18168.0,18168.0,757.0,,757.0,,,,,,,757.0,,,,,,,,,,,,,,,,,,,,,0.0,,0.0,0.0,0.0,0.0,0.0,0.0,0.0,,0.0,1.44,2.31,,,False,,False,False,False,False,False,False,False,,False,,,,,,,,,,,,,,,,,,,,,,,,,,,,,,,,,,,,,,,,
012444801137_dsl,Gurgaon,108.0,NKOTDF000165,NOKIA,9877D5D771C0,Haryana,,,,100.0,0.0,0.0,False,False,0.0,1.0,100.0,100.0,0.0,0.0,0.0,,0.0,0.0,AAP321NK,wiz_d771c0,,,,,,,False,False,True,True,False,False,False,,,,,671744.0,671744.0,60904515584.0,8.0,8.0,8.0,,8.0,8.0,0.0,,,,,,,,,,,,,,,,,,,,,,,,,,,,,,,,,,,,,,,,,,,,,,,,,,,,,,,,,,,,,,,,,,,,,,,,,,,,,,,,,,,,,,,,,,,,,,,,,,,,,,,,,,,,8.0,8.0,0.0,,,,8.0,8.0,,,,,,,,8.0,,,,,,,,,,,,,,,,,,,,,0.0,0.0,,,,,100.0,100.0,0.0,1.0,0.0,0.0,0.0,False,False,False,False,,,,,True,True,False,False,False,,,,,,,,,,,,,,,,,,,,,,,,,,,,,,,,,,,,,,,,
012444801137_dsl,Gurgaon,108.0,NKOTDF000165,NOKIA,60DC81CCA4D0,Haryana,,,,100.0,0.0,0.1,False,False,0.0,6.0,68.32,68.32,0.0,0.0,0.0,,0.0,0.01,AAP321NK,Unknown_60:dc:81:cc:a4:d0,OTHER,AltoBeam,,,,,False,True,True,True,False,False,False,,,,,57876480.0,57876480.0,60904515584.0,1067.0,1067.0,1067.0,,1067.0,1067.0,0.0,,,,,,,,,,,,,,,,,,,,,,,,,,,,,,,,,,,,,,,,,,,,,,,,,,,,,,,,,,,,,,,,,,,,,,,,,,,,,,,,,,,,,,,,,,,,,,,,,,,,,,,,,,,,1067.0,1067.0,0.0,,,,1067.0,1067.0,,,,,,,,1067.0,,,,,,,,,,,,,,,,,,,,,0.0,0.0,,,,,68.32,68.32,0.0,6.0,0.0,0.0,0.01,False,False,False,False,,,,,True,True,False,True,False,,,,,,,,,,,,,,,,,,,,,,,,,,,,,,,,,,,,,,,,
012436398608_dsl,Gurgaon,108.0,NKOTDF0001E7,NOKIA,4CC95E7815B6,Haryana,0.0,0.0,0.0,37.7,62.3,0.11,False,True,0.0,4.0,3.99,11.68,0.0,0.0,0.0,0.0,0.24,0.01,AOT4221NK,Samsung,,,,False,False,False,False,False,False,False,False,False,False,False,5786.0,0.0,5786.0,73733120.0,73733120.0,66646081536.0,401.0,401.0,137.0,264.0,401.0,137.0,264.0,,,,,,,,,,,,,,,,,,,,,,,,,,,,,,,,,,,,,,,,,,,,,,,,,,,,,,,,,,,,,,,,,,,,,,,,,,,,,,,,,,,,,,,,,,,,,,,,,,,,,,,,,,,,401.0,137.0,264.0,0.0,5786.0,5786.0,401.0,137.0,264.0,,,,,,,401.0,,,,,,,,,,,,,,,,,,,,,0.0,0.0,0.0,0.0,0.0,0.0,3.99,11.68,0.0,4.0,0.0,0.24,0.01,False,True,False,False,False,False,False,False,False,False,False,False,False,,,,,,,,,,,,,,,,,,,,,,,,,,,,,,,,,,,,,,,,
012447957675_dsl,Gurgaon,108.0,ZYOT5E069474,NOKIA,9281508F6DAB,Haryana,6.88,0.0,6.88,0.33,99.67,1.17,,,0.0,,52.85,100.0,51.85,13.47,0.0,13.76,2.45,0.88,AOT5221ZY,,,,,False,False,False,False,,False,True,False,False,False,False,4536.0,0.0,4536.0,372352000.0,372352000.0,31808593920.0,193.0,193.0,4.0,189.0,193.0,4.0,189.0,,,,,,,,,,,,,,,,,,,,,,,,,,,,,,,,,,,,,,,,,,,,,,,,,,,,,,,,,,,,,,,,,,,,,,,,,,,,,,,,,,,,,,,,,,,,,,,,,,,,,,,,,,,,193.0,4.0,189.0,0.0,4536.0,4536.0,193.0,4.0,189.0,,,,,,,193.0,,,,,,,,,,,,,,,,,,,,,13.47,0.0,13.76,6.88,0.0,6.88,52.85,100.0,51.85,,0.0,2.45,0.88,,,False,False,False,False,False,False,False,True,False,,False,,,,,,,,,,,,,,,,,,,,,,,,,,,,,,,,,,,,,,,,
012422395135_wifi,Gurgaon,108.0,ZYOTB0900014,NOKIA,6879C4A29A72,Haryana,0.0,0.0,0.0,100.0,0.0,0.0,True,False,0.0,4.0,21.62,21.62,0.0,0.0,0.0,,0.0,0.0,AOT5222ZY,mxchip,OTHER,Shanghai MXCHIP Information Technology,,False,False,False,False,False,False,False,False,False,False,,1776.0,1776.0,0.0,1330176.0,1330176.0,41682370560.0,74.0,74.0,74.0,,74.0,74.0,0.0,,,,,,,,,,,,,,,,,,,,,,,,,,,,,,,,,,,,,,,,,,,,,,,,,,,,,,,,,,,,,,,,,,,,,,,,,,,,,,,,,,,,,,,,,,,,,,,,,,,,,,,,,,,,74.0,74.0,0.0,1776.0,0.0,1776.0,74.0,74.0,,,,,,,,74.0,,,,,,,,,,,,,,,,,,,,,0.0,0.0,,0.0,0.0,0.0,21.62,21.62,0.0,4.0,0.0,0.0,0.0,True,False,False,False,,False,False,False,False,False,False,False,False,,,,,,,,,,,,,,,,,,,,,,,,,,,,,,,,,,,,,,,,
012444801137_dsl,Gurgaon,108.0,NKOTDF000165,NOKIA,46C1F4D28799,Haryana,0.0,0.0,0.0,0.0,100.0,19.54,,,0.0,4.0,0.0,0.0,0.0,0.0,,0.0,1.53,0.06,AAP321NK,AAP321NK,WIFI_EXTENDER,,AAP321NK,False,False,False,False,False,False,False,False,False,,False,20856.0,0.0,20856.0,11900353536.0,11900353536.0,60904515584.0,948.0,948.0,,948.0,948.0,0.0,948.0,,,,,,,,,,,,,,,,,,,,,,,,,,,,,,,,,,,,,,,,,,,,,,,,,,,,,,,,,,,,,,,,,,,,,,,,,,,,,,,,,,,,,,,,,,,,,,,,,,,,,,,,,,,,948.0,0.0,948.0,0.0,20856.0,20856.0,948.0,,948.0,,,,,,,948.0,,,,,,,,,,,,,,,,,,,,,0.0,,0.0,0.0,0.0,0.0,0.0,0.0,0.0,4.0,0.0,1.53,0.06,,,False,,False,False,False,False,False,False,False,False,False,,,,,,,,,,,,,,,,,,,,,,,,,,,,,,,,,,,,,,,,
012421019184_wifi,Gurgaon,108.0,ZYOTB0900058,NOKIA,126FBBBC1135,Haryana,98.41,0.0,98.41,2.79,97.21,0.01,True,False,0.0,3.0,1.7,1.73,1.49,12.76,1.73,98.51,0.48,0.07,AOT5222ZY,Mac,,,,True,False,True,False,False,False,False,False,False,False,True,1258.0,0.0,1258.0,80474112.0,80474112.0,1312742806528.0,588.0,588.0,521.0,67.0,588.0,521.0,67.0,,,,,,,,,,,,,,,,,,,,,,,,,,,,,,,,,,,,,,,,,,,,,,,,,,,,,,,,,,,,,,,,,,,,,,,,,,,,,,,,,,,,,,,,,,,,,,,,,,,,,,,,,,,,588.0,521.0,67.0,0.0,1258.0,1258.0,588.0,521.0,67.0,,,,,,,588.0,,,,,,,,,,,,,,,,,,,,,12.76,1.73,98.51,98.41,0.0,98.41,1.7,1.73,1.49,3.0,0.0,0.48,0.07,True,False,False,False,True,True,False,True,False,False,False,False,False,,,,,,,,,,,,,,,,,,,,,,,,,,,,,,,,,,,,,,,,
012447957675_dsl,Gurgaon,108.0,ZYOT5E069474,NOKIA,FA3B08FBA40B,Haryana,0.0,0.0,0.0,0.0,100.0,1.33,,,0.0,,0.22,0.0,0.22,0.0,,0.0,596.22,481.37,AOT5221ZY,,,,,False,False,False,False,,False,False,False,False,,False,10704.0,0.0,10704.0,422777856.0,422777856.0,31808593920.0,446.0,446.0,,446.0,446.0,0.0,446.0,,,,,,,,,,,,,,,,,,,,,,,,,,,,,,,,,,,,,,,,,,,,,,,,,,,,,,,,,,,,,,,,,,,,,,,,,,,,,,,,,,,,,,,,,,,,,,,,,,,,,,,,,,,,446.0,0.0,446.0,0.0,10704.0,10704.0,446.0,,446.0,,,,,,,446.0,,,,,,,,,,,,,,,,,,,,,0.0,,0.0,0.0,0.0,0.0,0.22,0.0,0.22,,0.0,596.22,481.37,,,False,,False,False,False,False,False,False,False,,False,,,,,,,,,,,,,,,,,,,,,,,,,,,,,,,,,,,,,,,,
012444801137_dsl,Gurgaon,108.0,NKOTDF000165,NOKIA,6288AC047A9A,Haryana,,,,100.0,0.0,0.02,False,False,0.0,4.0,100.0,100.0,0.0,0.0,0.0,,0.01,0.0,AAP321NK,SM-R875F,WEARABLE,Samsung,Galaxy Watch4 (44mm),,,,False,False,True,True,False,False,False,,,,,10614784.0,10614784.0,60904515584.0,627.0,627.0,627.0,,627.0,627.0,0.0,,,,,,,,,,,,,,,,,,,,,,,,,,,,,,,,,,,,,,,,,,,,,,,,,,,,,,,,,,,,,,,,,,,,,,,,,,,,,,,,,,,,,,,,,,,,,,,,,,,,,,,,,,,,627.0,627.0,0.0,,,,627.0,627.0,,,,,,,,627.0,,,,,,,,,,,,,,,,,,,,,0.0,0.0,,,,,100.0,100.0,0.0,4.0,0.0,0.01,0.0,False,False,False,False,,,,,True,True,False,False,False,,,,,,,,,,,,,,,,,,,,,,,,,,,,,,,,,,,,,,,,
012422395135_wifi,Gurgaon,108.0,ZYOTB0900014,NOKIA,86357EC26C92,Haryana,,,,0.0,100.0,11.01,False,True,0.0,1.0,0.0,0.0,0.0,9.69,,9.69,1.42,0.12,AOT5222ZY,Animesh-s-Galaxy-Tab-S6,TABLET,Samsung Electronics,Galaxy Tab,,,,False,False,False,False,False,False,,False,,,,4590589952.0,4590589952.0,41682370560.0,1177.0,1177.0,,1177.0,1177.0,0.0,1177.0,,,,,,,,,,,,,,,,,,,,,,,,,,,,,,,,,,,,,,,,,,,,,,,,,,,,,,,,,,,,,,,,,,,,,,,,,,,,,,,,,,,,,,,,,,,,,,,,,,,,,,,,,,,,1177.0,0.0,1177.0,,,,1177.0,,1177.0,,,,,,,1177.0,,,,,,,,,,,,,,,,,,,,,9.69,,9.69,,,,0.0,0.0,0.0,1.0,0.0,1.42,0.12,False,True,False,,False,,,,False,False,False,False,False,,,,,,,,,,,,,,,,,,,,,,,,,,,,,,,,,,,,,,,,
012445118300_dsl,Gurgaon,108.0,NKOT0F01D2BA,NOKIA,8E29030B58AF,Haryana,,,,100.0,0.0,0.1,False,False,0.0,1.0,82.61,82.61,0.0,0.0,0.0,,0.0,0.0,AOT4221NK,Watch,OTHER,,,,,,False,False,True,True,False,False,False,,,,,18881536.0,18881536.0,18599175168.0,207.0,207.0,207.0,,207.0,207.0,0.0,,,,,,,,,,,,,,,,,,,,,,,,,,,,,,,,,,,,,,,,,,,,,,,,,,,,,,,,,,,,,,,,,,,,,,,,,,,,,,,,,,,,,,,,,,,,,,,,,,,,,,,,,,,,207.0,207.0,0.0,,,,207.0,207.0,,,,,,,,207.0,,,,,,,,,,,,,,,,,,,,,0.0,0.0,,,,,82.61,82.61,0.0,1.0,0.0,0.0,0.0,False,False,False,False,,,,,True,True,False,False,False,,,,,,,,,,,,,,,,,,,,,,,,,,,,,,,,,,,,,,,,
01244054723_dsl,Gurgaon,108.0,NKOT0F0226EE,NOKIA,168232BE1BF2,Haryana,0.0,0.0,0.0,0.0,100.0,8.12,False,False,0.0,1.0,0.0,0.0,0.0,0.0,,0.0,26.38,0.28,AOT4221NK,,,,,False,False,False,False,False,False,False,False,False,,False,18216.0,0.0,18216.0,2190196736.0,2190196736.0,26989172736.0,828.0,828.0,,828.0,828.0,0.0,828.0,,,,,,,,,,,,,,,,,,,,,,,,,,,,,,,,,,,,,,,,,,,,,,,,,,,,,,,,,,,,,,,,,,,,,,,,,,,,,,,,,,,,,,,,,,,,,,,,,,,,,,,,,,,,828.0,0.0,828.0,0.0,18216.0,18216.0,828.0,,828.0,,,,,,,828.0,,,,,,,,,,,,,,,,,,,,,0.0,,0.0,0.0,0.0,0.0,0.0,0.0,0.0,1.0,0.0,26.38,0.28,False,False,False,,False,False,False,False,False,False,False,False,False,,,,,,,,,,,,,,,,,,,,,,,,,,,,,,,,,,,,,,,,
012421019184_wifi,Gurgaon,108.0,ZYOTB0900058,NOKIA,3E7FBC5D16AC,Haryana,0.0,0.0,0.0,0.0,100.0,0.17,,,0.0,,0.0,0.0,0.0,0.0,,0.0,0.23,0.21,AOT5222ZY,,,,,False,False,False,False,,False,False,False,False,,False,11267.0,0.0,11267.0,2200363008.0,2200363008.0,1312742806528.0,593.0,593.0,,593.0,593.0,0.0,593.0,,,,,,,,,,,,,,,,,,,,,,,,,,,,,,,,,,,,,,,,,,,,,,,,,,,,,,,,,,,,,,,,,,,,,,,,,,,,,,,,,,,,,,,,,,,,,,,,,,,,,,,,,,,,593.0,0.0,593.0,0.0,11267.0,11267.0,593.0,,593.0,,,,,,,593.0,,,,,,,,,,,,,,,,,,,,,0.0,,0.0,0.0,0.0,0.0,0.0,0.0,0.0,,0.0,0.23,0.21,,,False,,False,False,False,False,False,False,False,,False,,,,,,,,,,,,,,,,,,,,,,,,,,,,,,,,,,,,,,,,
012422395135_wifi,Gurgaon,108.0,ZYOTB0900014,NOKIA,6E387C0C5738,Haryana,37.5,37.5,0.0,0.0,100.0,24.62,False,True,0.0,1.0,0.0,0.0,0.0,0.0,0.0,0.0,10.44,0.3,AOT5222ZY,M2007J17I,PHONE,,Mi 10i,False,False,False,False,False,False,False,False,False,False,False,24.0,24.0,0.0,10262210560.0,10262210560.0,41682370560.0,1095.0,1095.0,1.0,1094.0,1095.0,1.0,1094.0,,,,,,,,,,,,,,,,,,,,,,,,,,,,,,,,,,,,,,,,,,,,,,,,,,,,,,,,,,,,,,,,,,,,,,,,,,,,,,,,,,,,,,,,,,,,,,,,,,,,,,,,,,,,1095.0,1.0,1094.0,24.0,0.0,24.0,1095.0,1.0,1094.0,,,,,,,1095.0,,,,,,,,,,,,,,,,,,,,,0.0,0.0,0.0,37.5,37.5,0.0,0.0,0.0,0.0,1.0,0.0,10.44,0.3,False,True,False,False,False,False,False,False,False,False,False,False,False,,,,,,,,,,,,,,,,,,,,,,,,,,,,,,,,,,,,,,,,
012421019184_wifi,Gurgaon,108.0,ZYOTB0900058,NOKIA,3AF6A50C8F0A,Haryana,93.75,0.0,93.75,99.87,0.13,98.44,False,False,0.0,9.0,0.0,0.0,0.0,69.85,61.98,96.3,214.97,0.96,AOT5222ZY,iPhone,PHONE,Apple,iPhone,True,False,True,False,True,False,False,False,True,True,True,1647.0,0.0,1647.0,1292298675200.0,1292298675200.0,1312742806528.0,471.0,471.0,363.0,108.0,471.0,363.0,108.0,,,,,,,,,,,,,,,,,,,,,,,,,,,,,,,,,,,,,,,,,,,,,,,,,,,,,,,,,,,,,,,,,,,,,,,,,,,,,,,,,,,,,,,,,,,,,,,,,,,,,,,,,,,,471.0,363.0,108.0,0.0,1647.0,1647.0,471.0,363.0,108.0,,,,,,,471.0,,,,,,,,,,,,,,,,,,,,,69.85,61.98,96.3,93.75,0.0,93.75,0.0,0.0,0.0,9.0,0.0,214.97,0.96,False,False,True,True,True,True,False,True,False,False,False,True,False,,,,,,,,,,,,,,,,,,,,,,,,,,,,,,,,,,,,,,,,
012444801137_dsl,Gurgaon,108.0,NKOTDF000165,NOKIA,B631DA0FC7AA,Haryana,0.0,0.0,0.0,0.0,100.0,4.56,False,True,0.0,12.0,0.0,0.0,0.0,0.0,,0.0,0.73,0.48,AAP321NK,iPad,TABLET,Apple,iPad,False,False,False,False,True,False,False,False,False,,False,22400.0,0.0,22400.0,2777091072.0,2777091072.0,60904515584.0,1004.0,1004.0,,1004.0,1004.0,0.0,1004.0,,,,,,,,,,,,,,,,,,,,,,,,,,,,,,,,,,,,,,,,,,,,,,,,,,,,,,,,,,,,,,,,,,,,,,,,,,,,,,,,,,,,,,,,,,,,,,,,,,,,,,,,,,,,1004.0,0.0,1004.0,0.0,22400.0,22400.0,1004.0,,1004.0,,,,,,,1004.0,,,,,,,,,,,,,,,,,,,,,0.0,,0.0,0.0,0.0,0.0,0.0,0.0,0.0,12.0,0.0,0.73,0.48,False,True,False,,False,False,False,False,False,False,False,True,False,,,,,,,,,,,,,,,,,,,,,,,,,,,,,,,,,,,,,,,,
01246232448_dsl,Gurgaon,108.0,NKOT2F045EF1,NOKIA,1C57DC71A166,Haryana,0.0,0.0,0.0,0.0,100.0,0.06,False,False,0.0,4.0,0.0,0.0,0.0,0.0,,0.0,0.7,0.05,AOT4221NK,Ritviks-Air,,,,False,False,False,False,False,False,False,False,False,,False,21.0,0.0,21.0,21100544.0,21100544.0,36272653320.0,1.0,1.0,,1.0,1.0,0.0,1.0,,,,,,,,,,,,,,,,,,,,,,,,,,,,,,,,,,,,,,,,,,,,,,,,,,,,,,,,,,,,,,,,,,,,,,,,,,,,,,,,,,,,,,,,,,,,,,,,,,,,,,,,,,,,1.0,0.0,1.0,0.0,21.0,21.0,1.0,,1.0,,,,,,,1.0,,,,,,,,,,,,,,,,,,,,,0.0,,0.0,0.0,0.0,0.0,0.0,0.0,0.0,4.0,0.0,0.7,0.05,False,False,False,,False,False,False,False,False,False,False,False,False,,,,,,,,,,,,,,,,,,,,,,,,,,,,,,,,,,,,,,,,
01246232448_dsl,Gurgaon,108.0,NKOT2F045EF1,NOKIA,CE6E364C323F,Haryana,0.0,0.0,0.0,0.0,100.0,18.79,False,False,0.0,4.0,0.29,100.0,0.0,0.29,100.0,0.0,2.31,0.13,AOT4221NK,,,,,False,False,False,False,False,False,True,False,False,True,False,21.0,0.0,21.0,6815961088.0,6815961088.0,36272653320.0,347.0,347.0,1.0,346.0,347.0,1.0,346.0,,,,,,,,,,,,,,,,,,,,,,,,,,,,,,,,,,,,,,,,,,,,,,,,,,,,,,,,,,,,,,,,,,,,,,,,,,,,,,,,,,,,,,,,,,,,,,,,,,,,,,,,,,,,347.0,1.0,346.0,0.0,21.0,21.0,347.0,1.0,346.0,,,,,,,347.0,,,,,,,,,,,,,,,,,,,,,0.29,100.0,0.0,0.0,0.0,0.0,0.29,100.0,0.0,4.0,0.0,2.31,0.13,False,False,False,True,False,False,False,False,False,True,False,False,False,,,,,,,,,,,,,,,,,,,,,,,,,,,,,,,,,,,,,,,,
012447862103_dsl,Gurgaon,108.0,ZYOTB0900020,NOKIA,D6AF32D8C6F1,Haryana,0.0,0.0,0.0,0.0,100.0,0.0,,,0.0,,0.0,0.0,0.0,0.0,,0.0,1.89,0.25,AOT5222ZY,,,,,False,False,False,False,,False,False,False,False,,False,69.0,0.0,69.0,32457728.0,32457728.0,15021251838976.0,3.0,3.0,,3.0,3.0,0.0,3.0,,,,,,,,,,,,,,,,,,,,,,,,,,,,,,,,,,,,,,,,,,,,,,,,,,,,,,,,,,,,,,,,,,,,,,,,,,,,,,,,,,,,,,,,,,,,,,,,,,,,,,,,,,,,3.0,0.0,3.0,0.0,69.0,69.0,3.0,,3.0,,,,,,,3.0,,,,,,,,,,,,,,,,,,,,,0.0,,0.0,0.0,0.0,0.0,0.0,0.0,0.0,,0.0,1.89,0.25,,,False,,False,False,False,False,False,False,False,,False,,,,,,,,,,,,,,,,,,,,,,,,,,,,,,,,,,,,,,,,
012421019184_wifi,Gurgaon,108.0,ZYOTB0900058,NOKIA,82E734ECC17F,Haryana,96.94,0.0,96.94,0.0,100.0,0.13,False,False,0.0,0.0,0.0,0.0,0.0,98.68,,98.68,0.15,0.01,AOT5222ZY,Mac,PC,Apple,Computer,True,False,True,False,False,False,False,False,True,,True,10671.0,0.0,10671.0,1717092352.0,1717092352.0,1312742806528.0,684.0,684.0,,684.0,684.0,0.0,684.0,,,,,,,,,,,,,,,,,,,,,,,,,,,,,,,,,,,,,,,,,,,,,,,,,,,,,,,,,,,,,,,,,,,,,,,,,,,,,,,,,,,,,,,,,,,,,,,,,,,,,,,,,,,,684.0,0.0,684.0,0.0,10671.0,10671.0,684.0,,684.0,,,,,,,684.0,,,,,,,,,,,,,,,,,,,,,98.68,,98.68,96.94,0.0,96.94,0.0,0.0,0.0,0.0,0.0,0.15,0.01,False,False,True,,True,True,False,True,False,False,False,False,False,,,,,,,,,,,,,,,,,,,,,,,,,,,,,,,,,,,,,,,,
012444801137_dsl,Gurgaon,108.0,NKOTDF000165,NOKIA,0E8F1FC5025E,Haryana,0.0,0.0,0.0,1.42,98.58,22.27,False,False,0.0,15.0,0.23,5.13,0.0,0.0,0.0,0.0,4.19,0.18,AAP321NK,Redmi-Note-13-5G,PHONE,Xiaomi,Redmi Note,False,False,False,False,True,False,False,False,False,False,False,18740.0,0.0,18740.0,13560800256.0,13560800256.0,60904515584.0,876.0,876.0,39.0,837.0,876.0,39.0,837.0,,,,,,,,,,,,,,,,,,,,,,,,,,,,,,,,,,,,,,,,,,,,,,,,,,,,,,,,,,,,,,,,,,,,,,,,,,,,,,,,,,,,,,,,,,,,,,,,,,,,,,,,,,,,876.0,39.0,837.0,0.0,18740.0,18740.0,876.0,39.0,837.0,,,,,,,876.0,,,,,,,,,,,,,,,,,,,,,0.0,0.0,0.0,0.0,0.0,0.0,0.23,5.13,0.0,15.0,0.0,4.19,0.18,False,False,False,False,False,False,False,False,False,False,False,True,False,,,,,,,,,,,,,,,,,,,,,,,,,,,,,,,,,,,,,,,,
012436398608_dsl,Gurgaon,108.0,NKOTDF0001E7,NOKIA,E8AACBA5B753,Haryana,,,,100.0,0.0,5.46,False,False,0.0,2.0,25.0,25.0,0.0,0.0,0.0,,3.27,0.06,AOT4221NK,Samsung,,,,,,,False,False,False,False,False,False,False,,,,,3641294848.0,3641294848.0,66646081536.0,32.0,32.0,32.0,,32.0,32.0,0.0,,,,,,,,,,,,,,,,,,,,,,,,,,,,,,,,,,,,,,,,,,,,,,,,,,,,,,,,,,,,,,,,,,,,,,,,,,,,,,,,,,,,,,,,,,,,,,,,,,,,,,,,,,,,32.0,32.0,0.0,,,,32.0,32.0,,,,,,,,32.0,,,,,,,,,,,,,,,,,,,,,0.0,0.0,,,,,25.0,25.0,0.0,2.0,0.0,3.27,0.06,False,False,False,False,,,,,False,False,False,False,False,,,,,,,,,,,,,,,,,,,,,,,,,,,,,,,,,,,,,,,,
012421019184_wifi,Gurgaon,108.0,ZYOTB0900058,NOKIA,EC2E98E3389F,Haryana,0.19,0.0,0.19,0.0,100.0,0.37,,,0.0,,0.0,0.0,0.0,0.0,,0.0,6.25,0.56,AOT5222ZY,,,,,False,False,False,False,,False,False,False,False,,False,3124.0,0.0,3124.0,4810416128.0,4810416128.0,1312742806528.0,166.0,166.0,,166.0,166.0,0.0,166.0,,,,,,,,,,,,,,,,,,,,,,,,,,,,,,,,,,,,,,,,,,,,,,,,,,,,,,,,,,,,,,,,,,,,,,,,,,,,,,,,,,,,,,,,,,,,,,,,,,,,,,,,,,,,166.0,0.0,166.0,0.0,3124.0,3124.0,166.0,,166.0,,,,,,,166.0,,,,,,,,,,,,,,,,,,,,,0.0,,0.0,0.19,0.0,0.19,0.0,0.0,0.0,,0.0,6.25,0.56,,,False,,False,False,False,False,False,False,False,,False,,,,,,,,,,,,,,,,,,,,,,,,,,,,,,,,,,,,,,,,
012444801137_dsl,Gurgaon,108.0,NKOTDF000165,NOKIA,EEB2A6A2A1E6,Haryana,0.0,0.0,0.0,0.0,100.0,3.33,False,False,0.0,7.0,0.0,0.0,0.0,0.0,,0.0,0.55,0.05,AAP321NK,Aditya-Vikram-s-A36,,,,False,False,False,False,True,False,False,False,False,,False,10824.0,0.0,10824.0,2028256256.0,2028256256.0,60904515584.0,492.0,492.0,,492.0,492.0,0.0,492.0,,,,,,,,,,,,,,,,,,,,,,,,,,,,,,,,,,,,,,,,,,,,,,,,,,,,,,,,,,,,,,,,,,,,,,,,,,,,,,,,,,,,,,,,,,,,,,,,,,,,,,,,,,,,492.0,0.0,492.0,0.0,10824.0,10824.0,492.0,,492.0,,,,,,,492.0,,,,,,,,,,,,,,,,,,,,,0.0,,0.0,0.0,0.0,0.0,0.0,0.0,0.0,7.0,0.0,0.55,0.05,False,False,False,,False,False,False,False,False,False,False,True,False,,,,,,,,,,,,,,,,,,,,,,,,,,,,,,,,,,,,,,,,
01244081160_dsl,Gurgaon,108.0,NKOT0F01CE6F,NOKIA,624E55188F68,Haryana,0.0,0.0,0.0,0.0,100.0,0.5,,,0.0,,0.0,0.0,0.0,0.0,,0.0,0.0,0.06,AOT4221NK,,,,,False,False,False,False,,False,False,False,False,,False,17520.0,0.0,17520.0,72035328.0,72035328.0,14486651904.0,730.0,730.0,,730.0,730.0,0.0,730.0,,,,,,,,,,,,,,,,,,,,,,,,,,,,,,,,,,,,,,,,,,,,,,,,,,,,,,,,,,,,,,,,,,,,,,,,,,,,,,,,,,,,,,,,,,,,,,,,,,,,,,,,,,,,730.0,0.0,730.0,0.0,17520.0,17520.0,730.0,,730.0,,,,,,,730.0,,,,,,,,,,,,,,,,,,,,,0.0,,0.0,0.0,0.0,0.0,0.0,0.0,0.0,,0.0,0.0,0.06,,,False,,False,False,False,False,False,False,False,,False,,,,,,,,,,,,,,,,,,,,,,,,,,,,,,,,,,,,,,,,
012447862103_dsl,Gurgaon,108.0,ZYOTB0900020,NOKIA,B64DBCFFA6ED,Haryana,0.24,0.0,0.24,0.0,100.0,0.0,,,0.0,,0.24,0.0,0.24,0.24,,0.24,0.0,0.01,AOT5222ZY,,,,,False,False,False,False,,False,False,False,False,,False,9637.0,0.0,9637.0,44099584.0,44099584.0,15021251838976.0,419.0,419.0,,419.0,419.0,0.0,419.0,,,,,,,,,,,,,,,,,,,,,,,,,,,,,,,,,,,,,,,,,,,,,,,,,,,,,,,,,,,,,,,,,,,,,,,,,,,,,,,,,,,,,,,,,,,,,,,,,,,,,,,,,,,,419.0,0.0,419.0,0.0,9637.0,9637.0,419.0,,419.0,,,,,,,419.0,,,,,,,,,,,,,,,,,,,,,0.24,,0.24,0.24,0.0,0.24,0.24,0.0,0.24,,0.0,0.0,0.01,,,False,,False,False,False,False,False,False,False,,False,,,,,,,,,,,,,,,,,,,,,,,,,,,,,,,,,,,,,,,,
01244081160_dsl,Gurgaon,108.0,NKOT0F01CE6F,NOKIA,46C1F4DAE089,Haryana,0.0,0.0,0.0,0.0,100.0,6.27,,,0.0,,0.0,0.0,0.0,0.0,,0.0,0.0,0.14,AOT4221NK,,,,,False,False,False,False,,False,False,False,False,,False,18168.0,0.0,18168.0,907673600.0,907673600.0,14486651904.0,757.0,757.0,,757.0,757.0,0.0,757.0,,,,,,,,,,,,,,,,,,,,,,,,,,,,,,,,,,,,,,,,,,,,,,,,,,,,,,,,,,,,,,,,,,,,,,,,,,,,,,,,,,,,,,,,,,,,,,,,,,,,,,,,,,,,757.0,0.0,757.0,0.0,18168.0,18168.0,757.0,,757.0,,,,,,,757.0,,,,,,,,,,,,,,,,,,,,,0.0,,0.0,0.0,0.0,0.0,0.0,0.0,0.0,,0.0,0.0,0.14,,,False,,False,False,False,False,False,False,False,,False,,,,,,,,,,,,,,,,,,,,,,,,,,,,,,,,,,,,,,,,
01244081160_dsl,Gurgaon,108.0,NKOT0F01CE6F,NOKIA,A2B5039A07F0,Haryana,0.0,0.0,0.0,0.0,100.0,0.39,False,False,0.0,28.0,0.0,0.0,0.0,0.0,,0.0,0.03,0.02,AOT4221NK,iPhone,PHONE,Apple,iPhone,False,False,False,False,True,False,False,False,False,,False,2232.0,0.0,2232.0,56433664.0,56433664.0,14486651904.0,93.0,93.0,,93.0,93.0,0.0,93.0,,,,,,,,,,,,,,,,,,,,,,,,,,,,,,,,,,,,,,,,,,,,,,,,,,,,,,,,,,,,,,,,,,,,,,,,,,,,,,,,,,,,,,,,,,,,,,,,,,,,,,,,,,,,93.0,0.0,93.0,0.0,2232.0,2232.0,93.0,,93.0,,,,,,,93.0,,,,,,,,,,,,,,,,,,,,,0.0,,0.0,0.0,0.0,0.0,0.0,0.0,0.0,28.0,0.0,0.03,0.02,False,False,False,,False,False,False,False,False,False,False,True,False,,,,,,,,,,,,,,,,,,,,,,,,,,,,,,,,,,,,,,,,
012444903348_dsl,Gurgaon,108.0,NKOT0F01CE7E,NOKIA,8E9D83596BDF,Haryana,0.0,0.0,0.0,0.39,99.61,1.62,False,False,0.0,5.0,0.09,0.0,0.1,0.09,0.0,0.1,0.93,4.19,AOT4221NK,arna-s-S25,PHONE,,Galaxy,False,False,False,False,False,False,False,False,False,False,False,1672.0,1672.0,0.0,1921622605.0,1921622605.0,118588693273.0,1110.0,1110.0,70.0,1040.0,1110.0,70.0,1040.0,,,,,,,,,,,,,,,,,,,,,,,,,,,,,,,,,,,,,,,,,,,,,,,,,,,,,,,,,,,,,,,,,,,,,,,,,,,,,,,,,,,,,,,,,,,,,,,,,,,,,,,,,,,,1110.0,70.0,1040.0,1672.0,0.0,1672.0,1110.0,70.0,1040.0,,,,,,,1110.0,,,,,,,,,,,,,,,,,,,,,0.09,0.0,0.1,0.0,0.0,0.0,0.09,0.0,0.1,5.0,0.0,0.93,4.19,False,False,False,False,False,False,False,False,False,False,False,False,False,,,,,,,,,,,,,,,,,,,,,,,,,,,,,,,,,,,,,,,,
01244054723_dsl,Gurgaon,108.0,NKOT0F0226EE,NOKIA,FA221A76C102,Haryana,0.0,0.0,0.0,1.57,98.43,8.25,False,False,0.0,4.0,39.66,56.21,0.0,0.0,0.0,0.0,0.55,0.25,AOT4221NK,iPhone,PHONE,Apple,iPhone,False,False,False,False,False,False,False,False,False,False,False,2662.0,0.0,2662.0,2225840128.0,2225840128.0,26989172736.0,411.0,411.0,290.0,121.0,411.0,290.0,121.0,,,,,,,,,,,,,,,,,,,,,,,,,,,,,,,,,,,,,,,,,,,,,,,,,,,,,,,,,,,,,,,,,,,,,,,,,,,,,,,,,,,,,,,,,,,,,,,,,,,,,,,,,,,,411.0,290.0,121.0,0.0,2662.0,2662.0,411.0,290.0,121.0,,,,,,,411.0,,,,,,,,,,,,,,,,,,,,,0.0,0.0,0.0,0.0,0.0,0.0,39.66,56.21,0.0,4.0,0.0,0.55,0.25,False,False,False,False,False,False,False,False,False,False,False,False,False,,,,,,,,,,,,,,,,,,,,,,,,,,,,,,,,,,,,,,,,
01244054723_dsl,Gurgaon,108.0,NKOT0F0226EE,NOKIA,88F4DA2E79F3,Haryana,0.0,0.0,0.0,0.0,100.0,0.31,False,False,0.0,1.0,0.0,0.0,0.0,0.0,,0.0,0.62,0.37,AOT4221NK,LTB0000372-003,LAPTOP,Lenovo,Laptop,False,False,False,False,False,False,False,False,False,,False,22.0,0.0,22.0,84625408.0,84625408.0,26989172736.0,1.0,1.0,,1.0,1.0,0.0,1.0,,,,,,,,,,,,,,,,,,,,,,,,,,,,,,,,,,,,,,,,,,,,,,,,,,,,,,,,,,,,,,,,,,,,,,,,,,,,,,,,,,,,,,,,,,,,,,,,,,,,,,,,,,,,1.0,0.0,1.0,0.0,22.0,22.0,1.0,,1.0,,,,,,,1.0,,,,,,,,,,,,,,,,,,,,,0.0,,0.0,0.0,0.0,0.0,0.0,0.0,0.0,1.0,0.0,0.62,0.37,False,False,False,,False,False,False,False,False,False,False,False,False,,,,,,,,,,,,,,,,,,,,,,,,,,,,,,,,,,,,,,,,
012444801137_dsl,Gurgaon,108.0,NKOTDF000165,NOKIA,8CD0B2169430,Haryana,,,,100.0,0.0,0.06,,,0.0,,81.88,81.88,0.0,0.0,0.0,,0.0,0.0,AAP321NK,,,,,,,,False,,True,True,False,False,False,,,,,36866048.0,36866048.0,60904515584.0,1170.0,1170.0,1170.0,,1170.0,1170.0,0.0,,,,,,,,,,,,,,,,,,,,,,,,,,,,,,,,,,,,,,,,,,,,,,,,,,,,,,,,,,,,,,,,,,,,,,,,,,,,,,,,,,,,,,,,,,,,,,,,,,,,,,,,,,,,1170.0,1170.0,0.0,,,,1170.0,1170.0,,,,,,,,1170.0,,,,,,,,,,,,,,,,,,,,,0.0,0.0,,,,,81.88,81.88,0.0,,0.0,0.0,0.0,,,False,False,,,,,True,True,False,,False,,,,,,,,,,,,,,,,,,,,,,,,,,,,,,,,,,,,,,,,
012445118300_dsl,Gurgaon,108.0,NKOT0F01D2BA,NOKIA,8C2AC12B0202,Haryana,,,,100.0,0.0,46.11,True,False,0.0,4.0,29.82,29.82,0.0,0.0,0.0,,2.22,0.05,AOT4221NK,LGwebOSTV,TV,LG Electronics,,,,,False,False,False,False,False,False,False,,,,,8576683008.0,8576683008.0,18599175168.0,436.0,436.0,436.0,,436.0,436.0,0.0,,,,,,,,,,,,,,,,,,,,,,,,,,,,,,,,,,,,,,,,,,,,,,,,,,,,,,,,,,,,,,,,,,,,,,,,,,,,,,,,,,,,,,,,,,,,,,,,,,,,,,,,,,,,436.0,436.0,0.0,,,,436.0,436.0,,,,,,,,436.0,,,,,,,,,,,,,,,,,,,,,0.0,0.0,,,,,29.82,29.82,0.0,4.0,0.0,2.22,0.05,True,False,False,False,,,,,False,False,False,False,False,,,,,,,,,,,,,,,,,,,,,,,,,,,,,,,,,,,,,,,,
01246232448_dsl,Gurgaon,108.0,NKOT2F045EF1,NOKIA,664768FB1349,Haryana,0.0,0.0,0.0,0.0,100.0,0.48,False,False,0.0,3.0,0.0,0.0,0.0,0.0,,0.0,0.01,0.03,AOT4221NK,,,,,False,False,False,False,False,False,False,False,False,,False,588.0,0.0,588.0,175882558.0,175882558.0,36272653320.0,481.0,481.0,,481.0,481.0,0.0,481.0,,,,,,,,,,,,,,,,,,,,,,,,,,,,,,,,,,,,,,,,,,,,,,,,,,,,,,,,,,,,,,,,,,,,,,,,,,,,,,,,,,,,,,,,,,,,,,,,,,,,,,,,,,,,481.0,0.0,481.0,0.0,588.0,588.0,481.0,,481.0,,,,,,,481.0,,,,,,,,,,,,,,,,,,,,,0.0,,0.0,0.0,0.0,0.0,0.0,0.0,0.0,3.0,0.0,0.01,0.03,False,False,False,,False,False,False,False,False,False,False,False,False,,,,,,,,,,,,,,,,,,,,,,,,,,,,,,,,,,,,,,,,
012436398608_dsl,Gurgaon,108.0,NKOTDF0001E7,NOKIA,EAD4701DA67C,Haryana,0.0,0.0,0.0,0.0,100.0,7.72,,,0.0,0.0,0.0,0.0,0.0,0.0,,0.0,1.22,0.02,AOT4221NK,Android_TV,STREAMING_DEVICE,Vantiva,XstreamIPTV1-VT,False,False,False,False,False,False,False,False,False,,False,24420.0,0.0,24420.0,5147187200.0,5147187200.0,66646081536.0,1110.0,1110.0,,1110.0,1110.0,0.0,1110.0,,,,,,,,,,,,,,,,,,,,,,,,,,,,,,,,,,,,,,,,,,,,,,,,,,,,,,,,,,,,,,,,,,,,,,,,,,,,,,,,,,,,,,,,,,,,,,,,,,,,,,,,,,,,1110.0,0.0,1110.0,0.0,24420.0,24420.0,1110.0,,1110.0,,,,,,,1110.0,,,,,,,,,,,,,,,,,,,,,0.0,,0.0,0.0,0.0,0.0,0.0,0.0,0.0,0.0,0.0,1.22,0.02,,,False,,False,False,False,False,False,False,False,False,False,,,,,,,,,,,,,,,,,,,,,,,,,,,,,,,,,,,,,,,,
012444801137_dsl,Gurgaon,108.0,NKOTDF000165,NOKIA,5A41573787E4,Haryana,0.0,0.0,0.0,0.0,100.0,6.2,False,False,0.0,1.0,0.0,0.0,0.0,0.0,,0.0,1.43,0.05,AAP321NK,XstreamIPTV1-VT,,,,False,False,False,False,False,False,False,False,False,,False,25750.0,0.0,25750.0,3776177152.0,3776177152.0,60904515584.0,1159.0,1159.0,,1159.0,1159.0,0.0,1159.0,,,,,,,,,,,,,,,,,,,,,,,,,,,,,,,,,,,,,,,,,,,,,,,,,,,,,,,,,,,,,,,,,,,,,,,,,,,,,,,,,,,,,,,,,,,,,,,,,,,,,,,,,,,,1159.0,0.0,1159.0,0.0,25750.0,25750.0,1159.0,,1159.0,,,,,,,1159.0,,,,,,,,,,,,,,,,,,,,,0.0,,0.0,0.0,0.0,0.0,0.0,0.0,0.0,1.0,0.0,1.43,0.05,False,False,False,,False,False,False,False,False,False,False,False,False,,,,,,,,,,,,,,,,,,,,,,,,,,,,,,,,,,,,,,,,
01244081160_dsl,Gurgaon,108.0,NKOT0F01CE6F,NOKIA,982CC65FE490,Haryana,0.0,0.0,0.0,0.0,100.0,1.44,,,0.0,,0.0,0.0,0.0,0.0,,0.0,0.0,0.03,AOT4221NK,,,,,False,False,False,False,,False,False,False,False,,False,18816.0,0.0,18816.0,208929792.0,208929792.0,14486651904.0,784.0,784.0,,784.0,784.0,0.0,784.0,,,,,,,,,,,,,,,,,,,,,,,,,,,,,,,,,,,,,,,,,,,,,,,,,,,,,,,,,,,,,,,,,,,,,,,,,,,,,,,,,,,,,,,,,,,,,,,,,,,,,,,,,,,,784.0,0.0,784.0,0.0,18816.0,18816.0,784.0,,784.0,,,,,,,784.0,,,,,,,,,,,,,,,,,,,,,0.0,,0.0,0.0,0.0,0.0,0.0,0.0,0.0,,0.0,0.0,0.03,,,False,,False,False,False,False,False,False,False,,False,,,,,,,,,,,,,,,,,,,,,,,,,,,,,,,,,,,,,,,,
012422395135_wifi,Gurgaon,108.0,ZYOTB0900014,NOKIA,E85C5FA8F98A,Haryana,41.6,41.6,0.0,100.0,0.0,0.01,,,0.0,,22.32,22.32,0.0,0.0,0.0,,0.0,0.01,AOT5222ZY,,,,,False,False,False,False,,False,False,False,False,False,,28176.0,28176.0,0.0,4685824.0,4685824.0,41682370560.0,1174.0,1174.0,1174.0,,1174.0,1174.0,0.0,,,,,,,,,,,,,,,,,,,,,,,,,,,,,,,,,,,,,,,,,,,,,,,,,,,,,,,,,,,,,,,,,,,,,,,,,,,,,,,,,,,,,,,,,,,,,,,,,,,,,,,,,,,,1174.0,1174.0,0.0,28176.0,0.0,28176.0,1174.0,1174.0,,,,,,,,1174.0,,,,,,,,,,,,,,,,,,,,,0.0,0.0,,41.6,41.6,0.0,22.32,22.32,0.0,,0.0,0.0,0.01,,,False,False,,False,False,False,False,False,False,,False,,,,,,,,,,,,,,,,,,,,,,,,,,,,,,,,,,,,,,,,
012445118300_dsl,Gurgaon,108.0,NKOT0F01D2BA,NOKIA,F2E5225B80EE,Haryana,0.0,0.0,0.0,3.42,96.58,1.1,False,False,0.0,27.0,1.14,100.0,0.0,1.14,100.0,0.0,1.17,0.03,AOT4221NK,iPhone,PHONE,,iPhone,False,False,False,False,True,False,True,False,False,True,False,4176.0,0.0,4176.0,203966464.0,203966464.0,18599175168.0,176.0,176.0,2.0,174.0,176.0,2.0,174.0,,,,,,,,,,,,,,,,,,,,,,,,,,,,,,,,,,,,,,,,,,,,,,,,,,,,,,,,,,,,,,,,,,,,,,,,,,,,,,,,,,,,,,,,,,,,,,,,,,,,,,,,,,,,176.0,2.0,174.0,0.0,4176.0,4176.0,176.0,2.0,174.0,,,,,,,176.0,,,,,,,,,,,,,,,,,,,,,1.14,100.0,0.0,0.0,0.0,0.0,1.14,100.0,0.0,27.0,0.0,1.17,0.03,False,False,False,True,False,False,False,False,False,True,False,True,False,,,,,,,,,,,,,,,,,,,,,,,,,,,,,,,,,,,,,,,,
012444801137_dsl,Gurgaon,108.0,NKOTDF000165,NOKIA,1ADDCC588ACB,Haryana,0.05,0.0,0.05,0.0,100.0,20.7,False,False,0.0,10.0,0.48,100.0,0.38,0.38,0.0,0.38,1.52,0.47,AAP321NK,Saumya-s-S24-FE,OTHER,,,False,False,False,False,True,False,True,False,False,False,False,23062.0,0.0,23062.0,12604417024.0,12604417024.0,60904515584.0,1040.0,1040.0,1.0,1039.0,1040.0,1.0,1039.0,,,,,,,,,,,,,,,,,,,,,,,,,,,,,,,,,,,,,,,,,,,,,,,,,,,,,,,,,,,,,,,,,,,,,,,,,,,,,,,,,,,,,,,,,,,,,,,,,,,,,,,,,,,,1040.0,1.0,1039.0,0.0,23062.0,23062.0,1040.0,1.0,1039.0,,,,,,,1040.0,,,,,,,,,,,,,,,,,,,,,0.38,0.0,0.38,0.05,0.0,0.05,0.48,100.0,0.38,10.0,0.0,1.52,0.47,False,False,False,False,False,False,False,False,False,True,False,True,False,,,,,,,,,,,,,,,,,,,,,,,,,,,,,,,,,,,,,,,,
012436398608_dsl,Gurgaon,108.0,NKOTDF0001E7,NOKIA,4A2B8C8008F5,Haryana,0.0,0.0,0.0,65.9,34.1,32.45,False,False,0.0,7.0,31.13,36.93,22.4,0.0,0.0,0.0,1.79,0.06,AOT4221NK,OnePlus-Nord-CE3-5G,,,,False,False,False,False,True,False,False,False,False,False,False,6754.0,0.0,6754.0,21626892288.0,21626892288.0,66646081536.0,771.0,771.0,463.0,308.0,771.0,463.0,308.0,,,,,,,,,,,,,,,,,,,,,,,,,,,,,,,,,,,,,,,,,,,,,,,,,,,,,,,,,,,,,,,,,,,,,,,,,,,,,,,,,,,,,,,,,,,,,,,,,,,,,,,,,,,,771.0,463.0,308.0,0.0,6754.0,6754.0,771.0,463.0,308.0,,,,,,,771.0,,,,,,,,,,,,,,,,,,,,,0.0,0.0,0.0,0.0,0.0,0.0,31.13,36.93,22.4,7.0,0.0,1.79,0.06,False,False,False,False,False,False,False,False,False,False,False,True,False,,,,,,,,,,,,,,,,,,,,,,,,,,,,,,,,,,,,,,,,
012444801137_dsl,Gurgaon,108.0,NKOTDF000165,NOKIA,9877D5D7774A,Haryana,,,,100.0,0.0,0.0,False,False,0.0,1.0,100.0,100.0,0.0,0.0,0.0,,0.0,0.0,AAP321NK,wiz_d7774a,,,,,,,False,False,True,True,False,False,False,,,,,663552.0,663552.0,60904515584.0,8.0,8.0,8.0,,8.0,8.0,0.0,,,,,,,,,,,,,,,,,,,,,,,,,,,,,,,,,,,,,,,,,,,,,,,,,,,,,,,,,,,,,,,,,,,,,,,,,,,,,,,,,,,,,,,,,,,,,,,,,,,,,,,,,,,,8.0,8.0,0.0,,,,8.0,8.0,,,,,,,,8.0,,,,,,,,,,,,,,,,,,,,,0.0,0.0,,,,,100.0,100.0,0.0,1.0,0.0,0.0,0.0,False,False,False,False,,,,,True,True,False,False,False,,,,,,,,,,,,,,,,,,,,,,,,,,,,,,,,,,,,,,,,
012444801137_dsl,Gurgaon,108.0,NKOTDF000165,NOKIA,9877D5A4F04A,Haryana,,,,100.0,0.0,0.0,False,False,0.0,1.0,100.0,100.0,0.0,0.0,0.0,,0.0,0.0,AAP321NK,wiz_a4f04a,,,,,,,False,False,True,True,False,False,False,,,,,663552.0,663552.0,60904515584.0,8.0,8.0,8.0,,8.0,8.0,0.0,,,,,,,,,,,,,,,,,,,,,,,,,,,,,,,,,,,,,,,,,,,,,,,,,,,,,,,,,,,,,,,,,,,,,,,,,,,,,,,,,,,,,,,,,,,,,,,,,,,,,,,,,,,,8.0,8.0,0.0,,,,8.0,8.0,,,,,,,,8.0,,,,,,,,,,,,,,,,,,,,,0.0,0.0,,,,,100.0,100.0,0.0,1.0,0.0,0.0,0.0,False,False,False,False,,,,,True,True,False,False,False,,,,,,,,,,,,,,,,,,,,,,,,,,,,,,,,,,,,,,,,
012447957675_dsl,Gurgaon,108.0,ZYOT5E069474,NOKIA,401A58606B5F,Haryana,0.0,0.0,0.0,0.0,100.0,25.03,,,0.0,,0.0,0.0,0.0,0.0,,0.0,10.74,0.43,AOT5221ZY,,,,,False,False,False,False,,False,False,False,False,,False,4008.0,0.0,4008.0,7960722432.0,7960722432.0,31808593920.0,167.0,167.0,,167.0,167.0,0.0,167.0,,,,,,,,,,,,,,,,,,,,,,,,,,,,,,,,,,,,,,,,,,,,,,,,,,,,,,,,,,,,,,,,,,,,,,,,,,,,,,,,,,,,,,,,,,,,,,,,,,,,,,,,,,,,167.0,0.0,167.0,0.0,4008.0,4008.0,167.0,,167.0,,,,,,,167.0,,,,,,,,,,,,,,,,,,,,,0.0,,0.0,0.0,0.0,0.0,0.0,0.0,0.0,,0.0,10.74,0.43,,,False,,False,False,False,False,False,False,False,,False,,,,,,,,,,,,,,,,,,,,,,,,,,,,,,,,,,,,,,,,
012445118300_dsl,Gurgaon,108.0,NKOT0F01D2BA,NOKIA,48E15C8D0707,Haryana,0.0,0.0,0.0,0.0,100.0,0.62,,,0.0,,0.0,0.0,0.0,0.0,,0.0,0.0,0.04,AOT4221NK,,,,,False,False,False,False,,False,False,False,False,,False,20832.0,0.0,20832.0,115206144.0,115206144.0,18599175168.0,868.0,868.0,,868.0,868.0,0.0,868.0,,,,,,,,,,,,,,,,,,,,,,,,,,,,,,,,,,,,,,,,,,,,,,,,,,,,,,,,,,,,,,,,,,,,,,,,,,,,,,,,,,,,,,,,,,,,,,,,,,,,,,,,,,,,868.0,0.0,868.0,0.0,20832.0,20832.0,868.0,,868.0,,,,,,,868.0,,,,,,,,,,,,,,,,,,,,,0.0,,0.0,0.0,0.0,0.0,0.0,0.0,0.0,,0.0,0.0,0.04,,,False,,False,False,False,False,False,False,False,,False,,,,,,,,,,,,,,,,,,,,,,,,,,,,,,,,,,,,,,,,
012447957675_dsl,Gurgaon,108.0,ZYOT5E069474,NOKIA,985F4150D27D,Haryana,0.0,0.0,0.0,0.0,100.0,62.6,,,0.0,,19.65,0.0,19.65,0.0,,0.0,2.6,1.43,AOT5221ZY,,,,,False,False,False,False,,False,False,False,False,,False,24552.0,0.0,24552.0,19911387136.0,19911387136.0,31808593920.0,1023.0,1023.0,,1023.0,1023.0,0.0,1023.0,,,,,,,,,,,,,,,,,,,,,,,,,,,,,,,,,,,,,,,,,,,,,,,,,,,,,,,,,,,,,,,,,,,,,,,,,,,,,,,,,,,,,,,,,,,,,,,,,,,,,,,,,,,,1023.0,0.0,1023.0,0.0,24552.0,24552.0,1023.0,,1023.0,,,,,,,1023.0,,,,,,,,,,,,,,,,,,,,,0.0,,0.0,0.0,0.0,0.0,19.65,0.0,19.65,,0.0,2.6,1.43,,,False,,False,False,False,False,False,False,False,,False,,,,,,,,,,,,,,,,,,,,,,,,,,,,,,,,,,,,,,,,
01244054723_dsl,Gurgaon,108.0,NKOT0F0226EE,NOKIA,CC6B1E9D361D,Haryana,0.0,0.0,0.0,0.03,99.97,16.16,False,True,0.0,12.0,28.75,100.0,17.4,11.45,83.33,0.0,4.2,0.14,AOT4221NK,LAPTOP-333I3CKG,LAPTOP,HP,ProBook,False,False,False,False,True,False,True,False,False,True,False,7458.0,0.0,7458.0,4361384960.0,4361384960.0,26989172736.0,393.0,393.0,54.0,339.0,393.0,54.0,339.0,,,,,,,,,,,,,,,,,,,,,,,,,,,,,,,,,,,,,,,,,,,,,,,,,,,,,,,,,,,,,,,,,,,,,,,,,,,,,,,,,,,,,,,,,,,,,,,,,,,,,,,,,,,,393.0,54.0,339.0,0.0,7458.0,7458.0,393.0,54.0,339.0,,,,,,,393.0,,,,,,,,,,,,,,,,,,,,,11.45,83.33,0.0,0.0,0.0,0.0,28.75,100.0,17.4,12.0,0.0,4.2,0.14,False,True,False,True,False,False,False,False,False,True,False,True,False,,,,,,,,,,,,,,,,,,,,,,,,,,,,,,,,,,,,,,,,
01244054723_dsl,Gurgaon,108.0,NKOT0F0226EE,NOKIA,5AA1E0C63E20,Haryana,0.0,0.0,0.0,44.76,55.24,25.06,False,False,0.0,38.0,17.35,36.4,0.0,0.1,0.22,0.0,3.14,0.08,AOT4221NK,Pixel-8a,,Google,Pixel 8a,False,False,False,False,True,False,False,False,False,False,False,11022.0,0.0,11022.0,6764141568.0,6764141568.0,26989172736.0,957.0,957.0,456.0,501.0,957.0,456.0,501.0,,,,,,,,,,,,,,,,,,,,,,,,,,,,,,,,,,,,,,,,,,,,,,,,,,,,,,,,,,,,,,,,,,,,,,,,,,,,,,,,,,,,,,,,,,,,,,,,,,,,,,,,,,,,957.0,456.0,501.0,0.0,11022.0,11022.0,957.0,456.0,501.0,,,,,,,957.0,,,,,,,,,,,,,,,,,,,,,0.1,0.22,0.0,0.0,0.0,0.0,17.35,36.4,0.0,38.0,0.0,3.14,0.08,False,False,False,False,False,False,False,False,False,False,False,True,False,,,,,,,,,,,,,,,,,,,,,,,,,,,,,,,,,,,,,,,,
012445118300_dsl,Gurgaon,108.0,NKOT0F01D2BA,NOKIA,AADC7D1DFBBF,Haryana,0.0,0.0,0.0,0.04,99.96,1.37,False,False,0.0,41.0,1.75,100.0,0.0,1.75,100.0,0.0,1.73,4.42,AOT4221NK,iPhone,PHONE,Apple,iPhone,False,False,False,False,True,False,True,False,False,True,False,1344.0,0.0,1344.0,254393344.0,254393344.0,18599175168.0,57.0,57.0,1.0,56.0,57.0,1.0,56.0,,,,,,,,,,,,,,,,,,,,,,,,,,,,,,,,,,,,,,,,,,,,,,,,,,,,,,,,,,,,,,,,,,,,,,,,,,,,,,,,,,,,,,,,,,,,,,,,,,,,,,,,,,,,57.0,1.0,56.0,0.0,1344.0,1344.0,57.0,1.0,56.0,,,,,,,57.0,,,,,,,,,,,,,,,,,,,,,1.75,100.0,0.0,0.0,0.0,0.0,1.75,100.0,0.0,41.0,0.0,1.73,4.42,False,False,False,True,False,False,False,False,False,True,False,True,False,,,,,,,,,,,,,,,,,,,,,,,,,,,,,,,,,,,,,,,,
012445118300_dsl,Gurgaon,108.0,NKOT0F01D2BA,NOKIA,860169977AA6,Haryana,,,,100.0,0.0,0.35,False,False,0.0,3.0,100.0,100.0,0.0,0.0,0.0,,0.01,0.01,AOT4221NK,Watch,,,,,,,False,False,True,True,False,False,False,,,,,64204800.0,64204800.0,18599175168.0,408.0,408.0,408.0,,408.0,408.0,0.0,,,,,,,,,,,,,,,,,,,,,,,,,,,,,,,,,,,,,,,,,,,,,,,,,,,,,,,,,,,,,,,,,,,,,,,,,,,,,,,,,,,,,,,,,,,,,,,,,,,,,,,,,,,,408.0,408.0,0.0,,,,408.0,408.0,,,,,,,,408.0,,,,,,,,,,,,,,,,,,,,,0.0,0.0,,,,,100.0,100.0,0.0,3.0,0.0,0.01,0.01,False,False,False,False,,,,,True,True,False,False,False,,,,,,,,,,,,,,,,,,,,,,,,,,,,,,,,,,,,,,,,
012444903348_dsl,Gurgaon,108.0,NKOT0F01CE7E,NOKIA,BCF171E84D65,Haryana,0.0,0.0,0.0,1.01,98.99,20.59,,,0.0,8.0,3.32,5.85,0.0,0.0,0.0,0.0,11.75,0.53,AOT4221NK,TABLET-G71GRCJO,TABLET,Microsoft,Surface Pro 8,False,False,False,False,True,False,False,False,False,False,False,12581.0,12581.0,0.0,24416530140.0,24416530140.0,118588693273.0,964.0,964.0,547.0,417.0,964.0,547.0,417.0,,,,,,,,,,,,,,,,,,,,,,,,,,,,,,,,,,,,,,,,,,,,,,,,,,,,,,,,,,,,,,,,,,,,,,,,,,,,,,,,,,,,,,,,,,,,,,,,,,,,,,,,,,,,964.0,547.0,417.0,12581.0,0.0,12581.0,964.0,547.0,417.0,,,,,,,964.0,,,,,,,,,,,,,,,,,,,,,0.0,0.0,0.0,0.0,0.0,0.0,3.32,5.85,0.0,8.0,0.0,11.75,0.53,,,False,False,False,False,False,False,False,False,False,True,False,,,,,,,,,,,,,,,,,,,,,,,,,,,,,,,,,,,,,,,,
012422395135_wifi,Gurgaon,108.0,ZYOTB0900014,NOKIA,D22348546AEF,Haryana,,,,0.0,100.0,0.09,False,False,0.0,0.0,0.0,0.0,0.0,0.0,,0.0,0.22,0.01,AOT5222ZY,Anni-s-Galaxy-S20,PHONE,Samsung Electronics,Galaxy,,,,False,False,False,False,False,False,,False,,,,37643264.0,37643264.0,41682370560.0,629.0,629.0,,629.0,629.0,0.0,629.0,,,,,,,,,,,,,,,,,,,,,,,,,,,,,,,,,,,,,,,,,,,,,,,,,,,,,,,,,,,,,,,,,,,,,,,,,,,,,,,,,,,,,,,,,,,,,,,,,,,,,,,,,,,,629.0,0.0,629.0,,,,629.0,,629.0,,,,,,,629.0,,,,,,,,,,,,,,,,,,,,,0.0,,0.0,,,,0.0,0.0,0.0,0.0,0.0,0.22,0.01,False,False,False,,False,,,,False,False,False,False,False,,,,,,,,,,,,,,,,,,,,,,,,,,,,,,,,,,,,,,,,
012445118300_dsl,Gurgaon,108.0,NKOT0F01D2BA,NOKIA,02B8F490E9C4,Haryana,4.64,0.0,4.64,0.03,99.97,4.51,True,False,0.0,12.0,15.9,100.0,15.65,4.91,100.0,4.64,81.71,163.39,AOT4221NK,OnePlus-Nord-CE3-5G,PHONE,OnePlus,Nord CE3,False,False,False,False,True,False,True,False,False,True,False,8280.0,0.0,8280.0,838178816.0,838178816.0,18599175168.0,346.0,346.0,1.0,345.0,346.0,1.0,345.0,,,,,,,,,,,,,,,,,,,,,,,,,,,,,,,,,,,,,,,,,,,,,,,,,,,,,,,,,,,,,,,,,,,,,,,,,,,,,,,,,,,,,,,,,,,,,,,,,,,,,,,,,,,,346.0,1.0,345.0,0.0,8280.0,8280.0,346.0,1.0,345.0,,,,,,,346.0,,,,,,,,,,,,,,,,,,,,,4.91,100.0,4.64,4.64,0.0,4.64,15.9,100.0,15.65,12.0,0.0,81.71,163.39,True,False,False,True,False,False,False,False,False,True,False,True,False,,,,,,,,,,,,,,,,,,,,,,,,,,,,,,,,,,,,,,,,
01244081160_dsl,Gurgaon,108.0,NKOT0F01CE6F,NOKIA,6854FD250B98,Haryana,,,,100.0,0.0,0.75,,,0.0,,0.0,0.0,0.0,0.0,0.0,,0.01,0.01,AOT4221NK,,,,,,,,False,,False,False,False,False,False,,,,,108762112.0,108762112.0,14486651904.0,757.0,757.0,757.0,,757.0,757.0,0.0,,,,,,,,,,,,,,,,,,,,,,,,,,,,,,,,,,,,,,,,,,,,,,,,,,,,,,,,,,,,,,,,,,,,,,,,,,,,,,,,,,,,,,,,,,,,,,,,,,,,,,,,,,,,757.0,757.0,0.0,,,,757.0,757.0,,,,,,,,757.0,,,,,,,,,,,,,,,,,,,,,0.0,0.0,,,,,0.0,0.0,0.0,,0.0,0.01,0.01,,,False,False,,,,,False,False,False,,False,,,,,,,,,,,,,,,,,,,,,,,,,,,,,,,,,,,,,,,,
012421019184_wifi,Gurgaon,108.0,ZYOTB0900058,NOKIA,D2D92528899B,Haryana,50.0,0.0,50.0,0.0,100.0,0.07,,,0.0,0.0,0.0,0.0,0.0,0.0,,0.0,3.07,0.05,AOT5222ZY,,,,,False,False,False,False,False,False,False,False,False,,False,256.0,0.0,256.0,983646208.0,983646208.0,1312742806528.0,64.0,64.0,,64.0,64.0,0.0,64.0,,,,,,,,,,,,,,,,,,,,,,,,,,,,,,,,,,,,,,,,,,,,,,,,,,,,,,,,,,,,,,,,,,,,,,,,,,,,,,,,,,,,,,,,,,,,,,,,,,,,,,,,,,,,64.0,0.0,64.0,0.0,256.0,256.0,64.0,,64.0,,,,,,,64.0,,,,,,,,,,,,,,,,,,,,,0.0,,0.0,50.0,0.0,50.0,0.0,0.0,0.0,0.0,0.0,3.07,0.05,,,False,,False,False,False,False,False,False,False,False,False,,,,,,,,,,,,,,,,,,,,,,,,,,,,,,,,,,,,,,,,
01244054723_dsl,Gurgaon,108.0,NKOT0F0226EE,NOKIA,62A173AB08D4,Haryana,0.0,0.0,0.0,0.0,100.0,0.46,False,False,0.0,3.0,0.0,0.0,0.0,0.0,,0.0,0.09,0.01,AOT4221NK,iPhone,PHONE,Apple,iPhone,False,False,False,False,False,False,False,False,False,,False,2200.0,0.0,2200.0,123276288.0,123276288.0,26989172736.0,100.0,100.0,,100.0,100.0,0.0,100.0,,,,,,,,,,,,,,,,,,,,,,,,,,,,,,,,,,,,,,,,,,,,,,,,,,,,,,,,,,,,,,,,,,,,,,,,,,,,,,,,,,,,,,,,,,,,,,,,,,,,,,,,,,,,100.0,0.0,100.0,0.0,2200.0,2200.0,100.0,,100.0,,,,,,,100.0,,,,,,,,,,,,,,,,,,,,,0.0,,0.0,0.0,0.0,0.0,0.0,0.0,0.0,3.0,0.0,0.09,0.01,False,False,False,,False,False,False,False,False,False,False,False,False,,,,,,,,,,,,,,,,,,,,,,,,,,,,,,,,,,,,,,,,
012445118300_dsl,Gurgaon,108.0,NKOT0F01D2BA,NOKIA,50DCE7D68D34,Haryana,0.0,0.0,0.0,0.0,100.0,2.09,,,0.0,,0.0,0.0,0.0,0.0,,0.0,0.32,0.01,AOT4221NK,,,,,False,False,False,False,,False,False,False,False,,False,20832.0,0.0,20832.0,388344832.0,388344832.0,18599175168.0,868.0,868.0,,868.0,868.0,0.0,868.0,,,,,,,,,,,,,,,,,,,,,,,,,,,,,,,,,,,,,,,,,,,,,,,,,,,,,,,,,,,,,,,,,,,,,,,,,,,,,,,,,,,,,,,,,,,,,,,,,,,,,,,,,,,,868.0,0.0,868.0,0.0,20832.0,20832.0,868.0,,868.0,,,,,,,868.0,,,,,,,,,,,,,,,,,,,,,0.0,,0.0,0.0,0.0,0.0,0.0,0.0,0.0,,0.0,0.32,0.01,,,False,,False,False,False,False,False,False,False,,False,,,,,,,,,,,,,,,,,,,,,,,,,,,,,,,,,,,,,,,,
012447957675_dsl,Gurgaon,108.0,ZYOT5E069474,NOKIA,8A0688D585E5,Haryana,0.0,0.0,0.0,0.0,100.0,0.42,,,0.0,,0.0,0.0,0.0,0.0,,0.0,0.18,0.14,AOT5221ZY,,,,,False,False,False,False,,False,False,False,False,,False,10056.0,0.0,10056.0,133408768.0,133408768.0,31808593920.0,419.0,419.0,,419.0,419.0,0.0,419.0,,,,,,,,,,,,,,,,,,,,,,,,,,,,,,,,,,,,,,,,,,,,,,,,,,,,,,,,,,,,,,,,,,,,,,,,,,,,,,,,,,,,,,,,,,,,,,,,,,,,,,,,,,,,419.0,0.0,419.0,0.0,10056.0,10056.0,419.0,,419.0,,,,,,,419.0,,,,,,,,,,,,,,,,,,,,,0.0,,0.0,0.0,0.0,0.0,0.0,0.0,0.0,,0.0,0.18,0.14,,,False,,False,False,False,False,False,False,False,,False,,,,,,,,,,,,,,,,,,,,,,,,,,,,,,,,,,,,,,,,
01246472327_dsl,Gurgaon,108.0,NKOTA0000592,NOKIA,481B40DAC1F0,Haryana,0.0,0.0,0.0,0.0,100.0,16.36,False,False,0.0,1.0,0.0,0.0,0.0,0.0,,0.0,2.35,0.03,AOT4221NK,Unknown_48:1b:40:da:c1:f0,OTHER,Vantiva USA,,False,False,False,False,False,False,False,False,False,,False,17342.0,0.0,17342.0,6602704896.0,6602704896.0,40367702016.0,754.0,754.0,,754.0,754.0,0.0,754.0,,,,,,,,,,,,,,,,,,,,,,,,,,,,,,,,,,,,,,,,,,,,,,,,,,,,,,,,,,,,,,,,,,,,,,,,,,,,,,,,,,,,,,,,,,,,,,,,,,,,,,,,,,,,754.0,0.0,754.0,0.0,17342.0,17342.0,754.0,,754.0,,,,,,,754.0,,,,,,,,,,,,,,,,,,,,,0.0,,0.0,0.0,0.0,0.0,0.0,0.0,0.0,1.0,0.0,2.35,0.03,False,False,False,,False,False,False,False,False,False,False,False,False,,,,,,,,,,,,,,,,,,,,,,,,,,,,,,,,,,,,,,,,
012444903348_dsl,Gurgaon,108.0,NKOT0F01CE7E,NOKIA,5CEA1D30FB63,Haryana,,,,0.0,100.0,50.08,,,0.0,,0.0,0.0,0.0,0.0,,0.0,5.2,0.09,AOT4221NK,,,,,,,,False,,False,False,False,False,,False,,,,59391720302.0,59391720302.0,118588693273.0,1165.0,1165.0,,1165.0,1165.0,0.0,1165.0,,,,,,,,,,,,,,,,,,,,,,,,,,,,,,,,,,,,,,,,,,,,,,,,,,,,,,,,,,,,,,,,,,,,,,,,,,,,,,,,,,,,,,,,,,,,,,,,,,,,,,,,,,,,1165.0,0.0,1165.0,,,,1165.0,,1165.0,,,,,,,1165.0,,,,,,,,,,,,,,,,,,,,,0.0,,0.0,,,,0.0,0.0,0.0,,0.0,5.2,0.09,,,False,,False,,,,False,False,False,,False,,,,,,,,,,,,,,,,,,,,,,,,,,,,,,,,,,,,,,,,
012444903348_dsl,Gurgaon,108.0,NKOT0F01CE7E,NOKIA,DE9EF3A73DC5,Haryana,0.0,0.0,0.0,97.52,2.48,0.0,False,True,0.0,9.0,89.25,90.22,0.0,0.0,0.0,0.0,0.0,0.0,AOT4221NK,Watch,,,,False,False,False,False,True,True,True,False,False,False,False,2208.0,2208.0,0.0,268190.0,268190.0,118588693273.0,93.0,93.0,92.0,1.0,93.0,92.0,1.0,,,,,,,,,,,,,,,,,,,,,,,,,,,,,,,,,,,,,,,,,,,,,,,,,,,,,,,,,,,,,,,,,,,,,,,,,,,,,,,,,,,,,,,,,,,,,,,,,,,,,,,,,,,,93.0,92.0,1.0,2208.0,0.0,2208.0,93.0,92.0,1.0,,,,,,,93.0,,,,,,,,,,,,,,,,,,,,,0.0,0.0,0.0,0.0,0.0,0.0,89.25,90.22,0.0,9.0,0.0,0.0,0.0,False,True,False,False,False,False,False,False,True,True,False,True,False,,,,,,,,,,,,,,,,,,,,,,,,,,,,,,,,,,,,,,,,
012447957675_dsl,Gurgaon,108.0,ZYOT5E069474,NOKIA,324ED16F1BEC,Haryana,0.0,0.0,0.0,0.0,100.0,0.48,,,0.0,,0.0,0.0,0.0,0.0,,0.0,0.04,0.0,AOT5221ZY,,,,,False,False,False,False,,False,False,False,False,,False,10056.0,0.0,10056.0,153654272.0,153654272.0,31808593920.0,419.0,419.0,,419.0,419.0,0.0,419.0,,,,,,,,,,,,,,,,,,,,,,,,,,,,,,,,,,,,,,,,,,,,,,,,,,,,,,,,,,,,,,,,,,,,,,,,,,,,,,,,,,,,,,,,,,,,,,,,,,,,,,,,,,,,419.0,0.0,419.0,0.0,10056.0,10056.0,419.0,,419.0,,,,,,,419.0,,,,,,,,,,,,,,,,,,,,,0.0,,0.0,0.0,0.0,0.0,0.0,0.0,0.0,,0.0,0.04,0.0,,,False,,False,False,False,False,False,False,False,,False,,,,,,,,,,,,,,,,,,,,,,,,,,,,,,,,,,,,,,,,
012444903348_dsl,Gurgaon,108.0,NKOT0F01CE7E,NOKIA,C25FF6C7715F,Haryana,16.17,16.17,0.0,100.0,0.0,2.39,False,False,0.0,10.0,93.61,93.61,0.0,44.76,44.76,,0.86,0.03,AOT4221NK,realme-C11-2021,PHONE,Realme,Realme,False,False,False,False,True,True,True,False,False,False,,9138.0,9138.0,0.0,2837115359.0,2837115359.0,118588693273.0,391.0,391.0,391.0,,391.0,391.0,0.0,,,,,,,,,,,,,,,,,,,,,,,,,,,,,,,,,,,,,,,,,,,,,,,,,,,,,,,,,,,,,,,,,,,,,,,,,,,,,,,,,,,,,,,,,,,,,,,,,,,,,,,,,,,,391.0,391.0,0.0,9138.0,0.0,9138.0,391.0,391.0,,,,,,,,391.0,,,,,,,,,,,,,,,,,,,,,44.76,44.76,,16.17,16.17,0.0,93.61,93.61,0.0,10.0,0.0,0.86,0.03,False,False,False,False,,False,False,False,True,True,False,True,False,,,,,,,,,,,,,,,,,,,,,,,,,,,,,,,,,,,,,,,,
012422395135_wifi,Gurgaon,108.0,ZYOTB0900014,NOKIA,F22EA44552CD,Haryana,,,,0.0,100.0,0.0,False,True,0.0,3.0,0.0,0.0,0.0,0.0,,0.0,0.0,0.0,AOT5222ZY,SM-R960,,,,,,,False,False,False,False,False,False,,False,,,,73728.0,73728.0,41682370560.0,27.0,27.0,,27.0,27.0,0.0,27.0,,,,,,,,,,,,,,,,,,,,,,,,,,,,,,,,,,,,,,,,,,,,,,,,,,,,,,,,,,,,,,,,,,,,,,,,,,,,,,,,,,,,,,,,,,,,,,,,,,,,,,,,,,,,27.0,0.0,27.0,,,,27.0,,27.0,,,,,,,27.0,,,,,,,,,,,,,,,,,,,,,0.0,,0.0,,,,0.0,0.0,0.0,3.0,0.0,0.0,0.0,False,True,False,,False,,,,False,False,False,False,False,,,,,,,,,,,,,,,,,,,,,,,,,,,,,,,,,,,,,,,,
01244081160_dsl,Gurgaon,108.0,NKOT0F01CE6F,NOKIA,DA662903C070,Haryana,0.0,0.0,0.0,0.0,100.0,1.08,,,0.0,,0.0,0.0,0.0,0.0,,0.0,0.0,0.05,AOT4221NK,,,,,False,False,False,False,,False,False,False,False,,False,17520.0,0.0,17520.0,157107200.0,157107200.0,14486651904.0,730.0,730.0,,730.0,730.0,0.0,730.0,,,,,,,,,,,,,,,,,,,,,,,,,,,,,,,,,,,,,,,,,,,,,,,,,,,,,,,,,,,,,,,,,,,,,,,,,,,,,,,,,,,,,,,,,,,,,,,,,,,,,,,,,,,,730.0,0.0,730.0,0.0,17520.0,17520.0,730.0,,730.0,,,,,,,730.0,,,,,,,,,,,,,,,,,,,,,0.0,,0.0,0.0,0.0,0.0,0.0,0.0,0.0,,0.0,0.0,0.05,,,False,,False,False,False,False,False,False,False,,False,,,,,,,,,,,,,,,,,,,,,,,,,,,,,,,,,,,,,,,,
01246232448_dsl,Gurgaon,108.0,NKOT2F045EF1,NOKIA,7A5B25752C54,Haryana,,,,0.0,100.0,3.26,False,False,0.0,14.0,0.21,0.0,0.21,0.21,,0.21,0.69,0.05,AOT4221NK,,,,,,,,False,True,False,False,False,False,,False,,,,1183575183.0,1183575183.0,36272653320.0,475.0,475.0,,475.0,475.0,0.0,475.0,,,,,,,,,,,,,,,,,,,,,,,,,,,,,,,,,,,,,,,,,,,,,,,,,,,,,,,,,,,,,,,,,,,,,,,,,,,,,,,,,,,,,,,,,,,,,,,,,,,,,,,,,,,,475.0,0.0,475.0,,,,475.0,,475.0,,,,,,,475.0,,,,,,,,,,,,,,,,,,,,,0.21,,0.21,,,,0.21,0.0,0.21,14.0,0.0,0.69,0.05,False,False,False,,False,,,,False,False,False,True,False,,,,,,,,,,,,,,,,,,,,,,,,,,,,,,,,,,,,,,,,
012422395135_wifi,Gurgaon,108.0,ZYOTB0900014,NOKIA,109F41C75192,Haryana,,,,0.0,100.0,2.24,False,False,0.0,0.0,0.0,0.0,0.0,0.0,,0.0,0.11,0.03,AOT5222ZY,LTB0325595-MAC,LAPTOP,Apple,MacBook Pro,,,,False,False,False,False,False,False,,False,,,,935525376.0,935525376.0,41682370560.0,629.0,629.0,,629.0,629.0,0.0,629.0,,,,,,,,,,,,,,,,,,,,,,,,,,,,,,,,,,,,,,,,,,,,,,,,,,,,,,,,,,,,,,,,,,,,,,,,,,,,,,,,,,,,,,,,,,,,,,,,,,,,,,,,,,,,629.0,0.0,629.0,,,,629.0,,629.0,,,,,,,629.0,,,,,,,,,,,,,,,,,,,,,0.0,,0.0,,,,0.0,0.0,0.0,0.0,0.0,0.11,0.03,False,False,False,,False,,,,False,False,False,False,False,,,,,,,,,,,,,,,,,,,,,,,,,,,,,,,,,,,,,,,,
012444801137_dsl,Gurgaon,108.0,NKOTDF000165,NOKIA,9877D5D77618,Haryana,,,,100.0,0.0,0.0,False,False,0.0,2.0,100.0,100.0,0.0,0.0,0.0,,0.0,0.0,AAP321NK,wiz_d77618,SMART_HOME,WIZ,Light,,,,False,False,True,True,False,False,False,,,,,671744.0,671744.0,60904515584.0,8.0,8.0,8.0,,8.0,8.0,0.0,,,,,,,,,,,,,,,,,,,,,,,,,,,,,,,,,,,,,,,,,,,,,,,,,,,,,,,,,,,,,,,,,,,,,,,,,,,,,,,,,,,,,,,,,,,,,,,,,,,,,,,,,,,,8.0,8.0,0.0,,,,8.0,8.0,,,,,,,,8.0,,,,,,,,,,,,,,,,,,,,,0.0,0.0,,,,,100.0,100.0,0.0,2.0,0.0,0.0,0.0,False,False,False,False,,,,,True,True,False,False,False,,,,,,,,,,,,,,,,,,,,,,,,,,,,,,,,,,,,,,,,
012447862103_dsl,Gurgaon,108.0,ZYOTB0900020,NOKIA,44F53E70E6E0,Haryana,0.0,0.0,0.0,0.0,100.0,0.0,,,0.0,,0.0,0.0,0.0,0.0,,0.0,0.01,0.0,AOT5222ZY,,,,,False,False,False,False,,False,False,False,False,,False,24679.0,0.0,24679.0,56584192.0,56584192.0,15021251838976.0,1073.0,1073.0,,1073.0,1073.0,0.0,1073.0,,,,,,,,,,,,,,,,,,,,,,,,,,,,,,,,,,,,,,,,,,,,,,,,,,,,,,,,,,,,,,,,,,,,,,,,,,,,,,,,,,,,,,,,,,,,,,,,,,,,,,,,,,,,1073.0,0.0,1073.0,0.0,24679.0,24679.0,1073.0,,1073.0,,,,,,,1073.0,,,,,,,,,,,,,,,,,,,,,0.0,,0.0,0.0,0.0,0.0,0.0,0.0,0.0,,0.0,0.01,0.0,,,False,,False,False,False,False,False,False,False,,False,,,,,,,,,,,,,,,,,,,,,,,,,,,,,,,,,,,,,,,,
012445118300_dsl,Gurgaon,108.0,NKOT0F01D2BA,NOKIA,86513241D816,Haryana,0.0,0.0,0.0,0.0,100.0,19.23,False,False,0.0,1.0,0.0,0.0,0.0,0.0,,0.0,0.79,0.07,AOT4221NK,Mac,PC,Apple,Computer,False,False,False,False,False,False,False,False,False,,False,14928.0,0.0,14928.0,3577095168.0,3577095168.0,18599175168.0,622.0,622.0,,622.0,622.0,0.0,622.0,,,,,,,,,,,,,,,,,,,,,,,,,,,,,,,,,,,,,,,,,,,,,,,,,,,,,,,,,,,,,,,,,,,,,,,,,,,,,,,,,,,,,,,,,,,,,,,,,,,,,,,,,,,,622.0,0.0,622.0,0.0,14928.0,14928.0,622.0,,622.0,,,,,,,622.0,,,,,,,,,,,,,,,,,,,,,0.0,,0.0,0.0,0.0,0.0,0.0,0.0,0.0,1.0,0.0,0.79,0.07,False,False,False,,False,False,False,False,False,False,False,False,False,,,,,,,,,,,,,,,,,,,,,,,,,,,,,,,,,,,,,,,,
012421019184_wifi,Gurgaon,108.0,ZYOTB0900058,NOKIA,1EDE527EAD4E,Haryana,12.85,0.0,12.85,0.0,100.0,0.61,False,False,0.0,1.0,0.0,0.0,0.0,5.36,,5.36,1.16,0.26,AOT5222ZY,OnePlus-12R,PHONE,OnePlus,12R,False,False,False,False,False,False,False,False,False,,False,6335.0,0.0,6335.0,7956094976.0,7956094976.0,1312742806528.0,485.0,485.0,,485.0,485.0,0.0,485.0,,,,,,,,,,,,,,,,,,,,,,,,,,,,,,,,,,,,,,,,,,,,,,,,,,,,,,,,,,,,,,,,,,,,,,,,,,,,,,,,,,,,,,,,,,,,,,,,,,,,,,,,,,,,485.0,0.0,485.0,0.0,6335.0,6335.0,485.0,,485.0,,,,,,,485.0,,,,,,,,,,,,,,,,,,,,,5.36,,5.36,12.85,0.0,12.85,0.0,0.0,0.0,1.0,0.0,1.16,0.26,False,False,False,,False,False,False,False,False,False,False,False,False,,,,,,,,,,,,,,,,,,,,,,,,,,,,,,,,,,,,,,,,
012447957675_dsl,Gurgaon,108.0,ZYOT5E069474,NOKIA,10BD3A741302,Haryana,5.6,0.0,5.6,0.0,100.0,0.3,,,0.0,,6.48,0.0,6.48,11.21,,11.21,1.08,0.37,AOT5221ZY,,,,,False,False,False,False,,False,False,False,False,,False,13704.0,0.0,13704.0,96358400.0,96358400.0,31808593920.0,571.0,571.0,,571.0,571.0,0.0,571.0,,,,,,,,,,,,,,,,,,,,,,,,,,,,,,,,,,,,,,,,,,,,,,,,,,,,,,,,,,,,,,,,,,,,,,,,,,,,,,,,,,,,,,,,,,,,,,,,,,,,,,,,,,,,571.0,0.0,571.0,0.0,13704.0,13704.0,571.0,,571.0,,,,,,,571.0,,,,,,,,,,,,,,,,,,,,,11.21,,11.21,5.6,0.0,5.6,6.48,0.0,6.48,,0.0,1.08,0.37,,,False,,False,False,False,False,False,False,False,,False,,,,,,,,,,,,,,,,,,,,,,,,,,,,,,,,,,,,,,,,
012444801137_dsl,Gurgaon,108.0,NKOTDF000165,NOKIA,9877D5A4F5CE,Haryana,,,,100.0,0.0,0.0,False,False,0.0,1.0,100.0,100.0,0.0,0.0,0.0,,0.0,0.0,AAP321NK,wiz_a4f5ce,,,,,,,False,False,True,True,False,False,False,,,,,663552.0,663552.0,60904515584.0,8.0,8.0,8.0,,8.0,8.0,0.0,,,,,,,,,,,,,,,,,,,,,,,,,,,,,,,,,,,,,,,,,,,,,,,,,,,,,,,,,,,,,,,,,,,,,,,,,,,,,,,,,,,,,,,,,,,,,,,,,,,,,,,,,,,,8.0,8.0,0.0,,,,8.0,8.0,,,,,,,,8.0,,,,,,,,,,,,,,,,,,,,,0.0,0.0,,,,,100.0,100.0,0.0,1.0,0.0,0.0,0.0,False,False,False,False,,,,,True,True,False,False,False,,,,,,,,,,,,,,,,,,,,,,,,,,,,,,,,,,,,,,,,
01246472327_dsl,Gurgaon,108.0,NKOTA0000592,NOKIA,2246CDEDC745,Haryana,0.0,0.0,0.0,0.0,100.0,81.33,False,False,0.0,25.0,0.0,0.0,0.0,0.0,,0.0,3.03,3.57,AOT4221NK,iPhone,,,,False,False,False,False,True,False,False,False,False,,False,14552.0,0.0,14552.0,32831922176.0,32831922176.0,40367702016.0,630.0,630.0,,630.0,630.0,0.0,630.0,,,,,,,,,,,,,,,,,,,,,,,,,,,,,,,,,,,,,,,,,,,,,,,,,,,,,,,,,,,,,,,,,,,,,,,,,,,,,,,,,,,,,,,,,,,,,,,,,,,,,,,,,,,,630.0,0.0,630.0,0.0,14552.0,14552.0,630.0,,630.0,,,,,,,630.0,,,,,,,,,,,,,,,,,,,,,0.0,,0.0,0.0,0.0,0.0,0.0,0.0,0.0,25.0,0.0,3.03,3.57,False,False,False,,False,False,False,False,False,False,False,True,False,,,,,,,,,,,,,,,,,,,,,,,,,,,,,,,,,,,,,,,,
012444903348_dsl,Gurgaon,108.0,NKOT0F01CE7E,NOKIA,444201C1B177,Haryana,,,,0.0,100.0,0.73,,,0.0,,0.0,0.0,0.0,0.0,,0.0,0.14,0.01,AOT4221NK,,,,,,,,False,,False,False,False,False,,False,,,,861616128.0,861616128.0,118588693273.0,1102.0,1102.0,,1102.0,1102.0,0.0,1102.0,,,,,,,,,,,,,,,,,,,,,,,,,,,,,,,,,,,,,,,,,,,,,,,,,,,,,,,,,,,,,,,,,,,,,,,,,,,,,,,,,,,,,,,,,,,,,,,,,,,,,,,,,,,,1102.0,0.0,1102.0,,,,1102.0,,1102.0,,,,,,,1102.0,,,,,,,,,,,,,,,,,,,,,0.0,,0.0,,,,0.0,0.0,0.0,,0.0,0.14,0.01,,,False,,False,,,,False,False,False,,False,,,,,,,,,,,,,,,,,,,,,,,,,,,,,,,,,,,,,,,,
01244054723_dsl,Gurgaon,108.0,NKOT0F0226EE,NOKIA,38186801D317,Haryana,0.0,0.0,0.0,0.0,100.0,0.01,False,False,0.0,1.0,96.43,0.0,96.43,0.0,,0.0,0.07,0.05,AOT4221NK,DEL-032026-0930,,,,False,False,False,False,False,True,False,True,False,,False,616.0,0.0,616.0,2371584.0,2371584.0,26989172736.0,28.0,28.0,,28.0,28.0,0.0,28.0,,,,,,,,,,,,,,,,,,,,,,,,,,,,,,,,,,,,,,,,,,,,,,,,,,,,,,,,,,,,,,,,,,,,,,,,,,,,,,,,,,,,,,,,,,,,,,,,,,,,,,,,,,,,28.0,0.0,28.0,0.0,616.0,616.0,28.0,,28.0,,,,,,,28.0,,,,,,,,,,,,,,,,,,,,,0.0,,0.0,0.0,0.0,0.0,96.43,0.0,96.43,1.0,0.0,0.07,0.05,False,False,False,,False,False,False,False,True,False,True,False,False,,,,,,,,,,,,,,,,,,,,,,,,,,,,,,,,,,,,,,,,
012444903348_dsl,Gurgaon,108.0,NKOT0F01CE7E,NOKIA,32655446EDD7,Haryana,0.0,0.0,0.0,26.87,73.13,7.33,False,False,0.0,25.0,0.0,0.0,0.0,0.0,0.0,0.0,2.24,0.24,AOT4221NK,Galaxy-S25-Ultra,,,,False,False,False,False,True,False,False,False,False,False,False,5417.0,5417.0,0.0,8695129927.0,8695129927.0,118588693273.0,553.0,553.0,228.0,325.0,553.0,228.0,325.0,,,,,,,,,,,,,,,,,,,,,,,,,,,,,,,,,,,,,,,,,,,,,,,,,,,,,,,,,,,,,,,,,,,,,,,,,,,,,,,,,,,,,,,,,,,,,,,,,,,,,,,,,,,,553.0,228.0,325.0,5417.0,0.0,5417.0,553.0,228.0,325.0,,,,,,,553.0,,,,,,,,,,,,,,,,,,,,,0.0,0.0,0.0,0.0,0.0,0.0,0.0,0.0,0.0,25.0,0.0,2.24,0.24,False,False,False,False,False,False,False,False,False,False,False,True,False,,,,,,,,,,,,,,,,,,,,,,,,,,,,,,,,,,,,,,,,
01246232448_dsl,Gurgaon,108.0,NKOT2F045EF1,NOKIA,A27865E1F633,Haryana,,,,100.0,0.0,0.36,False,False,0.0,2.0,0.41,0.41,0.0,0.0,0.0,,0.0,0.01,AOT4221NK,,,,,,,,False,False,False,False,False,False,False,,,,,129865637.0,129865637.0,36272653320.0,242.0,242.0,242.0,,242.0,242.0,0.0,,,,,,,,,,,,,,,,,,,,,,,,,,,,,,,,,,,,,,,,,,,,,,,,,,,,,,,,,,,,,,,,,,,,,,,,,,,,,,,,,,,,,,,,,,,,,,,,,,,,,,,,,,,,242.0,242.0,0.0,,,,242.0,242.0,,,,,,,,242.0,,,,,,,,,,,,,,,,,,,,,0.0,0.0,,,,,0.41,0.41,0.0,2.0,0.0,0.0,0.01,False,False,False,False,,,,,False,False,False,False,False,,,,,,,,,,,,,,,,,,,,,,,,,,,,,,,,,,,,,,,,
01244054723_dsl,Gurgaon,108.0,NKOT0F0226EE,NOKIA,866D51236BCF,Haryana,0.0,0.0,0.0,0.14,99.86,29.41,False,False,0.0,28.0,0.19,50.0,0.0,0.0,0.0,0.0,2.92,0.09,AOT4221NK,iPhone,,,,False,False,False,False,True,False,False,False,False,False,False,11440.0,0.0,11440.0,7938541568.0,7938541568.0,26989172736.0,522.0,522.0,2.0,520.0,522.0,2.0,520.0,,,,,,,,,,,,,,,,,,,,,,,,,,,,,,,,,,,,,,,,,,,,,,,,,,,,,,,,,,,,,,,,,,,,,,,,,,,,,,,,,,,,,,,,,,,,,,,,,,,,,,,,,,,,522.0,2.0,520.0,0.0,11440.0,11440.0,522.0,2.0,520.0,,,,,,,522.0,,,,,,,,,,,,,,,,,,,,,0.0,0.0,0.0,0.0,0.0,0.0,0.19,50.0,0.0,28.0,0.0,2.92,0.09,False,False,False,False,False,False,False,False,False,False,False,True,False,,,,,,,,,,,,,,,,,,,,,,,,,,,,,,,,,,,,,,,,
012447957675_dsl,Gurgaon,108.0,ZYOT5E069474,NOKIA,8AA6D718D519,Haryana,0.0,0.0,0.0,0.0,100.0,0.64,,,0.0,,3.32,0.0,3.32,0.0,,0.0,1.34,1.26,AOT5221ZY,,,,,False,False,False,False,,False,False,False,False,,False,26016.0,0.0,26016.0,203072512.0,203072512.0,31808593920.0,1084.0,1084.0,,1084.0,1084.0,0.0,1084.0,,,,,,,,,,,,,,,,,,,,,,,,,,,,,,,,,,,,,,,,,,,,,,,,,,,,,,,,,,,,,,,,,,,,,,,,,,,,,,,,,,,,,,,,,,,,,,,,,,,,,,,,,,,,1084.0,0.0,1084.0,0.0,26016.0,26016.0,1084.0,,1084.0,,,,,,,1084.0,,,,,,,,,,,,,,,,,,,,,0.0,,0.0,0.0,0.0,0.0,3.32,0.0,3.32,,0.0,1.34,1.26,,,False,,False,False,False,False,False,False,False,,False,,,,,,,,,,,,,,,,,,,,,,,,,,,,,,,,,,,,,,,,
012436398608_dsl,Gurgaon,108.0,NKOTDF0001E7,NOKIA,0EED7B0E8241,Haryana,0.0,0.0,0.0,20.85,79.15,3.13,True,False,0.0,19.0,11.35,2.63,13.61,0.0,0.0,0.0,8.7,11.03,AOT4221NK,OnePlus-15R,,,,False,False,False,False,True,False,False,False,False,False,False,3234.0,0.0,3234.0,2086821888.0,2086821888.0,66646081536.0,185.0,185.0,38.0,147.0,185.0,38.0,147.0,,,,,,,,,,,,,,,,,,,,,,,,,,,,,,,,,,,,,,,,,,,,,,,,,,,,,,,,,,,,,,,,,,,,,,,,,,,,,,,,,,,,,,,,,,,,,,,,,,,,,,,,,,,,185.0,38.0,147.0,0.0,3234.0,3234.0,185.0,38.0,147.0,,,,,,,185.0,,,,,,,,,,,,,,,,,,,,,0.0,0.0,0.0,0.0,0.0,0.0,11.35,2.63,13.61,19.0,0.0,8.7,11.03,True,False,False,False,False,False,False,False,False,False,False,True,False,,,,,,,,,,,,,,,,,,,,,,,,,,,,,,,,,,,,,,,,
01244054723_dsl,Gurgaon,108.0,NKOT0F0226EE,NOKIA,4CF5DCF7CBCA,Haryana,,,,100.0,0.0,1.66,False,False,0.0,2.0,92.31,92.31,0.0,0.0,0.0,,0.0,0.12,AOT4221NK,846606451,OTHER,Hikvision,,,,,False,False,True,True,False,False,False,,,,,449307648.0,449307648.0,26989172736.0,1092.0,1092.0,1092.0,,1092.0,1092.0,0.0,,,,,,,,,,,,,,,,,,,,,,,,,,,,,,,,,,,,,,,,,,,,,,,,,,,,,,,,,,,,,,,,,,,,,,,,,,,,,,,,,,,,,,,,,,,,,,,,,,,,,,,,,,,,1092.0,1092.0,0.0,,,,1092.0,1092.0,,,,,,,,1092.0,,,,,,,,,,,,,,,,,,,,,0.0,0.0,,,,,92.31,92.31,0.0,2.0,0.0,0.0,0.12,False,False,False,False,,,,,True,True,False,False,False,,,,,,,,,,,,,,,,,,,,,,,,,,,,,,,,,,,,,,,,
012444903348_dsl,Gurgaon,108.0,NKOT0F01CE7E,NOKIA,B2C8CF9ECE29,Haryana,0.0,0.0,0.0,97.48,2.52,0.46,False,False,0.0,10.0,0.0,0.0,0.0,0.0,0.0,0.0,1.44,0.09,AOT4221NK,iPhone,PHONE,Apple,iPhone,False,False,False,False,True,False,False,False,False,False,False,648.0,648.0,0.0,545699654.0,545699654.0,118588693273.0,30.0,30.0,27.0,3.0,30.0,27.0,3.0,,,,,,,,,,,,,,,,,,,,,,,,,,,,,,,,,,,,,,,,,,,,,,,,,,,,,,,,,,,,,,,,,,,,,,,,,,,,,,,,,,,,,,,,,,,,,,,,,,,,,,,,,,,,30.0,27.0,3.0,648.0,0.0,648.0,30.0,27.0,3.0,,,,,,,30.0,,,,,,,,,,,,,,,,,,,,,0.0,0.0,0.0,0.0,0.0,0.0,0.0,0.0,0.0,10.0,0.0,1.44,0.09,False,False,False,False,False,False,False,False,False,False,False,True,False,,,,,,,,,,,,,,,,,,,,,,,,,,,,,,,,,,,,,,,,
01244054723_dsl,Gurgaon,108.0,NKOT0F0226EE,NOKIA,7243CCCDA6CE,Haryana,0.0,0.0,0.0,0.0,100.0,0.62,False,False,0.0,1.0,0.0,0.0,0.0,0.0,,0.0,0.23,0.01,AOT4221NK,XstreamIPTV1-VT,STREAMING_DEVICE,,Streaming Dongle,False,False,False,False,False,False,False,False,False,,False,26466.0,0.0,26466.0,166402048.0,166402048.0,26989172736.0,1203.0,1203.0,,1203.0,1203.0,0.0,1203.0,,,,,,,,,,,,,,,,,,,,,,,,,,,,,,,,,,,,,,,,,,,,,,,,,,,,,,,,,,,,,,,,,,,,,,,,,,,,,,,,,,,,,,,,,,,,,,,,,,,,,,,,,,,,1203.0,0.0,1203.0,0.0,26466.0,26466.0,1203.0,,1203.0,,,,,,,1203.0,,,,,,,,,,,,,,,,,,,,,0.0,,0.0,0.0,0.0,0.0,0.0,0.0,0.0,1.0,0.0,0.23,0.01,False,False,False,,False,False,False,False,False,False,False,False,False,,,,,,,,,,,,,,,,,,,,,,,,,,,,,,,,,,,,,,,,
012447862103_dsl,Gurgaon,108.0,ZYOTB0900020,NOKIA,8E41F778AE60,Haryana,0.0,0.0,0.0,0.0,100.0,0.03,,,0.0,,0.0,0.0,0.0,0.0,,0.0,0.74,0.05,AOT5222ZY,,,,,False,False,False,False,,False,False,False,False,,False,18952.0,0.0,18952.0,4291909632.0,4291909632.0,15021251838976.0,824.0,824.0,,824.0,824.0,0.0,824.0,,,,,,,,,,,,,,,,,,,,,,,,,,,,,,,,,,,,,,,,,,,,,,,,,,,,,,,,,,,,,,,,,,,,,,,,,,,,,,,,,,,,,,,,,,,,,,,,,,,,,,,,,,,,824.0,0.0,824.0,0.0,18952.0,18952.0,824.0,,824.0,,,,,,,824.0,,,,,,,,,,,,,,,,,,,,,0.0,,0.0,0.0,0.0,0.0,0.0,0.0,0.0,,0.0,0.74,0.05,,,False,,False,False,False,False,False,False,False,,False,,,,,,,,,,,,,,,,,,,,,,,,,,,,,,,,,,,,,,,,
012445118300_dsl,Gurgaon,108.0,NKOT0F01D2BA,NOKIA,BACE2A0CC19D,Haryana,0.0,0.0,0.0,0.0,100.0,0.88,False,False,0.0,2.0,0.0,0.0,0.0,0.0,,0.0,0.03,0.01,AOT4221NK,Mac,PC,Apple,Computer,False,False,False,False,False,False,False,False,False,,False,5808.0,0.0,5808.0,163767296.0,163767296.0,18599175168.0,242.0,242.0,,242.0,242.0,0.0,242.0,,,,,,,,,,,,,,,,,,,,,,,,,,,,,,,,,,,,,,,,,,,,,,,,,,,,,,,,,,,,,,,,,,,,,,,,,,,,,,,,,,,,,,,,,,,,,,,,,,,,,,,,,,,,242.0,0.0,242.0,0.0,5808.0,5808.0,242.0,,242.0,,,,,,,242.0,,,,,,,,,,,,,,,,,,,,,0.0,,0.0,0.0,0.0,0.0,0.0,0.0,0.0,2.0,0.0,0.03,0.01,False,False,False,,False,False,False,False,False,False,False,False,False,,,,,,,,,,,,,,,,,,,,,,,,,,,,,,,,,,,,,,,,
012447862103_dsl,Gurgaon,108.0,ZYOTB0900020,NOKIA,14B5CD43D30F,Haryana,0.0,0.0,0.0,0.0,100.0,95.11,,,0.0,,0.0,0.0,0.0,0.0,,0.0,1422.47,0.62,AOT5222ZY,,,,,False,False,False,False,,False,False,False,False,,False,26588.0,0.0,26588.0,14287283186688.0,14287283186688.0,15021251838976.0,1156.0,1156.0,,1156.0,1156.0,0.0,1156.0,,,,,,,,,,,,,,,,,,,,,,,,,,,,,,,,,,,,,,,,,,,,,,,,,,,,,,,,,,,,,,,,,,,,,,,,,,,,,,,,,,,,,,,,,,,,,,,,,,,,,,,,,,,,1156.0,0.0,1156.0,0.0,26588.0,26588.0,1156.0,,1156.0,,,,,,,1156.0,,,,,,,,,,,,,,,,,,,,,0.0,,0.0,0.0,0.0,0.0,0.0,0.0,0.0,,0.0,1422.47,0.62,,,False,,False,False,False,False,False,False,False,,False,,,,,,,,,,,,,,,,,,,,,,,,,,,,,,,,,,,,,,,,
012444801137_dsl,Gurgaon,108.0,NKOTDF000165,NOKIA,9877D5A4F402,Haryana,,,,100.0,0.0,0.0,False,False,0.0,1.0,100.0,100.0,0.0,0.0,0.0,,0.0,0.0,AAP321NK,wiz_a4f402,,,,,,,False,False,True,True,False,False,False,,,,,667648.0,667648.0,60904515584.0,8.0,8.0,8.0,,8.0,8.0,0.0,,,,,,,,,,,,,,,,,,,,,,,,,,,,,,,,,,,,,,,,,,,,,,,,,,,,,,,,,,,,,,,,,,,,,,,,,,,,,,,,,,,,,,,,,,,,,,,,,,,,,,,,,,,,8.0,8.0,0.0,,,,8.0,8.0,,,,,,,,8.0,,,,,,,,,,,,,,,,,,,,,0.0,0.0,,,,,100.0,100.0,0.0,1.0,0.0,0.0,0.0,False,False,False,False,,,,,True,True,False,False,False,,,,,,,,,,,,,,,,,,,,,,,,,,,,,,,,,,,,,,,,
012445118300_dsl,Gurgaon,108.0,NKOT0F01D2BA,NOKIA,3CA6F6264B0F,Haryana,0.0,0.0,0.0,0.0,100.0,21.41,False,False,0.0,3.0,0.0,0.0,0.0,0.0,,0.0,0.8,0.64,AOT4221NK,shivanis-Air,,,,False,False,False,False,False,False,False,False,False,,False,11136.0,0.0,11136.0,3982780416.0,3982780416.0,18599175168.0,464.0,464.0,,464.0,464.0,0.0,464.0,,,,,,,,,,,,,,,,,,,,,,,,,,,,,,,,,,,,,,,,,,,,,,,,,,,,,,,,,,,,,,,,,,,,,,,,,,,,,,,,,,,,,,,,,,,,,,,,,,,,,,,,,,,,464.0,0.0,464.0,0.0,11136.0,11136.0,464.0,,464.0,,,,,,,464.0,,,,,,,,,,,,,,,,,,,,,0.0,,0.0,0.0,0.0,0.0,0.0,0.0,0.0,3.0,0.0,0.8,0.64,False,False,False,,False,False,False,False,False,False,False,False,False,,,,,,,,,,,,,,,,,,,,,,,,,,,,,,,,,,,,,,,,
012444801137_dsl,Gurgaon,108.0,NKOTDF000165,NOKIA,683943AD68BF,Haryana,0.0,0.0,0.0,0.0,100.0,3.67,False,True,0.0,1.0,0.0,0.0,0.0,0.0,,0.0,4.25,0.08,AAP321NK,Family-Room-TV,,,,False,False,False,False,False,False,False,False,False,,False,216.0,0.0,216.0,2235123712.0,2235123712.0,60904515584.0,9.0,9.0,,9.0,9.0,0.0,9.0,,,,,,,,,,,,,,,,,,,,,,,,,,,,,,,,,,,,,,,,,,,,,,,,,,,,,,,,,,,,,,,,,,,,,,,,,,,,,,,,,,,,,,,,,,,,,,,,,,,,,,,,,,,,9.0,0.0,9.0,0.0,216.0,216.0,9.0,,9.0,,,,,,,9.0,,,,,,,,,,,,,,,,,,,,,0.0,,0.0,0.0,0.0,0.0,0.0,0.0,0.0,1.0,0.0,4.25,0.08,False,True,False,,False,False,False,False,False,False,False,False,False,,,,,,,,,,,,,,,,,,,,,,,,,,,,,,,,,,,,,,,,
012447957675_dsl,Gurgaon,108.0,ZYOT5E069474,NOKIA,F2CE1B18563F,Haryana,0.0,0.0,0.0,0.0,100.0,0.23,,,0.0,,0.0,0.0,0.0,0.0,,0.0,0.01,0.01,AOT5221ZY,,,,,False,False,False,False,,False,False,False,False,,False,27984.0,0.0,27984.0,73157632.0,73157632.0,31808593920.0,1166.0,1166.0,,1166.0,1166.0,0.0,1166.0,,,,,,,,,,,,,,,,,,,,,,,,,,,,,,,,,,,,,,,,,,,,,,,,,,,,,,,,,,,,,,,,,,,,,,,,,,,,,,,,,,,,,,,,,,,,,,,,,,,,,,,,,,,,1166.0,0.0,1166.0,0.0,27984.0,27984.0,1166.0,,1166.0,,,,,,,1166.0,,,,,,,,,,,,,,,,,,,,,0.0,,0.0,0.0,0.0,0.0,0.0,0.0,0.0,,0.0,0.01,0.01,,,False,,False,False,False,False,False,False,False,,False,,,,,,,,,,,,,,,,,,,,,,,,,,,,,,,,,,,,,,,,
012422395135_wifi,Gurgaon,108.0,ZYOTB0900014,NOKIA,64FF0ACA3014,Haryana,,,,0.0,100.0,33.35,False,True,0.0,2.0,0.0,0.0,0.0,0.0,,0.0,9.16,0.08,AOT5222ZY,Unknown_64:ff:0a:ca:30:14,TV,Sony,TV,,,,False,False,False,False,False,False,,False,,,,13901596672.0,13901596672.0,41682370560.0,281.0,281.0,,281.0,281.0,0.0,281.0,,,,,,,,,,,,,,,,,,,,,,,,,,,,,,,,,,,,,,,,,,,,,,,,,,,,,,,,,,,,,,,,,,,,,,,,,,,,,,,,,,,,,,,,,,,,,,,,,,,,,,,,,,,,281.0,0.0,281.0,,,,281.0,,281.0,,,,,,,281.0,,,,,,,,,,,,,,,,,,,,,0.0,,0.0,,,,0.0,0.0,0.0,2.0,0.0,9.16,0.08,False,True,False,,False,,,,False,False,False,False,False,,,,,,,,,,,,,,,,,,,,,,,,,,,,,,,,,,,,,,,,
01244081160_dsl,Gurgaon,108.0,NKOT0F01CE6F,NOKIA,6CB749E119FF,Haryana,0.0,0.0,0.0,56.54,43.46,0.18,False,True,0.0,4.0,93.36,100.0,35.71,0.0,0.0,0.0,0.02,0.01,AOT4221NK,Honor_View10-ebd5e83b5d12,,,,False,False,False,False,False,True,True,False,False,False,False,672.0,0.0,672.0,26029056.0,26029056.0,14486651904.0,271.0,271.0,243.0,28.0,271.0,243.0,28.0,,,,,,,,,,,,,,,,,,,,,,,,,,,,,,,,,,,,,,,,,,,,,,,,,,,,,,,,,,,,,,,,,,,,,,,,,,,,,,,,,,,,,,,,,,,,,,,,,,,,,,,,,,,,271.0,243.0,28.0,0.0,672.0,672.0,271.0,243.0,28.0,,,,,,,271.0,,,,,,,,,,,,,,,,,,,,,0.0,0.0,0.0,0.0,0.0,0.0,93.36,100.0,35.71,4.0,0.0,0.02,0.01,False,True,False,False,False,False,False,False,True,True,False,False,False,,,,,,,,,,,,,,,,,,,,,,,,,,,,,,,,,,,,,,,,
012422395135_wifi,Gurgaon,108.0,ZYOTB0900014,NOKIA,6E83337FEB7E,Haryana,,,,0.0,100.0,23.79,False,False,0.0,0.0,0.0,0.0,0.0,0.0,,0.0,0.78,0.64,AOT5222ZY,Animesh-s-S23-Ultra,PHONE,Samsung,Galaxy S23,,,,False,False,False,False,False,False,,False,,,,9917591552.0,9917591552.0,41682370560.0,629.0,629.0,,629.0,629.0,0.0,629.0,,,,,,,,,,,,,,,,,,,,,,,,,,,,,,,,,,,,,,,,,,,,,,,,,,,,,,,,,,,,,,,,,,,,,,,,,,,,,,,,,,,,,,,,,,,,,,,,,,,,,,,,,,,,629.0,0.0,629.0,,,,629.0,,629.0,,,,,,,629.0,,,,,,,,,,,,,,,,,,,,,0.0,,0.0,,,,0.0,0.0,0.0,0.0,0.0,0.78,0.64,False,False,False,,False,,,,False,False,False,False,False,,,,,,,,,,,,,,,,,,,,,,,,,,,,,,,,,,,,,,,,
012436398608_dsl,Gurgaon,108.0,NKOTDF0001E7,NOKIA,62D8084F50B0,Haryana,0.0,0.0,0.0,25.44,74.56,27.35,True,True,0.0,18.0,3.21,0.52,4.26,0.0,0.0,0.0,3.04,0.46,AOT4221NK,OnePlus-Nord-CE4-Lite-5G,,,,False,False,False,False,True,False,False,False,False,False,False,10824.0,0.0,10824.0,18227713024.0,18227713024.0,66646081536.0,686.0,686.0,193.0,493.0,686.0,193.0,493.0,,,,,,,,,,,,,,,,,,,,,,,,,,,,,,,,,,,,,,,,,,,,,,,,,,,,,,,,,,,,,,,,,,,,,,,,,,,,,,,,,,,,,,,,,,,,,,,,,,,,,,,,,,,,686.0,193.0,493.0,0.0,10824.0,10824.0,686.0,193.0,493.0,,,,,,,686.0,,,,,,,,,,,,,,,,,,,,,0.0,0.0,0.0,0.0,0.0,0.0,3.21,0.52,4.26,18.0,0.0,3.04,0.46,True,True,False,False,False,False,False,False,False,False,False,True,False,,,,,,,,,,,,,,,,,,,,,,,,,,,,,,,,,,,,,,,,
01246232448_dsl,Gurgaon,108.0,NKOT2F045EF1,NOKIA,A091A2A13221,Haryana,,,,100.0,0.0,0.14,,,0.0,1.0,97.94,97.94,0.0,0.0,0.0,,0.01,0.0,AOT4221NK,Unknown_a0:91:a2:a1:32:21,PHONE,OnePlus,Mobile,,,,False,False,True,True,False,False,False,,,,,52143104.0,52143104.0,36272653320.0,778.0,778.0,778.0,,778.0,778.0,0.0,,,,,,,,,,,,,,,,,,,,,,,,,,,,,,,,,,,,,,,,,,,,,,,,,,,,,,,,,,,,,,,,,,,,,,,,,,,,,,,,,,,,,,,,,,,,,,,,,,,,,,,,,,,,778.0,778.0,0.0,,,,778.0,778.0,,,,,,,,778.0,,,,,,,,,,,,,,,,,,,,,0.0,0.0,,,,,97.94,97.94,0.0,1.0,0.0,0.01,0.0,,,False,False,,,,,True,True,False,False,False,,,,,,,,,,,,,,,,,,,,,,,,,,,,,,,,,,,,,,,,
012444903348_dsl,Gurgaon,108.0,NKOT0F01CE7E,NOKIA,DC4BA104E8A6,Haryana,,,,0.0,100.0,8.75,,,0.0,,71.91,0.0,71.91,0.0,,0.0,2.09,0.05,AOT4221NK,,,,,,,,False,,True,False,True,False,,False,,,,10376480768.0,10376480768.0,118588693273.0,1139.0,1139.0,,1139.0,1139.0,0.0,1139.0,,,,,,,,,,,,,,,,,,,,,,,,,,,,,,,,,,,,,,,,,,,,,,,,,,,,,,,,,,,,,,,,,,,,,,,,,,,,,,,,,,,,,,,,,,,,,,,,,,,,,,,,,,,,1139.0,0.0,1139.0,,,,1139.0,,1139.0,,,,,,,1139.0,,,,,,,,,,,,,,,,,,,,,0.0,,0.0,,,,71.91,0.0,71.91,,0.0,2.09,0.05,,,False,,False,,,,True,False,True,,False,,,,,,,,,,,,,,,,,,,,,,,,,,,,,,,,,,,,,,,,
012444801137_dsl,Gurgaon,108.0,NKOTDF000165,NOKIA,1673DCE86B6C,Haryana,0.0,0.0,0.0,0.47,99.53,19.47,False,True,0.0,19.0,0.0,0.0,0.0,0.0,0.0,0.0,0.84,0.4,AAP321NK,Galaxy-A34-5G-Alka,PHONE,Samsung Electronics,Galaxy,False,False,False,False,True,False,False,False,False,False,False,19224.0,0.0,19224.0,11859237888.0,11859237888.0,60904515584.0,872.0,872.0,13.0,859.0,872.0,13.0,859.0,,,,,,,,,,,,,,,,,,,,,,,,,,,,,,,,,,,,,,,,,,,,,,,,,,,,,,,,,,,,,,,,,,,,,,,,,,,,,,,,,,,,,,,,,,,,,,,,,,,,,,,,,,,,872.0,13.0,859.0,0.0,19224.0,19224.0,872.0,13.0,859.0,,,,,,,872.0,,,,,,,,,,,,,,,,,,,,,0.0,0.0,0.0,0.0,0.0,0.0,0.0,0.0,0.0,19.0,0.0,0.84,0.4,False,True,False,False,False,False,False,False,False,False,False,True,False,,,,,,,,,,,,,,,,,,,,,,,,,,,,,,,,,,,,,,,,
012422395135_wifi,Gurgaon,108.0,ZYOTB0900014,NOKIA,6C55B1C05B05,Haryana,,,,0.0,100.0,4.87,False,True,0.0,2.0,0.0,0.0,0.0,0.0,,0.0,0.33,0.07,AOT5222ZY,Unknown_6c:55:b1:c0:5b:05,,,,,,,False,False,False,False,False,False,,False,,,,2031123456.0,2031123456.0,41682370560.0,210.0,210.0,,210.0,210.0,0.0,210.0,,,,,,,,,,,,,,,,,,,,,,,,,,,,,,,,,,,,,,,,,,,,,,,,,,,,,,,,,,,,,,,,,,,,,,,,,,,,,,,,,,,,,,,,,,,,,,,,,,,,,,,,,,,,210.0,0.0,210.0,,,,210.0,,210.0,,,,,,,210.0,,,,,,,,,,,,,,,,,,,,,0.0,,0.0,,,,0.0,0.0,0.0,2.0,0.0,0.33,0.07,False,True,False,,False,,,,False,False,False,False,False,,,,,,,,,,,,,,,,,,,,,,,,,,,,,,,,,,,,,,,,
012445118300_dsl,Gurgaon,108.0,NKOT0F01D2BA,NOKIA,2E57ED585A9A,Haryana,0.0,0.0,0.0,0.0,100.0,2.23,False,False,0.0,70.0,0.0,0.0,0.0,0.0,,0.0,4.0,0.09,AOT4221NK,iPhone,PHONE,Apple,iPhone,False,False,False,False,True,False,False,False,False,,False,6336.0,0.0,6336.0,415673344.0,415673344.0,18599175168.0,264.0,264.0,,264.0,264.0,0.0,264.0,,,,,,,,,,,,,,,,,,,,,,,,,,,,,,,,,,,,,,,,,,,,,,,,,,,,,,,,,,,,,,,,,,,,,,,,,,,,,,,,,,,,,,,,,,,,,,,,,,,,,,,,,,,,264.0,0.0,264.0,0.0,6336.0,6336.0,264.0,,264.0,,,,,,,264.0,,,,,,,,,,,,,,,,,,,,,0.0,,0.0,0.0,0.0,0.0,0.0,0.0,0.0,70.0,0.0,4.0,0.09,False,False,False,,False,False,False,False,False,False,False,True,False,,,,,,,,,,,,,,,,,,,,,,,,,,,,,,,,,,,,,,,,
01246232448_dsl,Gurgaon,108.0,NKOT2F045EF1,NOKIA,4AE5C3734822,Haryana,,,,0.0,100.0,11.22,False,False,0.0,2.0,0.0,0.0,0.0,0.0,,0.0,0.72,0.09,AOT4221NK,,,,,,,,False,False,False,False,False,False,,False,,,,4068547231.0,4068547231.0,36272653320.0,453.0,453.0,,453.0,453.0,0.0,453.0,,,,,,,,,,,,,,,,,,,,,,,,,,,,,,,,,,,,,,,,,,,,,,,,,,,,,,,,,,,,,,,,,,,,,,,,,,,,,,,,,,,,,,,,,,,,,,,,,,,,,,,,,,,,453.0,0.0,453.0,,,,453.0,,453.0,,,,,,,453.0,,,,,,,,,,,,,,,,,,,,,0.0,,0.0,,,,0.0,0.0,0.0,2.0,0.0,0.72,0.09,False,False,False,,False,,,,False,False,False,False,False,,,,,,,,,,,,,,,,,,,,,,,,,,,,,,,,,,,,,,,,
012447862103_dsl,Gurgaon,108.0,ZYOTB0900020,NOKIA,F414BF87A484,Haryana,0.0,0.0,0.0,0.0,100.0,4.75,,,0.0,,0.0,0.0,0.0,0.0,,0.0,822.56,4.37,AOT5222ZY,,,,,False,False,False,False,,False,False,False,False,,False,184.0,0.0,184.0,713064738816.0,713064738816.0,15021251838976.0,8.0,8.0,,8.0,8.0,0.0,8.0,,,,,,,,,,,,,,,,,,,,,,,,,,,,,,,,,,,,,,,,,,,,,,,,,,,,,,,,,,,,,,,,,,,,,,,,,,,,,,,,,,,,,,,,,,,,,,,,,,,,,,,,,,,,8.0,0.0,8.0,0.0,184.0,184.0,8.0,,8.0,,,,,,,8.0,,,,,,,,,,,,,,,,,,,,,0.0,,0.0,0.0,0.0,0.0,0.0,0.0,0.0,,0.0,822.56,4.37,,,False,,False,False,False,False,False,False,False,,False,,,,,,,,,,,,,,,,,,,,,,,,,,,,,,,,,,,,,,,,
01246472327_dsl,Gurgaon,108.0,NKOTA0000592,NOKIA,,Haryana,,,,,,,,,,,,,,,,,,,AOT4221NK,,,,,,,,,,,,,,,,,,,,,,,,,,,,,01246472327_dsl,108.0,NKOTA0000592,NOKIA,0C36234FB190,AOT4221NK,4.0,1.0,3.0,0.0,0.0,0.0,0.0,0.0,0.0,3.03,3.57,0.14,100.0,0.0,2.92,8.45,0.05,38.0,0.0,0.0,0.0,0.0,0.0,0.0,0.0,0.0,0.0,0.0,0.0,0.0,0.0,0.0,0.0,0.0,,,,0.0,0.0,100.0,40367702016.0,0.0,0.0,38.0,0.0,0.0,13.0,0.0,0.0,25.0,0.0,0.0,0.0,0.0,0.0,0.0,False,False,False,False,False,False,False,False,False,True,False,False,False,False,True,False,False,False,False,False,False,False,False,False,False,,,,,False,False,False,False,False,False,False,False,False,False,99.38,1.28,False,0.0,False,True,1430.0,2.0,1428.0,0.0,32914.0,32914.0,1430.0,2.0,1428.0,3151.0,1077.0,2074.0,143.0,72.0,71.0,1430.0,147.0,72.0,75.0,147.0,72.0,75.0,,,40367702016.0,38.0,13.0,25.0,160.0,78.0,82.0,38.0,13.0,25.0,0C36234FB190,4.0,0.0,0.0,0.0,0.0,0.0,0.0,0.14,100.0,0.0,38.0,0.0,3.03,3.57,0.0,0.0,False,False,False,False,False,False,False,True,False,True,False,2.92,8.45,0.05,0.0,0.0,0.0,0.0,0.0,,,,100.0,40367702016.0,0.0,0.0,38.0,0.0,0.0,13.0,0.0,0.0,25.0,99.38,False,False,False,False,False,False,False,False,,,,,False,False,False,False,True
012447957675_dsl,Gurgaon,108.0,ZYOT5E069474,NOKIA,,Haryana,,,,,,,,,,,,,,,,,,,,,,,,,,,,,,,,,,,,,,,,,,,,,,,,012447957675_dsl,108.0,ZYOT5E069474,NOKIA,30BD13CF4F18,,10.0,1.0,10.0,1.52,0.0,1.52,0.0,0.76,1.01,596.22,481.37,6.38,100.0,6.32,91.58,91.41,91.71,,0.0,0.0,0.0,0.0,0.0,0.0,0.0,0.0,0.0,0.0,0.0,0.0,0.0,0.0,0.0,0.0,,,,,,100.0,31808593920.0,4.17,1.0,24.0,9.09,1.0,11.0,0.0,0.0,13.0,0.0,0.0,0.0,0.0,0.0,0.0,False,False,False,False,False,False,False,False,False,True,False,True,True,True,,False,False,False,False,False,False,False,False,False,False,,,,,,,False,False,False,False,False,False,False,False,87.76,86.46,True,0.0,False,True,5906.0,4.0,5902.0,0.0,141648.0,9552.0,5906.0,4.0,5902.0,4168.0,1852.0,2316.0,425.0,168.0,257.0,5906.0,414.0,168.0,246.0,425.0,168.0,257.0,,,31808593920.0,24.0,11.0,13.0,384.0,192.0,192.0,24.0,11.0,13.0,30BD13CF4F18,10.0,1.52,0.0,1.52,1.01,0.0,0.76,6.38,100.0,6.32,,0.0,596.22,481.37,,,False,False,False,False,False,False,False,True,False,,False,91.58,91.41,91.71,0.0,0.0,0.0,0.0,0.0,,,,100.0,31808593920.0,4.17,1.0,24.0,9.09,1.0,11.0,0.0,0.0,13.0,87.76,False,False,True,True,True,False,False,False,,,,,,,False,False,True
01244081160_dsl,Gurgaon,108.0,NKOT0F01CE6F,NOKIA,,Haryana,,,,,,,,,,,,,,,,,,,AOT4221NK,,,,,,,,,,,,,,,,,,,,,,,,,,,,,01244081160_dsl,108.0,NKOT0F01CE6F,NOKIA,2CC1F432FE41,AOT4221NK,9.0,2.0,8.0,0.0,0.0,0.0,0.0,0.0,0.0,2.8,2.31,4.81,24.3,0.23,5.41,15.84,0.0,43.0,0.0,0.0,0.0,0.0,0.0,0.0,0.0,0.0,0.0,0.0,0.0,0.0,0.0,0.0,0.0,0.0,,,,0.0,0.0,99.15,14486651904.0,2.63,1.0,38.0,7.69,1.0,13.0,0.0,0.0,25.0,0.0,0.0,0.0,0.0,0.0,0.0,False,False,False,False,False,False,False,False,False,False,False,False,False,False,True,False,False,False,False,False,False,False,False,False,False,,,,,False,False,False,False,False,False,False,False,False,False,52.41,1.23,False,0.0,False,True,5259.0,1000.0,4259.0,0.0,102216.0,102216.0,5259.0,1000.0,4259.0,3140.0,1073.0,2067.0,279.0,69.0,210.0,5259.0,279.0,69.0,210.0,279.0,69.0,210.0,,,14486651904.0,38.0,13.0,25.0,166.0,81.0,85.0,38.0,13.0,25.0,2CC1F432FE41,9.0,0.0,0.0,0.0,0.0,0.0,0.0,4.81,24.3,0.23,43.0,0.0,2.8,2.31,0.0,0.0,False,False,False,False,False,False,False,False,False,True,False,5.41,15.84,0.0,0.0,0.0,0.0,0.0,0.0,,,,99.15,14486651904.0,2.63,1.0,38.0,7.69,1.0,13.0,0.0,0.0,25.0,52.41,False,False,False,False,False,False,False,False,,,,,False,False,False,False,True
01244054723_dsl,Gurgaon,108.0,NKOT0F0226EE,NOKIA,,Haryana,,,,,,,,,,,,,,,,,,,AOT4221NK,,,,,,,,,,,,,,,,,,,,,,,,,,,,,01244054723_dsl,108.0,NKOT0F0226EE,NOKIA,2CC1F46D39D1,AOT4221NK,12.0,6.0,11.0,4.51,13.2,0.02,0.0,0.02,0.0,26.38,0.37,27.4,76.42,2.11,1.7,3.93,0.54,124.0,0.0,0.0,0.0,0.0,0.0,0.0,0.0,0.0,0.0,0.0,0.0,0.0,0.0,0.0,0.0,0.0,,,,0.0,0.0,86.24,26989172736.0,0.0,0.0,38.0,0.0,0.0,13.0,0.0,0.0,25.0,0.0,0.0,0.0,0.0,0.0,0.0,False,False,False,False,False,False,False,True,False,True,False,False,False,False,True,False,False,False,False,False,False,False,False,False,False,,,,,False,False,False,False,False,False,False,False,False,False,59.72,1.63,False,0.0,False,True,6255.0,2129.0,4126.0,0.0,90772.0,44.0,6255.0,2129.0,4126.0,7010.0,2391.0,4619.0,495.0,163.0,332.0,6255.0,494.0,162.0,332.0,494.0,163.0,331.0,,,26989172736.0,38.0,13.0,25.0,360.0,184.0,176.0,38.0,13.0,25.0,2CC1F46D39D1,12.0,4.51,13.2,0.02,0.0,0.0,0.02,27.4,76.42,2.11,124.0,0.0,26.38,0.37,0.0,0.0,False,False,False,False,False,False,False,True,False,True,False,1.7,3.93,0.54,0.0,0.0,0.0,0.0,0.0,,,,86.24,26989172736.0,0.0,0.0,38.0,0.0,0.0,13.0,0.0,0.0,25.0,59.72,False,True,False,False,False,False,False,False,,,,,False,False,False,False,True
012444903348_dsl,Gurgaon,108.0,NKOT0F01CE7E,NOKIA,,Haryana,,,,,,,,,,,,,,,,,,,AAP321NK,,,,,,,,,,,,,,,,,,,,,,,,,,,,,012444903348_dsl,108.0,NKOT0F01CE7E,NOKIA,609849C8E401,AAP321NK,12.0,7.0,11.0,2.06,12.64,0.01,4.56,0.0,7.46,11.75,4.19,15.36,35.45,11.47,1.23,3.63,0.01,136.0,0.0,0.0,0.0,0.0,0.0,0.0,0.0,0.0,0.0,0.0,0.0,0.0,0.0,0.0,0.0,0.0,,1.0,0.0,0.0,1.0,94.97,118588693273.0,0.0,0.0,38.0,0.0,0.0,13.0,0.0,0.0,25.0,0.0,0.0,0.0,0.0,0.0,0.0,False,False,False,False,False,False,False,False,False,False,False,False,False,False,True,False,False,False,False,False,False,False,False,False,False,,,True,False,False,False,False,False,False,False,False,False,False,False,65.6,0.72,False,0.0,False,True,8534.0,1385.0,7149.0,32382.0,0.0,19801.0,8534.0,1385.0,7149.0,10645.0,3582.0,7063.0,814.0,244.0,570.0,8534.0,786.0,239.0,547.0,807.0,243.0,564.0,,,118588693273.0,38.0,13.0,25.0,564.0,276.0,288.0,38.0,13.0,25.0,609849C8E401,12.0,2.06,12.64,0.01,7.46,4.56,0.0,15.36,35.45,11.47,136.0,0.0,11.75,4.19,0.0,1.0,False,False,False,False,False,False,False,False,False,True,False,1.23,3.63,0.01,0.0,0.0,0.0,0.0,0.0,,1.0,0.0,94.97,118588693273.0,0.0,0.0,38.0,0.0,0.0,13.0,0.0,0.0,25.0,65.6,False,False,False,False,False,False,False,False,,,True,False,False,False,False,False,True
012444801137_dsl,Gurgaon,108.0,NKOTDF000165,NOKIA,,Haryana,,,,,,,,,,,,,,,,,,,AAP321NK,,,,,,,,,,,,,,,,,,,,,,,,,,,,,012444801137_dsl,108.0,NKOTDF000165,NOKIA,846EBCF0EF11,AAP321NK,19.0,14.0,8.0,0.04,0.0,0.06,0.0,0.01,0.0,4.25,0.48,31.57,80.18,0.06,2.41,6.69,0.15,97.0,0.0,0.0,0.0,0.0,0.0,0.0,0.0,0.0,0.0,0.0,0.0,0.0,0.0,0.0,0.0,0.0,,,,0.0,0.0,99.32,60904515584.0,0.0,0.0,38.0,0.0,0.0,13.0,0.0,0.0,25.0,0.0,0.0,0.0,0.0,0.0,0.0,False,False,False,False,False,False,False,True,False,True,False,False,False,False,True,False,False,False,False,False,False,False,False,False,False,,,,,False,False,False,False,False,False,False,False,False,False,63.89,23.76,False,0.0,False,True,10460.0,4113.0,6347.0,0.0,141072.0,48370.0,10460.0,4113.0,6347.0,9854.0,3395.0,6459.0,831.0,248.0,583.0,10460.0,814.0,248.0,566.0,827.0,245.0,582.0,,,60904515584.0,38.0,13.0,25.0,540.0,282.0,258.0,38.0,13.0,25.0,846EBCF0EF11,19.0,0.04,0.0,0.06,0.0,0.0,0.01,31.57,80.18,0.06,97.0,0.0,4.25,0.48,0.0,0.0,False,False,False,False,False,False,False,True,False,True,False,2.41,6.69,0.15,0.0,0.0,0.0,0.0,0.0,,,,99.32,60904515584.0,0.0,0.0,38.0,0.0,0.0,13.0,0.0,0.0,25.0,63.89,False,True,False,False,False,False,False,False,,,,,False,False,False,False,True
01244203817_dsl,Gurgaon,108.0,NKOTF00113D9,NOKIA,,Haryana,,,,,,,,,,,,,,,,,,,AAP321NK,,,,,,,,,,,,,,,,,,,,,,,,,,,,,01244203817_dsl,108.0,NKOTF00113D9,NOKIA,5807F84FAB41,AAP321NK,1.0,0.0,1.0,0.0,,0.0,0.0,0.0,0.0,0.03,0.01,0.0,0.0,0.0,0.0,0.0,0.0,403.0,0.0,0.0,0.0,0.0,0.0,0.0,0.0,0.0,0.0,0.0,0.0,0.0,0.0,0.0,0.0,0.0,,11.0,0.0,0.0,0.0,100.0,14063616.0,0.0,0.0,38.0,0.0,0.0,13.0,0.0,0.0,25.0,0.0,0.0,0.0,0.0,0.0,0.0,False,,False,False,False,False,True,True,False,False,False,False,False,False,True,False,False,False,False,False,False,False,False,False,False,,,True,False,False,False,False,False,False,False,False,False,False,False,50.57,0.0,False,0.0,False,True,27.0,0.0,27.0,0.0,648.0,648.0,27.0,,27.0,3158.0,1078.0,2080.0,260.0,73.0,187.0,27.0,259.0,73.0,186.0,260.0,73.0,187.0,,,14063616.0,38.0,13.0,25.0,174.0,87.0,87.0,38.0,13.0,25.0,5807F84FAB41,1.0,0.0,,0.0,0.0,0.0,0.0,0.0,0.0,0.0,403.0,0.0,0.03,0.01,0.0,0.0,False,,False,False,False,False,False,False,False,True,False,0.0,0.0,0.0,0.0,0.0,0.0,0.0,0.0,,11.0,0.0,100.0,14063616.0,0.0,0.0,38.0,0.0,0.0,13.0,0.0,0.0,25.0,50.57,True,True,False,False,False,False,False,False,,,True,False,False,False,False,False,True
01246232448_dsl,Gurgaon,108.0,NKOT2F045EF1,NOKIA,,Haryana,,,,,,,,,,,,,,,,,,,AAP321NK,,,,,,,,,,,,,,,,,,,,,,,,,,,,,01246232448_dsl,108.0,NKOT2F045EF1,NOKIA,BC515F6E0433,AAP321NK,11.0,4.0,9.0,0.08,0.2,0.05,0.0,0.0,0.0,6.89,0.47,16.24,74.85,0.8,7.73,22.37,0.0,101.0,0.0,0.0,0.0,0.0,0.0,0.0,0.0,0.0,0.0,0.0,0.0,0.0,0.0,0.0,0.0,0.0,,1.0,0.0,0.0,1.0,99.5,36272653320.0,13.16,5.0,38.0,38.46,5.0,13.0,0.0,0.0,25.0,0.0,0.0,0.0,0.0,0.0,0.0,False,False,False,False,False,False,False,True,False,True,False,False,False,False,True,False,False,False,False,False,False,False,False,False,False,,,True,False,False,False,False,False,False,False,False,False,False,False,80.72,68.58,True,0.0,False,True,4900.0,1022.0,3878.0,0.0,9072.0,9072.0,4900.0,1022.0,3878.0,6882.0,2378.0,4504.0,799.0,240.0,559.0,4900.0,791.0,240.0,551.0,797.0,240.0,557.0,,,36272653320.0,38.0,13.0,25.0,498.0,261.0,237.0,38.0,13.0,25.0,BC515F6E0433,11.0,0.08,0.2,0.05,0.0,0.0,0.0,16.24,74.85,0.8,101.0,0.0,6.89,0.47,0.0,1.0,False,False,False,False,False,False,False,True,False,True,False,7.73,22.37,0.0,0.0,0.0,0.0,0.0,0.0,,1.0,0.0,99.5,36272653320.0,13.16,5.0,38.0,38.46,5.0,13.0,0.0,0.0,25.0,80.72,False,True,False,False,False,False,False,False,,,True,False,False,False,False,False,True
012436398608_dsl,Gurgaon,108.0,NKOTDF0001E7,NOKIA,,Haryana,,,,,,,,,,,,,,,,,,,AAP321NK,,,,,,,,,,,,,,,,,,,,,,,,,,,,,012436398608_dsl,108.0,NKOTDF0001E7,NOKIA,503D7FDFF420,AAP321NK,9.0,6.0,8.0,0.0,0.0,0.0,0.0,0.0,0.0,22.49,21.15,11.34,23.07,8.77,1.27,3.44,0.15,66.0,0.0,0.0,0.0,0.0,0.0,0.0,0.0,0.0,0.0,0.0,0.0,0.0,0.0,0.0,0.0,0.0,,1.0,0.0,1.0,0.0,64.06,66646081536.0,0.0,0.0,38.0,0.0,0.0,13.0,0.0,0.0,25.0,0.0,0.0,0.0,0.0,0.0,0.0,False,False,False,False,False,False,False,False,False,False,False,False,False,False,True,False,False,False,False,False,False,False,False,False,False,,,True,False,False,False,False,False,False,False,False,False,False,False,52.76,5.82,False,0.0,False,True,4963.0,893.0,4070.0,0.0,89474.0,63382.0,4963.0,893.0,4070.0,6920.0,2357.0,4563.0,494.0,169.0,325.0,4963.0,488.0,168.0,320.0,493.0,169.0,324.0,,,66646081536.0,38.0,13.0,25.0,362.0,189.0,173.0,38.0,13.0,25.0,503D7FDFF420,9.0,0.0,0.0,0.0,0.0,0.0,0.0,11.34,23.07,8.77,66.0,0.0,22.49,21.15,1.0,0.0,False,False,False,False,False,False,False,False,False,True,False,1.27,3.44,0.15,0.0,0.0,0.0,0.0,0.0,,1.0,0.0,64.06,66646081536.0,0.0,0.0,38.0,0.0,0.0,13.0,0.0,0.0,25.0,52.76,False,False,False,False,False,False,False,False,,,True,False,False,False,False,False,True
012445118300_dsl,Gurgaon,108.0,NKOT0F01D2BA,NOKIA,,Haryana,,,,,,,,,,,,,,,,,,,AOT4221NK,,,,,,,,,,,,,,,,,,,,,,,,,,,,,012445118300_dsl,108.0,NKOT0F01D2BA,NOKIA,2CC1F43342F1,AOT4221NK,13.0,6.0,10.0,0.34,0.38,0.33,0.0,0.33,0.33,81.71,163.39,13.1,67.58,1.13,8.23,23.48,0.29,165.0,0.0,0.0,0.0,0.0,0.0,0.0,0.0,0.0,0.0,0.0,0.0,0.0,0.0,0.0,0.0,0.0,,,,2.0,0.0,53.4,18599175168.0,7.89,3.0,38.0,23.08,3.0,13.0,0.0,0.0,25.0,0.0,0.0,0.0,0.0,0.0,0.0,False,False,False,False,False,False,False,False,False,True,False,False,False,False,True,False,False,False,False,False,False,False,False,False,False,,,,,False,False,False,False,False,False,False,False,False,False,51.48,91.57,True,0.0,False,True,5853.0,1055.0,4798.0,0.0,115152.0,115152.0,5853.0,1055.0,4798.0,3160.0,1082.0,2078.0,302.0,77.0,225.0,5853.0,302.0,77.0,225.0,302.0,77.0,225.0,,,18599175168.0,38.0,13.0,25.0,169.0,83.0,86.0,38.0,13.0,25.0,2CC1F43342F1,13.0,0.34,0.38,0.33,0.33,0.0,0.33,13.1,67.58,1.13,165.0,0.0,81.71,163.39,2.0,0.0,False,False,False,False,False,False,False,True,False,True,False,8.23,23.48,0.29,0.0,0.0,0.0,0.0,0.0,,,,53.4,18599175168.0,7.89,3.0,38.0,23.08,3.0,13.0,0.0,0.0,25.0,51.48,False,False,False,False,False,False,False,False,,,,,False,False,False,False,True
012447862103_dsl,Gurgaon,108.0,ZYOTB0900020,NOKIA,,Haryana,,,,,,,,,,,,,,,,,,,AOT5222ZY,,,,,,,,,,,,,,,,,,,,,,,,,,,,,012447862103_dsl,108.0,ZYOTB0900020,NOKIA,C02E5FAD7669,AOT5222ZY,7.0,0.0,7.0,0.02,,0.02,0.0,0.02,0.02,1422.47,4.37,0.02,0.0,0.02,78.93,91.31,67.54,0.0,0.0,0.0,0.0,0.0,0.0,0.0,0.0,0.0,0.0,0.0,0.0,0.0,0.0,0.0,0.0,0.0,,,,,,100.0,15021251838976.0,0.0,0.0,23.0,0.0,0.0,11.0,0.0,0.0,12.0,0.0,0.0,0.0,0.0,0.0,0.0,False,,False,False,False,False,False,False,False,False,False,True,True,True,False,False,False,False,False,False,False,False,False,False,False,,,,,,,False,False,False,False,False,False,False,False,56.91,0.0,False,0.0,False,True,4026.0,0.0,4026.0,0.0,92598.0,92598.0,4026.0,,4026.0,2136.0,1024.0,1112.0,170.0,85.0,85.0,4026.0,144.0,85.0,59.0,170.0,85.0,85.0,,,15021251838976.0,23.0,11.0,12.0,188.0,96.0,92.0,23.0,11.0,12.0,C02E5FAD7669,7.0,0.02,,0.02,0.02,0.0,0.02,0.02,0.0,0.02,0.0,0.0,1422.47,4.37,,,False,,False,False,False,False,False,False,False,False,False,78.93,91.31,67.54,0.0,0.0,0.0,0.0,0.0,,,,100.0,15021251838976.0,0.0,0.0,23.0,0.0,0.0,11.0,0.0,0.0,12.0,56.91,False,False,True,True,True,False,False,False,,,,,,,False,False,True
012421019184_wifi,Gurgaon,108.0,ZYOTB0900058,NOKIA,,Haryana,,,,,,,,,,,,,,,,,,,AOT5222ZY,,,,,,,,,,,,,,,,,,,,,,,,,,,,,012421019184_wifi,108.0,ZYOTB0900058,NOKIA,C02E5FAD7799,AOT5222ZY,9.0,4.0,8.0,28.71,15.03,39.18,0.0,40.43,40.43,214.97,0.96,0.25,0.53,0.04,92.13,91.39,92.8,19.0,0.0,0.0,0.0,0.0,0.0,0.0,0.0,0.0,0.0,0.0,0.0,0.0,0.0,0.0,0.0,0.0,,,,3.0,0.0,1.52,1312742806528.0,0.0,0.0,23.0,0.0,0.0,11.0,0.0,0.0,12.0,0.0,0.0,0.0,0.0,0.0,0.0,False,False,False,False,False,False,False,True,False,False,False,True,True,True,True,False,False,False,False,False,False,False,False,False,False,,,,,False,False,True,False,False,False,False,False,False,False,71.83,2.15,False,2.04,False,True,3926.0,1703.0,2223.0,0.0,34812.0,34812.0,3926.0,1703.0,2223.0,2071.0,987.0,1084.0,240.0,80.0,160.0,3926.0,222.0,71.0,151.0,240.0,80.0,160.0,,,1312742806528.0,23.0,11.0,12.0,142.0,93.0,49.0,23.0,11.0,12.0,C02E5FAD7799,9.0,28.71,15.03,39.18,40.43,0.0,40.43,0.25,0.53,0.04,19.0,0.0,214.97,0.96,3.0,0.0,False,False,False,False,False,False,False,False,False,True,False,92.13,91.39,92.8,0.0,0.0,0.0,0.0,0.0,,,,1.52,1312742806528.0,0.0,0.0,23.0,0.0,0.0,11.0,0.0,0.0,12.0,71.83,False,True,True,True,True,False,False,False,,,,,False,False,False,False,True
012422395135_wifi,Gurgaon,108.0,ZYOTB0900014,NOKIA,,Haryana,,,,,,,,,,,,,,,,,,,AOT5222ZY,,,,,,,,,,,,,,,,,,,,,,,,,,,,,012422395135_wifi,108.0,ZYOTB0900014,NOKIA,C02E5FAD7639,AOT5222ZY,10.0,3.0,8.0,1.92,0.0,2.44,39.13,0.0,39.13,10.44,0.64,4.69,22.26,0.0,88.86,91.9,85.89,13.0,0.0,0.0,0.0,0.0,0.0,0.0,0.0,0.0,0.0,0.0,0.0,0.0,0.0,0.0,0.0,0.0,,,,1.0,0.0,99.99,41682370560.0,0.0,0.0,23.0,0.0,0.0,11.0,0.0,0.0,12.0,0.0,0.0,0.0,0.0,0.0,0.0,False,False,False,False,False,False,False,True,False,False,False,True,True,True,True,False,False,False,False,False,False,False,False,False,False,,,,,False,False,False,False,False,False,False,False,False,False,66.84,9.47,False,0.0,False,True,5925.0,1249.0,4676.0,29976.0,0.0,29976.0,5925.0,1249.0,4676.0,2074.0,1025.0,1049.0,344.0,174.0,170.0,5925.0,332.0,174.0,158.0,344.0,174.0,170.0,,,41682370560.0,23.0,11.0,12.0,187.0,95.0,92.0,23.0,11.0,12.0,C02E5FAD7639,10.0,1.92,0.0,2.44,39.13,39.13,0.0,4.69,22.26,0.0,13.0,0.0,10.44,0.64,1.0,0.0,False,False,False,False,False,False,False,False,False,True,False,88.86,91.9,85.89,0.0,0.0,0.0,0.0,0.0,,,,99.99,41682370560.0,0.0,0.0,23.0,0.0,0.0,11.0,0.0,0.0,12.0,66.84,False,True,True,True,True,False,False,False,,,,,False,False,False,False,True
080101842220_kk,Bangalore,105.0,ZYOTEF108503,NOKIA,56B9786E39E1,Karnataka,3.64,0.0,3.64,10.93,89.07,11.5,,,0.0,,77.73,94.36,56.26,3.18,0.0,7.29,0.37,0.02,AOT5221ZY,,,,,False,False,False,False,,True,True,False,False,False,False,10536.0,0.0,10536.0,1701540864.0,1701540864.0,14799872000.0,1006.0,1006.0,567.0,439.0,1006.0,567.0,439.0,,,,,,,,,,,,,,,,,,,,,,,,,,,,,,,,,,,,,,,,,,,,,,,,,,,,,,,,,,,,,,,,,,,,,,,,,,,,,,,,,,,,,,,,,,,,,,,,,,,,,,,,,,,,1006.0,567.0,439.0,0.0,10536.0,10536.0,1006.0,567.0,439.0,,,,,,,1006.0,,,,,,,,,,,,,,,,,,,,,3.18,0.0,7.29,3.64,0.0,3.64,77.73,94.36,56.26,,0.0,0.37,0.02,,,False,False,False,False,False,False,True,True,False,,False,,,,,,,,,,,,,,,,,,,,,,,,,,,,,,,,,,,,,,,,
08021305959_wifi,Bangalore,105.0,ZYOTAF220521,NOKIA,20BD1D920B30,Karnataka,0.0,0.0,0.0,0.0,100.0,0.42,,,0.0,,50.0,0.0,50.0,0.0,,0.0,4.85,0.34,AOT5221ZY,,,,,False,False,False,False,,False,False,False,False,,False,8.0,0.0,8.0,1655189504.0,1655189504.0,393919927296.0,8.0,8.0,,8.0,8.0,0.0,8.0,,,,,,,,,,,,,,,,,,,,,,,,,,,,,,,,,,,,,,,,,,,,,,,,,,,,,,,,,,,,,,,,,,,,,,,,,,,,,,,,,,,,,,,,,,,,,,,,,,,,,,,,,,,,8.0,0.0,8.0,0.0,8.0,8.0,8.0,,8.0,,,,,,,8.0,,,,,,,,,,,,,,,,,,,,,0.0,,0.0,0.0,0.0,0.0,50.0,0.0,50.0,,0.0,4.85,0.34,,,False,,False,False,False,False,False,False,False,,False,,,,,,,,,,,,,,,,,,,,,,,,,,,,,,,,,,,,,,,,
08021305959_wifi,Bangalore,105.0,ZYOTAF220521,NOKIA,4663C272B38F,Karnataka,0.0,0.0,0.0,0.0,100.0,40.41,,,0.0,,0.0,0.0,0.0,0.0,,0.0,14.27,0.7,AOT5221ZY,,,,,False,False,False,False,,False,False,False,False,,False,957.0,0.0,957.0,159196004352.0,159196004352.0,393919927296.0,1113.0,1113.0,,1113.0,1113.0,0.0,1113.0,,,,,,,,,,,,,,,,,,,,,,,,,,,,,,,,,,,,,,,,,,,,,,,,,,,,,,,,,,,,,,,,,,,,,,,,,,,,,,,,,,,,,,,,,,,,,,,,,,,,,,,,,,,,1113.0,0.0,1113.0,0.0,957.0,957.0,1113.0,,1113.0,,,,,,,1113.0,,,,,,,,,,,,,,,,,,,,,0.0,,0.0,0.0,0.0,0.0,0.0,0.0,0.0,,0.0,14.27,0.7,,,False,,False,False,False,False,False,False,False,,False,,,,,,,,,,,,,,,,,,,,,,,,,,,,,,,,,,,,,,,,
08024828161_wifi,Bangalore,105.0,ZYOTFF046132,NOKIA,2818FDAEBD35,Karnataka,,,,100.0,0.0,12.46,,,0.0,,100.0,100.0,0.0,0.0,0.0,,0.0,0.0,AOT5221ZY,,,,,,,,False,,True,True,False,False,False,,,,,32516096.0,32516096.0,261018624.0,1351.0,1351.0,1351.0,,1351.0,1351.0,0.0,,,,,,,,,,,,,,,,,,,,,,,,,,,,,,,,,,,,,,,,,,,,,,,,,,,,,,,,,,,,,,,,,,,,,,,,,,,,,,,,,,,,,,,,,,,,,,,,,,,,,,,,,,,,1351.0,1351.0,0.0,,,,1351.0,1351.0,,,,,,,,1351.0,,,,,,,,,,,,,,,,,,,,,0.0,0.0,,,,,100.0,100.0,0.0,,0.0,0.0,0.0,,,False,False,,,,,True,True,False,,False,,,,,,,,,,,,,,,,,,,,,,,,,,,,,,,,,,,,,,,,
080101842220_kk,Bangalore,105.0,ZYOTEF108503,NOKIA,96A208813FA5,Karnataka,0.0,0.0,0.0,3.58,96.42,0.84,,,0.0,,100.0,100.0,100.0,0.0,0.0,0.0,0.8,0.03,AOT5221ZY,,,,,False,False,False,False,,True,True,True,False,False,False,19056.0,0.0,19056.0,125000704.0,125000704.0,14799872000.0,1148.0,1148.0,354.0,794.0,1148.0,354.0,794.0,,,,,,,,,,,,,,,,,,,,,,,,,,,,,,,,,,,,,,,,,,,,,,,,,,,,,,,,,,,,,,,,,,,,,,,,,,,,,,,,,,,,,,,,,,,,,,,,,,,,,,,,,,,,1148.0,354.0,794.0,0.0,19056.0,19056.0,1148.0,354.0,794.0,,,,,,,1148.0,,,,,,,,,,,,,,,,,,,,,0.0,0.0,0.0,0.0,0.0,0.0,100.0,100.0,100.0,,0.0,0.8,0.03,,,False,False,False,False,False,False,True,True,True,,False,,,,,,,,,,,,,,,,,,,,,,,,,,,,,,,,,,,,,,,,
08021305959_wifi,Bangalore,105.0,ZYOTAF220521,NOKIA,3AB3E810E58B,Karnataka,1.1,0.0,13.87,0.52,99.48,2.78,False,False,0.0,5.0,99.24,98.9,99.42,9.09,0.0,13.87,4.07,0.27,AOT5221ZY,Veena-s-S20-FE,,,,False,False,False,False,False,True,True,True,False,False,False,2175.0,2002.0,173.0,10962466816.0,10962466816.0,393919927296.0,264.0,264.0,91.0,173.0,264.0,91.0,173.0,,,,,,,,,,,,,,,,,,,,,,,,,,,,,,,,,,,,,,,,,,,,,,,,,,,,,,,,,,,,,,,,,,,,,,,,,,,,,,,,,,,,,,,,,,,,,,,,,,,,,,,,,,,,264.0,91.0,173.0,2002.0,173.0,2175.0,264.0,91.0,173.0,,,,,,,264.0,,,,,,,,,,,,,,,,,,,,,9.09,0.0,13.87,1.1,0.0,13.87,99.24,98.9,99.42,5.0,0.0,4.07,0.27,False,False,False,False,False,False,False,False,True,True,True,False,False,,,,,,,,,,,,,,,,,,,,,,,,,,,,,,,,,,,,,,,,
080101842220_kk,Bangalore,105.0,ZYOTEF108503,NOKIA,520CCB97F3AB,Karnataka,0.0,0.0,0.0,0.0,100.0,6.1,,,0.0,,80.16,100.0,80.02,0.0,0.0,0.0,1.96,0.08,AOT5221ZY,,,,,False,False,False,False,,True,True,True,False,False,False,26064.0,0.0,26064.0,903120896.0,903120896.0,14799872000.0,1094.0,1094.0,8.0,1086.0,1094.0,8.0,1086.0,,,,,,,,,,,,,,,,,,,,,,,,,,,,,,,,,,,,,,,,,,,,,,,,,,,,,,,,,,,,,,,,,,,,,,,,,,,,,,,,,,,,,,,,,,,,,,,,,,,,,,,,,,,,1094.0,8.0,1086.0,0.0,26064.0,26064.0,1094.0,8.0,1086.0,,,,,,,1094.0,,,,,,,,,,,,,,,,,,,,,0.0,0.0,0.0,0.0,0.0,0.0,80.16,100.0,80.02,,0.0,1.96,0.08,,,False,False,False,False,False,False,True,True,True,,False,,,,,,,,,,,,,,,,,,,,,,,,,,,,,,,,,,,,,,,,
080101842220_kk,Bangalore,105.0,ZYOTEF108503,NOKIA,78B39F17368C,Karnataka,0.0,0.0,0.0,0.0,100.0,50.87,,,0.0,,100.0,0.0,100.0,0.0,,0.0,1.8,0.01,AOT5221ZY,,,,,False,False,False,False,,True,False,True,False,,False,30648.0,0.0,30648.0,7528404992.0,7528404992.0,14799872000.0,1277.0,1277.0,,1277.0,1277.0,0.0,1277.0,,,,,,,,,,,,,,,,,,,,,,,,,,,,,,,,,,,,,,,,,,,,,,,,,,,,,,,,,,,,,,,,,,,,,,,,,,,,,,,,,,,,,,,,,,,,,,,,,,,,,,,,,,,,1277.0,0.0,1277.0,0.0,30648.0,30648.0,1277.0,,1277.0,,,,,,,1277.0,,,,,,,,,,,,,,,,,,,,,0.0,,0.0,0.0,0.0,0.0,100.0,0.0,100.0,,0.0,1.8,0.01,,,False,,False,False,False,False,True,False,True,,False,,,,,,,,,,,,,,,,,,,,,,,,,,,,,,,,,,,,,,,,
08021305959_wifi,Bangalore,105.0,ZYOTAF220521,NOKIA,E6B4718C2F37,Karnataka,0.44,0.47,0.21,1.76,98.24,10.55,,,0.0,0.0,99.42,99.07,99.58,0.29,0.47,0.21,7.16,0.36,AOT5221ZY,Unknown_e6:b4:71:8c:2f:37,OTHER,,,False,False,False,False,False,True,True,True,False,False,False,5179.0,4708.0,471.0,41573812224.0,41573812224.0,393919927296.0,685.0,685.0,214.0,471.0,685.0,214.0,471.0,,,,,,,,,,,,,,,,,,,,,,,,,,,,,,,,,,,,,,,,,,,,,,,,,,,,,,,,,,,,,,,,,,,,,,,,,,,,,,,,,,,,,,,,,,,,,,,,,,,,,,,,,,,,685.0,214.0,471.0,4708.0,471.0,5179.0,685.0,214.0,471.0,,,,,,,685.0,,,,,,,,,,,,,,,,,,,,,0.29,0.47,0.21,0.44,0.47,0.21,99.42,99.07,99.58,0.0,0.0,7.16,0.36,,,False,False,False,False,False,False,True,True,True,False,False,,,,,,,,,,,,,,,,,,,,,,,,,,,,,,,,,,,,,,,,
08024828161_wifi,Bangalore,105.0,ZYOTFF046132,NOKIA,32BD1372F2C7,Karnataka,0.0,0.0,0.0,0.0,100.0,87.05,,,0.0,,0.0,0.0,0.0,0.0,,0.0,0.0,0.0,AOT5221ZY,,,,,False,False,False,False,,False,False,False,False,,False,31776.0,0.0,31776.0,227208192.0,227208192.0,261018624.0,1324.0,1324.0,,1324.0,1324.0,0.0,1324.0,,,,,,,,,,,,,,,,,,,,,,,,,,,,,,,,,,,,,,,,,,,,,,,,,,,,,,,,,,,,,,,,,,,,,,,,,,,,,,,,,,,,,,,,,,,,,,,,,,,,,,,,,,,,1324.0,0.0,1324.0,0.0,31776.0,31776.0,1324.0,,1324.0,,,,,,,1324.0,,,,,,,,,,,,,,,,,,,,,0.0,,0.0,0.0,0.0,0.0,0.0,0.0,0.0,,0.0,0.0,0.0,,,False,,False,False,False,False,False,False,False,,False,,,,,,,,,,,,,,,,,,,,,,,,,,,,,,,,,,,,,,,,
08021305959_wifi,Bangalore,105.0,ZYOTAF220521,NOKIA,5E20088233E4,Karnataka,4.73,8.33,0.0,9.28,90.72,0.02,False,False,0.0,1.0,3.51,100.0,0.28,0.27,8.33,0.0,0.35,0.11,AOT5221ZY,Unknown_5e:20:08:82:33:e4,,,,False,False,False,False,False,False,True,False,False,False,False,465.0,264.0,201.0,94115840.0,94115840.0,393919927296.0,370.0,370.0,12.0,358.0,370.0,12.0,358.0,,,,,,,,,,,,,,,,,,,,,,,,,,,,,,,,,,,,,,,,,,,,,,,,,,,,,,,,,,,,,,,,,,,,,,,,,,,,,,,,,,,,,,,,,,,,,,,,,,,,,,,,,,,,370.0,12.0,358.0,264.0,201.0,465.0,370.0,12.0,358.0,,,,,,,370.0,,,,,,,,,,,,,,,,,,,,,0.27,8.33,0.0,4.73,8.33,0.0,3.51,100.0,0.28,1.0,0.0,0.35,0.11,False,False,False,False,False,False,False,False,False,True,False,False,False,,,,,,,,,,,,,,,,,,,,,,,,,,,,,,,,,,,,,,,,
08021305959_wifi,Bangalore,105.0,ZYOTAF220521,NOKIA,BADC35923F54,Karnataka,0.0,0.0,0.0,0.35,99.65,4.41,False,False,0.0,11.0,97.16,100.0,96.84,0.0,0.0,0.0,33.79,0.52,AOT5221ZY,Galaxy-S20-FE-5G,PHONE,Samsung Electronics,Galaxy,False,False,False,False,True,True,True,True,False,False,False,3108.0,2222.0,886.0,17384627200.0,17384627200.0,393919927296.0,987.0,987.0,101.0,886.0,987.0,101.0,886.0,,,,,,,,,,,,,,,,,,,,,,,,,,,,,,,,,,,,,,,,,,,,,,,,,,,,,,,,,,,,,,,,,,,,,,,,,,,,,,,,,,,,,,,,,,,,,,,,,,,,,,,,,,,,987.0,101.0,886.0,2222.0,886.0,3108.0,987.0,101.0,886.0,,,,,,,987.0,,,,,,,,,,,,,,,,,,,,,0.0,0.0,0.0,0.0,0.0,0.0,97.16,100.0,96.84,11.0,0.0,33.79,0.52,False,False,False,False,False,False,False,False,True,True,True,True,False,,,,,,,,,,,,,,,,,,,,,,,,,,,,,,,,,,,,,,,,
08021305959_wifi,Bangalore,105.0,ZYOTAF220521,NOKIA,1CD6BEAA4661,Karnataka,0.0,0.0,0.0,0.0,100.0,34.26,,,0.0,,60.09,0.0,60.09,0.0,,0.0,161.43,28.06,AOT5221ZY,,,,,False,False,False,False,,True,False,True,False,,False,1085.0,0.0,1085.0,134956151808.0,134956151808.0,393919927296.0,1085.0,1085.0,,1085.0,1085.0,0.0,1085.0,,,,,,,,,,,,,,,,,,,,,,,,,,,,,,,,,,,,,,,,,,,,,,,,,,,,,,,,,,,,,,,,,,,,,,,,,,,,,,,,,,,,,,,,,,,,,,,,,,,,,,,,,,,,1085.0,0.0,1085.0,0.0,1085.0,1085.0,1085.0,,1085.0,,,,,,,1085.0,,,,,,,,,,,,,,,,,,,,,0.0,,0.0,0.0,0.0,0.0,60.09,0.0,60.09,,0.0,161.43,28.06,,,False,,False,False,False,False,True,False,True,,False,,,,,,,,,,,,,,,,,,,,,,,,,,,,,,,,,,,,,,,,
08021305959_wifi,Bangalore,105.0,ZYOTAF220521,NOKIA,9247F166A2BB,Karnataka,8.75,11.11,1.54,28.92,71.08,0.8,False,False,0.0,7.0,50.0,100.0,43.08,2.7,11.11,1.54,58.59,0.33,AOT5221ZY,Unknown_92:47:f1:66:a2:bb,,,,False,False,False,False,True,False,True,False,False,False,False,263.0,198.0,65.0,3141658624.0,3141658624.0,393919927296.0,74.0,74.0,9.0,65.0,74.0,9.0,65.0,,,,,,,,,,,,,,,,,,,,,,,,,,,,,,,,,,,,,,,,,,,,,,,,,,,,,,,,,,,,,,,,,,,,,,,,,,,,,,,,,,,,,,,,,,,,,,,,,,,,,,,,,,,,74.0,9.0,65.0,198.0,65.0,263.0,74.0,9.0,65.0,,,,,,,74.0,,,,,,,,,,,,,,,,,,,,,2.7,11.11,1.54,8.75,11.11,1.54,50.0,100.0,43.08,7.0,0.0,58.59,0.33,False,False,False,False,False,False,False,False,False,True,False,True,False,,,,,,,,,,,,,,,,,,,,,,,,,,,,,,,,,,,,,,,,
080101842220_kk,Bangalore,105.0,ZYOTEF108503,NOKIA,F4289DA74175,Karnataka,0.0,0.0,0.0,0.0,100.0,30.69,,,0.0,,100.0,0.0,100.0,0.0,,0.0,1.88,0.1,AOT5221ZY,,,,,False,False,False,False,,True,False,True,False,,False,14280.0,0.0,14280.0,4541804544.0,4541804544.0,14799872000.0,595.0,595.0,,595.0,595.0,0.0,595.0,,,,,,,,,,,,,,,,,,,,,,,,,,,,,,,,,,,,,,,,,,,,,,,,,,,,,,,,,,,,,,,,,,,,,,,,,,,,,,,,,,,,,,,,,,,,,,,,,,,,,,,,,,,,595.0,0.0,595.0,0.0,14280.0,14280.0,595.0,,595.0,,,,,,,595.0,,,,,,,,,,,,,,,,,,,,,0.0,,0.0,0.0,0.0,0.0,100.0,0.0,100.0,,0.0,1.88,0.1,,,False,,False,False,False,False,True,False,True,,False,,,,,,,,,,,,,,,,,,,,,,,,,,,,,,,,,,,,,,,,
08021305959_wifi,Bangalore,105.0,ZYOTAF220521,NOKIA,4663C272B14F,Karnataka,1.66,0.0,1.66,0.0,100.0,6.26,,,0.0,,0.0,0.0,0.0,1.43,,1.43,4.19,0.25,AOT5221ZY,,,,,False,False,False,False,,False,False,False,False,,False,965.0,0.0,965.0,24659165184.0,24659165184.0,393919927296.0,1122.0,1122.0,,1122.0,1122.0,0.0,1122.0,,,,,,,,,,,,,,,,,,,,,,,,,,,,,,,,,,,,,,,,,,,,,,,,,,,,,,,,,,,,,,,,,,,,,,,,,,,,,,,,,,,,,,,,,,,,,,,,,,,,,,,,,,,,1122.0,0.0,1122.0,0.0,965.0,965.0,1122.0,,1122.0,,,,,,,1122.0,,,,,,,,,,,,,,,,,,,,,1.43,,1.43,1.66,0.0,1.66,0.0,0.0,0.0,,0.0,4.19,0.25,,,False,,False,False,False,False,False,False,False,,False,,,,,,,,,,,,,,,,,,,,,,,,,,,,,,,,,,,,,,,,
08021305959_wifi,Bangalore,105.0,ZYOTAF220521,NOKIA,4CD08A27B074,Karnataka,0.0,0.0,0.0,100.0,0.0,0.08,False,False,0.0,51.0,100.0,100.0,0.0,0.0,0.0,,0.09,1.19,AOT5221ZY,HNS-200_B074,,,,False,False,False,False,True,True,True,False,False,False,,23870.0,23870.0,0.0,296735744.0,296735744.0,393919927296.0,1085.0,1085.0,1085.0,,1085.0,1085.0,0.0,,,,,,,,,,,,,,,,,,,,,,,,,,,,,,,,,,,,,,,,,,,,,,,,,,,,,,,,,,,,,,,,,,,,,,,,,,,,,,,,,,,,,,,,,,,,,,,,,,,,,,,,,,,,1085.0,1085.0,0.0,23870.0,0.0,23870.0,1085.0,1085.0,,,,,,,,1085.0,,,,,,,,,,,,,,,,,,,,,0.0,0.0,,0.0,0.0,0.0,100.0,100.0,0.0,51.0,0.0,0.09,1.19,False,False,False,False,,False,False,False,True,True,False,True,False,,,,,,,,,,,,,,,,,,,,,,,,,,,,,,,,,,,,,,,,
08024828161_wifi,Bangalore,105.0,ZYOTFF046132,NOKIA,0827A84B46B0,Karnataka,,,,100.0,0.0,0.5,,,0.0,,100.0,100.0,0.0,0.0,0.0,,0.0,0.0,AOT5221ZY,,,,,,,,False,,True,True,False,False,False,,,,,1294336.0,1294336.0,261018624.0,1324.0,1324.0,1324.0,,1324.0,1324.0,0.0,,,,,,,,,,,,,,,,,,,,,,,,,,,,,,,,,,,,,,,,,,,,,,,,,,,,,,,,,,,,,,,,,,,,,,,,,,,,,,,,,,,,,,,,,,,,,,,,,,,,,,,,,,,,1324.0,1324.0,0.0,,,,1324.0,1324.0,,,,,,,,1324.0,,,,,,,,,,,,,,,,,,,,,0.0,0.0,,,,,100.0,100.0,0.0,,0.0,0.0,0.0,,,False,False,,,,,True,True,False,,False,,,,,,,,,,,,,,,,,,,,,,,,,,,,,,,,,,,,,,,,
08024828161_wifi,Bangalore,105.0,ZYOTFF046132,NOKIA,,Karnataka,,,,,,,,,,,,,,,,,,,AOT5221ZY,,,,,,,,,,,,,,,,,,,,,,,,,,,,,08024828161_wifi,105.0,ZYOTFF046132,NOKIA,6C4F89D50069,AOT5221ZY,3.0,2.0,1.0,0.0,0.0,0.0,0.0,0.0,0.0,0.0,0.0,66.89,100.0,0.0,69.23,91.18,49.3,0.0,0.0,0.0,0.0,0.0,0.0,0.0,0.0,0.0,0.0,0.0,0.0,0.0,0.0,0.0,0.0,0.0,,,,,,87.05,261018624.0,0.0,0.0,23.0,0.0,0.0,11.0,0.0,0.0,12.0,0.0,0.0,0.0,0.0,0.0,0.0,False,False,False,False,False,False,True,True,True,True,False,True,True,False,False,False,False,False,False,False,False,False,False,False,False,,,,,,,False,False,False,False,False,False,False,False,48.94,1.09,False,0.0,False,False,3999.0,2675.0,1324.0,0.0,31776.0,31776.0,3999.0,2675.0,1324.0,2168.0,1032.0,1136.0,264.0,87.0,177.0,3999.0,264.0,87.0,177.0,264.0,87.0,177.0,,,261018624.0,23.0,11.0,12.0,188.0,92.0,96.0,23.0,11.0,12.0,6C4F89D50069,3.0,0.0,0.0,0.0,0.0,0.0,0.0,66.89,100.0,0.0,0.0,0.0,0.0,0.0,,,False,False,False,False,False,False,True,True,False,False,False,69.23,91.18,49.3,0.0,0.0,0.0,0.0,0.0,,,,87.05,261018624.0,0.0,0.0,23.0,0.0,0.0,11.0,0.0,0.0,12.0,48.94,True,True,True,True,False,False,False,False,,,,,,,False,False,False
080101842220_kk,Bangalore,105.0,ZYOTEF108503,NOKIA,,Karnataka,,,,,,,,,,,,,,,,,,,AOT5221ZY,,,,,,,,,,,,,,,,,,,,,,,,,,,,,080101842220_kk,105.0,ZYOTEF108503,NOKIA,30BD1330F2A8,AOT5221ZY,5.0,3.0,5.0,0.63,0.0,0.76,0.0,0.38,0.4,1.96,0.1,91.39,96.56,90.24,88.61,89.9,87.59,,0.0,0.0,0.0,0.0,0.0,0.0,0.0,0.0,0.0,0.0,0.0,0.0,0.0,0.0,0.0,0.0,,,,,,98.71,14799872000.0,0.0,0.0,24.0,0.0,0.0,11.0,0.0,0.0,13.0,0.0,0.0,0.0,0.0,0.0,0.0,False,False,False,False,False,False,False,True,True,True,True,True,True,True,,False,False,False,False,False,False,False,False,False,False,,,,,,,False,False,False,False,False,False,False,False,70.05,4.17,False,0.0,False,True,5120.0,929.0,4191.0,0.0,100584.0,95376.0,5120.0,929.0,4191.0,4172.0,1852.0,2320.0,422.0,167.0,255.0,5120.0,422.0,167.0,255.0,422.0,167.0,255.0,,,14799872000.0,24.0,11.0,13.0,384.0,192.0,192.0,24.0,11.0,13.0,30BD1330F2A8,5.0,0.63,0.0,0.76,0.4,0.0,0.38,91.39,96.56,90.24,,0.0,1.96,0.1,,,False,False,False,False,False,False,True,True,True,,False,88.61,89.9,87.59,0.0,0.0,0.0,0.0,0.0,,,,98.71,14799872000.0,0.0,0.0,24.0,0.0,0.0,11.0,0.0,0.0,13.0,70.05,False,True,True,True,True,False,False,False,,,,,,,False,False,True
08021305959_wifi,Bangalore,105.0,ZYOTAF220521,NOKIA,,Karnataka,,,,,,,,,,,,,,,,,,,AAP4221ZY,,,,,,,,,,,,,,,,,,,,,,,,,,,,,08021305959_wifi,105.0,ZYOTAF220521,NOKIA,4463C20DB388,AAP4221ZY,10.0,6.0,9.0,0.66,0.2,0.8,0.2,0.87,0.23,161.43,28.06,54.36,99.8,41.36,33.07,40.31,27.87,75.0,0.0,0.0,0.0,0.0,0.0,0.0,0.0,0.0,0.0,0.0,0.0,0.0,0.0,0.0,0.0,0.0,,,,0.0,0.0,99.48,393919927296.0,0.0,0.0,24.0,0.0,0.0,11.0,0.0,0.0,13.0,0.0,0.0,0.0,0.0,0.0,0.0,False,False,False,False,False,False,False,False,False,True,False,False,False,False,True,False,False,False,False,False,False,False,False,False,False,,,,,False,False,False,False,False,False,False,False,False,False,58.74,0.38,False,1.45,False,True,6793.0,1512.0,5281.0,33264.0,4811.0,29602.0,6793.0,1512.0,5281.0,5806.0,2426.0,3380.0,736.0,245.0,491.0,6793.0,677.0,242.0,435.0,736.0,245.0,491.0,,,393919927296.0,24.0,11.0,13.0,538.0,262.0,276.0,24.0,11.0,13.0,4463C20DB388,10.0,0.66,0.2,0.8,0.23,0.2,0.87,54.36,99.8,41.36,75.0,0.0,161.43,28.06,0.0,0.0,False,False,False,False,False,False,False,True,False,True,False,33.07,40.31,27.87,0.0,0.0,0.0,0.0,0.0,,,,99.48,393919927296.0,0.0,0.0,24.0,0.0,0.0,11.0,0.0,0.0,13.0,58.74,False,False,False,False,False,False,False,False,,,,,False,False,False,False,True
