ap,city,circle_code_no,ont_serial_no,vendor_name,station_mac,circle,client_with_poor_snr_sample,client_with_poor_snr_sample_2,client_with_poor_snr_sample_5,tot_2g,tot_5g,tot_overall,client_with_high_no_of_sticky_client_2_with_good_coverage,client_with_high_no_of_sticky_client_5_with_poor_coverage,client_with_high_tx_packet_error,client_with_high_client_disconnection,client_with_poor_link_speed_mcs_rate,client_with_poor_link_speed_mcs_rate_2,client_with_poor_link_speed_mcs_rate_5,client_with_poor_coverage,client_with_poor_coverage_2,client_with_poor_coverage_5,client_with_poor_dl_throughput_less_than_threshold,client_with_poor_ul_throughput_less_than_threshold,ap_manufacturer,host_name,type,manufacturer,model,client_with_poor_snr_sample_breach,client_with_poor_snr_sample_2_breach,client_with_poor_snr_sample_5_breach,client_with_high_tx_packet_error_breach,client_with_high_client_disconnection_breach,client_with_poor_link_speed_mcs_rate_breach,client_with_poor_link_speed_mcs_rate_2_breach,client_with_poor_link_speed_mcs_rate_5_breach,client_with_poor_coverage_breach,client_with_poor_coverage_2_breach,client_with_poor_coverage_5_breach,count_of_total_samples_for_client_with_poor_snr_sample,count_of_total_samples_for_client_with_poor_snr_sample_2,count_of_total_samples_for_client_with_poor_snr_sample_5,count_of_total_samples_for_ap_tot_2g,count_of_total_samples_for_ap_tot_5g,count_of_total_samples_for_ap_tot_overall,count_of_total_samples_for_client_with_high_tx_packet_error,count_of_total_samples_for_client_with_poor_link_speed_mcs_rate,count_of_total_samples_for_client_with_poor_link_speed_mcs_rate_2,count_of_total_samples_for_client_with_poor_link_speed_mcs_rate_5,count_of_total_samples_for_client_with_poor_coverage,count_of_total_samples_for_client_with_poor_coverage_2,count_of_total_samples_for_client_with_poor_coverage_5,ap name,circle code,ont serial number,vendor,mac address,ap manufacturer,connected clients,connected clients (2.4 ghz),connected clients (5 ghz),poor coverage (overall),poor coverage (2.4 ghz),poor coverage (5 ghz),poor snr (2.4 ghz),poor snr (5 ghz),poor snr (overall),low download throughput (overall),low upload throughput (overall),low link speed (overall),low link speed (2.4 ghz),low link speed (5 ghz),high interference (overall),high interference (2.4 ghz),high interference (5 ghz),high client disconnections (overall),high retry rate (overall),high retry rate (2.4 ghz),high retry rate (5 ghz),high tx packet errors (overall),tx packet error (%) (overall),tx packet error (%) (2.4 ghz),tx packet error (%) (5 ghz),high tx packet errors flag (overall),high tx packet errors flag (2.4 ghz),high tx packet errors flag (5 ghz),high rx packet errors (overall),high rx packet errors (2.4 ghz),high rx packet errors (5 ghz),high rx packet errors flag (overall),high rx packet errors flag (2.4 ghz),high rx packet errors flag (5 ghz),downtime (%) (overall),high cpu utilization (overall),memory errors (overall),sticky clients (2.4 ghz - good coverage),sticky clients (5 ghz - poor coverage),poor tot on (5 ghz),zero usage aps (overall),channel utilization (%) (overall),high channel utilization count (overall),total channels (all bands),high channel utilization (2.4 ghz) (%),high channel utilization count (2.4 ghz),total channels (2.4 ghz),high channel congestion (5 ghz) (%),high channel congestion count (5 ghz),total channels (5 ghz),own channel usage ratio (%) (overall),own channel usage ratio count (overall),own channel usage ratio (%) (2.4 ghz),own channel usage ratio count (2.4 ghz),own channel usage ratio (%) (5 ghz),own channel usage ratio count (5 ghz),poor coverage breach (overall),poor coverage breach (2.4 ghz),poor coverage breach (5 ghz),poor snr breach (2.4 ghz),poor snr breach (5 ghz),poor snr breach (overall),low download throughput breach (overall),low upload throughput breach (overall),low link speed breach (overall),low link speed breach (2.4 ghz),low link speed breach (5 ghz),high interference breach (overall),high interference breach (2.4 ghz),high interference breach (5 ghz),high client disconnections breach (overall),high retry rate breach (overall),high retry rate breach (2.4 ghz),high retry rate breach (5 ghz),high tx packet errors breach (overall),tx packet error (%) breach (overall),tx packet error (%) breach (2.4 ghz),tx packet error (%) breach (5 ghz),high rx packet errors breach (overall),high rx packet errors breach (2.4 ghz),high rx packet errors breach (5 ghz),ap downtime (%) breach (overall),internet down incidents breach (overall),high cpu utilization breach (overall),memory errors breach (overall),sticky clients breach (2.4 ghz - good coverage),sticky clients breach (5 ghz - poor coverage),poor tot breach (5 ghz),zero usage aps breach (overall),high channel utilization breach (overall),high channel utilization breach (2.4 ghz),high channel congestion breach (5 ghz),own channel usage ratio breach (overall),own channel usage ratio breach (2.4 ghz),own channel usage ratio breach (5 ghz),obss (overall),obss (2.4 ghz),obss breach (2.4 ghz),obss (5 ghz),obss breach (5 ghz),obss breach (overall),count_of_total_samples_for_ap_with_poor_coverage,count_of_total_samples_for_ap_with_poor_coverage_2,count_of_total_samples_for_ap_with_poor_coverage_5,count_of_total_samples_for_ap_with_poor_snr_sample_2,count_of_total_samples_for_ap_with_poor_snr_sample_5,count_of_total_samples_for_ap_with_poor_snr_sample,count_of_total_samples_for_ap_with_poor_link_speed_mcs_rate,count_of_total_samples_for_ap_with_poor_link_speed_mcs_rate_2,count_of_total_samples_for_ap_with_poor_link_speed_mcs_rate_5,count_of_total_samples_for_ap_with_high_interference,count_of_total_samples_for_ap_with_high_interference_2,count_of_total_samples_for_ap_with_high_interference_5,count_of_total_samples_for_ap_with_high_retry_rate,high retry rate sample count (2.4 ghz),high retry rate sample count (5 ghz),count_of_total_samples_for_ap_with_high_tx_packet_error,count_of_total_samples_for_ap_with_high_tx_packet_error_percent,tx packet error (%) sample count (2.4 ghz),tx packet error (%) sample count (5 ghz),count_of_total_samples_for_ap_with_high_rx_packet_error,high rx packet errors sample count (2.4 ghz),high rx packet errors sample count (5 ghz),count_of_total_samples_for_ap_downtime_per,count_of_total_samples_for_ap_with_high_internet_down_incident,count_of_total_samples_for_ap_with_poor_tot_on_5g,count_of_total_samples_for_ap_with_high_channel_utilisation,count_of_total_samples_for_ap_with_high_channel_utilisation_2,count_of_total_samples_for_ap_with_high_channel_congestion_5,count_of_total_samples_for_channelobss,count_of_total_samples_for_channelobss2_4,count_of_total_samples_for_channelobss5,own channel usage ratio sample count (overall),own channel usage ratio sample count (2.4 ghz),own channel usage ratio sample count (5 ghz),mac_address,station_count,ap_with_poor_coverage,ap_with_poor_coverage_2,ap_with_poor_coverage_5,ap_with_poor_snr_sample,ap_with_poor_snr_sample_2,ap_with_poor_snr_sample_5,ap_with_poor_link_speed_mcs_rate,ap_with_poor_link_speed_mcs_rate_2,ap_with_poor_link_speed_mcs_rate_5,ap_with_high_client_disconnection,ap_with_high_tx_packet_error,ap_with_poor_dl_throughput_less_than_threshold,ap_with_poor_ul_throughput_less_than_threshold,ap_with_high_no_of_sticky_client_2_with_good_coverage,ap_with_high_no_of_sticky_client_5_with_poor_coverage,ap_with_poor_coverage_breach,ap_with_poor_coverage_2_breach,ap_with_poor_coverage_5_breach,ap_with_poor_snr_sample_breach,ap_with_poor_snr_sample_2_breach,ap_with_poor_snr_sample_5_breach,ap_with_poor_link_speed_mcs_rate_breach,ap_with_poor_link_speed_mcs_rate_2_breach,ap_with_poor_link_speed_mcs_rate_5_breach,ap_with_high_client_disconnection_breach,ap_with_high_tx_packet_error_breach,ap_with_high_interference,ap_with_high_interference_2,ap_with_high_interference_5,ap_with_high_retry_rate,ap_with_high_tx_packet_error_percent,ap_with_high_tx_packet_error_flag,ap_with_high_rx_packet_error,ap_with_high_rx_packet_error_flag,ap_downtime_per,ap_with_high_cpu_utilisation,ap_with_high_memory_packet_error,ap_with_poor_tot_on_5g,ap_with_zero_usage,ap_with_high_channel_utilisation_pct,ap_with_high_channel_utilisation_count,total_channels_all,ap_with_high_channel_utilisation_2_pct,ap_with_high_channel_utilisation_2_count,total_channels_2,ap_with_high_channel_congestion_5_pct,ap_with_high_channel_congestion_5_count,total_channels_5,channelobss,ap_with_poor_dl_throughput_less_than_threshold_breach,ap_with_poor_ul_throughput_less_than_threshold_breach,ap_with_high_interference_breach,ap_with_high_interference_2_breach,ap_with_high_interference_5_breach,ap_with_high_retry_rate_breach,ap_with_high_tx_packet_error_percent_breach,ap_with_high_rx_packet_error_breach,ap_downtime_per_breach,ap_with_high_internet_down_incident_breach,ap_with_high_cpu_utilisation_breach,ap_with_high_memory_packet_error_breach,ap_with_high_no_of_sticky_client_2_with_good_coverage_breach,ap_with_high_no_of_sticky_client_5_with_poor_coverage_breach,ap_with_zero_usage_breach,ap_with_high_channel_congestion_5_breach,channelobss_breach
012421019184_wifi,Gurgaon,108.0,ZYOTB0900058,NOKIA,649D38ED42E8,Haryana,0.0,0.0,0.0,99.45,0.55,0.93,False,False,0.0,7.0,0.0,0.0,0.0,16.11,25.22,0.0,0.27,0.09,AOT5222ZY,,,,,False,False,False,False,True,False,False,False,False,False,False,65.0,0.0,65.0,284215296.0,284215296.0,30541805568.0,180.0,180.0,115.0,65.0,180.0,115.0,65.0,,,,,,,,,,,,,,,,,,,,,,,,,,,,,,,,,,,,,,,,,,,,,,,,,,,,,,,,,,,,,,,,,,,,,,,,,,,,,,,,,,,,,,,,,,,,,,,,,,,,,,,,,,,,180.0,115.0,65.0,0.0,65.0,65.0,180.0,115.0,65.0,,,,,,,180.0,,,,,,,,,,,,,,,,,,,,,16.11,25.22,0.0,0.0,0.0,0.0,0.0,0.0,0.0,7.0,0.0,0.27,0.09,False,False,False,False,False,False,False,False,False,False,False,True,False,,,,,,,,,,,,,,,,,,,,,,,,,,,,,,,,,,,,,,,,
01244081160_dsl,Gurgaon,108.0,NKOT0F01CE6F,NOKIA,2E16524D4AFB,Haryana,0.0,0.0,0.0,0.0,100.0,43.76,False,False,0.0,22.0,0.0,0.0,0.0,0.0,,0.0,1.13,3.03,AOT4221NK,iPhone,,,,False,False,False,False,True,False,False,False,False,,False,708.0,0.0,708.0,6039932928.0,6039932928.0,13802502144.0,354.0,354.0,,354.0,354.0,0.0,354.0,,,,,,,,,,,,,,,,,,,,,,,,,,,,,,,,,,,,,,,,,,,,,,,,,,,,,,,,,,,,,,,,,,,,,,,,,,,,,,,,,,,,,,,,,,,,,,,,,,,,,,,,,,,,354.0,0.0,354.0,0.0,708.0,708.0,354.0,,354.0,,,,,,,354.0,,,,,,,,,,,,,,,,,,,,,0.0,,0.0,0.0,0.0,0.0,0.0,0.0,0.0,22.0,0.0,1.13,3.03,False,False,False,,False,False,False,False,False,False,False,True,False,,,,,,,,,,,,,,,,,,,,,,,,,,,,,,,,,,,,,,,,
012444903348_dsl,Gurgaon,108.0,NKOT0F01CE7E,NOKIA,286B35D324CB,Haryana,,,,0.0,100.0,0.77,False,False,0.0,4.0,0.0,0.0,0.0,0.0,,0.0,2.45,0.08,AOT4221NK,DESKTOP-7592F22,,,,,,,False,False,False,False,False,False,,False,,,,1205513481.0,1205513481.0,155667374939.0,75.0,75.0,,75.0,75.0,0.0,75.0,,,,,,,,,,,,,,,,,,,,,,,,,,,,,,,,,,,,,,,,,,,,,,,,,,,,,,,,,,,,,,,,,,,,,,,,,,,,,,,,,,,,,,,,,,,,,,,,,,,,,,,,,,,,75.0,0.0,75.0,,,,75.0,,75.0,,,,,,,75.0,,,,,,,,,,,,,,,,,,,,,0.0,,0.0,,,,0.0,0.0,0.0,4.0,0.0,2.45,0.08,False,False,False,,False,,,,False,False,False,False,False,,,,,,,,,,,,,,,,,,,,,,,,,,,,,,,,,,,,,,,,
012444903348_dsl,Gurgaon,108.0,NKOT0F01CE7E,NOKIA,1AA0C35EE4F9,Haryana,0.0,0.0,0.0,2.64,97.36,2.55,False,False,0.0,34.0,0.0,0.0,0.0,0.0,0.0,0.0,16.61,0.15,AOT4221NK,iPhone,,,,False,False,False,False,True,False,False,False,False,False,False,76.0,76.0,0.0,3973126140.0,3973126140.0,155667374939.0,682.0,682.0,19.0,663.0,682.0,19.0,663.0,,,,,,,,,,,,,,,,,,,,,,,,,,,,,,,,,,,,,,,,,,,,,,,,,,,,,,,,,,,,,,,,,,,,,,,,,,,,,,,,,,,,,,,,,,,,,,,,,,,,,,,,,,,,682.0,19.0,663.0,76.0,0.0,76.0,682.0,19.0,663.0,,,,,,,682.0,,,,,,,,,,,,,,,,,,,,,0.0,0.0,0.0,0.0,0.0,0.0,0.0,0.0,0.0,34.0,0.0,16.61,0.15,False,False,False,False,False,False,False,False,False,False,False,True,False,,,,,,,,,,,,,,,,,,,,,,,,,,,,,,,,,,,,,,,,
012436398608_dsl,Gurgaon,108.0,NKOTDF0001E7,NOKIA,5215E04285F1,Haryana,0.0,0.0,0.0,5.3,94.7,9.5,False,False,0.0,5.0,34.52,0.0,34.98,0.0,0.0,0.0,3.19,0.16,AAP321NK,OnePlus-10T-5G,,,,False,False,False,False,False,False,False,False,False,False,False,3316.0,0.0,3316.0,4279356416.0,4279356416.0,45057405952.0,840.0,840.0,11.0,829.0,840.0,11.0,829.0,,,,,,,,,,,,,,,,,,,,,,,,,,,,,,,,,,,,,,,,,,,,,,,,,,,,,,,,,,,,,,,,,,,,,,,,,,,,,,,,,,,,,,,,,,,,,,,,,,,,,,,,,,,,840.0,11.0,829.0,0.0,3316.0,3316.0,840.0,11.0,829.0,,,,,,,840.0,,,,,,,,,,,,,,,,,,,,,0.0,0.0,0.0,0.0,0.0,0.0,34.52,0.0,34.98,5.0,0.0,3.19,0.16,False,False,False,False,False,False,False,False,False,False,False,False,False,,,,,,,,,,,,,,,,,,,,,,,,,,,,,,,,,,,,,,,,
012445159575_dsl,Gurgaon,108.0,ZYOTFD000042,NOKIA,825C2A56B1D9,Haryana,0.0,0.0,0.0,0.0,100.0,0.04,,,0.0,,0.0,0.0,0.0,0.0,,0.0,0.02,0.01,AOT5221ZY,,,,,False,False,False,False,,False,False,False,False,,False,352.0,0.0,352.0,30896128.0,30896128.0,71096538112.0,88.0,88.0,,88.0,88.0,0.0,88.0,,,,,,,,,,,,,,,,,,,,,,,,,,,,,,,,,,,,,,,,,,,,,,,,,,,,,,,,,,,,,,,,,,,,,,,,,,,,,,,,,,,,,,,,,,,,,,,,,,,,,,,,,,,,88.0,0.0,88.0,0.0,352.0,352.0,88.0,,88.0,,,,,,,88.0,,,,,,,,,,,,,,,,,,,,,0.0,,0.0,0.0,0.0,0.0,0.0,0.0,0.0,,0.0,0.02,0.01,,,False,,False,False,False,False,False,False,False,,False,,,,,,,,,,,,,,,,,,,,,,,,,,,,,,,,,,,,,,,,
012445159575_dsl,Gurgaon,108.0,ZYOTFD000042,NOKIA,8C7A3DD408C7,Haryana,69.9,0.0,69.9,0.0,100.0,52.16,False,False,0.0,1.0,0.0,0.0,0.0,67.1,,67.1,3.42,0.06,AOT5221ZY,Xiaomi-11T-Pro,,,,True,False,True,False,False,False,False,False,True,,True,4412.0,0.0,4412.0,37086322688.0,37086322688.0,71096538112.0,1231.0,1231.0,,1231.0,1231.0,0.0,1231.0,,,,,,,,,,,,,,,,,,,,,,,,,,,,,,,,,,,,,,,,,,,,,,,,,,,,,,,,,,,,,,,,,,,,,,,,,,,,,,,,,,,,,,,,,,,,,,,,,,,,,,,,,,,,1231.0,0.0,1231.0,0.0,4412.0,4412.0,1231.0,,1231.0,,,,,,,1231.0,,,,,,,,,,,,,,,,,,,,,67.1,,67.1,69.9,0.0,69.9,0.0,0.0,0.0,1.0,0.0,3.42,0.06,False,False,True,,True,True,False,True,False,False,False,False,False,,,,,,,,,,,,,,,,,,,,,,,,,,,,,,,,,,,,,,,,
01244054723_dsl,Gurgaon,108.0,NKOT0F0226EE,NOKIA,4C22F33F2EDC,Haryana,0.0,0.0,0.0,0.0,100.0,23.67,False,True,0.0,2.0,0.0,0.0,0.0,0.0,,0.0,10.14,0.19,AAP321NK,LGwebOSTV,,,,False,False,False,False,False,False,False,False,False,,False,252.0,0.0,252.0,11802555392.0,11802555392.0,49855821824.0,63.0,63.0,,63.0,63.0,0.0,63.0,,,,,,,,,,,,,,,,,,,,,,,,,,,,,,,,,,,,,,,,,,,,,,,,,,,,,,,,,,,,,,,,,,,,,,,,,,,,,,,,,,,,,,,,,,,,,,,,,,,,,,,,,,,,63.0,0.0,63.0,0.0,252.0,252.0,63.0,,63.0,,,,,,,63.0,,,,,,,,,,,,,,,,,,,,,0.0,,0.0,0.0,0.0,0.0,0.0,0.0,0.0,2.0,0.0,10.14,0.19,False,True,False,,False,False,False,False,False,False,False,False,False,,,,,,,,,,,,,,,,,,,,,,,,,,,,,,,,,,,,,,,,
01246232448_dsl,Gurgaon,108.0,NKOT2F045EF1,NOKIA,92A6DFBC2EA2,Haryana,0.0,0.0,0.0,0.0,100.0,18.35,False,False,0.0,22.0,0.0,0.0,0.0,0.0,,0.0,1.69,1.62,AOT4221NK,,,,,False,False,False,False,True,False,False,False,False,,False,296.0,0.0,296.0,16294046205.0,16294046205.0,88802963107.0,895.0,895.0,,895.0,895.0,0.0,895.0,,,,,,,,,,,,,,,,,,,,,,,,,,,,,,,,,,,,,,,,,,,,,,,,,,,,,,,,,,,,,,,,,,,,,,,,,,,,,,,,,,,,,,,,,,,,,,,,,,,,,,,,,,,,895.0,0.0,895.0,0.0,296.0,296.0,895.0,,895.0,,,,,,,895.0,,,,,,,,,,,,,,,,,,,,,0.0,,0.0,0.0,0.0,0.0,0.0,0.0,0.0,22.0,0.0,1.69,1.62,False,False,False,,False,False,False,False,False,False,False,True,False,,,,,,,,,,,,,,,,,,,,,,,,,,,,,,,,,,,,,,,,
012444903348_dsl,Gurgaon,108.0,NKOT0F01CE7E,NOKIA,F4032A96D8C9,Haryana,,,,0.0,100.0,0.11,,,0.0,2.0,0.0,0.0,0.0,0.0,,0.0,0.02,0.05,AOT4221NK,Unknown_f4:03:2a:96:d8:c9,,,,,,,False,False,False,False,False,False,,False,,,,174076940.0,174076940.0,155667374939.0,866.0,866.0,,866.0,866.0,0.0,866.0,,,,,,,,,,,,,,,,,,,,,,,,,,,,,,,,,,,,,,,,,,,,,,,,,,,,,,,,,,,,,,,,,,,,,,,,,,,,,,,,,,,,,,,,,,,,,,,,,,,,,,,,,,,,866.0,0.0,866.0,,,,866.0,,866.0,,,,,,,866.0,,,,,,,,,,,,,,,,,,,,,0.0,,0.0,,,,0.0,0.0,0.0,2.0,0.0,0.02,0.05,,,False,,False,,,,False,False,False,False,False,,,,,,,,,,,,,,,,,,,,,,,,,,,,,,,,,,,,,,,,
01244054723_dsl,Gurgaon,108.0,NKOT0F0226EE,NOKIA,0A3CC1576FFD,Haryana,30.55,0.0,30.55,4.96,95.04,0.1,False,False,0.0,8.0,13.2,96.43,7.64,59.73,96.43,57.28,0.0,0.0,AAP321NK,iPad,,,,False,False,False,False,True,False,True,False,False,True,False,1676.0,0.0,1676.0,50232320.0,50232320.0,49855821824.0,447.0,447.0,28.0,419.0,447.0,28.0,419.0,,,,,,,,,,,,,,,,,,,,,,,,,,,,,,,,,,,,,,,,,,,,,,,,,,,,,,,,,,,,,,,,,,,,,,,,,,,,,,,,,,,,,,,,,,,,,,,,,,,,,,,,,,,,447.0,28.0,419.0,0.0,1676.0,1676.0,447.0,28.0,419.0,,,,,,,447.0,,,,,,,,,,,,,,,,,,,,,59.73,96.43,57.28,30.55,0.0,30.55,13.2,96.43,7.64,8.0,0.0,0.0,0.0,False,False,False,True,False,False,False,False,False,True,False,True,False,,,,,,,,,,,,,,,,,,,,,,,,,,,,,,,,,,,,,,,,
012445118300_dsl,Gurgaon,108.0,NKOT0F01D2BA,NOKIA,960207D43B98,Haryana,,,,0.0,100.0,33.86,False,False,0.0,1.0,0.0,0.0,0.0,0.0,,0.0,1.98,2.14,AOT4221NK,Mac,PC,Apple,Computer,,,,False,False,False,False,False,False,,False,,,,6011042816.0,6011042816.0,17752876032.0,237.0,237.0,,237.0,237.0,0.0,237.0,,,,,,,,,,,,,,,,,,,,,,,,,,,,,,,,,,,,,,,,,,,,,,,,,,,,,,,,,,,,,,,,,,,,,,,,,,,,,,,,,,,,,,,,,,,,,,,,,,,,,,,,,,,,237.0,0.0,237.0,,,,237.0,,237.0,,,,,,,237.0,,,,,,,,,,,,,,,,,,,,,0.0,,0.0,,,,0.0,0.0,0.0,1.0,0.0,1.98,2.14,False,False,False,,False,,,,False,False,False,False,False,,,,,,,,,,,,,,,,,,,,,,,,,,,,,,,,,,,,,,,,
012447957675_dsl,Gurgaon,108.0,ZYOT5E069474,NOKIA,72E2C338581F,Haryana,0.0,0.0,0.0,0.0,100.0,6.32,,,0.0,,0.0,0.0,0.0,0.0,,0.0,1.71,0.07,,,,,,False,False,False,False,,False,False,False,False,,False,2192.0,0.0,2192.0,4017346560.0,4017346560.0,63541187584.0,548.0,548.0,,548.0,548.0,0.0,548.0,,,,,,,,,,,,,,,,,,,,,,,,,,,,,,,,,,,,,,,,,,,,,,,,,,,,,,,,,,,,,,,,,,,,,,,,,,,,,,,,,,,,,,,,,,,,,,,,,,,,,,,,,,,,548.0,0.0,548.0,0.0,2192.0,2192.0,548.0,,548.0,,,,,,,548.0,,,,,,,,,,,,,,,,,,,,,0.0,,0.0,0.0,0.0,0.0,0.0,0.0,0.0,,0.0,1.71,0.07,,,False,,False,False,False,False,False,False,False,,False,,,,,,,,,,,,,,,,,,,,,,,,,,,,,,,,,,,,,,,,
012447862103_dsl,Gurgaon,108.0,ZYOTB0900020,NOKIA,6696E8690975,Haryana,0.0,0.0,0.0,1.62,98.38,41.24,,,0.0,,0.19,2.99,0.0,0.0,0.0,0.0,1.09,0.2,AOT5222ZY,,,,,False,False,False,False,,False,False,False,False,False,False,3964.0,0.0,3964.0,9800371200.0,9800371200.0,23763598336.0,1058.0,1058.0,67.0,991.0,1058.0,67.0,991.0,,,,,,,,,,,,,,,,,,,,,,,,,,,,,,,,,,,,,,,,,,,,,,,,,,,,,,,,,,,,,,,,,,,,,,,,,,,,,,,,,,,,,,,,,,,,,,,,,,,,,,,,,,,,1058.0,67.0,991.0,0.0,3964.0,3964.0,1058.0,67.0,991.0,,,,,,,1058.0,,,,,,,,,,,,,,,,,,,,,0.0,0.0,0.0,0.0,0.0,0.0,0.19,2.99,0.0,,0.0,1.09,0.2,,,False,False,False,False,False,False,False,False,False,,False,,,,,,,,,,,,,,,,,,,,,,,,,,,,,,,,,,,,,,,,
01246232448_dsl,Gurgaon,108.0,NKOT2F045EF1,NOKIA,56BD372664E2,Haryana,0.0,0.0,0.0,0.0,100.0,13.95,False,False,0.0,4.0,3.47,0.0,3.47,0.0,,0.0,8.61,0.8,AOT4221NK,Galaxy-A36-5G,,Samsung Electronics,Galaxy,False,False,False,False,False,False,False,False,False,,False,684.0,0.0,684.0,12386479845.0,12386479845.0,88802963107.0,375.0,375.0,,375.0,375.0,0.0,375.0,,,,,,,,,,,,,,,,,,,,,,,,,,,,,,,,,,,,,,,,,,,,,,,,,,,,,,,,,,,,,,,,,,,,,,,,,,,,,,,,,,,,,,,,,,,,,,,,,,,,,,,,,,,,375.0,0.0,375.0,0.0,684.0,684.0,375.0,,375.0,,,,,,,375.0,,,,,,,,,,,,,,,,,,,,,0.0,,0.0,0.0,0.0,0.0,3.47,0.0,3.47,4.0,0.0,8.61,0.8,False,False,False,,False,False,False,False,False,False,False,False,False,,,,,,,,,,,,,,,,,,,,,,,,,,,,,,,,,,,,,,,,
012436398608_dsl,Gurgaon,108.0,NKOTDF0001E7,NOKIA,5A8CF8F08505,Haryana,0.0,0.0,0.0,0.0,100.0,17.68,False,False,0.0,2.0,0.0,0.0,0.0,0.0,,0.0,4.35,0.27,AAP321NK,MacBookPro,LAPTOP,Apple,MacBook,False,False,False,False,False,False,False,False,False,,False,4996.0,0.0,4996.0,7964430336.0,7964430336.0,45057405952.0,1249.0,1249.0,,1249.0,1249.0,0.0,1249.0,,,,,,,,,,,,,,,,,,,,,,,,,,,,,,,,,,,,,,,,,,,,,,,,,,,,,,,,,,,,,,,,,,,,,,,,,,,,,,,,,,,,,,,,,,,,,,,,,,,,,,,,,,,,1249.0,0.0,1249.0,0.0,4996.0,4996.0,1249.0,,1249.0,,,,,,,1249.0,,,,,,,,,,,,,,,,,,,,,0.0,,0.0,0.0,0.0,0.0,0.0,0.0,0.0,2.0,0.0,4.35,0.27,False,False,False,,False,False,False,False,False,False,False,False,False,,,,,,,,,,,,,,,,,,,,,,,,,,,,,,,,,,,,,,,,
012445118300_dsl,Gurgaon,108.0,NKOT0F01D2BA,NOKIA,7A9849000F3B,Haryana,,,,0.0,100.0,33.21,,,0.0,,0.0,0.0,0.0,0.0,,0.0,0.0,0.83,AOT4221NK,,,,,,,,False,,False,False,False,False,,False,,,,5895757824.0,5895757824.0,17752876032.0,745.0,745.0,,745.0,745.0,0.0,745.0,,,,,,,,,,,,,,,,,,,,,,,,,,,,,,,,,,,,,,,,,,,,,,,,,,,,,,,,,,,,,,,,,,,,,,,,,,,,,,,,,,,,,,,,,,,,,,,,,,,,,,,,,,,,745.0,0.0,745.0,,,,745.0,,745.0,,,,,,,745.0,,,,,,,,,,,,,,,,,,,,,0.0,,0.0,,,,0.0,0.0,0.0,,0.0,0.0,0.83,,,False,,False,,,,False,False,False,,False,,,,,,,,,,,,,,,,,,,,,,,,,,,,,,,,,,,,,,,,
012444801137_dsl,Gurgaon,108.0,NKOTDF000165,NOKIA,A09208536DDC,Haryana,,,,100.0,0.0,0.1,,,0.0,,85.16,85.16,0.0,0.0,0.0,,0.0,0.0,AAP321NK,,,,,,,,False,,True,True,False,False,False,,,,,59691008.0,59691008.0,60775251968.0,1139.0,1139.0,1139.0,,1139.0,1139.0,0.0,,,,,,,,,,,,,,,,,,,,,,,,,,,,,,,,,,,,,,,,,,,,,,,,,,,,,,,,,,,,,,,,,,,,,,,,,,,,,,,,,,,,,,,,,,,,,,,,,,,,,,,,,,,,1139.0,1139.0,0.0,,,,1139.0,1139.0,,,,,,,,1139.0,,,,,,,,,,,,,,,,,,,,,0.0,0.0,,,,,85.16,85.16,0.0,,0.0,0.0,0.0,,,False,False,,,,,True,True,False,,False,,,,,,,,,,,,,,,,,,,,,,,,,,,,,,,,,,,,,,,,
012444801137_dsl,Gurgaon,108.0,NKOTDF000165,NOKIA,9877D53D4080,Haryana,,,,100.0,0.0,0.0,,,0.0,1.0,0.0,0.0,0.0,0.0,0.0,,0.0,0.0,AAP321NK,,,,,,,,False,False,False,False,False,False,False,,,,,22528.0,22528.0,60775251968.0,1.0,1.0,1.0,,1.0,1.0,0.0,,,,,,,,,,,,,,,,,,,,,,,,,,,,,,,,,,,,,,,,,,,,,,,,,,,,,,,,,,,,,,,,,,,,,,,,,,,,,,,,,,,,,,,,,,,,,,,,,,,,,,,,,,,,1.0,1.0,0.0,,,,1.0,1.0,,,,,,,,1.0,,,,,,,,,,,,,,,,,,,,,0.0,0.0,,,,,0.0,0.0,0.0,1.0,0.0,0.0,0.0,,,False,False,,,,,False,False,False,False,False,,,,,,,,,,,,,,,,,,,,,,,,,,,,,,,,,,,,,,,,
01246232448_dsl,Gurgaon,108.0,NKOT2F045EF1,NOKIA,325B49E35801,Haryana,0.0,0.0,0.0,0.0,100.0,0.25,,,0.0,2.0,0.0,0.0,0.0,0.0,,0.0,0.08,0.01,AOT4221NK,Anils-Galaxy-S9,,,,False,False,False,False,False,False,False,False,False,,False,4.0,0.0,4.0,222320640.0,222320640.0,88802963107.0,412.0,412.0,,412.0,412.0,0.0,412.0,,,,,,,,,,,,,,,,,,,,,,,,,,,,,,,,,,,,,,,,,,,,,,,,,,,,,,,,,,,,,,,,,,,,,,,,,,,,,,,,,,,,,,,,,,,,,,,,,,,,,,,,,,,,412.0,0.0,412.0,0.0,4.0,4.0,412.0,,412.0,,,,,,,412.0,,,,,,,,,,,,,,,,,,,,,0.0,,0.0,0.0,0.0,0.0,0.0,0.0,0.0,2.0,0.0,0.08,0.01,,,False,,False,False,False,False,False,False,False,False,False,,,,,,,,,,,,,,,,,,,,,,,,,,,,,,,,,,,,,,,,
01246232448_dsl,Gurgaon,108.0,NKOT2F045EF1,NOKIA,620DEAC99CE7,Haryana,0.0,0.0,0.0,0.0,100.0,0.0,,,0.0,3.0,100.0,0.0,100.0,0.0,,0.0,0.0,0.0,AOT4221NK,Watch,,,,False,False,False,False,False,True,False,True,False,,False,4.0,0.0,4.0,5120.0,5120.0,88802963107.0,1.0,1.0,,1.0,1.0,0.0,1.0,,,,,,,,,,,,,,,,,,,,,,,,,,,,,,,,,,,,,,,,,,,,,,,,,,,,,,,,,,,,,,,,,,,,,,,,,,,,,,,,,,,,,,,,,,,,,,,,,,,,,,,,,,,,1.0,0.0,1.0,0.0,4.0,4.0,1.0,,1.0,,,,,,,1.0,,,,,,,,,,,,,,,,,,,,,0.0,,0.0,0.0,0.0,0.0,100.0,0.0,100.0,3.0,0.0,0.0,0.0,,,False,,False,False,False,False,True,False,True,False,False,,,,,,,,,,,,,,,,,,,,,,,,,,,,,,,,,,,,,,,,
01246472327_dsl,Gurgaon,108.0,NKOTA0000592,NOKIA,7AB5AA2AA71B,Haryana,,,,0.0,100.0,19.82,False,False,0.0,8.0,7.56,0.0,7.56,0.0,,0.0,2.78,0.03,AOT4221NK,iPhone,PHONE,,iPhone,,,,False,True,False,False,False,False,,False,,,,1677863936.0,1677863936.0,8465061888.0,119.0,119.0,,119.0,119.0,0.0,119.0,,,,,,,,,,,,,,,,,,,,,,,,,,,,,,,,,,,,,,,,,,,,,,,,,,,,,,,,,,,,,,,,,,,,,,,,,,,,,,,,,,,,,,,,,,,,,,,,,,,,,,,,,,,,119.0,0.0,119.0,,,,119.0,,119.0,,,,,,,119.0,,,,,,,,,,,,,,,,,,,,,0.0,,0.0,,,,7.56,0.0,7.56,8.0,0.0,2.78,0.03,False,False,False,,False,,,,False,False,False,True,False,,,,,,,,,,,,,,,,,,,,,,,,,,,,,,,,,,,,,,,,
012421019184_wifi,Gurgaon,108.0,ZYOTB0900058,NOKIA,2EB8538356AA,Haryana,,,,100.0,0.0,20.63,True,False,0.0,3.0,0.0,0.0,0.0,0.0,0.0,,2.63,0.14,AOT5222ZY,Xiaomi-Pad-6,TABLET,Xiaomi,pad 6,,,,False,False,False,False,False,False,False,,,,,6299291648.0,6299291648.0,30541805568.0,938.0,938.0,938.0,,938.0,938.0,0.0,,,,,,,,,,,,,,,,,,,,,,,,,,,,,,,,,,,,,,,,,,,,,,,,,,,,,,,,,,,,,,,,,,,,,,,,,,,,,,,,,,,,,,,,,,,,,,,,,,,,,,,,,,,,938.0,938.0,0.0,,,,938.0,938.0,,,,,,,,938.0,,,,,,,,,,,,,,,,,,,,,0.0,0.0,,,,,0.0,0.0,0.0,3.0,0.0,2.63,0.14,True,False,False,False,,,,,False,False,False,False,False,,,,,,,,,,,,,,,,,,,,,,,,,,,,,,,,,,,,,,,,
01244081160_dsl,Gurgaon,108.0,NKOT0F01CE6F,NOKIA,3EDE8A98F4FB,Haryana,0.0,0.0,0.0,0.0,100.0,28.74,,,0.0,,0.0,0.0,0.0,0.0,,0.0,0.91,0.24,AOT4221NK,,,,,False,False,False,False,,False,False,False,False,,False,1272.0,0.0,1272.0,3967420416.0,3967420416.0,13802502144.0,636.0,636.0,,636.0,636.0,0.0,636.0,,,,,,,,,,,,,,,,,,,,,,,,,,,,,,,,,,,,,,,,,,,,,,,,,,,,,,,,,,,,,,,,,,,,,,,,,,,,,,,,,,,,,,,,,,,,,,,,,,,,,,,,,,,,636.0,0.0,636.0,0.0,1272.0,1272.0,636.0,,636.0,,,,,,,636.0,,,,,,,,,,,,,,,,,,,,,0.0,,0.0,0.0,0.0,0.0,0.0,0.0,0.0,,0.0,0.91,0.24,,,False,,False,False,False,False,False,False,False,,False,,,,,,,,,,,,,,,,,,,,,,,,,,,,,,,,,,,,,,,,
012444801137_dsl,Gurgaon,108.0,NKOTDF000165,NOKIA,60DC81CCA4D0,Haryana,,,,100.0,0.0,5.19,False,False,0.0,1.0,77.61,77.61,0.0,0.0,0.0,,0.01,2.03,AAP321NK,,,,,,,,False,False,True,True,False,False,False,,,,,3156775936.0,3156775936.0,60775251968.0,1139.0,1139.0,1139.0,,1139.0,1139.0,0.0,,,,,,,,,,,,,,,,,,,,,,,,,,,,,,,,,,,,,,,,,,,,,,,,,,,,,,,,,,,,,,,,,,,,,,,,,,,,,,,,,,,,,,,,,,,,,,,,,,,,,,,,,,,,1139.0,1139.0,0.0,,,,1139.0,1139.0,,,,,,,,1139.0,,,,,,,,,,,,,,,,,,,,,0.0,0.0,,,,,77.61,77.61,0.0,1.0,0.0,0.01,2.03,False,False,False,False,,,,,True,True,False,False,False,,,,,,,,,,,,,,,,,,,,,,,,,,,,,,,,,,,,,,,,
012444903348_dsl,Gurgaon,108.0,NKOT0F01CE7E,NOKIA,3644BFE90759,Haryana,,,,0.0,100.0,0.07,,,0.0,2.0,0.0,0.0,0.0,0.0,,0.0,1.59,0.03,AOT4221NK,iPad,,,,,,,False,False,False,False,False,False,,False,,,,112164593.0,112164593.0,155667374939.0,412.0,412.0,,412.0,412.0,0.0,412.0,,,,,,,,,,,,,,,,,,,,,,,,,,,,,,,,,,,,,,,,,,,,,,,,,,,,,,,,,,,,,,,,,,,,,,,,,,,,,,,,,,,,,,,,,,,,,,,,,,,,,,,,,,,,412.0,0.0,412.0,,,,412.0,,412.0,,,,,,,412.0,,,,,,,,,,,,,,,,,,,,,0.0,,0.0,,,,0.0,0.0,0.0,2.0,0.0,1.59,0.03,,,False,,False,,,,False,False,False,False,False,,,,,,,,,,,,,,,,,,,,,,,,,,,,,,,,,,,,,,,,
012447862103_dsl,Gurgaon,108.0,ZYOTB0900020,NOKIA,EA1BACE87CEE,Haryana,88.32,0.0,88.32,0.0,100.0,0.05,,,0.0,,14.6,0.0,14.6,88.32,,88.32,0.97,0.01,AOT5222ZY,,,,,True,False,True,False,,False,False,False,True,,True,548.0,0.0,548.0,11043840.0,11043840.0,23763598336.0,137.0,137.0,,137.0,137.0,0.0,137.0,,,,,,,,,,,,,,,,,,,,,,,,,,,,,,,,,,,,,,,,,,,,,,,,,,,,,,,,,,,,,,,,,,,,,,,,,,,,,,,,,,,,,,,,,,,,,,,,,,,,,,,,,,,,137.0,0.0,137.0,0.0,548.0,548.0,137.0,,137.0,,,,,,,137.0,,,,,,,,,,,,,,,,,,,,,88.32,,88.32,88.32,0.0,88.32,14.6,0.0,14.6,,0.0,0.97,0.01,,,True,,True,True,False,True,False,False,False,,False,,,,,,,,,,,,,,,,,,,,,,,,,,,,,,,,,,,,,,,,
012436398608_dsl,Gurgaon,108.0,NKOTDF0001E7,NOKIA,4CC95E7815B6,Haryana,0.0,0.0,0.0,0.0,100.0,0.34,False,True,0.0,3.0,0.0,0.0,0.0,0.0,,0.0,0.55,0.02,AAP321NK,Samsung,,,,False,False,False,False,False,False,False,False,False,,False,2284.0,0.0,2284.0,151181312.0,151181312.0,45057405952.0,571.0,571.0,,571.0,571.0,0.0,571.0,,,,,,,,,,,,,,,,,,,,,,,,,,,,,,,,,,,,,,,,,,,,,,,,,,,,,,,,,,,,,,,,,,,,,,,,,,,,,,,,,,,,,,,,,,,,,,,,,,,,,,,,,,,,571.0,0.0,571.0,0.0,2284.0,2284.0,571.0,,571.0,,,,,,,571.0,,,,,,,,,,,,,,,,,,,,,0.0,,0.0,0.0,0.0,0.0,0.0,0.0,0.0,3.0,0.0,0.55,0.02,False,True,False,,False,False,False,False,False,False,False,False,False,,,,,,,,,,,,,,,,,,,,,,,,,,,,,,,,,,,,,,,,
012447957675_dsl,Gurgaon,108.0,ZYOT5E069474,NOKIA,9281508F6DAB,Haryana,15.79,0.0,15.79,0.73,99.27,31.31,False,False,0.0,7.0,36.39,100.0,34.39,16.67,0.0,17.19,16384.0,1320.8,,,,,,False,False,False,False,True,False,True,False,False,False,False,1140.0,0.0,1140.0,19896722432.0,19896722432.0,63541187584.0,294.0,294.0,9.0,285.0,294.0,9.0,285.0,,,,,,,,,,,,,,,,,,,,,,,,,,,,,,,,,,,,,,,,,,,,,,,,,,,,,,,,,,,,,,,,,,,,,,,,,,,,,,,,,,,,,,,,,,,,,,,,,,,,,,,,,,,,294.0,9.0,285.0,0.0,1140.0,1140.0,294.0,9.0,285.0,,,,,,,294.0,,,,,,,,,,,,,,,,,,,,,16.67,0.0,17.19,15.79,0.0,15.79,36.39,100.0,34.39,7.0,0.0,16384.0,1320.8,False,False,False,False,False,False,False,False,False,True,False,True,False,,,,,,,,,,,,,,,,,,,,,,,,,,,,,,,,,,,,,,,,
012444801137_dsl,Gurgaon,108.0,NKOTDF000165,NOKIA,46C1F4D28799,Haryana,0.0,0.0,0.0,0.0,100.0,30.84,,,0.0,,0.0,0.0,0.0,0.0,,0.0,2.73,0.49,AAP321NK,,,,,False,False,False,False,,False,False,False,False,,False,4704.0,0.0,4704.0,18745784320.0,18745784320.0,60775251968.0,1176.0,1176.0,,1176.0,1176.0,0.0,1176.0,,,,,,,,,,,,,,,,,,,,,,,,,,,,,,,,,,,,,,,,,,,,,,,,,,,,,,,,,,,,,,,,,,,,,,,,,,,,,,,,,,,,,,,,,,,,,,,,,,,,,,,,,,,,1176.0,0.0,1176.0,0.0,4704.0,4704.0,1176.0,,1176.0,,,,,,,1176.0,,,,,,,,,,,,,,,,,,,,,0.0,,0.0,0.0,0.0,0.0,0.0,0.0,0.0,,0.0,2.73,0.49,,,False,,False,False,False,False,False,False,False,,False,,,,,,,,,,,,,,,,,,,,,,,,,,,,,,,,,,,,,,,,
012421019184_wifi,Gurgaon,108.0,ZYOTB0900058,NOKIA,126FBBBC1135,Haryana,0.0,0.0,0.0,99.97,0.03,4.33,True,False,0.0,1.0,0.0,0.0,0.0,11.16,11.21,0.0,0.73,0.16,AOT5222ZY,Mac,OTHER,,,False,False,False,False,False,False,False,False,False,False,False,1.0,0.0,1.0,1322112000.0,1322112000.0,30541805568.0,215.0,215.0,214.0,1.0,215.0,214.0,1.0,,,,,,,,,,,,,,,,,,,,,,,,,,,,,,,,,,,,,,,,,,,,,,,,,,,,,,,,,,,,,,,,,,,,,,,,,,,,,,,,,,,,,,,,,,,,,,,,,,,,,,,,,,,,215.0,214.0,1.0,0.0,1.0,1.0,215.0,214.0,1.0,,,,,,,215.0,,,,,,,,,,,,,,,,,,,,,11.16,11.21,0.0,0.0,0.0,0.0,0.0,0.0,0.0,1.0,0.0,0.73,0.16,True,False,False,False,False,False,False,False,False,False,False,False,False,,,,,,,,,,,,,,,,,,,,,,,,,,,,,,,,,,,,,,,,
012447957675_dsl,Gurgaon,108.0,ZYOT5E069474,NOKIA,FA3B08FBA40B,Haryana,0.19,0.0,0.19,0.5,99.5,0.0,,,0.0,,1.13,100.0,0.95,0.19,0.0,0.19,0.48,0.02,,,,,,False,False,False,False,,False,True,False,False,False,False,2116.0,0.0,2116.0,2249728.0,2249728.0,63541187584.0,530.0,530.0,1.0,529.0,530.0,1.0,529.0,,,,,,,,,,,,,,,,,,,,,,,,,,,,,,,,,,,,,,,,,,,,,,,,,,,,,,,,,,,,,,,,,,,,,,,,,,,,,,,,,,,,,,,,,,,,,,,,,,,,,,,,,,,,530.0,1.0,529.0,0.0,2116.0,2116.0,530.0,1.0,529.0,,,,,,,530.0,,,,,,,,,,,,,,,,,,,,,0.19,0.0,0.19,0.19,0.0,0.19,1.13,100.0,0.95,,0.0,0.48,0.02,,,False,False,False,False,False,False,False,True,False,,False,,,,,,,,,,,,,,,,,,,,,,,,,,,,,,,,,,,,,,,,
012444801137_dsl,Gurgaon,108.0,NKOTDF000165,NOKIA,6288AC047A9A,Haryana,0.0,0.0,0.0,94.38,5.62,0.0,,,0.0,1.0,100.0,100.0,100.0,0.0,0.0,0.0,0.06,0.01,AAP321NK,SM-R875F,WEARABLE,Samsung,Galaxy Watch4 (44mm),False,False,False,False,False,True,True,True,False,False,False,260.0,0.0,260.0,2622464.0,2622464.0,60775251968.0,210.0,210.0,145.0,65.0,210.0,145.0,65.0,,,,,,,,,,,,,,,,,,,,,,,,,,,,,,,,,,,,,,,,,,,,,,,,,,,,,,,,,,,,,,,,,,,,,,,,,,,,,,,,,,,,,,,,,,,,,,,,,,,,,,,,,,,,210.0,145.0,65.0,0.0,260.0,260.0,210.0,145.0,65.0,,,,,,,210.0,,,,,,,,,,,,,,,,,,,,,0.0,0.0,0.0,0.0,0.0,0.0,100.0,100.0,100.0,1.0,0.0,0.06,0.01,,,False,False,False,False,False,False,True,True,True,False,False,,,,,,,,,,,,,,,,,,,,,,,,,,,,,,,,,,,,,,,,
012445118300_dsl,Gurgaon,108.0,NKOT0F01D2BA,NOKIA,8E29030B58AF,Haryana,,,,100.0,0.0,0.18,False,False,0.0,4.0,48.44,48.44,0.0,0.0,0.0,,0.03,0.01,AOT4221NK,,,,,,,,False,False,False,False,False,False,False,,,,,31792128.0,31792128.0,17752876032.0,64.0,64.0,64.0,,64.0,64.0,0.0,,,,,,,,,,,,,,,,,,,,,,,,,,,,,,,,,,,,,,,,,,,,,,,,,,,,,,,,,,,,,,,,,,,,,,,,,,,,,,,,,,,,,,,,,,,,,,,,,,,,,,,,,,,,64.0,64.0,0.0,,,,64.0,64.0,,,,,,,,64.0,,,,,,,,,,,,,,,,,,,,,0.0,0.0,,,,,48.44,48.44,0.0,4.0,0.0,0.03,0.01,False,False,False,False,,,,,False,False,False,False,False,,,,,,,,,,,,,,,,,,,,,,,,,,,,,,,,,,,,,,,,
01244054723_dsl,Gurgaon,108.0,NKOT0F0226EE,NOKIA,168232BE1BF2,Haryana,0.0,0.0,0.0,0.0,100.0,34.49,False,False,0.0,9.0,0.0,0.0,0.0,0.0,,0.0,5.89,0.09,AAP321NK,,,,,False,False,False,False,True,False,False,False,False,,False,5296.0,0.0,5296.0,17196680192.0,17196680192.0,49855821824.0,1324.0,1324.0,,1324.0,1324.0,0.0,1324.0,,,,,,,,,,,,,,,,,,,,,,,,,,,,,,,,,,,,,,,,,,,,,,,,,,,,,,,,,,,,,,,,,,,,,,,,,,,,,,,,,,,,,,,,,,,,,,,,,,,,,,,,,,,,1324.0,0.0,1324.0,0.0,5296.0,5296.0,1324.0,,1324.0,,,,,,,1324.0,,,,,,,,,,,,,,,,,,,,,0.0,,0.0,0.0,0.0,0.0,0.0,0.0,0.0,9.0,0.0,5.89,0.09,False,False,False,,False,False,False,False,False,False,False,True,False,,,,,,,,,,,,,,,,,,,,,,,,,,,,,,,,,,,,,,,,
012421019184_wifi,Gurgaon,108.0,ZYOTB0900058,NOKIA,3E7FBC5D16AC,Haryana,31.53,0.0,31.53,0.0,100.0,4.33,,,0.0,,0.0,0.0,0.0,31.53,,31.53,0.33,0.24,AOT5222ZY,,,,,False,False,False,False,,False,False,False,False,,False,406.0,0.0,406.0,1321153536.0,1321153536.0,30541805568.0,406.0,406.0,,406.0,406.0,0.0,406.0,,,,,,,,,,,,,,,,,,,,,,,,,,,,,,,,,,,,,,,,,,,,,,,,,,,,,,,,,,,,,,,,,,,,,,,,,,,,,,,,,,,,,,,,,,,,,,,,,,,,,,,,,,,,406.0,0.0,406.0,0.0,406.0,406.0,406.0,,406.0,,,,,,,406.0,,,,,,,,,,,,,,,,,,,,,31.53,,31.53,31.53,0.0,31.53,0.0,0.0,0.0,,0.0,0.33,0.24,,,False,,False,False,False,False,False,False,False,,False,,,,,,,,,,,,,,,,,,,,,,,,,,,,,,,,,,,,,,,,
012445159575_dsl,Gurgaon,108.0,ZYOTFD000042,NOKIA,68FCCAA8805C,Haryana,0.0,0.0,0.0,0.0,100.0,1.66,False,True,0.0,3.0,0.0,0.0,0.0,0.0,,0.0,9.82,0.25,AOT5221ZY,Samsung,TV,Samsung,Television,False,False,False,False,False,False,False,False,False,,False,4.0,0.0,4.0,1179203584.0,1179203584.0,71096538112.0,10.0,10.0,,10.0,10.0,0.0,10.0,,,,,,,,,,,,,,,,,,,,,,,,,,,,,,,,,,,,,,,,,,,,,,,,,,,,,,,,,,,,,,,,,,,,,,,,,,,,,,,,,,,,,,,,,,,,,,,,,,,,,,,,,,,,10.0,0.0,10.0,0.0,4.0,4.0,10.0,,10.0,,,,,,,10.0,,,,,,,,,,,,,,,,,,,,,0.0,,0.0,0.0,0.0,0.0,0.0,0.0,0.0,3.0,0.0,9.82,0.25,False,True,False,,False,False,False,False,False,False,False,False,False,,,,,,,,,,,,,,,,,,,,,,,,,,,,,,,,,,,,,,,,
012421019184_wifi,Gurgaon,108.0,ZYOTB0900058,NOKIA,3AF6A50C8F0A,Haryana,44.58,0.0,44.58,3.96,96.04,2.32,False,False,0.0,10.0,7.81,0.0,12.05,35.16,17.78,44.58,2.74,0.28,AOT5222ZY,iPhone,PHONE,Apple,iPhone,False,False,False,False,True,False,False,False,False,False,False,83.0,0.0,83.0,709131264.0,709131264.0,30541805568.0,128.0,128.0,45.0,83.0,128.0,45.0,83.0,,,,,,,,,,,,,,,,,,,,,,,,,,,,,,,,,,,,,,,,,,,,,,,,,,,,,,,,,,,,,,,,,,,,,,,,,,,,,,,,,,,,,,,,,,,,,,,,,,,,,,,,,,,,128.0,45.0,83.0,0.0,83.0,83.0,128.0,45.0,83.0,,,,,,,128.0,,,,,,,,,,,,,,,,,,,,,35.16,17.78,44.58,44.58,0.0,44.58,7.81,0.0,12.05,10.0,0.0,2.74,0.28,False,False,False,False,False,False,False,False,False,False,False,True,False,,,,,,,,,,,,,,,,,,,,,,,,,,,,,,,,,,,,,,,,
012444801137_dsl,Gurgaon,108.0,NKOTDF000165,NOKIA,B631DA0FC7AA,Haryana,0.0,0.0,0.0,3.28,96.72,0.07,False,True,0.0,2.0,0.17,100.0,0.0,0.17,100.0,0.0,0.07,0.01,AAP321NK,,,,,False,False,False,False,False,False,True,False,False,True,False,2292.0,0.0,2292.0,44538880.0,44538880.0,60775251968.0,574.0,574.0,1.0,573.0,574.0,1.0,573.0,,,,,,,,,,,,,,,,,,,,,,,,,,,,,,,,,,,,,,,,,,,,,,,,,,,,,,,,,,,,,,,,,,,,,,,,,,,,,,,,,,,,,,,,,,,,,,,,,,,,,,,,,,,,574.0,1.0,573.0,0.0,2292.0,2292.0,574.0,1.0,573.0,,,,,,,574.0,,,,,,,,,,,,,,,,,,,,,0.17,100.0,0.0,0.0,0.0,0.0,0.17,100.0,0.0,2.0,0.0,0.07,0.01,False,True,False,True,False,False,False,False,False,True,False,False,False,,,,,,,,,,,,,,,,,,,,,,,,,,,,,,,,,,,,,,,,
01246232448_dsl,Gurgaon,108.0,NKOT2F045EF1,NOKIA,1C57DC71A166,Haryana,,,,0.0,100.0,1.19,,,0.0,1.0,0.0,0.0,0.0,0.0,,0.0,0.22,0.05,AOT4221NK,,,,,,,,False,False,False,False,False,False,,False,,,,1054392320.0,1054392320.0,88802963107.0,809.0,809.0,,809.0,809.0,0.0,809.0,,,,,,,,,,,,,,,,,,,,,,,,,,,,,,,,,,,,,,,,,,,,,,,,,,,,,,,,,,,,,,,,,,,,,,,,,,,,,,,,,,,,,,,,,,,,,,,,,,,,,,,,,,,,809.0,0.0,809.0,,,,809.0,,809.0,,,,,,,809.0,,,,,,,,,,,,,,,,,,,,,0.0,,0.0,,,,0.0,0.0,0.0,1.0,0.0,0.22,0.05,,,False,,False,,,,False,False,False,False,False,,,,,,,,,,,,,,,,,,,,,,,,,,,,,,,,,,,,,,,,
01246232448_dsl,Gurgaon,108.0,NKOT2F045EF1,NOKIA,CE6E364C323F,Haryana,0.0,0.0,0.0,0.0,100.0,1.35,,,0.0,3.0,0.0,0.0,0.0,0.0,,0.0,1.2,0.06,AOT4221NK,,,,,False,False,False,False,False,False,False,False,False,,False,4.0,0.0,4.0,1202761728.0,1202761728.0,88802963107.0,412.0,412.0,,412.0,412.0,0.0,412.0,,,,,,,,,,,,,,,,,,,,,,,,,,,,,,,,,,,,,,,,,,,,,,,,,,,,,,,,,,,,,,,,,,,,,,,,,,,,,,,,,,,,,,,,,,,,,,,,,,,,,,,,,,,,412.0,0.0,412.0,0.0,4.0,4.0,412.0,,412.0,,,,,,,412.0,,,,,,,,,,,,,,,,,,,,,0.0,,0.0,0.0,0.0,0.0,0.0,0.0,0.0,3.0,0.0,1.2,0.06,,,False,,False,False,False,False,False,False,False,False,False,,,,,,,,,,,,,,,,,,,,,,,,,,,,,,,,,,,,,,,,
012447862103_dsl,Gurgaon,108.0,ZYOTB0900020,NOKIA,D6AF32D8C6F1,Haryana,0.0,0.0,0.0,0.0,100.0,1.81,,,0.0,,0.0,0.0,0.0,0.0,,0.0,0.44,0.05,AOT5222ZY,,,,,False,False,False,False,,False,False,False,False,,False,40.0,0.0,40.0,429742080.0,429742080.0,23763598336.0,10.0,10.0,,10.0,10.0,0.0,10.0,,,,,,,,,,,,,,,,,,,,,,,,,,,,,,,,,,,,,,,,,,,,,,,,,,,,,,,,,,,,,,,,,,,,,,,,,,,,,,,,,,,,,,,,,,,,,,,,,,,,,,,,,,,,10.0,0.0,10.0,0.0,40.0,40.0,10.0,,10.0,,,,,,,10.0,,,,,,,,,,,,,,,,,,,,,0.0,,0.0,0.0,0.0,0.0,0.0,0.0,0.0,,0.0,0.44,0.05,,,False,,False,False,False,False,False,False,False,,False,,,,,,,,,,,,,,,,,,,,,,,,,,,,,,,,,,,,,,,,
012421019184_wifi,Gurgaon,108.0,ZYOTB0900058,NOKIA,82E734ECC17F,Haryana,100.0,0.0,100.0,0.0,100.0,3.13,,,0.0,,0.0,0.0,0.0,100.0,,100.0,0.16,0.01,AOT5222ZY,,,,,True,False,True,False,,False,False,False,True,,True,262.0,0.0,262.0,955296768.0,955296768.0,30541805568.0,262.0,262.0,,262.0,262.0,0.0,262.0,,,,,,,,,,,,,,,,,,,,,,,,,,,,,,,,,,,,,,,,,,,,,,,,,,,,,,,,,,,,,,,,,,,,,,,,,,,,,,,,,,,,,,,,,,,,,,,,,,,,,,,,,,,,262.0,0.0,262.0,0.0,262.0,262.0,262.0,,262.0,,,,,,,262.0,,,,,,,,,,,,,,,,,,,,,100.0,,100.0,100.0,0.0,100.0,0.0,0.0,0.0,,0.0,0.16,0.01,,,True,,True,True,False,True,False,False,False,,False,,,,,,,,,,,,,,,,,,,,,,,,,,,,,,,,,,,,,,,,
012444801137_dsl,Gurgaon,108.0,NKOTDF000165,NOKIA,0E8F1FC5025E,Haryana,0.0,0.0,0.0,0.0,100.0,17.59,False,True,0.0,5.0,0.0,0.0,0.0,0.0,,0.0,1.87,0.38,AAP321NK,,,,,False,False,False,False,False,False,False,False,False,,False,4156.0,0.0,4156.0,10689936384.0,10689936384.0,60775251968.0,1039.0,1039.0,,1039.0,1039.0,0.0,1039.0,,,,,,,,,,,,,,,,,,,,,,,,,,,,,,,,,,,,,,,,,,,,,,,,,,,,,,,,,,,,,,,,,,,,,,,,,,,,,,,,,,,,,,,,,,,,,,,,,,,,,,,,,,,,1039.0,0.0,1039.0,0.0,4156.0,4156.0,1039.0,,1039.0,,,,,,,1039.0,,,,,,,,,,,,,,,,,,,,,0.0,,0.0,0.0,0.0,0.0,0.0,0.0,0.0,5.0,0.0,1.87,0.38,False,True,False,,False,False,False,False,False,False,False,False,False,,,,,,,,,,,,,,,,,,,,,,,,,,,,,,,,,,,,,,,,
012445159575_dsl,Gurgaon,108.0,ZYOTFD000042,NOKIA,3A45BC4EFD18,Haryana,,,,100.0,0.0,0.0,False,False,0.0,0.0,0.0,0.0,0.0,0.0,0.0,,0.0,0.0,AOT5221ZY,,,,,,,,False,False,False,False,False,False,False,,,,,148480.0,148480.0,71096538112.0,220.0,220.0,220.0,,220.0,220.0,0.0,,,,,,,,,,,,,,,,,,,,,,,,,,,,,,,,,,,,,,,,,,,,,,,,,,,,,,,,,,,,,,,,,,,,,,,,,,,,,,,,,,,,,,,,,,,,,,,,,,,,,,,,,,,,220.0,220.0,0.0,,,,220.0,220.0,,,,,,,,220.0,,,,,,,,,,,,,,,,,,,,,0.0,0.0,,,,,0.0,0.0,0.0,0.0,0.0,0.0,0.0,False,False,False,False,,,,,False,False,False,False,False,,,,,,,,,,,,,,,,,,,,,,,,,,,,,,,,,,,,,,,,
012436398608_dsl,Gurgaon,108.0,NKOTDF0001E7,NOKIA,E8AACBA5B753,Haryana,,,,100.0,0.0,9.95,False,False,0.0,4.0,70.33,70.33,0.0,0.0,0.0,,2.65,0.06,AAP321NK,Samsung,,,,,,,False,False,True,True,False,False,False,,,,,4481155072.0,4481155072.0,45057405952.0,91.0,91.0,91.0,,91.0,91.0,0.0,,,,,,,,,,,,,,,,,,,,,,,,,,,,,,,,,,,,,,,,,,,,,,,,,,,,,,,,,,,,,,,,,,,,,,,,,,,,,,,,,,,,,,,,,,,,,,,,,,,,,,,,,,,,91.0,91.0,0.0,,,,91.0,91.0,,,,,,,,91.0,,,,,,,,,,,,,,,,,,,,,0.0,0.0,,,,,70.33,70.33,0.0,4.0,0.0,2.65,0.06,False,False,False,False,,,,,True,True,False,False,False,,,,,,,,,,,,,,,,,,,,,,,,,,,,,,,,,,,,,,,,
012445159575_dsl,Gurgaon,108.0,ZYOTFD000042,NOKIA,EEF8085B863E,Haryana,19.31,0.0,19.31,0.0,100.0,32.95,False,False,0.0,1.0,18.99,0.0,18.99,15.1,,15.1,3.67,0.09,AOT5221ZY,realme-15-5G,PHONE,Realme,15,False,False,False,False,False,False,False,False,False,,False,4412.0,0.0,4412.0,23429238784.0,23429238784.0,71096538112.0,1232.0,1232.0,,1232.0,1232.0,0.0,1232.0,,,,,,,,,,,,,,,,,,,,,,,,,,,,,,,,,,,,,,,,,,,,,,,,,,,,,,,,,,,,,,,,,,,,,,,,,,,,,,,,,,,,,,,,,,,,,,,,,,,,,,,,,,,,1232.0,0.0,1232.0,0.0,4412.0,4412.0,1232.0,,1232.0,,,,,,,1232.0,,,,,,,,,,,,,,,,,,,,,15.1,,15.1,19.31,0.0,19.31,18.99,0.0,18.99,1.0,0.0,3.67,0.09,False,False,False,,False,False,False,False,False,False,False,False,False,,,,,,,,,,,,,,,,,,,,,,,,,,,,,,,,,,,,,,,,
012421019184_wifi,Gurgaon,108.0,ZYOTB0900058,NOKIA,EC2E98E3389F,Haryana,0.0,0.0,0.0,0.0,100.0,48.47,,,0.0,,0.0,0.0,0.0,0.0,,0.0,3.64,0.14,AOT5222ZY,,,,,False,False,False,False,,False,False,False,False,,False,218.0,0.0,218.0,14805068800.0,14805068800.0,30541805568.0,218.0,218.0,,218.0,218.0,0.0,218.0,,,,,,,,,,,,,,,,,,,,,,,,,,,,,,,,,,,,,,,,,,,,,,,,,,,,,,,,,,,,,,,,,,,,,,,,,,,,,,,,,,,,,,,,,,,,,,,,,,,,,,,,,,,,218.0,0.0,218.0,0.0,218.0,218.0,218.0,,218.0,,,,,,,218.0,,,,,,,,,,,,,,,,,,,,,0.0,,0.0,0.0,0.0,0.0,0.0,0.0,0.0,,0.0,3.64,0.14,,,False,,False,False,False,False,False,False,False,,False,,,,,,,,,,,,,,,,,,,,,,,,,,,,,,,,,,,,,,,,
012444801137_dsl,Gurgaon,108.0,NKOTDF000165,NOKIA,EEB2A6A2A1E6,Haryana,0.0,0.0,0.0,0.0,100.0,1.04,False,False,0.0,16.0,17.81,0.0,17.81,0.0,,0.0,1.98,0.46,AAP321NK,Aditya-Vikram-s-A36,,,,False,False,False,False,True,False,False,False,False,,False,1932.0,0.0,1932.0,630682624.0,630682624.0,60775251968.0,483.0,483.0,,483.0,483.0,0.0,483.0,,,,,,,,,,,,,,,,,,,,,,,,,,,,,,,,,,,,,,,,,,,,,,,,,,,,,,,,,,,,,,,,,,,,,,,,,,,,,,,,,,,,,,,,,,,,,,,,,,,,,,,,,,,,483.0,0.0,483.0,0.0,1932.0,1932.0,483.0,,483.0,,,,,,,483.0,,,,,,,,,,,,,,,,,,,,,0.0,,0.0,0.0,0.0,0.0,17.81,0.0,17.81,16.0,0.0,1.98,0.46,False,False,False,,False,False,False,False,False,False,False,True,False,,,,,,,,,,,,,,,,,,,,,,,,,,,,,,,,,,,,,,,,
01244081160_dsl,Gurgaon,108.0,NKOT0F01CE6F,NOKIA,624E55188F68,Haryana,0.0,0.0,0.0,0.0,100.0,0.21,,,0.0,,0.0,0.0,0.0,0.0,,0.0,0.0,0.32,AOT4221NK,,,,,False,False,False,False,,False,False,False,False,,False,1272.0,0.0,1272.0,28313600.0,28313600.0,13802502144.0,636.0,636.0,,636.0,636.0,0.0,636.0,,,,,,,,,,,,,,,,,,,,,,,,,,,,,,,,,,,,,,,,,,,,,,,,,,,,,,,,,,,,,,,,,,,,,,,,,,,,,,,,,,,,,,,,,,,,,,,,,,,,,,,,,,,,636.0,0.0,636.0,0.0,1272.0,1272.0,636.0,,636.0,,,,,,,636.0,,,,,,,,,,,,,,,,,,,,,0.0,,0.0,0.0,0.0,0.0,0.0,0.0,0.0,,0.0,0.0,0.32,,,False,,False,False,False,False,False,False,False,,False,,,,,,,,,,,,,,,,,,,,,,,,,,,,,,,,,,,,,,,,
012447862103_dsl,Gurgaon,108.0,ZYOTB0900020,NOKIA,B64DBCFFA6ED,Haryana,0.83,0.0,0.83,0.0,100.0,0.08,,,0.0,,0.0,0.0,0.0,0.83,,0.83,0.0,0.01,AOT5222ZY,,,,,False,False,False,False,,False,False,False,False,,False,1932.0,0.0,1932.0,19313664.0,19313664.0,23763598336.0,483.0,483.0,,483.0,483.0,0.0,483.0,,,,,,,,,,,,,,,,,,,,,,,,,,,,,,,,,,,,,,,,,,,,,,,,,,,,,,,,,,,,,,,,,,,,,,,,,,,,,,,,,,,,,,,,,,,,,,,,,,,,,,,,,,,,483.0,0.0,483.0,0.0,1932.0,1932.0,483.0,,483.0,,,,,,,483.0,,,,,,,,,,,,,,,,,,,,,0.83,,0.83,0.83,0.0,0.83,0.0,0.0,0.0,,0.0,0.0,0.01,,,False,,False,False,False,False,False,False,False,,False,,,,,,,,,,,,,,,,,,,,,,,,,,,,,,,,,,,,,,,,
01244081160_dsl,Gurgaon,108.0,NKOT0F01CE6F,NOKIA,46C1F4DAE089,Haryana,0.0,0.0,0.0,0.0,100.0,12.04,,,0.0,,0.0,0.0,0.0,0.0,,0.0,0.0,0.16,AOT4221NK,,,,,False,False,False,False,,False,False,False,False,,False,1272.0,0.0,1272.0,1661283328.0,1661283328.0,13802502144.0,636.0,636.0,,636.0,636.0,0.0,636.0,,,,,,,,,,,,,,,,,,,,,,,,,,,,,,,,,,,,,,,,,,,,,,,,,,,,,,,,,,,,,,,,,,,,,,,,,,,,,,,,,,,,,,,,,,,,,,,,,,,,,,,,,,,,636.0,0.0,636.0,0.0,1272.0,1272.0,636.0,,636.0,,,,,,,636.0,,,,,,,,,,,,,,,,,,,,,0.0,,0.0,0.0,0.0,0.0,0.0,0.0,0.0,,0.0,0.0,0.16,,,False,,False,False,False,False,False,False,False,,False,,,,,,,,,,,,,,,,,,,,,,,,,,,,,,,,,,,,,,,,
01244081160_dsl,Gurgaon,108.0,NKOT0F01CE6F,NOKIA,A2B5039A07F0,Haryana,0.0,0.0,0.0,0.0,100.0,2.02,False,False,0.0,48.0,0.0,0.0,0.0,0.0,,0.0,22.55,22.34,AOT4221NK,iPhone,,,,False,False,False,False,True,False,False,False,False,,False,4.0,0.0,4.0,278888448.0,278888448.0,13802502144.0,2.0,2.0,,2.0,2.0,0.0,2.0,,,,,,,,,,,,,,,,,,,,,,,,,,,,,,,,,,,,,,,,,,,,,,,,,,,,,,,,,,,,,,,,,,,,,,,,,,,,,,,,,,,,,,,,,,,,,,,,,,,,,,,,,,,,2.0,0.0,2.0,0.0,4.0,4.0,2.0,,2.0,,,,,,,2.0,,,,,,,,,,,,,,,,,,,,,0.0,,0.0,0.0,0.0,0.0,0.0,0.0,0.0,48.0,0.0,22.55,22.34,False,False,False,,False,False,False,False,False,False,False,True,False,,,,,,,,,,,,,,,,,,,,,,,,,,,,,,,,,,,,,,,,
012444903348_dsl,Gurgaon,108.0,NKOT0F01CE7E,NOKIA,8E9D83596BDF,Haryana,,,,0.0,100.0,1.14,,,0.0,,0.0,0.0,0.0,0.0,,0.0,0.49,0.05,AOT4221NK,,,,,,,,False,,False,False,False,False,,False,,,,1781831628.0,1781831628.0,155667374939.0,1213.0,1213.0,,1213.0,1213.0,0.0,1213.0,,,,,,,,,,,,,,,,,,,,,,,,,,,,,,,,,,,,,,,,,,,,,,,,,,,,,,,,,,,,,,,,,,,,,,,,,,,,,,,,,,,,,,,,,,,,,,,,,,,,,,,,,,,,1213.0,0.0,1213.0,,,,1213.0,,1213.0,,,,,,,1213.0,,,,,,,,,,,,,,,,,,,,,0.0,,0.0,,,,0.0,0.0,0.0,,0.0,0.49,0.05,,,False,,False,,,,False,False,False,,False,,,,,,,,,,,,,,,,,,,,,,,,,,,,,,,,,,,,,,,,
01244054723_dsl,Gurgaon,108.0,NKOT0F0226EE,NOKIA,FA221A76C102,Haryana,0.0,0.0,0.0,8.41,91.59,2.07,False,False,0.0,11.0,13.27,21.14,0.0,0.0,0.0,0.0,1.83,0.27,AAP321NK,iPhone,,,,False,False,False,False,True,False,False,False,False,False,False,584.0,0.0,584.0,1030188032.0,1030188032.0,49855821824.0,392.0,392.0,246.0,146.0,392.0,246.0,146.0,,,,,,,,,,,,,,,,,,,,,,,,,,,,,,,,,,,,,,,,,,,,,,,,,,,,,,,,,,,,,,,,,,,,,,,,,,,,,,,,,,,,,,,,,,,,,,,,,,,,,,,,,,,,392.0,246.0,146.0,0.0,584.0,584.0,392.0,246.0,146.0,,,,,,,392.0,,,,,,,,,,,,,,,,,,,,,0.0,0.0,0.0,0.0,0.0,0.0,13.27,21.14,0.0,11.0,0.0,1.83,0.27,False,False,False,False,False,False,False,False,False,False,False,True,False,,,,,,,,,,,,,,,,,,,,,,,,,,,,,,,,,,,,,,,,
012445159575_dsl,Gurgaon,108.0,ZYOTFD000042,NOKIA,C20991673E48,Haryana,0.0,0.0,0.0,0.0,100.0,0.05,,,0.0,,0.0,0.0,0.0,0.0,,0.0,0.01,0.01,AOT5221ZY,,,,,False,False,False,False,,False,False,False,False,,False,1536.0,0.0,1536.0,32768000.0,32768000.0,71096538112.0,384.0,384.0,,384.0,384.0,0.0,384.0,,,,,,,,,,,,,,,,,,,,,,,,,,,,,,,,,,,,,,,,,,,,,,,,,,,,,,,,,,,,,,,,,,,,,,,,,,,,,,,,,,,,,,,,,,,,,,,,,,,,,,,,,,,,384.0,0.0,384.0,0.0,1536.0,1536.0,384.0,,384.0,,,,,,,384.0,,,,,,,,,,,,,,,,,,,,,0.0,,0.0,0.0,0.0,0.0,0.0,0.0,0.0,,0.0,0.01,0.01,,,False,,False,False,False,False,False,False,False,,False,,,,,,,,,,,,,,,,,,,,,,,,,,,,,,,,,,,,,,,,
01244054723_dsl,Gurgaon,108.0,NKOT0F0226EE,NOKIA,88F4DA2E79F3,Haryana,0.0,0.0,0.0,73.02,26.98,0.16,False,False,0.0,5.0,93.1,96.43,0.0,0.0,0.0,0.0,0.76,0.23,AAP321NK,LTB0000372-003,LAPTOP,Lenovo,Laptop,False,False,False,False,False,True,True,False,False,False,False,4.0,0.0,4.0,77381632.0,77381632.0,49855821824.0,29.0,29.0,28.0,1.0,29.0,28.0,1.0,,,,,,,,,,,,,,,,,,,,,,,,,,,,,,,,,,,,,,,,,,,,,,,,,,,,,,,,,,,,,,,,,,,,,,,,,,,,,,,,,,,,,,,,,,,,,,,,,,,,,,,,,,,,29.0,28.0,1.0,0.0,4.0,4.0,29.0,28.0,1.0,,,,,,,29.0,,,,,,,,,,,,,,,,,,,,,0.0,0.0,0.0,0.0,0.0,0.0,93.1,96.43,0.0,5.0,0.0,0.76,0.23,False,False,False,False,False,False,False,False,True,True,False,False,False,,,,,,,,,,,,,,,,,,,,,,,,,,,,,,,,,,,,,,,,
012445159575_dsl,Gurgaon,108.0,ZYOTFD000042,NOKIA,36638CE621E6,Haryana,18.83,0.0,18.83,0.0,100.0,10.95,False,False,0.0,4.0,0.61,0.0,0.61,14.83,,14.83,4.01,0.23,AOT5221ZY,OnePlus-11R-5G,PHONE,OnePlus,11R 5G,False,False,False,False,False,False,False,False,False,,False,2252.0,0.0,2252.0,7786756096.0,7786756096.0,71096538112.0,654.0,654.0,,654.0,654.0,0.0,654.0,,,,,,,,,,,,,,,,,,,,,,,,,,,,,,,,,,,,,,,,,,,,,,,,,,,,,,,,,,,,,,,,,,,,,,,,,,,,,,,,,,,,,,,,,,,,,,,,,,,,,,,,,,,,654.0,0.0,654.0,0.0,2252.0,2252.0,654.0,,654.0,,,,,,,654.0,,,,,,,,,,,,,,,,,,,,,14.83,,14.83,18.83,0.0,18.83,0.61,0.0,0.61,4.0,0.0,4.01,0.23,False,False,False,,False,False,False,False,False,False,False,False,False,,,,,,,,,,,,,,,,,,,,,,,,,,,,,,,,,,,,,,,,
012444801137_dsl,Gurgaon,108.0,NKOTDF000165,NOKIA,8CD0B2169430,Haryana,,,,100.0,0.0,0.05,,,0.0,,74.8,74.8,0.0,0.0,0.0,,0.0,0.0,AAP321NK,,,,,,,,False,,True,True,False,False,False,,,,,28272640.0,28272640.0,60775251968.0,1250.0,1250.0,1250.0,,1250.0,1250.0,0.0,,,,,,,,,,,,,,,,,,,,,,,,,,,,,,,,,,,,,,,,,,,,,,,,,,,,,,,,,,,,,,,,,,,,,,,,,,,,,,,,,,,,,,,,,,,,,,,,,,,,,,,,,,,,1250.0,1250.0,0.0,,,,1250.0,1250.0,,,,,,,,1250.0,,,,,,,,,,,,,,,,,,,,,0.0,0.0,,,,,74.8,74.8,0.0,,0.0,0.0,0.0,,,False,False,,,,,True,True,False,,False,,,,,,,,,,,,,,,,,,,,,,,,,,,,,,,,,,,,,,,,
012445118300_dsl,Gurgaon,108.0,NKOT0F01D2BA,NOKIA,8C2AC12B0202,Haryana,,,,100.0,0.0,19.14,False,False,0.0,5.0,35.84,35.84,0.0,0.0,0.0,,3.97,0.09,AOT4221NK,LGwebOSTV,TV,LG Electronics,,,,,False,False,False,False,False,False,False,,,,,3397638144.0,3397638144.0,17752876032.0,226.0,226.0,226.0,,226.0,226.0,0.0,,,,,,,,,,,,,,,,,,,,,,,,,,,,,,,,,,,,,,,,,,,,,,,,,,,,,,,,,,,,,,,,,,,,,,,,,,,,,,,,,,,,,,,,,,,,,,,,,,,,,,,,,,,,226.0,226.0,0.0,,,,226.0,226.0,,,,,,,,226.0,,,,,,,,,,,,,,,,,,,,,0.0,0.0,,,,,35.84,35.84,0.0,5.0,0.0,3.97,0.09,False,False,False,False,,,,,False,False,False,False,False,,,,,,,,,,,,,,,,,,,,,,,,,,,,,,,,,,,,,,,,
01246232448_dsl,Gurgaon,108.0,NKOT2F045EF1,NOKIA,664768FB1349,Haryana,,,,0.0,100.0,32.54,False,False,0.0,5.0,0.0,0.0,0.0,0.0,,0.0,1.38,3.3,AOT4221NK,,,,,,,,False,False,False,False,False,False,,False,,,,28899486726.0,28899486726.0,88802963107.0,1024.0,1024.0,,1024.0,1024.0,0.0,1024.0,,,,,,,,,,,,,,,,,,,,,,,,,,,,,,,,,,,,,,,,,,,,,,,,,,,,,,,,,,,,,,,,,,,,,,,,,,,,,,,,,,,,,,,,,,,,,,,,,,,,,,,,,,,,1024.0,0.0,1024.0,,,,1024.0,,1024.0,,,,,,,1024.0,,,,,,,,,,,,,,,,,,,,,0.0,,0.0,,,,0.0,0.0,0.0,5.0,0.0,1.38,3.3,False,False,False,,False,,,,False,False,False,False,False,,,,,,,,,,,,,,,,,,,,,,,,,,,,,,,,,,,,,,,,
012444801137_dsl,Gurgaon,108.0,NKOTDF000165,NOKIA,1EEA07314F73,Haryana,0.0,0.0,0.0,0.36,99.64,0.88,False,True,0.0,14.0,0.78,100.0,0.0,0.0,0.0,0.0,0.15,0.07,AAP321NK,Naveen-s-A33,PHONE,,Galaxy A33 5G,False,False,False,False,True,False,True,False,False,False,False,508.0,0.0,508.0,536957952.0,536957952.0,60775251968.0,128.0,128.0,1.0,127.0,128.0,1.0,127.0,,,,,,,,,,,,,,,,,,,,,,,,,,,,,,,,,,,,,,,,,,,,,,,,,,,,,,,,,,,,,,,,,,,,,,,,,,,,,,,,,,,,,,,,,,,,,,,,,,,,,,,,,,,,128.0,1.0,127.0,0.0,508.0,508.0,128.0,1.0,127.0,,,,,,,128.0,,,,,,,,,,,,,,,,,,,,,0.0,0.0,0.0,0.0,0.0,0.0,0.78,100.0,0.0,14.0,0.0,0.15,0.07,False,True,False,False,False,False,False,False,False,True,False,True,False,,,,,,,,,,,,,,,,,,,,,,,,,,,,,,,,,,,,,,,,
012436398608_dsl,Gurgaon,108.0,NKOTDF0001E7,NOKIA,EAD4701DA67C,Haryana,0.0,0.0,0.0,0.0,100.0,4.98,,,0.0,,0.0,0.0,0.0,0.0,,0.0,1.14,0.01,AAP321NK,,,,,False,False,False,False,,False,False,False,False,,False,4996.0,0.0,4996.0,2245416960.0,2245416960.0,45057405952.0,1249.0,1249.0,,1249.0,1249.0,0.0,1249.0,,,,,,,,,,,,,,,,,,,,,,,,,,,,,,,,,,,,,,,,,,,,,,,,,,,,,,,,,,,,,,,,,,,,,,,,,,,,,,,,,,,,,,,,,,,,,,,,,,,,,,,,,,,,1249.0,0.0,1249.0,0.0,4996.0,4996.0,1249.0,,1249.0,,,,,,,1249.0,,,,,,,,,,,,,,,,,,,,,0.0,,0.0,0.0,0.0,0.0,0.0,0.0,0.0,,0.0,1.14,0.01,,,False,,False,False,False,False,False,False,False,,False,,,,,,,,,,,,,,,,,,,,,,,,,,,,,,,,,,,,,,,,
012444801137_dsl,Gurgaon,108.0,NKOTDF000165,NOKIA,5A41573787E4,Haryana,0.0,0.0,0.0,0.0,100.0,3.45,,,0.0,,0.0,0.0,0.0,0.0,,0.0,0.95,0.04,AAP321NK,,,,,False,False,False,False,,False,False,False,False,,False,5000.0,0.0,5000.0,2093846528.0,2093846528.0,60775251968.0,1250.0,1250.0,,1250.0,1250.0,0.0,1250.0,,,,,,,,,,,,,,,,,,,,,,,,,,,,,,,,,,,,,,,,,,,,,,,,,,,,,,,,,,,,,,,,,,,,,,,,,,,,,,,,,,,,,,,,,,,,,,,,,,,,,,,,,,,,1250.0,0.0,1250.0,0.0,5000.0,5000.0,1250.0,,1250.0,,,,,,,1250.0,,,,,,,,,,,,,,,,,,,,,0.0,,0.0,0.0,0.0,0.0,0.0,0.0,0.0,,0.0,0.95,0.04,,,False,,False,False,False,False,False,False,False,,False,,,,,,,,,,,,,,,,,,,,,,,,,,,,,,,,,,,,,,,,
01244081160_dsl,Gurgaon,108.0,NKOT0F01CE6F,NOKIA,982CC65FE490,Haryana,0.0,0.0,0.0,0.0,100.0,2.03,,,0.0,,0.0,0.0,0.0,0.0,,0.0,0.0,0.03,AOT4221NK,,,,,False,False,False,False,,False,False,False,False,,False,1272.0,0.0,1272.0,280155136.0,280155136.0,13802502144.0,636.0,636.0,,636.0,636.0,0.0,636.0,,,,,,,,,,,,,,,,,,,,,,,,,,,,,,,,,,,,,,,,,,,,,,,,,,,,,,,,,,,,,,,,,,,,,,,,,,,,,,,,,,,,,,,,,,,,,,,,,,,,,,,,,,,,636.0,0.0,636.0,0.0,1272.0,1272.0,636.0,,636.0,,,,,,,636.0,,,,,,,,,,,,,,,,,,,,,0.0,,0.0,0.0,0.0,0.0,0.0,0.0,0.0,,0.0,0.0,0.03,,,False,,False,False,False,False,False,False,False,,False,,,,,,,,,,,,,,,,,,,,,,,,,,,,,,,,,,,,,,,,
012447862103_dsl,Gurgaon,108.0,ZYOTB0900020,NOKIA,C49500783697,Haryana,,,,100.0,0.0,0.0,,,0.0,,0.0,0.0,0.0,0.0,0.0,,0.02,0.05,AOT5222ZY,,,,,,,,False,,False,False,False,False,False,,,,,693248.0,693248.0,23763598336.0,1.0,1.0,1.0,,1.0,1.0,0.0,,,,,,,,,,,,,,,,,,,,,,,,,,,,,,,,,,,,,,,,,,,,,,,,,,,,,,,,,,,,,,,,,,,,,,,,,,,,,,,,,,,,,,,,,,,,,,,,,,,,,,,,,,,,1.0,1.0,0.0,,,,1.0,1.0,,,,,,,,1.0,,,,,,,,,,,,,,,,,,,,,0.0,0.0,,,,,0.0,0.0,0.0,,0.0,0.02,0.05,,,False,False,,,,,False,False,False,,False,,,,,,,,,,,,,,,,,,,,,,,,,,,,,,,,,,,,,,,,
012445118300_dsl,Gurgaon,108.0,NKOT0F01D2BA,NOKIA,F2E5225B80EE,Haryana,,,,0.0,100.0,0.09,False,False,0.0,16.0,0.0,0.0,0.0,0.0,,0.0,0.01,0.0,AOT4221NK,iPhone,,,,,,,False,True,False,False,False,False,,False,,,,16413696.0,16413696.0,17752876032.0,91.0,91.0,,91.0,91.0,0.0,91.0,,,,,,,,,,,,,,,,,,,,,,,,,,,,,,,,,,,,,,,,,,,,,,,,,,,,,,,,,,,,,,,,,,,,,,,,,,,,,,,,,,,,,,,,,,,,,,,,,,,,,,,,,,,,91.0,0.0,91.0,,,,91.0,,91.0,,,,,,,91.0,,,,,,,,,,,,,,,,,,,,,0.0,,0.0,,,,0.0,0.0,0.0,16.0,0.0,0.01,0.0,False,False,False,,False,,,,False,False,False,True,False,,,,,,,,,,,,,,,,,,,,,,,,,,,,,,,,,,,,,,,,
012444801137_dsl,Gurgaon,108.0,NKOTDF000165,NOKIA,1ADDCC588ACB,Haryana,0.0,0.0,0.0,0.0,100.0,33.31,False,False,0.0,9.0,4.35,0.0,4.35,0.0,,0.0,2.26,0.44,AAP321NK,,,,,False,False,False,False,True,False,False,False,False,,False,3864.0,0.0,3864.0,20246448128.0,20246448128.0,60775251968.0,966.0,966.0,,966.0,966.0,0.0,966.0,,,,,,,,,,,,,,,,,,,,,,,,,,,,,,,,,,,,,,,,,,,,,,,,,,,,,,,,,,,,,,,,,,,,,,,,,,,,,,,,,,,,,,,,,,,,,,,,,,,,,,,,,,,,966.0,0.0,966.0,0.0,3864.0,3864.0,966.0,,966.0,,,,,,,966.0,,,,,,,,,,,,,,,,,,,,,0.0,,0.0,0.0,0.0,0.0,4.35,0.0,4.35,9.0,0.0,2.26,0.44,False,False,False,,False,False,False,False,False,False,False,True,False,,,,,,,,,,,,,,,,,,,,,,,,,,,,,,,,,,,,,,,,
012445159575_dsl,Gurgaon,108.0,ZYOTFD000042,NOKIA,B24C6E7E6054,Haryana,86.79,0.0,86.79,0.0,100.0,2.18,False,True,0.0,1.0,0.1,0.0,0.1,88.54,,88.54,0.19,0.01,AOT5221ZY,OPPO-A57,,,,True,False,True,False,False,False,False,False,True,,True,3392.0,0.0,3392.0,1551204352.0,1551204352.0,71096538112.0,977.0,977.0,,977.0,977.0,0.0,977.0,,,,,,,,,,,,,,,,,,,,,,,,,,,,,,,,,,,,,,,,,,,,,,,,,,,,,,,,,,,,,,,,,,,,,,,,,,,,,,,,,,,,,,,,,,,,,,,,,,,,,,,,,,,,977.0,0.0,977.0,0.0,3392.0,3392.0,977.0,,977.0,,,,,,,977.0,,,,,,,,,,,,,,,,,,,,,88.54,,88.54,86.79,0.0,86.79,0.1,0.0,0.1,1.0,0.0,0.19,0.01,False,True,True,,True,True,False,True,False,False,False,False,False,,,,,,,,,,,,,,,,,,,,,,,,,,,,,,,,,,,,,,,,
012436398608_dsl,Gurgaon,108.0,NKOTDF0001E7,NOKIA,4A2B8C8008F5,Haryana,,,,100.0,0.0,4.78,True,False,0.0,1.0,58.14,58.14,0.0,0.0,0.0,,1.1,0.05,AAP321NK,OnePlus-Nord-CE3-5G,,,,,,,False,False,False,False,False,False,False,,,,,2154762240.0,2154762240.0,45057405952.0,344.0,344.0,344.0,,344.0,344.0,0.0,,,,,,,,,,,,,,,,,,,,,,,,,,,,,,,,,,,,,,,,,,,,,,,,,,,,,,,,,,,,,,,,,,,,,,,,,,,,,,,,,,,,,,,,,,,,,,,,,,,,,,,,,,,,344.0,344.0,0.0,,,,344.0,344.0,,,,,,,,344.0,,,,,,,,,,,,,,,,,,,,,0.0,0.0,,,,,58.14,58.14,0.0,1.0,0.0,1.1,0.05,True,False,False,False,,,,,False,False,False,False,False,,,,,,,,,,,,,,,,,,,,,,,,,,,,,,,,,,,,,,,,
012447957675_dsl,Gurgaon,108.0,ZYOT5E069474,NOKIA,401A58606B5F,Haryana,0.0,0.0,0.0,0.0,100.0,31.06,,,0.0,,0.0,0.0,0.0,0.0,,0.0,6.41,0.81,,,,,,False,False,False,False,,False,False,False,False,,False,2004.0,0.0,2004.0,19734150144.0,19734150144.0,63541187584.0,501.0,501.0,,501.0,501.0,0.0,501.0,,,,,,,,,,,,,,,,,,,,,,,,,,,,,,,,,,,,,,,,,,,,,,,,,,,,,,,,,,,,,,,,,,,,,,,,,,,,,,,,,,,,,,,,,,,,,,,,,,,,,,,,,,,,501.0,0.0,501.0,0.0,2004.0,2004.0,501.0,,501.0,,,,,,,501.0,,,,,,,,,,,,,,,,,,,,,0.0,,0.0,0.0,0.0,0.0,0.0,0.0,0.0,,0.0,6.41,0.81,,,False,,False,False,False,False,False,False,False,,False,,,,,,,,,,,,,,,,,,,,,,,,,,,,,,,,,,,,,,,,
012445118300_dsl,Gurgaon,108.0,NKOT0F01D2BA,NOKIA,48E15C8D0707,Haryana,,,,0.0,100.0,0.22,,,0.0,,0.0,0.0,0.0,0.0,,0.0,0.0,0.0,AOT4221NK,,,,,,,,False,,False,False,False,False,,False,,,,39254016.0,39254016.0,17752876032.0,745.0,745.0,,745.0,745.0,0.0,745.0,,,,,,,,,,,,,,,,,,,,,,,,,,,,,,,,,,,,,,,,,,,,,,,,,,,,,,,,,,,,,,,,,,,,,,,,,,,,,,,,,,,,,,,,,,,,,,,,,,,,,,,,,,,,745.0,0.0,745.0,,,,745.0,,745.0,,,,,,,745.0,,,,,,,,,,,,,,,,,,,,,0.0,,0.0,,,,0.0,0.0,0.0,,0.0,0.0,0.0,,,False,,False,,,,False,False,False,,False,,,,,,,,,,,,,,,,,,,,,,,,,,,,,,,,,,,,,,,,
012447957675_dsl,Gurgaon,108.0,ZYOT5E069474,NOKIA,985F4150D27D,Haryana,0.0,0.0,0.0,0.04,99.96,10.96,,,0.0,0.0,46.79,100.0,39.64,0.0,0.0,0.0,1.83,0.19,,AMS05PC0325,OTHER,,,False,False,False,False,False,False,True,False,False,False,False,3512.0,0.0,3512.0,6967267328.0,6967267328.0,63541187584.0,996.0,996.0,118.0,878.0,996.0,118.0,878.0,,,,,,,,,,,,,,,,,,,,,,,,,,,,,,,,,,,,,,,,,,,,,,,,,,,,,,,,,,,,,,,,,,,,,,,,,,,,,,,,,,,,,,,,,,,,,,,,,,,,,,,,,,,,996.0,118.0,878.0,0.0,3512.0,3512.0,996.0,118.0,878.0,,,,,,,996.0,,,,,,,,,,,,,,,,,,,,,0.0,0.0,0.0,0.0,0.0,0.0,46.79,100.0,39.64,0.0,0.0,1.83,0.19,,,False,False,False,False,False,False,False,True,False,False,False,,,,,,,,,,,,,,,,,,,,,,,,,,,,,,,,,,,,,,,,
012436398608_dsl,Gurgaon,108.0,NKOTDF0001E7,NOKIA,FAB7B87A32B0,Haryana,,,,100.0,0.0,0.37,False,False,0.0,3.0,0.0,0.0,0.0,0.0,0.0,,5.57,0.42,AAP321NK,,,,,,,,False,False,False,False,False,False,False,,,,,167910400.0,167910400.0,45057405952.0,1.0,1.0,1.0,,1.0,1.0,0.0,,,,,,,,,,,,,,,,,,,,,,,,,,,,,,,,,,,,,,,,,,,,,,,,,,,,,,,,,,,,,,,,,,,,,,,,,,,,,,,,,,,,,,,,,,,,,,,,,,,,,,,,,,,,1.0,1.0,0.0,,,,1.0,1.0,,,,,,,,1.0,,,,,,,,,,,,,,,,,,,,,0.0,0.0,,,,,0.0,0.0,0.0,3.0,0.0,5.57,0.42,False,False,False,False,,,,,False,False,False,False,False,,,,,,,,,,,,,,,,,,,,,,,,,,,,,,,,,,,,,,,,
01244054723_dsl,Gurgaon,108.0,NKOT0F0226EE,NOKIA,CC6B1E9D361D,Haryana,0.0,0.0,0.0,0.0,100.0,11.17,,,0.0,2.0,0.0,0.0,0.0,0.0,,0.0,4.07,0.12,AAP321NK,LAPTOP-333I3CKG,,,,False,False,False,False,False,False,False,False,False,,False,1172.0,0.0,1172.0,5570945024.0,5570945024.0,49855821824.0,293.0,293.0,,293.0,293.0,0.0,293.0,,,,,,,,,,,,,,,,,,,,,,,,,,,,,,,,,,,,,,,,,,,,,,,,,,,,,,,,,,,,,,,,,,,,,,,,,,,,,,,,,,,,,,,,,,,,,,,,,,,,,,,,,,,,293.0,0.0,293.0,0.0,1172.0,1172.0,293.0,,293.0,,,,,,,293.0,,,,,,,,,,,,,,,,,,,,,0.0,,0.0,0.0,0.0,0.0,0.0,0.0,0.0,2.0,0.0,4.07,0.12,,,False,,False,False,False,False,False,False,False,False,False,,,,,,,,,,,,,,,,,,,,,,,,,,,,,,,,,,,,,,,,
01244054723_dsl,Gurgaon,108.0,NKOT0F0226EE,NOKIA,5AA1E0C63E20,Haryana,1.32,0.0,1.32,5.3,94.7,2.45,False,False,0.0,33.0,17.16,55.96,0.0,0.91,0.0,1.32,1.49,0.2,AAP321NK,Pixel-8a,PHONE,Google,Pixel 8a,False,False,False,False,True,False,False,False,False,False,False,2732.0,0.0,2732.0,1220608000.0,1220608000.0,49855821824.0,985.0,985.0,302.0,683.0,985.0,302.0,683.0,,,,,,,,,,,,,,,,,,,,,,,,,,,,,,,,,,,,,,,,,,,,,,,,,,,,,,,,,,,,,,,,,,,,,,,,,,,,,,,,,,,,,,,,,,,,,,,,,,,,,,,,,,,,985.0,302.0,683.0,0.0,2732.0,2732.0,985.0,302.0,683.0,,,,,,,985.0,,,,,,,,,,,,,,,,,,,,,0.91,0.0,1.32,1.32,0.0,1.32,17.16,55.96,0.0,33.0,0.0,1.49,0.2,False,False,False,False,False,False,False,False,False,False,False,True,False,,,,,,,,,,,,,,,,,,,,,,,,,,,,,,,,,,,,,,,,
012445118300_dsl,Gurgaon,108.0,NKOT0F01D2BA,NOKIA,AADC7D1DFBBF,Haryana,,,,0.0,100.0,0.1,False,False,0.0,17.0,0.0,0.0,0.0,0.0,,0.0,0.01,0.01,AOT4221NK,iPhone,,,,,,,False,True,False,False,False,False,,False,,,,18057216.0,18057216.0,17752876032.0,19.0,19.0,,19.0,19.0,0.0,19.0,,,,,,,,,,,,,,,,,,,,,,,,,,,,,,,,,,,,,,,,,,,,,,,,,,,,,,,,,,,,,,,,,,,,,,,,,,,,,,,,,,,,,,,,,,,,,,,,,,,,,,,,,,,,19.0,0.0,19.0,,,,19.0,,19.0,,,,,,,19.0,,,,,,,,,,,,,,,,,,,,,0.0,,0.0,,,,0.0,0.0,0.0,17.0,0.0,0.01,0.01,False,False,False,,False,,,,False,False,False,True,False,,,,,,,,,,,,,,,,,,,,,,,,,,,,,,,,,,,,,,,,
012444903348_dsl,Gurgaon,108.0,NKOT0F01CE7E,NOKIA,BCF171E84D65,Haryana,,,,0.0,100.0,19.28,False,False,0.0,7.0,0.0,0.0,0.0,0.0,,0.0,5.61,0.5,AOT4221NK,TABLET-G71GRCJO,TABLET,Microsoft,Surface Pro 8,,,,False,True,False,False,False,False,,False,,,,30006398034.0,30006398034.0,155667374939.0,802.0,802.0,,802.0,802.0,0.0,802.0,,,,,,,,,,,,,,,,,,,,,,,,,,,,,,,,,,,,,,,,,,,,,,,,,,,,,,,,,,,,,,,,,,,,,,,,,,,,,,,,,,,,,,,,,,,,,,,,,,,,,,,,,,,,802.0,0.0,802.0,,,,802.0,,802.0,,,,,,,802.0,,,,,,,,,,,,,,,,,,,,,0.0,,0.0,,,,0.0,0.0,0.0,7.0,0.0,5.61,0.5,False,False,False,,False,,,,False,False,False,True,False,,,,,,,,,,,,,,,,,,,,,,,,,,,,,,,,,,,,,,,,
012445118300_dsl,Gurgaon,108.0,NKOT0F01D2BA,NOKIA,02B8F490E9C4,Haryana,,,,0.18,99.82,9.25,True,False,0.0,3.0,12.4,0.0,12.5,0.0,0.0,0.0,1.02,0.05,AOT4221NK,OnePlus-Nord-CE3-5G,,,,,,,False,False,False,False,False,False,False,False,,,,1641971712.0,1641971712.0,17752876032.0,129.0,129.0,1.0,128.0,129.0,1.0,128.0,,,,,,,,,,,,,,,,,,,,,,,,,,,,,,,,,,,,,,,,,,,,,,,,,,,,,,,,,,,,,,,,,,,,,,,,,,,,,,,,,,,,,,,,,,,,,,,,,,,,,,,,,,,,129.0,1.0,128.0,,,,129.0,1.0,128.0,,,,,,,129.0,,,,,,,,,,,,,,,,,,,,,0.0,0.0,0.0,,,,12.4,0.0,12.5,3.0,0.0,1.02,0.05,True,False,False,False,False,,,,False,False,False,False,False,,,,,,,,,,,,,,,,,,,,,,,,,,,,,,,,,,,,,,,,
01244081160_dsl,Gurgaon,108.0,NKOT0F01CE6F,NOKIA,6854FD250B98,Haryana,,,,100.0,0.0,0.49,,,0.0,,0.0,0.0,0.0,0.0,0.0,,0.0,0.0,AOT4221NK,,,,,,,,False,,False,False,False,False,False,,,,,68148224.0,68148224.0,13802502144.0,636.0,636.0,636.0,,636.0,636.0,0.0,,,,,,,,,,,,,,,,,,,,,,,,,,,,,,,,,,,,,,,,,,,,,,,,,,,,,,,,,,,,,,,,,,,,,,,,,,,,,,,,,,,,,,,,,,,,,,,,,,,,,,,,,,,,636.0,636.0,0.0,,,,636.0,636.0,,,,,,,,636.0,,,,,,,,,,,,,,,,,,,,,0.0,0.0,,,,,0.0,0.0,0.0,,0.0,0.0,0.0,,,False,False,,,,,False,False,False,,False,,,,,,,,,,,,,,,,,,,,,,,,,,,,,,,,,,,,,,,,
01244054723_dsl,Gurgaon,108.0,NKOT0F0226EE,NOKIA,62A173AB08D4,Haryana,0.0,0.0,0.0,0.0,100.0,1.38,False,False,0.0,2.0,0.0,0.0,0.0,0.0,,0.0,0.14,0.02,AAP321NK,,,,,False,False,False,False,False,False,False,False,False,,False,288.0,0.0,288.0,686592000.0,686592000.0,49855821824.0,72.0,72.0,,72.0,72.0,0.0,72.0,,,,,,,,,,,,,,,,,,,,,,,,,,,,,,,,,,,,,,,,,,,,,,,,,,,,,,,,,,,,,,,,,,,,,,,,,,,,,,,,,,,,,,,,,,,,,,,,,,,,,,,,,,,,72.0,0.0,72.0,0.0,288.0,288.0,72.0,,72.0,,,,,,,72.0,,,,,,,,,,,,,,,,,,,,,0.0,,0.0,0.0,0.0,0.0,0.0,0.0,0.0,2.0,0.0,0.14,0.02,False,False,False,,False,False,False,False,False,False,False,False,False,,,,,,,,,,,,,,,,,,,,,,,,,,,,,,,,,,,,,,,,
012445118300_dsl,Gurgaon,108.0,NKOT0F01D2BA,NOKIA,50DCE7D68D34,Haryana,,,,0.0,100.0,0.3,,,0.0,,0.0,0.0,0.0,0.0,,0.0,0.0,0.0,AOT4221NK,,,,,,,,False,,False,False,False,False,,False,,,,53067776.0,53067776.0,17752876032.0,745.0,745.0,,745.0,745.0,0.0,745.0,,,,,,,,,,,,,,,,,,,,,,,,,,,,,,,,,,,,,,,,,,,,,,,,,,,,,,,,,,,,,,,,,,,,,,,,,,,,,,,,,,,,,,,,,,,,,,,,,,,,,,,,,,,,745.0,0.0,745.0,,,,745.0,,745.0,,,,,,,745.0,,,,,,,,,,,,,,,,,,,,,0.0,,0.0,,,,0.0,0.0,0.0,,0.0,0.0,0.0,,,False,,False,,,,False,False,False,,False,,,,,,,,,,,,,,,,,,,,,,,,,,,,,,,,,,,,,,,,
012447957675_dsl,Gurgaon,108.0,ZYOT5E069474,NOKIA,8A0688D585E5,Haryana,0.0,0.0,0.0,0.0,100.0,0.07,,,0.0,,0.0,0.0,0.0,0.0,,0.0,0.05,0.06,,,,,,False,False,False,False,,False,False,False,False,,False,2192.0,0.0,2192.0,43315200.0,43315200.0,63541187584.0,548.0,548.0,,548.0,548.0,0.0,548.0,,,,,,,,,,,,,,,,,,,,,,,,,,,,,,,,,,,,,,,,,,,,,,,,,,,,,,,,,,,,,,,,,,,,,,,,,,,,,,,,,,,,,,,,,,,,,,,,,,,,,,,,,,,,548.0,0.0,548.0,0.0,2192.0,2192.0,548.0,,548.0,,,,,,,548.0,,,,,,,,,,,,,,,,,,,,,0.0,,0.0,0.0,0.0,0.0,0.0,0.0,0.0,,0.0,0.05,0.06,,,False,,False,False,False,False,False,False,False,,False,,,,,,,,,,,,,,,,,,,,,,,,,,,,,,,,,,,,,,,,
012444903348_dsl,Gurgaon,108.0,NKOT0F01CE7E,NOKIA,5CEA1D30FB63,Haryana,,,,0.0,100.0,6.5,,,0.0,2.0,0.0,0.0,0.0,0.0,,0.0,4.67,0.04,AOT4221NK,Unknown_5c:ea:1d:30:fb:63,TV,Sony,Television,,,,False,False,False,False,False,False,,False,,,,10113456525.0,10113456525.0,155667374939.0,1213.0,1213.0,,1213.0,1213.0,0.0,1213.0,,,,,,,,,,,,,,,,,,,,,,,,,,,,,,,,,,,,,,,,,,,,,,,,,,,,,,,,,,,,,,,,,,,,,,,,,,,,,,,,,,,,,,,,,,,,,,,,,,,,,,,,,,,,1213.0,0.0,1213.0,,,,1213.0,,1213.0,,,,,,,1213.0,,,,,,,,,,,,,,,,,,,,,0.0,,0.0,,,,0.0,0.0,0.0,2.0,0.0,4.67,0.04,,,False,,False,,,,False,False,False,False,False,,,,,,,,,,,,,,,,,,,,,,,,,,,,,,,,,,,,,,,,
012444903348_dsl,Gurgaon,108.0,NKOT0F01CE7E,NOKIA,DE9EF3A73DC5,Haryana,7.32,7.32,0.0,98.6,1.4,0.0,False,True,0.0,91.0,94.04,92.68,100.0,1.99,2.44,0.0,0.01,0.01,AOT4221NK,,,,,False,False,False,False,True,True,True,True,False,False,False,492.0,492.0,0.0,5998234.0,5998234.0,155667374939.0,151.0,151.0,123.0,28.0,151.0,123.0,28.0,,,,,,,,,,,,,,,,,,,,,,,,,,,,,,,,,,,,,,,,,,,,,,,,,,,,,,,,,,,,,,,,,,,,,,,,,,,,,,,,,,,,,,,,,,,,,,,,,,,,,,,,,,,,151.0,123.0,28.0,492.0,0.0,492.0,151.0,123.0,28.0,,,,,,,151.0,,,,,,,,,,,,,,,,,,,,,1.99,2.44,0.0,7.32,7.32,0.0,94.04,92.68,100.0,91.0,0.0,0.01,0.01,False,True,False,False,False,False,False,False,True,True,True,True,False,,,,,,,,,,,,,,,,,,,,,,,,,,,,,,,,,,,,,,,,
012447957675_dsl,Gurgaon,108.0,ZYOT5E069474,NOKIA,324ED16F1BEC,Haryana,0.0,0.0,0.0,0.0,100.0,0.31,,,0.0,,0.0,0.0,0.0,0.0,,0.0,0.16,0.89,,,,,,False,False,False,False,,False,False,False,False,,False,2192.0,0.0,2192.0,197103616.0,197103616.0,63541187584.0,548.0,548.0,,548.0,548.0,0.0,548.0,,,,,,,,,,,,,,,,,,,,,,,,,,,,,,,,,,,,,,,,,,,,,,,,,,,,,,,,,,,,,,,,,,,,,,,,,,,,,,,,,,,,,,,,,,,,,,,,,,,,,,,,,,,,548.0,0.0,548.0,0.0,2192.0,2192.0,548.0,,548.0,,,,,,,548.0,,,,,,,,,,,,,,,,,,,,,0.0,,0.0,0.0,0.0,0.0,0.0,0.0,0.0,,0.0,0.16,0.89,,,False,,False,False,False,False,False,False,False,,False,,,,,,,,,,,,,,,,,,,,,,,,,,,,,,,,,,,,,,,,
012444903348_dsl,Gurgaon,108.0,NKOT0F01CE7E,NOKIA,C25FF6C7715F,Haryana,13.46,13.46,0.0,100.0,0.0,1.84,False,False,0.0,5.0,88.39,88.39,0.0,36.26,36.26,,1.75,0.04,AOT4221NK,realme-C11-2021,,,,False,False,False,False,False,True,True,False,False,False,,1412.0,1412.0,0.0,2859133515.0,2859133515.0,155667374939.0,353.0,353.0,353.0,,353.0,353.0,0.0,,,,,,,,,,,,,,,,,,,,,,,,,,,,,,,,,,,,,,,,,,,,,,,,,,,,,,,,,,,,,,,,,,,,,,,,,,,,,,,,,,,,,,,,,,,,,,,,,,,,,,,,,,,,353.0,353.0,0.0,1412.0,0.0,1412.0,353.0,353.0,,,,,,,,353.0,,,,,,,,,,,,,,,,,,,,,36.26,36.26,,13.46,13.46,0.0,88.39,88.39,0.0,5.0,0.0,1.75,0.04,False,False,False,False,,False,False,False,True,True,False,False,False,,,,,,,,,,,,,,,,,,,,,,,,,,,,,,,,,,,,,,,,
01244081160_dsl,Gurgaon,108.0,NKOT0F01CE6F,NOKIA,DA662903C070,Haryana,0.0,0.0,0.0,0.0,100.0,1.61,,,0.0,,0.0,0.0,0.0,0.0,,0.0,0.0,0.1,AOT4221NK,,,,,False,False,False,False,,False,False,False,False,,False,1272.0,0.0,1272.0,221687808.0,221687808.0,13802502144.0,636.0,636.0,,636.0,636.0,0.0,636.0,,,,,,,,,,,,,,,,,,,,,,,,,,,,,,,,,,,,,,,,,,,,,,,,,,,,,,,,,,,,,,,,,,,,,,,,,,,,,,,,,,,,,,,,,,,,,,,,,,,,,,,,,,,,636.0,0.0,636.0,0.0,1272.0,1272.0,636.0,,636.0,,,,,,,636.0,,,,,,,,,,,,,,,,,,,,,0.0,,0.0,0.0,0.0,0.0,0.0,0.0,0.0,,0.0,0.0,0.1,,,False,,False,False,False,False,False,False,False,,False,,,,,,,,,,,,,,,,,,,,,,,,,,,,,,,,,,,,,,,,
01246232448_dsl,Gurgaon,108.0,NKOT2F045EF1,NOKIA,7A5B25752C54,Haryana,0.0,0.0,0.0,0.0,100.0,29.46,False,False,0.0,16.0,0.0,0.0,0.0,0.0,,0.0,2.41,0.55,AOT4221NK,,,,,False,False,False,False,True,False,False,False,False,,False,4.0,0.0,4.0,26165027208.0,26165027208.0,88802963107.0,1075.0,1075.0,,1075.0,1075.0,0.0,1075.0,,,,,,,,,,,,,,,,,,,,,,,,,,,,,,,,,,,,,,,,,,,,,,,,,,,,,,,,,,,,,,,,,,,,,,,,,,,,,,,,,,,,,,,,,,,,,,,,,,,,,,,,,,,,1075.0,0.0,1075.0,0.0,4.0,4.0,1075.0,,1075.0,,,,,,,1075.0,,,,,,,,,,,,,,,,,,,,,0.0,,0.0,0.0,0.0,0.0,0.0,0.0,0.0,16.0,0.0,2.41,0.55,False,False,False,,False,False,False,False,False,False,False,True,False,,,,,,,,,,,,,,,,,,,,,,,,,,,,,,,,,,,,,,,,
012447862103_dsl,Gurgaon,108.0,ZYOTB0900020,NOKIA,44F53E70E6E0,Haryana,0.0,0.0,0.0,0.0,100.0,0.26,,,0.0,,0.0,0.0,0.0,0.0,,0.0,0.0,0.0,AOT5222ZY,,,,,False,False,False,False,,False,False,False,False,,False,4852.0,0.0,4852.0,62373888.0,62373888.0,23763598336.0,1213.0,1213.0,,1213.0,1213.0,0.0,1213.0,,,,,,,,,,,,,,,,,,,,,,,,,,,,,,,,,,,,,,,,,,,,,,,,,,,,,,,,,,,,,,,,,,,,,,,,,,,,,,,,,,,,,,,,,,,,,,,,,,,,,,,,,,,,1213.0,0.0,1213.0,0.0,4852.0,4852.0,1213.0,,1213.0,,,,,,,1213.0,,,,,,,,,,,,,,,,,,,,,0.0,,0.0,0.0,0.0,0.0,0.0,0.0,0.0,,0.0,0.0,0.0,,,False,,False,False,False,False,False,False,False,,False,,,,,,,,,,,,,,,,,,,,,,,,,,,,,,,,,,,,,,,,
012445118300_dsl,Gurgaon,108.0,NKOT0F01D2BA,NOKIA,86513241D816,Haryana,,,,1.4,98.6,0.24,False,False,0.0,5.0,0.0,0.0,0.0,0.0,0.0,0.0,0.03,0.01,AOT4221NK,Mac,,Apple,Computer,,,,False,False,False,False,False,False,False,False,,,,42934272.0,42934272.0,17752876032.0,130.0,130.0,1.0,129.0,130.0,1.0,129.0,,,,,,,,,,,,,,,,,,,,,,,,,,,,,,,,,,,,,,,,,,,,,,,,,,,,,,,,,,,,,,,,,,,,,,,,,,,,,,,,,,,,,,,,,,,,,,,,,,,,,,,,,,,,130.0,1.0,129.0,,,,130.0,1.0,129.0,,,,,,,130.0,,,,,,,,,,,,,,,,,,,,,0.0,0.0,0.0,,,,0.0,0.0,0.0,5.0,0.0,0.03,0.01,False,False,False,False,False,,,,False,False,False,False,False,,,,,,,,,,,,,,,,,,,,,,,,,,,,,,,,,,,,,,,,
012421019184_wifi,Gurgaon,108.0,ZYOTB0900058,NOKIA,1EDE527EAD4E,Haryana,21.47,0.0,21.47,0.0,100.0,15.87,,,0.0,,0.0,0.0,0.0,21.47,,21.47,0.96,0.18,AOT5222ZY,,,,,False,False,False,False,,False,False,False,False,,False,326.0,0.0,326.0,4845536256.0,4845536256.0,30541805568.0,326.0,326.0,,326.0,326.0,0.0,326.0,,,,,,,,,,,,,,,,,,,,,,,,,,,,,,,,,,,,,,,,,,,,,,,,,,,,,,,,,,,,,,,,,,,,,,,,,,,,,,,,,,,,,,,,,,,,,,,,,,,,,,,,,,,,326.0,0.0,326.0,0.0,326.0,326.0,326.0,,326.0,,,,,,,326.0,,,,,,,,,,,,,,,,,,,,,21.47,,21.47,21.47,0.0,21.47,0.0,0.0,0.0,,0.0,0.96,0.18,,,False,,False,False,False,False,False,False,False,,False,,,,,,,,,,,,,,,,,,,,,,,,,,,,,,,,,,,,,,,,
012447957675_dsl,Gurgaon,108.0,ZYOT5E069474,NOKIA,10BD3A741302,Haryana,0.0,0.0,0.0,0.0,100.0,18.8,,,0.0,,33.87,0.0,33.87,0.0,,0.0,1.3,1.41,,,,,,False,False,False,False,,False,False,False,False,,False,1500.0,0.0,1500.0,11945117696.0,11945117696.0,63541187584.0,375.0,375.0,,375.0,375.0,0.0,375.0,,,,,,,,,,,,,,,,,,,,,,,,,,,,,,,,,,,,,,,,,,,,,,,,,,,,,,,,,,,,,,,,,,,,,,,,,,,,,,,,,,,,,,,,,,,,,,,,,,,,,,,,,,,,375.0,0.0,375.0,0.0,1500.0,1500.0,375.0,,375.0,,,,,,,375.0,,,,,,,,,,,,,,,,,,,,,0.0,,0.0,0.0,0.0,0.0,33.87,0.0,33.87,,0.0,1.3,1.41,,,False,,False,False,False,False,False,False,False,,False,,,,,,,,,,,,,,,,,,,,,,,,,,,,,,,,,,,,,,,,
01246472327_dsl,Gurgaon,108.0,NKOTA0000592,NOKIA,2246CDEDC745,Haryana,,,,0.0,100.0,80.18,False,False,0.0,63.0,0.0,0.0,0.0,0.0,,0.0,3.61,2.06,AOT4221NK,iPhone,PHONE,Apple,iPhone,,,,False,True,False,False,False,False,,False,,,,6787197952.0,6787197952.0,8465061888.0,194.0,194.0,,194.0,194.0,0.0,194.0,,,,,,,,,,,,,,,,,,,,,,,,,,,,,,,,,,,,,,,,,,,,,,,,,,,,,,,,,,,,,,,,,,,,,,,,,,,,,,,,,,,,,,,,,,,,,,,,,,,,,,,,,,,,194.0,0.0,194.0,,,,194.0,,194.0,,,,,,,194.0,,,,,,,,,,,,,,,,,,,,,0.0,,0.0,,,,0.0,0.0,0.0,63.0,0.0,3.61,2.06,False,False,False,,False,,,,False,False,False,True,False,,,,,,,,,,,,,,,,,,,,,,,,,,,,,,,,,,,,,,,,
012444903348_dsl,Gurgaon,108.0,NKOT0F01CE7E,NOKIA,444201C1B177,Haryana,,,,0.0,100.0,0.78,,,0.0,2.0,0.0,0.0,0.0,0.0,,0.0,0.39,0.07,AOT4221NK,Unknown_44:42:01:c1:b1:77,OTHER,Amazon,,,,,False,False,False,False,False,False,,False,,,,1220589568.0,1220589568.0,155667374939.0,1213.0,1213.0,,1213.0,1213.0,0.0,1213.0,,,,,,,,,,,,,,,,,,,,,,,,,,,,,,,,,,,,,,,,,,,,,,,,,,,,,,,,,,,,,,,,,,,,,,,,,,,,,,,,,,,,,,,,,,,,,,,,,,,,,,,,,,,,1213.0,0.0,1213.0,,,,1213.0,,1213.0,,,,,,,1213.0,,,,,,,,,,,,,,,,,,,,,0.0,,0.0,,,,0.0,0.0,0.0,2.0,0.0,0.39,0.07,,,False,,False,,,,False,False,False,False,False,,,,,,,,,,,,,,,,,,,,,,,,,,,,,,,,,,,,,,,,
012436398608_dsl,Gurgaon,108.0,NKOTDF0001E7,NOKIA,8E44C4BECA46,Haryana,0.0,0.0,0.0,0.0,100.0,0.04,False,False,0.0,4.0,0.0,0.0,0.0,0.0,,0.0,0.25,0.06,AAP321NK,,,,,False,False,False,False,False,False,False,False,False,,False,64.0,0.0,64.0,17768448.0,17768448.0,45057405952.0,16.0,16.0,,16.0,16.0,0.0,16.0,,,,,,,,,,,,,,,,,,,,,,,,,,,,,,,,,,,,,,,,,,,,,,,,,,,,,,,,,,,,,,,,,,,,,,,,,,,,,,,,,,,,,,,,,,,,,,,,,,,,,,,,,,,,16.0,0.0,16.0,0.0,64.0,64.0,16.0,,16.0,,,,,,,16.0,,,,,,,,,,,,,,,,,,,,,0.0,,0.0,0.0,0.0,0.0,0.0,0.0,0.0,4.0,0.0,0.25,0.06,False,False,False,,False,False,False,False,False,False,False,False,False,,,,,,,,,,,,,,,,,,,,,,,,,,,,,,,,,,,,,,,,
012444903348_dsl,Gurgaon,108.0,NKOT0F01CE7E,NOKIA,32655446EDD7,Haryana,2.61,2.61,0.0,26.59,73.41,9.47,False,False,0.0,68.0,3.9,8.14,0.0,4.06,8.47,0.0,3.69,0.41,AOT4221NK,Galaxy-S25-Ultra,,,,False,False,False,False,True,False,False,False,False,False,False,1228.0,1228.0,0.0,14745170191.0,14745170191.0,155667374939.0,641.0,641.0,307.0,334.0,641.0,307.0,334.0,,,,,,,,,,,,,,,,,,,,,,,,,,,,,,,,,,,,,,,,,,,,,,,,,,,,,,,,,,,,,,,,,,,,,,,,,,,,,,,,,,,,,,,,,,,,,,,,,,,,,,,,,,,,641.0,307.0,334.0,1228.0,0.0,1228.0,641.0,307.0,334.0,,,,,,,641.0,,,,,,,,,,,,,,,,,,,,,4.06,8.47,0.0,2.61,2.61,0.0,3.9,8.14,0.0,68.0,0.0,3.69,0.41,False,False,False,False,False,False,False,False,False,False,False,True,False,,,,,,,,,,,,,,,,,,,,,,,,,,,,,,,,,,,,,,,,
01246232448_dsl,Gurgaon,108.0,NKOT2F045EF1,NOKIA,A27865E1F633,Haryana,,,,100.0,0.0,0.4,False,False,0.0,6.0,2.18,2.18,0.0,0.0,0.0,,0.51,0.06,AOT4221NK,,,,,,,,False,True,False,False,False,False,False,,,,,357971838.0,357971838.0,88802963107.0,827.0,827.0,827.0,,827.0,827.0,0.0,,,,,,,,,,,,,,,,,,,,,,,,,,,,,,,,,,,,,,,,,,,,,,,,,,,,,,,,,,,,,,,,,,,,,,,,,,,,,,,,,,,,,,,,,,,,,,,,,,,,,,,,,,,,827.0,827.0,0.0,,,,827.0,827.0,,,,,,,,827.0,,,,,,,,,,,,,,,,,,,,,0.0,0.0,,,,,2.18,2.18,0.0,6.0,0.0,0.51,0.06,False,False,False,False,,,,,False,False,False,True,False,,,,,,,,,,,,,,,,,,,,,,,,,,,,,,,,,,,,,,,,
01244054723_dsl,Gurgaon,108.0,NKOT0F0226EE,NOKIA,866D51236BCF,Haryana,0.0,0.0,0.0,1.67,98.33,20.09,False,False,0.0,58.0,0.0,0.0,0.0,0.0,0.0,0.0,309.3,8.82,AAP321NK,iPhone,,,,False,False,False,False,True,False,False,False,False,False,False,3492.0,0.0,3492.0,10015966208.0,10015966208.0,49855821824.0,875.0,875.0,2.0,873.0,875.0,2.0,873.0,,,,,,,,,,,,,,,,,,,,,,,,,,,,,,,,,,,,,,,,,,,,,,,,,,,,,,,,,,,,,,,,,,,,,,,,,,,,,,,,,,,,,,,,,,,,,,,,,,,,,,,,,,,,875.0,2.0,873.0,0.0,3492.0,3492.0,875.0,2.0,873.0,,,,,,,875.0,,,,,,,,,,,,,,,,,,,,,0.0,0.0,0.0,0.0,0.0,0.0,0.0,0.0,0.0,58.0,0.0,309.3,8.82,False,False,False,False,False,False,False,False,False,False,False,True,False,,,,,,,,,,,,,,,,,,,,,,,,,,,,,,,,,,,,,,,,
012447957675_dsl,Gurgaon,108.0,ZYOT5E069474,NOKIA,8AA6D718D519,Haryana,0.0,0.0,0.0,0.0,100.0,0.87,False,False,0.0,1.0,44.68,0.0,44.68,0.0,,0.0,0.06,0.02,,,,,,False,False,False,False,False,False,False,False,False,,False,4808.0,0.0,4808.0,553451520.0,553451520.0,63541187584.0,1202.0,1202.0,,1202.0,1202.0,0.0,1202.0,,,,,,,,,,,,,,,,,,,,,,,,,,,,,,,,,,,,,,,,,,,,,,,,,,,,,,,,,,,,,,,,,,,,,,,,,,,,,,,,,,,,,,,,,,,,,,,,,,,,,,,,,,,,1202.0,0.0,1202.0,0.0,4808.0,4808.0,1202.0,,1202.0,,,,,,,1202.0,,,,,,,,,,,,,,,,,,,,,0.0,,0.0,0.0,0.0,0.0,44.68,0.0,44.68,1.0,0.0,0.06,0.02,False,False,False,,False,False,False,False,False,False,False,False,False,,,,,,,,,,,,,,,,,,,,,,,,,,,,,,,,,,,,,,,,
012436398608_dsl,Gurgaon,108.0,NKOTDF0001E7,NOKIA,0EED7B0E8241,Haryana,0.0,0.0,0.0,28.79,71.21,11.87,False,False,0.0,28.0,7.45,11.11,7.02,0.52,4.94,0.0,1.29,0.32,AAP321NK,OnePlus-15R,PHONE,OnePlus,15R,False,False,False,False,True,False,False,False,False,False,False,2736.0,0.0,2736.0,5348843520.0,5348843520.0,45057405952.0,765.0,765.0,81.0,684.0,765.0,81.0,684.0,,,,,,,,,,,,,,,,,,,,,,,,,,,,,,,,,,,,,,,,,,,,,,,,,,,,,,,,,,,,,,,,,,,,,,,,,,,,,,,,,,,,,,,,,,,,,,,,,,,,,,,,,,,,765.0,81.0,684.0,0.0,2736.0,2736.0,765.0,81.0,684.0,,,,,,,765.0,,,,,,,,,,,,,,,,,,,,,0.52,4.94,0.0,0.0,0.0,0.0,7.45,11.11,7.02,28.0,0.0,1.29,0.32,False,False,False,False,False,False,False,False,False,False,False,True,False,,,,,,,,,,,,,,,,,,,,,,,,,,,,,,,,,,,,,,,,
01244054723_dsl,Gurgaon,108.0,NKOT0F0226EE,NOKIA,4CF5DCF7CBCA,Haryana,,,,100.0,0.0,4.15,False,False,0.0,3.0,90.6,90.6,0.0,0.0,0.0,,0.01,0.23,AAP321NK,846606451,,,,,,,False,False,True,True,False,False,False,,,,,2067082240.0,2067082240.0,49855821824.0,1287.0,1287.0,1287.0,,1287.0,1287.0,0.0,,,,,,,,,,,,,,,,,,,,,,,,,,,,,,,,,,,,,,,,,,,,,,,,,,,,,,,,,,,,,,,,,,,,,,,,,,,,,,,,,,,,,,,,,,,,,,,,,,,,,,,,,,,,1287.0,1287.0,0.0,,,,1287.0,1287.0,,,,,,,,1287.0,,,,,,,,,,,,,,,,,,,,,0.0,0.0,,,,,90.6,90.6,0.0,3.0,0.0,0.01,0.23,False,False,False,False,,,,,True,True,False,False,False,,,,,,,,,,,,,,,,,,,,,,,,,,,,,,,,,,,,,,,,
012444903348_dsl,Gurgaon,108.0,NKOT0F01CE7E,NOKIA,B2C8CF9ECE29,Haryana,12.42,12.42,0.0,88.91,11.09,0.61,False,False,0.0,50.0,0.5,0.61,0.0,1.49,1.21,2.78,5.01,0.55,AOT4221NK,iPhone,,,,False,False,False,False,True,False,False,False,False,False,False,660.0,660.0,0.0,946244538.0,946244538.0,155667374939.0,201.0,201.0,165.0,36.0,201.0,165.0,36.0,,,,,,,,,,,,,,,,,,,,,,,,,,,,,,,,,,,,,,,,,,,,,,,,,,,,,,,,,,,,,,,,,,,,,,,,,,,,,,,,,,,,,,,,,,,,,,,,,,,,,,,,,,,,201.0,165.0,36.0,660.0,0.0,660.0,201.0,165.0,36.0,,,,,,,201.0,,,,,,,,,,,,,,,,,,,,,1.49,1.21,2.78,12.42,12.42,0.0,0.5,0.61,0.0,50.0,0.0,5.01,0.55,False,False,False,False,False,False,False,False,False,False,False,True,False,,,,,,,,,,,,,,,,,,,,,,,,,,,,,,,,,,,,,,,,
01244054723_dsl,Gurgaon,108.0,NKOT0F0226EE,NOKIA,E8C7CFB663D4,Haryana,0.0,0.0,0.0,0.0,100.0,0.01,False,False,0.0,3.0,25.76,0.0,25.76,0.0,,0.0,1.55,0.11,AAP321NK,,,,,False,False,False,False,False,False,False,False,False,,False,264.0,0.0,264.0,3131392.0,3131392.0,49855821824.0,66.0,66.0,,66.0,66.0,0.0,66.0,,,,,,,,,,,,,,,,,,,,,,,,,,,,,,,,,,,,,,,,,,,,,,,,,,,,,,,,,,,,,,,,,,,,,,,,,,,,,,,,,,,,,,,,,,,,,,,,,,,,,,,,,,,,66.0,0.0,66.0,0.0,264.0,264.0,66.0,,66.0,,,,,,,66.0,,,,,,,,,,,,,,,,,,,,,0.0,,0.0,0.0,0.0,0.0,25.76,0.0,25.76,3.0,0.0,1.55,0.11,False,False,False,,False,False,False,False,False,False,False,False,False,,,,,,,,,,,,,,,,,,,,,,,,,,,,,,,,,,,,,,,,
01244054723_dsl,Gurgaon,108.0,NKOT0F0226EE,NOKIA,7243CCCDA6CE,Haryana,0.0,0.0,0.0,0.0,100.0,0.27,,,0.0,,0.0,0.0,0.0,0.0,,0.0,0.01,0.0,AAP321NK,,,,,False,False,False,False,,False,False,False,False,,False,5296.0,0.0,5296.0,134459392.0,134459392.0,49855821824.0,1324.0,1324.0,,1324.0,1324.0,0.0,1324.0,,,,,,,,,,,,,,,,,,,,,,,,,,,,,,,,,,,,,,,,,,,,,,,,,,,,,,,,,,,,,,,,,,,,,,,,,,,,,,,,,,,,,,,,,,,,,,,,,,,,,,,,,,,,1324.0,0.0,1324.0,0.0,5296.0,5296.0,1324.0,,1324.0,,,,,,,1324.0,,,,,,,,,,,,,,,,,,,,,0.0,,0.0,0.0,0.0,0.0,0.0,0.0,0.0,,0.0,0.01,0.0,,,False,,False,False,False,False,False,False,False,,False,,,,,,,,,,,,,,,,,,,,,,,,,,,,,,,,,,,,,,,,
012447862103_dsl,Gurgaon,108.0,ZYOTB0900020,NOKIA,8E41F778AE60,Haryana,0.0,0.0,0.0,0.0,100.0,13.32,,,0.0,,0.0,0.0,0.0,0.0,,0.0,2.32,0.08,AOT5222ZY,,,,,False,False,False,False,,False,False,False,False,,False,3764.0,0.0,3764.0,3165985792.0,3165985792.0,23763598336.0,941.0,941.0,,941.0,941.0,0.0,941.0,,,,,,,,,,,,,,,,,,,,,,,,,,,,,,,,,,,,,,,,,,,,,,,,,,,,,,,,,,,,,,,,,,,,,,,,,,,,,,,,,,,,,,,,,,,,,,,,,,,,,,,,,,,,941.0,0.0,941.0,0.0,3764.0,3764.0,941.0,,941.0,,,,,,,941.0,,,,,,,,,,,,,,,,,,,,,0.0,,0.0,0.0,0.0,0.0,0.0,0.0,0.0,,0.0,2.32,0.08,,,False,,False,False,False,False,False,False,False,,False,,,,,,,,,,,,,,,,,,,,,,,,,,,,,,,,,,,,,,,,
012445118300_dsl,Gurgaon,108.0,NKOT0F01D2BA,NOKIA,BACE2A0CC19D,Haryana,,,,0.0,100.0,0.24,False,False,0.0,1.0,0.0,0.0,0.0,0.0,,0.0,0.01,0.01,AOT4221NK,Mac,PC,Apple,Computer,,,,False,False,False,False,False,False,,False,,,,42807296.0,42807296.0,17752876032.0,136.0,136.0,,136.0,136.0,0.0,136.0,,,,,,,,,,,,,,,,,,,,,,,,,,,,,,,,,,,,,,,,,,,,,,,,,,,,,,,,,,,,,,,,,,,,,,,,,,,,,,,,,,,,,,,,,,,,,,,,,,,,,,,,,,,,136.0,0.0,136.0,,,,136.0,,136.0,,,,,,,136.0,,,,,,,,,,,,,,,,,,,,,0.0,,0.0,,,,0.0,0.0,0.0,1.0,0.0,0.01,0.01,False,False,False,,False,,,,False,False,False,False,False,,,,,,,,,,,,,,,,,,,,,,,,,,,,,,,,,,,,,,,,
012447862103_dsl,Gurgaon,108.0,ZYOTB0900020,NOKIA,14B5CD43D30F,Haryana,0.0,0.0,0.0,0.0,100.0,43.23,,,0.0,,0.0,0.0,0.0,0.0,,0.0,1.21,0.13,AOT5222ZY,,,,,False,False,False,False,,False,False,False,False,,False,4596.0,0.0,4596.0,10274074624.0,10274074624.0,23763598336.0,1149.0,1149.0,,1149.0,1149.0,0.0,1149.0,,,,,,,,,,,,,,,,,,,,,,,,,,,,,,,,,,,,,,,,,,,,,,,,,,,,,,,,,,,,,,,,,,,,,,,,,,,,,,,,,,,,,,,,,,,,,,,,,,,,,,,,,,,,1149.0,0.0,1149.0,0.0,4596.0,4596.0,1149.0,,1149.0,,,,,,,1149.0,,,,,,,,,,,,,,,,,,,,,0.0,,0.0,0.0,0.0,0.0,0.0,0.0,0.0,,0.0,1.21,0.13,,,False,,False,False,False,False,False,False,False,,False,,,,,,,,,,,,,,,,,,,,,,,,,,,,,,,,,,,,,,,,
012445118300_dsl,Gurgaon,108.0,NKOT0F01D2BA,NOKIA,3CA6F6264B0F,Haryana,,,,0.0,100.0,1.73,False,False,0.0,4.0,0.0,0.0,0.0,0.0,,0.0,0.02,0.0,AOT4221NK,shivanis-Air,PC,Apple,Computer,,,,False,False,False,False,False,False,,False,,,,307154944.0,307154944.0,17752876032.0,689.0,689.0,,689.0,689.0,0.0,689.0,,,,,,,,,,,,,,,,,,,,,,,,,,,,,,,,,,,,,,,,,,,,,,,,,,,,,,,,,,,,,,,,,,,,,,,,,,,,,,,,,,,,,,,,,,,,,,,,,,,,,,,,,,,,689.0,0.0,689.0,,,,689.0,,689.0,,,,,,,689.0,,,,,,,,,,,,,,,,,,,,,0.0,,0.0,,,,0.0,0.0,0.0,4.0,0.0,0.02,0.0,False,False,False,,False,,,,False,False,False,False,False,,,,,,,,,,,,,,,,,,,,,,,,,,,,,,,,,,,,,,,,
012447957675_dsl,Gurgaon,108.0,ZYOT5E069474,NOKIA,F2CE1B18563F,Haryana,0.0,0.0,0.0,0.0,100.0,0.29,,,0.0,,0.0,0.0,0.0,0.0,,0.0,0.0,0.01,,,,,,False,False,False,False,,False,False,False,False,,False,5000.0,0.0,5000.0,184463360.0,184463360.0,63541187584.0,1250.0,1250.0,,1250.0,1250.0,0.0,1250.0,,,,,,,,,,,,,,,,,,,,,,,,,,,,,,,,,,,,,,,,,,,,,,,,,,,,,,,,,,,,,,,,,,,,,,,,,,,,,,,,,,,,,,,,,,,,,,,,,,,,,,,,,,,,1250.0,0.0,1250.0,0.0,5000.0,5000.0,1250.0,,1250.0,,,,,,,1250.0,,,,,,,,,,,,,,,,,,,,,0.0,,0.0,0.0,0.0,0.0,0.0,0.0,0.0,,0.0,0.0,0.01,,,False,,False,False,False,False,False,False,False,,False,,,,,,,,,,,,,,,,,,,,,,,,,,,,,,,,,,,,,,,,
01244081160_dsl,Gurgaon,108.0,NKOT0F01CE6F,NOKIA,6CB749E119FF,Haryana,,,,100.0,0.0,9.1,,,0.0,,100.0,100.0,0.0,0.0,0.0,,0.63,0.01,AOT4221NK,,,,,,,,False,,True,True,False,False,False,,,,,1256672256.0,1256672256.0,13802502144.0,636.0,636.0,636.0,,636.0,636.0,0.0,,,,,,,,,,,,,,,,,,,,,,,,,,,,,,,,,,,,,,,,,,,,,,,,,,,,,,,,,,,,,,,,,,,,,,,,,,,,,,,,,,,,,,,,,,,,,,,,,,,,,,,,,,,,636.0,636.0,0.0,,,,636.0,636.0,,,,,,,,636.0,,,,,,,,,,,,,,,,,,,,,0.0,0.0,,,,,100.0,100.0,0.0,,0.0,0.63,0.01,,,False,False,,,,,True,True,False,,False,,,,,,,,,,,,,,,,,,,,,,,,,,,,,,,,,,,,,,,,
012436398608_dsl,Gurgaon,108.0,NKOTDF0001E7,NOKIA,62D8084F50B0,Haryana,0.0,0.0,0.0,42.74,57.26,40.5,False,True,0.0,10.0,7.44,0.0,10.66,0.0,0.0,0.0,1.57,0.26,AAP321NK,OnePlus-Nord-CE4-Lite-5G,,,,False,False,False,False,True,False,False,False,False,False,False,2440.0,0.0,2440.0,18246581248.0,18246581248.0,45057405952.0,874.0,874.0,264.0,610.0,874.0,264.0,610.0,,,,,,,,,,,,,,,,,,,,,,,,,,,,,,,,,,,,,,,,,,,,,,,,,,,,,,,,,,,,,,,,,,,,,,,,,,,,,,,,,,,,,,,,,,,,,,,,,,,,,,,,,,,,874.0,264.0,610.0,0.0,2440.0,2440.0,874.0,264.0,610.0,,,,,,,874.0,,,,,,,,,,,,,,,,,,,,,0.0,0.0,0.0,0.0,0.0,0.0,7.44,0.0,10.66,10.0,0.0,1.57,0.26,False,True,False,False,False,False,False,False,False,False,False,True,False,,,,,,,,,,,,,,,,,,,,,,,,,,,,,,,,,,,,,,,,
01246232448_dsl,Gurgaon,108.0,NKOT2F045EF1,NOKIA,A091A2A13221,Haryana,,,,100.0,0.0,0.05,,,0.0,2.0,98.4,98.4,0.0,0.0,0.0,,0.0,0.0,AOT4221NK,Unknown_a0:91:a2:a1:32:21,,,,,,,False,False,True,True,False,False,False,,,,,44535808.0,44535808.0,88802963107.0,1003.0,1003.0,1003.0,,1003.0,1003.0,0.0,,,,,,,,,,,,,,,,,,,,,,,,,,,,,,,,,,,,,,,,,,,,,,,,,,,,,,,,,,,,,,,,,,,,,,,,,,,,,,,,,,,,,,,,,,,,,,,,,,,,,,,,,,,,1003.0,1003.0,0.0,,,,1003.0,1003.0,,,,,,,,1003.0,,,,,,,,,,,,,,,,,,,,,0.0,0.0,,,,,98.4,98.4,0.0,2.0,0.0,0.0,0.0,,,False,False,,,,,True,True,False,False,False,,,,,,,,,,,,,,,,,,,,,,,,,,,,,,,,,,,,,,,,
012444903348_dsl,Gurgaon,108.0,NKOT0F01CE7E,NOKIA,DC4BA104E8A6,Haryana,,,,0.0,100.0,56.87,,,0.0,2.0,71.81,0.0,71.81,0.0,,0.0,7.96,0.46,AOT4221NK,Unknown_dc:4b:a1:04:e8:a6,,,,,,,False,False,True,False,True,False,,False,,,,88523671552.0,88523671552.0,155667374939.0,1213.0,1213.0,,1213.0,1213.0,0.0,1213.0,,,,,,,,,,,,,,,,,,,,,,,,,,,,,,,,,,,,,,,,,,,,,,,,,,,,,,,,,,,,,,,,,,,,,,,,,,,,,,,,,,,,,,,,,,,,,,,,,,,,,,,,,,,,1213.0,0.0,1213.0,,,,1213.0,,1213.0,,,,,,,1213.0,,,,,,,,,,,,,,,,,,,,,0.0,,0.0,,,,71.81,0.0,71.81,2.0,0.0,7.96,0.46,,,False,,False,,,,True,False,True,False,False,,,,,,,,,,,,,,,,,,,,,,,,,,,,,,,,,,,,,,,,
012444801137_dsl,Gurgaon,108.0,NKOTDF000165,NOKIA,1673DCE86B6C,Haryana,0.0,0.0,0.0,0.0,100.0,7.47,False,True,0.0,9.0,0.19,0.0,0.19,0.19,,0.19,1.07,0.03,AAP321NK,Galaxy-A34-5G-Alka,,,,False,False,False,False,True,False,False,False,False,,False,2076.0,0.0,2076.0,4539672576.0,4539672576.0,60775251968.0,519.0,519.0,,519.0,519.0,0.0,519.0,,,,,,,,,,,,,,,,,,,,,,,,,,,,,,,,,,,,,,,,,,,,,,,,,,,,,,,,,,,,,,,,,,,,,,,,,,,,,,,,,,,,,,,,,,,,,,,,,,,,,,,,,,,,519.0,0.0,519.0,0.0,2076.0,2076.0,519.0,,519.0,,,,,,,519.0,,,,,,,,,,,,,,,,,,,,,0.19,,0.19,0.0,0.0,0.0,0.19,0.0,0.19,9.0,0.0,1.07,0.03,False,True,False,,False,False,False,False,False,False,False,True,False,,,,,,,,,,,,,,,,,,,,,,,,,,,,,,,,,,,,,,,,
012445118300_dsl,Gurgaon,108.0,NKOT0F01D2BA,NOKIA,2E57ED585A9A,Haryana,,,,0.0,100.0,1.44,False,False,0.0,60.0,0.0,0.0,0.0,0.0,,0.0,0.16,0.75,AOT4221NK,iPhone,,Apple,iPhone,,,,False,True,False,False,False,False,,False,,,,254984192.0,254984192.0,17752876032.0,34.0,34.0,,34.0,34.0,0.0,34.0,,,,,,,,,,,,,,,,,,,,,,,,,,,,,,,,,,,,,,,,,,,,,,,,,,,,,,,,,,,,,,,,,,,,,,,,,,,,,,,,,,,,,,,,,,,,,,,,,,,,,,,,,,,,34.0,0.0,34.0,,,,34.0,,34.0,,,,,,,34.0,,,,,,,,,,,,,,,,,,,,,0.0,,0.0,,,,0.0,0.0,0.0,60.0,0.0,0.16,0.75,False,False,False,,False,,,,False,False,False,True,False,,,,,,,,,,,,,,,,,,,,,,,,,,,,,,,,,,,,,,,,
01246232448_dsl,Gurgaon,108.0,NKOT2F045EF1,NOKIA,4AE5C3734822,Haryana,,,,0.0,100.0,2.45,False,False,0.0,0.0,0.0,0.0,0.0,0.0,,0.0,1.01,0.52,AOT4221NK,,,,,,,,False,False,False,False,False,False,,False,,,,2175935669.0,2175935669.0,88802963107.0,163.0,163.0,,163.0,163.0,0.0,163.0,,,,,,,,,,,,,,,,,,,,,,,,,,,,,,,,,,,,,,,,,,,,,,,,,,,,,,,,,,,,,,,,,,,,,,,,,,,,,,,,,,,,,,,,,,,,,,,,,,,,,,,,,,,,163.0,0.0,163.0,,,,163.0,,163.0,,,,,,,163.0,,,,,,,,,,,,,,,,,,,,,0.0,,0.0,,,,0.0,0.0,0.0,0.0,0.0,1.01,0.52,False,False,False,,False,,,,False,False,False,False,False,,,,,,,,,,,,,,,,,,,,,,,,,,,,,,,,,,,,,,,,
01246472327_dsl,Gurgaon,108.0,NKOTA0000592,NOKIA,,Haryana,,,,,,,,,,,,,,,,,,,AOT4221NK,,,,,,,,,,,,,,,,,,,,,,,,,,,,,01246472327_dsl,108.0,NKOTA0000592,NOKIA,,AOT4221NK,2.0,0.0,2.0,0.0,,0.0,,,,3.61,2.06,2.88,0.0,2.88,,,,110.0,0.0,0.0,0.0,0.0,0.0,0.0,0.0,0.0,0.0,0.0,0.0,0.0,0.0,0.0,0.0,0.0,,,,0.0,0.0,100.0,8465061888.0,,,,,,,,,,,,,,,,False,,False,,,,False,False,False,False,False,,,,True,False,False,False,False,False,False,False,False,False,False,,,,,False,False,False,False,,,,,,,,,,,,,313.0,0.0,313.0,,,,313.0,,313.0,,,,116.0,58.0,58.0,313.0,116.0,58.0,58.0,116.0,58.0,58.0,,,8465061888.0,,,,,,,,,,,2.0,0.0,,0.0,,,,2.88,0.0,2.88,110.0,0.0,3.61,2.06,0.0,0.0,False,,False,,,,False,False,False,True,False,,,,0.0,0.0,0.0,0.0,0.0,,,,100.0,8465061888.0,,,,,,,,,,,False,False,,,,False,False,False,,,,,False,False,False,,
012447957675_dsl,Gurgaon,108.0,ZYOT5E069474,NOKIA,,Haryana,,,,,,,,,,,,,,,,,,,,,,,,,,,,,,,,,,,,,,,,,,,,,,,,012447957675_dsl,108.0,ZYOT5E069474,NOKIA,6C4F8905E11B,,10.0,3.0,10.0,0.74,0.0,0.75,0.0,0.69,0.73,16384.0,1320.8,18.3,100.0,16.73,91.12,90.03,91.99,8.0,0.0,0.0,0.0,0.0,0.0,0.0,0.0,0.0,0.0,0.0,0.0,0.0,0.0,0.0,0.0,0.0,,,,0.0,0.0,99.77,63541187584.0,4.17,1.0,24.0,9.09,1.0,11.0,0.0,0.0,13.0,0.0,0.0,0.0,0.0,0.0,0.0,False,False,False,False,False,False,False,False,False,True,False,True,True,True,True,False,False,False,False,False,False,False,False,False,False,,,,,False,False,False,False,False,False,False,False,False,False,96.77,58.06,False,0.0,False,True,6792.0,128.0,6664.0,0.0,26656.0,22016.0,6792.0,128.0,6664.0,698.0,311.0,387.0,415.0,166.0,249.0,6792.0,404.0,166.0,238.0,415.0,166.0,249.0,,,63541187584.0,24.0,11.0,13.0,62.0,31.0,31.0,24.0,11.0,13.0,6C4F8905E11B,10.0,0.74,0.0,0.75,0.73,0.0,0.69,18.3,100.0,16.73,8.0,0.0,16384.0,1320.8,0.0,0.0,False,False,False,False,False,False,False,True,False,True,False,91.12,90.03,91.99,0.0,0.0,0.0,0.0,0.0,,,,99.77,63541187584.0,4.17,1.0,24.0,9.09,1.0,11.0,0.0,0.0,13.0,96.77,False,False,True,True,True,False,False,False,,,,,False,False,False,False,True
01244081160_dsl,Gurgaon,108.0,NKOT0F01CE6F,NOKIA,,Haryana,,,,,,,,,,,,,,,,,,,AOT4221NK,,,,,,,,,,,,,,,,,,,,,,,,,,,,,01244081160_dsl,108.0,NKOT0F01CE6F,NOKIA,2CC1F432FE41,AOT4221NK,9.0,2.0,7.0,0.0,0.0,0.0,0.0,0.0,0.0,22.55,22.34,13.23,50.0,0.0,6.58,19.23,0.0,70.0,0.0,0.0,0.0,0.0,0.0,0.0,0.0,0.0,0.0,0.0,0.0,0.0,0.0,0.0,0.0,0.0,,,,0.0,0.0,90.4,13802502144.0,2.63,1.0,38.0,7.69,1.0,13.0,0.0,0.0,25.0,0.0,0.0,0.0,0.0,0.0,0.0,False,False,False,False,False,False,False,False,False,False,False,False,False,False,True,False,False,False,False,False,False,False,False,False,False,,,,,False,False,False,False,False,False,False,False,False,False,50.0,0.0,False,0.0,False,False,4808.0,1272.0,3536.0,0.0,7072.0,7072.0,4808.0,1272.0,3536.0,76.0,26.0,50.0,228.0,57.0,171.0,4808.0,228.0,57.0,171.0,228.0,57.0,171.0,,,13802502144.0,38.0,13.0,25.0,4.0,2.0,2.0,38.0,13.0,25.0,2CC1F432FE41,9.0,0.0,0.0,0.0,0.0,0.0,0.0,13.23,50.0,0.0,70.0,0.0,22.55,22.34,0.0,0.0,False,False,False,False,False,False,False,False,False,True,False,6.58,19.23,0.0,0.0,0.0,0.0,0.0,0.0,,,,90.4,13802502144.0,2.63,1.0,38.0,7.69,1.0,13.0,0.0,0.0,25.0,50.0,False,False,False,False,False,False,False,False,,,,,False,False,False,False,False
01244054723_dsl,Gurgaon,108.0,NKOT0F0226EE,NOKIA,,Haryana,,,,,,,,,,,,,,,,,,,AAP321NK,,,,,,,,,,,,,,,,,,,,,,,,,,,,,01244054723_dsl,108.0,NKOT0F0226EE,NOKIA,2CC1F46D39D1,AAP321NK,12.0,6.0,11.0,3.86,1.43,4.73,0.0,2.6,0.0,309.3,8.82,20.82,76.12,0.93,0.42,1.25,0.0,142.0,0.0,0.0,0.0,0.0,0.0,0.0,0.0,0.0,0.0,0.0,0.0,0.0,0.0,0.0,0.0,0.0,,,,1.0,0.0,95.1,49855821824.0,0.0,0.0,38.0,0.0,0.0,13.0,0.0,0.0,25.0,0.0,0.0,0.0,0.0,0.0,0.0,False,False,False,False,False,False,False,False,False,True,False,False,False,False,True,False,False,False,False,False,False,False,False,False,False,,,,,False,False,False,False,False,False,False,False,False,False,50.0,0.0,False,0.0,False,False,7157.0,1893.0,5264.0,0.0,21056.0,2416.0,7157.0,1893.0,5264.0,1199.0,399.0,800.0,506.0,169.0,337.0,7157.0,504.0,169.0,335.0,506.0,169.0,337.0,,,49855821824.0,38.0,13.0,25.0,64.0,32.0,32.0,38.0,13.0,25.0,2CC1F46D39D1,12.0,3.86,1.43,4.73,0.0,0.0,2.6,20.82,76.12,0.93,142.0,0.0,309.3,8.82,1.0,0.0,False,False,False,False,False,False,False,True,False,True,False,0.42,1.25,0.0,0.0,0.0,0.0,0.0,0.0,,,,95.1,49855821824.0,0.0,0.0,38.0,0.0,0.0,13.0,0.0,0.0,25.0,50.0,False,False,False,False,False,False,False,False,,,,,False,False,False,False,False
012444903348_dsl,Gurgaon,108.0,NKOT0F01CE7E,NOKIA,,Haryana,,,,,,,,,,,,,,,,,,,AOT4221NK,,,,,,,,,,,,,,,,,,,,,,,,,,,,,012444903348_dsl,108.0,NKOT0F01CE7E,NOKIA,609849C8E401,AOT4221NK,13.0,5.0,12.0,1.77,16.44,0.01,8.79,0.0,8.13,16.61,0.55,14.95,46.74,11.14,1.5,4.38,0.0,271.0,0.0,0.0,0.0,0.0,0.0,0.0,0.0,0.0,0.0,0.0,0.0,0.0,0.0,0.0,0.0,0.0,,2.0,0.0,0.0,1.0,95.03,155667374939.0,0.0,0.0,38.0,0.0,0.0,13.0,0.0,0.0,25.0,0.0,0.0,0.0,0.0,0.0,0.0,False,False,False,False,False,False,False,True,False,False,False,False,False,False,True,False,False,False,False,False,False,False,False,False,False,,,True,False,False,False,False,False,False,False,False,False,False,False,51.14,0.0,False,0.0,False,True,9035.0,967.0,8068.0,3868.0,0.0,3788.0,9035.0,967.0,8068.0,1670.0,571.0,1099.0,820.0,246.0,574.0,9035.0,798.0,238.0,560.0,817.0,245.0,572.0,,,155667374939.0,38.0,13.0,25.0,88.0,44.0,44.0,38.0,13.0,25.0,609849C8E401,13.0,1.77,16.44,0.01,8.13,8.79,0.0,14.95,46.74,11.14,271.0,0.0,16.61,0.55,0.0,1.0,False,False,False,False,False,False,False,False,False,True,False,1.5,4.38,0.0,0.0,0.0,0.0,0.0,0.0,,2.0,0.0,95.03,155667374939.0,0.0,0.0,38.0,0.0,0.0,13.0,0.0,0.0,25.0,51.14,False,True,False,False,False,False,False,False,,,True,False,False,False,False,False,True
012444801137_dsl,Gurgaon,108.0,NKOTDF000165,NOKIA,,Haryana,,,,,,,,,,,,,,,,,,,AOT4221NK,,,,,,,,,,,,,,,,,,,,,,,,,,,,,012444801137_dsl,108.0,NKOTDF000165,NOKIA,503D7FDFEC00,AOT4221NK,13.0,7.0,9.0,0.02,0.03,0.02,0.0,0.0,0.0,2.73,2.03,31.7,79.87,3.13,1.73,5.07,0.0,58.0,0.0,0.0,0.0,0.0,0.0,0.0,0.0,0.0,0.0,0.0,0.0,0.0,0.0,0.0,0.0,0.0,,1.0,0.0,0.0,0.0,94.65,60775251968.0,2.63,1.0,38.0,7.69,1.0,13.0,0.0,0.0,25.0,0.0,0.0,0.0,0.0,0.0,0.0,False,False,False,False,False,False,False,False,False,True,False,False,False,False,True,False,False,False,False,False,False,False,False,False,False,,,True,False,False,False,False,False,False,False,False,False,False,False,52.27,25.0,False,0.0,False,True,9874.0,3676.0,6198.0,0.0,24792.0,5372.0,9874.0,3676.0,6198.0,1672.0,572.0,1100.0,808.0,242.0,566.0,9874.0,782.0,242.0,540.0,807.0,242.0,565.0,,,60775251968.0,38.0,13.0,25.0,88.0,44.0,44.0,38.0,13.0,25.0,503D7FDFEC00,13.0,0.02,0.03,0.02,0.0,0.0,0.0,31.7,79.87,3.13,58.0,0.0,2.73,2.03,0.0,0.0,False,False,False,False,False,False,False,True,False,True,False,1.73,5.07,0.0,0.0,0.0,0.0,0.0,0.0,,1.0,0.0,94.65,60775251968.0,2.63,1.0,38.0,7.69,1.0,13.0,0.0,0.0,25.0,52.27,False,False,False,False,False,False,False,False,,,True,False,False,False,False,False,True
01244203817_dsl,Gurgaon,108.0,ZYOT2E000479,NOKIA,,Haryana,,,,,,,,,,,,,,,,,,,AAP321NK,,,,,,,,,,,,,,,,,,,,,,,,,,,,,01244203817_dsl,108.0,ZYOT2E000479,NOKIA,5807F84FAB41,AAP321NK,2.0,1.0,1.0,0.0,0.0,0.0,0.0,0.0,0.0,0.01,0.01,0.0,0.0,0.0,0.0,0.0,0.0,447.0,0.0,0.0,0.0,0.0,0.0,0.0,0.0,0.0,0.0,0.0,0.0,0.0,0.0,0.0,0.0,0.0,,11.0,0.0,0.0,0.0,99.83,36578304.0,0.0,0.0,38.0,0.0,0.0,13.0,0.0,0.0,25.0,0.0,0.0,0.0,0.0,0.0,0.0,False,False,False,False,False,False,True,True,False,False,False,False,False,False,True,False,False,False,False,False,False,False,False,False,False,,,True,False,False,False,False,False,False,False,False,False,False,False,50.0,0.0,False,0.0,False,False,117.0,1.0,116.0,0.0,348.0,348.0,117.0,1.0,116.0,114.0,39.0,75.0,256.0,64.0,192.0,117.0,255.0,64.0,191.0,256.0,64.0,192.0,,,36578304.0,38.0,13.0,25.0,6.0,3.0,3.0,38.0,13.0,25.0,5807F84FAB41,2.0,0.0,0.0,0.0,0.0,0.0,0.0,0.0,0.0,0.0,447.0,0.0,0.01,0.01,0.0,0.0,False,False,False,False,False,False,False,False,False,True,False,0.0,0.0,0.0,0.0,0.0,0.0,0.0,0.0,,11.0,0.0,99.83,36578304.0,0.0,0.0,38.0,0.0,0.0,13.0,0.0,0.0,25.0,50.0,True,True,False,False,False,False,False,False,,,True,False,False,False,False,False,False
01246232448_dsl,Gurgaon,108.0,NKOT2F045EF1,NOKIA,,Haryana,,,,,,,,,,,,,,,,,,,AAP321NK,,,,,,,,,,,,,,,,,,,,,,,,,,,,,01246232448_dsl,108.0,NKOT2F045EF1,NOKIA,BC515F6E0433,AAP321NK,11.0,2.0,9.0,0.0,0.0,0.0,0.0,0.0,0.0,8.61,3.3,14.57,54.92,0.27,6.67,19.26,0.0,65.0,0.0,0.0,0.0,0.0,0.0,0.0,0.0,0.0,0.0,0.0,0.0,0.0,0.0,0.0,0.0,0.0,,1.0,0.0,0.0,0.0,99.55,88802963107.0,13.16,5.0,38.0,38.46,5.0,13.0,0.0,0.0,25.0,0.0,0.0,0.0,0.0,0.0,0.0,False,False,False,False,False,False,False,False,False,False,False,False,False,False,True,False,False,False,False,False,False,False,False,False,False,,,True,False,False,False,False,False,False,False,False,False,False,False,81.4,62.79,True,0.0,False,True,6996.0,1830.0,5166.0,0.0,996.0,996.0,6996.0,1830.0,5166.0,1094.0,379.0,715.0,796.0,238.0,558.0,6996.0,784.0,238.0,546.0,793.0,238.0,555.0,,,88802963107.0,38.0,13.0,25.0,86.0,43.0,43.0,38.0,13.0,25.0,BC515F6E0433,11.0,0.0,0.0,0.0,0.0,0.0,0.0,14.57,54.92,0.27,65.0,0.0,8.61,3.3,0.0,0.0,False,False,False,False,False,False,False,False,False,True,False,6.67,19.26,0.0,0.0,0.0,0.0,0.0,0.0,,1.0,0.0,99.55,88802963107.0,13.16,5.0,38.0,38.46,5.0,13.0,0.0,0.0,25.0,81.4,False,False,False,False,False,False,False,False,,,True,False,False,False,False,False,True
012436398608_dsl,Gurgaon,108.0,NKOTDF0001E7,NOKIA,,Haryana,,,,,,,,,,,,,,,,,,,AOT4221NK,,,,,,,,,,,,,,,,,,,,,,,,,,,,,012436398608_dsl,108.0,NKOTDF0001E7,NOKIA,503D7FDFF420,AOT4221NK,10.0,6.0,7.0,0.07,0.51,0.0,0.0,0.0,0.0,5.57,0.42,11.27,34.47,7.74,0.79,2.31,0.0,60.0,0.0,0.0,0.0,0.0,0.0,0.0,0.0,0.0,0.0,0.0,0.0,0.0,0.0,0.0,0.0,0.0,,,,0.0,0.0,63.67,45057405952.0,0.0,0.0,38.0,0.0,0.0,13.0,0.0,0.0,25.0,0.0,0.0,0.0,0.0,0.0,0.0,False,False,False,False,False,False,False,True,False,False,False,False,False,False,True,False,False,False,False,False,False,False,False,False,False,,,,,False,False,False,False,False,False,False,False,False,False,50.0,0.0,False,0.0,False,False,6000.0,792.0,5208.0,0.0,20832.0,15428.0,6000.0,792.0,5208.0,1140.0,390.0,750.0,498.0,166.0,332.0,6000.0,490.0,162.0,328.0,496.0,166.0,330.0,,,45057405952.0,38.0,13.0,25.0,60.0,30.0,30.0,38.0,13.0,25.0,503D7FDFF420,10.0,0.07,0.51,0.0,0.0,0.0,0.0,11.27,34.47,7.74,60.0,0.0,5.57,0.42,0.0,0.0,False,False,False,False,False,False,False,False,False,True,False,0.79,2.31,0.0,0.0,0.0,0.0,0.0,0.0,,,,63.67,45057405952.0,0.0,0.0,38.0,0.0,0.0,13.0,0.0,0.0,25.0,50.0,False,True,False,False,False,False,False,False,,,,,False,False,False,False,False
012445159575_dsl,Gurgaon,108.0,ZYOTFD000042,NOKIA,,Haryana,,,,,,,,,,,,,,,,,,,AOT5221ZY,,,,,,,,,,,,,,,,,,,,,,,,,,,,,012445159575_dsl,108.0,ZYOTFD000042,NOKIA,F80DA96AE5C8,AOT5221ZY,8.0,1.0,7.0,41.16,0.0,43.14,0.0,44.65,44.65,9.82,0.25,4.98,0.0,5.22,86.96,90.91,83.33,10.0,0.0,0.0,0.0,0.0,0.0,0.0,0.0,0.0,0.0,0.0,0.0,0.0,0.0,0.0,0.0,0.0,,,,0.0,0.0,100.0,71096538112.0,0.0,0.0,23.0,0.0,0.0,11.0,0.0,0.0,12.0,0.0,0.0,0.0,0.0,0.0,0.0,False,False,False,False,False,False,False,True,False,False,False,True,True,True,True,False,False,False,False,False,False,False,False,False,False,,,,,False,False,False,False,False,False,False,False,False,False,94.12,0.0,False,0.0,False,True,4796.0,220.0,4576.0,0.0,16360.0,16360.0,4796.0,220.0,4576.0,368.0,176.0,192.0,166.0,83.0,83.0,4796.0,141.0,83.0,58.0,166.0,83.0,83.0,,,71096538112.0,23.0,11.0,12.0,17.0,16.0,1.0,23.0,11.0,12.0,F80DA96AE5C8,8.0,41.16,0.0,43.14,44.65,0.0,44.65,4.98,0.0,5.22,10.0,0.0,9.82,0.25,0.0,0.0,False,False,False,False,False,False,False,False,False,True,False,86.96,90.91,83.33,0.0,0.0,0.0,0.0,0.0,,,,100.0,71096538112.0,0.0,0.0,23.0,0.0,0.0,11.0,0.0,0.0,12.0,94.12,False,True,True,True,True,False,False,False,,,,,False,False,False,False,True
012445118300_dsl,Gurgaon,108.0,NKOT0F01D2BA,NOKIA,,Haryana,,,,,,,,,,,,,,,,,,,AOT4221NK,,,,,,,,,,,,,,,,,,,,,,,,,,,,,012445118300_dsl,108.0,NKOT0F01D2BA,NOKIA,,AOT4221NK,13.0,4.0,11.0,0.0,0.0,0.0,,,,3.97,2.14,3.21,38.36,0.43,,,,116.0,0.0,0.0,0.0,0.0,0.0,0.0,0.0,0.0,0.0,0.0,0.0,0.0,0.0,0.0,0.0,0.0,,,,0.0,0.0,80.66,17752876032.0,,,,,,,,,,,,,,,,False,False,False,,,,False,False,False,False,False,,,,True,False,False,False,False,False,False,False,False,False,False,,,,,False,False,False,False,,,,,,,,,,,,,3990.0,292.0,3698.0,,,,3990.0,292.0,3698.0,,,,232.0,58.0,174.0,3990.0,232.0,58.0,174.0,232.0,58.0,174.0,,,17752876032.0,,,,,,,,,,,13.0,0.0,0.0,0.0,,,,3.21,38.36,0.43,116.0,0.0,3.97,2.14,0.0,0.0,False,False,False,,,,False,False,False,True,False,,,,0.0,0.0,0.0,0.0,0.0,,,,80.66,17752876032.0,,,,,,,,,,,False,False,,,,False,False,False,,,,,False,False,False,,
012447862103_dsl,Gurgaon,108.0,ZYOTB0900020,NOKIA,,Haryana,,,,,,,,,,,,,,,,,,,AOT5222ZY,,,,,,,,,,,,,,,,,,,,,,,,,,,,,012447862103_dsl,108.0,ZYOTB0900020,NOKIA,C02E5FAD7669,AOT5222ZY,8.0,2.0,7.0,2.5,0.0,2.54,0.0,2.54,2.54,2.32,0.2,0.44,2.94,0.41,78.26,90.91,66.67,0.0,0.0,0.0,0.0,0.0,0.0,0.0,0.0,0.0,0.0,0.0,0.0,0.0,0.0,0.0,0.0,0.0,,,,,,99.33,23763598336.0,0.0,0.0,23.0,0.0,0.0,11.0,0.0,0.0,12.0,0.0,0.0,0.0,0.0,0.0,0.0,False,False,False,False,False,False,False,True,False,False,False,True,True,True,False,False,False,False,False,False,False,False,False,False,False,,,,,,,False,False,False,False,False,False,False,False,53.13,0.0,False,0.0,False,True,4992.0,68.0,4924.0,0.0,19696.0,19696.0,4992.0,68.0,4924.0,368.0,176.0,192.0,164.0,82.0,82.0,4992.0,135.0,77.0,58.0,164.0,82.0,82.0,,,23763598336.0,23.0,11.0,12.0,32.0,16.0,16.0,23.0,11.0,12.0,C02E5FAD7669,8.0,2.5,0.0,2.54,2.54,0.0,2.54,0.44,2.94,0.41,0.0,0.0,2.32,0.2,,,False,False,False,False,False,False,False,False,False,False,False,78.26,90.91,66.67,0.0,0.0,0.0,0.0,0.0,,,,99.33,23763598336.0,0.0,0.0,23.0,0.0,0.0,11.0,0.0,0.0,12.0,53.13,False,True,True,True,True,False,False,False,,,,,,,False,False,True
012421019184_wifi,Gurgaon,108.0,ZYOTB0900058,NOKIA,,Haryana,,,,,,,,,,,,,,,,,,,AOT5222ZY,,,,,,,,,,,,,,,,,,,,,,,,,,,,,012421019184_wifi,108.0,ZYOTB0900058,NOKIA,C02E5FAD7799,AOT5222ZY,8.0,4.0,7.0,20.88,4.65,36.52,0.0,36.52,36.52,3.64,0.28,0.37,0.0,0.73,91.3,90.91,91.67,21.0,0.0,0.0,0.0,0.0,0.0,0.0,0.0,0.0,0.0,0.0,0.0,0.0,0.0,0.0,0.0,0.0,,,,2.0,0.0,74.03,30541805568.0,0.0,0.0,23.0,0.0,0.0,11.0,0.0,0.0,12.0,0.0,0.0,0.0,0.0,0.0,0.0,False,False,False,False,False,False,False,True,False,False,False,True,True,True,True,False,False,False,False,False,False,False,False,False,False,,,,,False,False,False,False,False,False,False,False,False,False,100.0,0.0,False,0.0,False,True,2673.0,1312.0,1361.0,0.0,1361.0,1361.0,2673.0,1312.0,1361.0,46.0,22.0,24.0,201.0,67.0,134.0,2673.0,185.0,60.0,125.0,201.0,67.0,134.0,,,30541805568.0,23.0,11.0,12.0,2.0,2.0,0.0,23.0,11.0,12.0,C02E5FAD7799,8.0,20.88,4.65,36.52,36.52,0.0,36.52,0.37,0.0,0.73,21.0,0.0,3.64,0.28,2.0,0.0,False,False,False,False,False,False,False,False,False,True,False,91.3,90.91,91.67,0.0,0.0,0.0,0.0,0.0,,,,74.03,30541805568.0,0.0,0.0,23.0,0.0,0.0,11.0,0.0,0.0,12.0,100.0,False,True,True,True,True,False,False,False,,,,,False,False,False,False,True
080101842220_kk,Bangalore,105.0,ZYOTEF108503,NOKIA,56B9786E39E1,Karnataka,0.67,0.0,0.67,0.0,100.0,1.53,,,0.0,,63.88,0.0,63.88,0.9,,0.9,0.13,0.0,AOT5221ZY,,,,,False,False,False,False,,True,False,True,False,,False,4020.0,0.0,4020.0,306596864.0,306596864.0,19983016960.0,1005.0,1005.0,,1005.0,1005.0,0.0,1005.0,,,,,,,,,,,,,,,,,,,,,,,,,,,,,,,,,,,,,,,,,,,,,,,,,,,,,,,,,,,,,,,,,,,,,,,,,,,,,,,,,,,,,,,,,,,,,,,,,,,,,,,,,,,,1005.0,0.0,1005.0,0.0,4020.0,4020.0,1005.0,,1005.0,,,,,,,1005.0,,,,,,,,,,,,,,,,,,,,,0.9,,0.9,0.67,0.0,0.67,63.88,0.0,63.88,,0.0,0.13,0.0,,,False,,False,False,False,False,True,False,True,,False,,,,,,,,,,,,,,,,,,,,,,,,,,,,,,,,,,,,,,,,
08021305959_wifi,Bangalore,105.0,ZYOTAF220521,NOKIA,4663C272B38F,Karnataka,0.0,0.0,0.0,0.0,100.0,41.4,,,0.0,,0.0,0.0,0.0,0.0,,0.0,8.24,0.35,AAP4221ZY,,,,,False,False,False,False,,False,False,False,False,,False,2410.0,0.0,2410.0,107071111168.0,107071111168.0,258618584064.0,1205.0,1205.0,,1205.0,1205.0,0.0,1205.0,,,,,,,,,,,,,,,,,,,,,,,,,,,,,,,,,,,,,,,,,,,,,,,,,,,,,,,,,,,,,,,,,,,,,,,,,,,,,,,,,,,,,,,,,,,,,,,,,,,,,,,,,,,,1205.0,0.0,1205.0,0.0,2410.0,2410.0,1205.0,,1205.0,,,,,,,1205.0,,,,,,,,,,,,,,,,,,,,,0.0,,0.0,0.0,0.0,0.0,0.0,0.0,0.0,,0.0,8.24,0.35,,,False,,False,False,False,False,False,False,False,,False,,,,,,,,,,,,,,,,,,,,,,,,,,,,,,,,,,,,,,,,
08024828161_wifi,Bangalore,105.0,ZYOTFF046132,NOKIA,2818FDAEBD35,Karnataka,,,,100.0,0.0,11.81,,,0.0,,100.0,100.0,0.0,0.0,0.0,,0.0,0.0,AOT5221ZY,,,,,,,,False,,True,True,False,False,False,,,,,24380416.0,24380416.0,206432256.0,1006.0,1006.0,1006.0,,1006.0,1006.0,0.0,,,,,,,,,,,,,,,,,,,,,,,,,,,,,,,,,,,,,,,,,,,,,,,,,,,,,,,,,,,,,,,,,,,,,,,,,,,,,,,,,,,,,,,,,,,,,,,,,,,,,,,,,,,,1006.0,1006.0,0.0,,,,1006.0,1006.0,,,,,,,,1006.0,,,,,,,,,,,,,,,,,,,,,0.0,0.0,,,,,100.0,100.0,0.0,,0.0,0.0,0.0,,,False,False,,,,,True,True,False,,False,,,,,,,,,,,,,,,,,,,,,,,,,,,,,,,,,,,,,,,,
080101842220_kk,Bangalore,105.0,ZYOTEF108503,NOKIA,96A208813FA5,Karnataka,75.0,0.0,75.0,99.9,0.1,0.04,,,0.0,,99.91,99.91,100.0,0.17,0.0,100.0,8.85,2.05,AOT5221ZY,,,,,True,False,True,False,,True,True,True,False,False,True,8.0,0.0,8.0,8349696.0,8349696.0,19983016960.0,1160.0,1160.0,1158.0,2.0,1160.0,1158.0,2.0,,,,,,,,,,,,,,,,,,,,,,,,,,,,,,,,,,,,,,,,,,,,,,,,,,,,,,,,,,,,,,,,,,,,,,,,,,,,,,,,,,,,,,,,,,,,,,,,,,,,,,,,,,,,1160.0,1158.0,2.0,0.0,8.0,8.0,1160.0,1158.0,2.0,,,,,,,1160.0,,,,,,,,,,,,,,,,,,,,,0.17,0.0,100.0,75.0,0.0,75.0,99.91,99.91,100.0,,0.0,8.85,2.05,,,False,False,True,True,False,True,True,True,True,,False,,,,,,,,,,,,,,,,,,,,,,,,,,,,,,,,,,,,,,,,
08021305959_wifi,Bangalore,105.0,ZYOTAF220521,NOKIA,3AB3E810E58B,Karnataka,6.85,6.88,0.0,6.81,93.19,5.89,,,0.0,,99.86,100.0,99.79,2.32,6.88,0.0,3.62,0.28,AAP4221ZY,,,,,False,False,False,False,,True,True,True,False,False,False,496.0,494.0,2.0,15238689792.0,15238689792.0,258618584064.0,733.0,733.0,247.0,486.0,733.0,247.0,486.0,,,,,,,,,,,,,,,,,,,,,,,,,,,,,,,,,,,,,,,,,,,,,,,,,,,,,,,,,,,,,,,,,,,,,,,,,,,,,,,,,,,,,,,,,,,,,,,,,,,,,,,,,,,,733.0,247.0,486.0,494.0,2.0,496.0,733.0,247.0,486.0,,,,,,,733.0,,,,,,,,,,,,,,,,,,,,,2.32,6.88,0.0,6.85,6.88,0.0,99.86,100.0,99.79,,0.0,3.62,0.28,,,False,False,False,False,False,False,True,True,True,,False,,,,,,,,,,,,,,,,,,,,,,,,,,,,,,,,,,,,,,,,
080101842220_kk,Bangalore,105.0,ZYOTEF108503,NOKIA,520CCB97F3AB,Karnataka,7.04,0.0,7.04,0.0,100.0,18.59,,,0.0,,99.81,50.0,99.91,12.0,0.0,12.02,0.91,0.02,AOT5221ZY,,,,,False,False,False,False,,True,False,True,False,False,False,4260.0,0.0,4260.0,3714728960.0,3714728960.0,19983016960.0,1067.0,1067.0,2.0,1065.0,1067.0,2.0,1065.0,,,,,,,,,,,,,,,,,,,,,,,,,,,,,,,,,,,,,,,,,,,,,,,,,,,,,,,,,,,,,,,,,,,,,,,,,,,,,,,,,,,,,,,,,,,,,,,,,,,,,,,,,,,,1067.0,2.0,1065.0,0.0,4260.0,4260.0,1067.0,2.0,1065.0,,,,,,,1067.0,,,,,,,,,,,,,,,,,,,,,12.0,0.0,12.02,7.04,0.0,7.04,99.81,50.0,99.91,,0.0,0.91,0.02,,,False,False,False,False,False,False,True,False,True,,False,,,,,,,,,,,,,,,,,,,,,,,,,,,,,,,,,,,,,,,,
080101842220_kk,Bangalore,105.0,ZYOTEF108503,NOKIA,78B39F17368C,Karnataka,0.0,0.0,0.0,0.0,100.0,21.71,,,0.0,,100.0,0.0,100.0,0.0,,0.0,20.19,0.31,AOT5221ZY,,,,,False,False,False,False,,True,False,True,False,,False,5000.0,0.0,5000.0,4337606656.0,4337606656.0,19983016960.0,1250.0,1250.0,,1250.0,1250.0,0.0,1250.0,,,,,,,,,,,,,,,,,,,,,,,,,,,,,,,,,,,,,,,,,,,,,,,,,,,,,,,,,,,,,,,,,,,,,,,,,,,,,,,,,,,,,,,,,,,,,,,,,,,,,,,,,,,,1250.0,0.0,1250.0,0.0,5000.0,5000.0,1250.0,,1250.0,,,,,,,1250.0,,,,,,,,,,,,,,,,,,,,,0.0,,0.0,0.0,0.0,0.0,100.0,0.0,100.0,,0.0,20.19,0.31,,,False,,False,False,False,False,True,False,True,,False,,,,,,,,,,,,,,,,,,,,,,,,,,,,,,,,,,,,,,,,
08021305959_wifi,Bangalore,105.0,ZYOTAF220521,NOKIA,E6B4718C2F37,Karnataka,2.0,0.68,66.67,0.7,99.3,13.54,,,0.0,,99.5,100.0,99.33,2.01,0.68,2.45,8.84,0.55,AAP4221ZY,,,,,False,False,True,False,,True,True,True,False,False,False,300.0,294.0,6.0,35026711552.0,35026711552.0,258618584064.0,596.0,596.0,147.0,449.0,596.0,147.0,449.0,,,,,,,,,,,,,,,,,,,,,,,,,,,,,,,,,,,,,,,,,,,,,,,,,,,,,,,,,,,,,,,,,,,,,,,,,,,,,,,,,,,,,,,,,,,,,,,,,,,,,,,,,,,,596.0,147.0,449.0,294.0,6.0,300.0,596.0,147.0,449.0,,,,,,,596.0,,,,,,,,,,,,,,,,,,,,,2.01,0.68,2.45,2.0,0.68,66.67,99.5,100.0,99.33,,0.0,8.84,0.55,,,False,False,False,False,False,True,True,True,True,,False,,,,,,,,,,,,,,,,,,,,,,,,,,,,,,,,,,,,,,,,
08024828161_wifi,Bangalore,105.0,ZYOTFF046132,NOKIA,32BD1372F2C7,Karnataka,0.0,0.0,0.0,0.0,100.0,87.69,,,0.0,,0.0,0.0,0.0,0.0,,0.0,0.0,0.0,AOT5221ZY,,,,,False,False,False,False,,False,False,False,False,,False,1006.0,0.0,1006.0,181012480.0,181012480.0,206432256.0,1006.0,1006.0,,1006.0,1006.0,0.0,1006.0,,,,,,,,,,,,,,,,,,,,,,,,,,,,,,,,,,,,,,,,,,,,,,,,,,,,,,,,,,,,,,,,,,,,,,,,,,,,,,,,,,,,,,,,,,,,,,,,,,,,,,,,,,,,1006.0,0.0,1006.0,0.0,1006.0,1006.0,1006.0,,1006.0,,,,,,,1006.0,,,,,,,,,,,,,,,,,,,,,0.0,,0.0,0.0,0.0,0.0,0.0,0.0,0.0,,0.0,0.0,0.0,,,False,,False,False,False,False,False,False,False,,False,,,,,,,,,,,,,,,,,,,,,,,,,,,,,,,,,,,,,,,,
08021305959_wifi,Bangalore,105.0,ZYOTAF220521,NOKIA,5E20088233E4,Karnataka,0.0,0.0,0.0,20.73,79.27,0.03,,,0.0,,0.57,100.0,0.29,0.0,0.0,0.0,0.33,0.05,AAP4221ZY,,,,,False,False,False,False,,False,True,False,False,False,False,694.0,2.0,692.0,70368256.0,70368256.0,258618584064.0,348.0,348.0,1.0,347.0,348.0,1.0,347.0,,,,,,,,,,,,,,,,,,,,,,,,,,,,,,,,,,,,,,,,,,,,,,,,,,,,,,,,,,,,,,,,,,,,,,,,,,,,,,,,,,,,,,,,,,,,,,,,,,,,,,,,,,,,348.0,1.0,347.0,2.0,692.0,694.0,348.0,1.0,347.0,,,,,,,348.0,,,,,,,,,,,,,,,,,,,,,0.0,0.0,0.0,0.0,0.0,0.0,0.57,100.0,0.29,,0.0,0.33,0.05,,,False,False,False,False,False,False,False,True,False,,False,,,,,,,,,,,,,,,,,,,,,,,,,,,,,,,,,,,,,,,,
08021305959_wifi,Bangalore,105.0,ZYOTAF220521,NOKIA,BADC35923F54,Karnataka,,,,0.0,100.0,0.01,,,0.0,,100.0,0.0,100.0,0.0,,0.0,0.2,0.03,AAP4221ZY,,,,,,,,False,,True,False,True,False,,False,,,,34213888.0,34213888.0,258618584064.0,246.0,246.0,,246.0,246.0,0.0,246.0,,,,,,,,,,,,,,,,,,,,,,,,,,,,,,,,,,,,,,,,,,,,,,,,,,,,,,,,,,,,,,,,,,,,,,,,,,,,,,,,,,,,,,,,,,,,,,,,,,,,,,,,,,,,246.0,0.0,246.0,,,,246.0,,246.0,,,,,,,246.0,,,,,,,,,,,,,,,,,,,,,0.0,,0.0,,,,100.0,0.0,100.0,,0.0,0.2,0.03,,,False,,False,,,,True,False,True,,False,,,,,,,,,,,,,,,,,,,,,,,,,,,,,,,,,,,,,,,,
08021305959_wifi,Bangalore,105.0,ZYOTAF220521,NOKIA,1CD6BEAA4661,Karnataka,,,,0.0,100.0,30.0,,,0.0,,49.51,0.0,49.51,0.0,,0.0,26.95,4.28,AAP4221ZY,,,,,,,,False,,False,False,False,False,,False,,,,77596984320.0,77596984320.0,258618584064.0,1012.0,1012.0,,1012.0,1012.0,0.0,1012.0,,,,,,,,,,,,,,,,,,,,,,,,,,,,,,,,,,,,,,,,,,,,,,,,,,,,,,,,,,,,,,,,,,,,,,,,,,,,,,,,,,,,,,,,,,,,,,,,,,,,,,,,,,,,1012.0,0.0,1012.0,,,,1012.0,,1012.0,,,,,,,1012.0,,,,,,,,,,,,,,,,,,,,,0.0,,0.0,,,,49.51,0.0,49.51,,0.0,26.95,4.28,,,False,,False,,,,False,False,False,,False,,,,,,,,,,,,,,,,,,,,,,,,,,,,,,,,,,,,,,,,
08021305959_wifi,Bangalore,105.0,ZYOTAF220521,NOKIA,9247F166A2BB,Karnataka,12.77,60.0,0.0,39.93,60.07,0.4,,,0.0,,18.0,60.0,7.5,16.0,60.0,5.0,1.71,0.26,AAP4221ZY,,,,,False,False,False,False,,False,False,False,False,False,False,94.0,20.0,74.0,1036949504.0,1036949504.0,258618584064.0,50.0,50.0,10.0,40.0,50.0,10.0,40.0,,,,,,,,,,,,,,,,,,,,,,,,,,,,,,,,,,,,,,,,,,,,,,,,,,,,,,,,,,,,,,,,,,,,,,,,,,,,,,,,,,,,,,,,,,,,,,,,,,,,,,,,,,,,50.0,10.0,40.0,20.0,74.0,94.0,50.0,10.0,40.0,,,,,,,50.0,,,,,,,,,,,,,,,,,,,,,16.0,60.0,5.0,12.77,60.0,0.0,18.0,60.0,7.5,,0.0,1.71,0.26,,,False,False,False,False,False,False,False,False,False,,False,,,,,,,,,,,,,,,,,,,,,,,,,,,,,,,,,,,,,,,,
080101842220_kk,Bangalore,105.0,ZYOTEF108503,NOKIA,F4289DA74175,Karnataka,0.0,0.0,0.0,0.0,100.0,58.13,,,0.0,,100.0,0.0,100.0,0.0,,0.0,0.94,0.08,AOT5221ZY,,,,,False,False,False,False,,True,False,True,False,,False,2520.0,0.0,2520.0,11615734784.0,11615734784.0,19983016960.0,630.0,630.0,,630.0,630.0,0.0,630.0,,,,,,,,,,,,,,,,,,,,,,,,,,,,,,,,,,,,,,,,,,,,,,,,,,,,,,,,,,,,,,,,,,,,,,,,,,,,,,,,,,,,,,,,,,,,,,,,,,,,,,,,,,,,630.0,0.0,630.0,0.0,2520.0,2520.0,630.0,,630.0,,,,,,,630.0,,,,,,,,,,,,,,,,,,,,,0.0,,0.0,0.0,0.0,0.0,100.0,0.0,100.0,,0.0,0.94,0.08,,,False,,False,False,False,False,True,False,True,,False,,,,,,,,,,,,,,,,,,,,,,,,,,,,,,,,,,,,,,,,
08021305959_wifi,Bangalore,105.0,ZYOTAF220521,NOKIA,4663C272B14F,Karnataka,0.0,0.0,0.0,0.0,100.0,8.63,,,0.0,,0.0,0.0,0.0,0.0,,0.0,3.38,0.13,AAP4221ZY,,,,,False,False,False,False,,False,False,False,False,,False,2410.0,0.0,2410.0,22320783360.0,22320783360.0,258618584064.0,1205.0,1205.0,,1205.0,1205.0,0.0,1205.0,,,,,,,,,,,,,,,,,,,,,,,,,,,,,,,,,,,,,,,,,,,,,,,,,,,,,,,,,,,,,,,,,,,,,,,,,,,,,,,,,,,,,,,,,,,,,,,,,,,,,,,,,,,,1205.0,0.0,1205.0,0.0,2410.0,2410.0,1205.0,,1205.0,,,,,,,1205.0,,,,,,,,,,,,,,,,,,,,,0.0,,0.0,0.0,0.0,0.0,0.0,0.0,0.0,,0.0,3.38,0.13,,,False,,False,False,False,False,False,False,False,,False,,,,,,,,,,,,,,,,,,,,,,,,,,,,,,,,,,,,,,,,
08021305959_wifi,Bangalore,105.0,ZYOTAF220521,NOKIA,4CD08A27B074,Karnataka,0.0,0.0,0.0,100.0,0.0,0.09,,,0.0,,100.0,100.0,0.0,0.0,0.0,,0.01,0.16,AAP4221ZY,,,,,False,False,False,False,,True,True,False,False,False,,1534.0,1534.0,0.0,222772224.0,222772224.0,258618584064.0,767.0,767.0,767.0,,767.0,767.0,0.0,,,,,,,,,,,,,,,,,,,,,,,,,,,,,,,,,,,,,,,,,,,,,,,,,,,,,,,,,,,,,,,,,,,,,,,,,,,,,,,,,,,,,,,,,,,,,,,,,,,,,,,,,,,,767.0,767.0,0.0,1534.0,0.0,1534.0,767.0,767.0,,,,,,,,767.0,,,,,,,,,,,,,,,,,,,,,0.0,0.0,,0.0,0.0,0.0,100.0,100.0,0.0,,0.0,0.01,0.16,,,False,False,,False,False,False,True,True,False,,False,,,,,,,,,,,,,,,,,,,,,,,,,,,,,,,,,,,,,,,,
08024828161_wifi,Bangalore,105.0,ZYOTFF046132,NOKIA,0827A84B46B0,Karnataka,,,,100.0,0.0,0.5,,,0.0,,100.0,100.0,0.0,0.0,0.0,,0.0,0.0,AOT5221ZY,,,,,,,,False,,True,True,False,False,False,,,,,1039360.0,1039360.0,206432256.0,1006.0,1006.0,1006.0,,1006.0,1006.0,0.0,,,,,,,,,,,,,,,,,,,,,,,,,,,,,,,,,,,,,,,,,,,,,,,,,,,,,,,,,,,,,,,,,,,,,,,,,,,,,,,,,,,,,,,,,,,,,,,,,,,,,,,,,,,,1006.0,1006.0,0.0,,,,1006.0,1006.0,,,,,,,,1006.0,,,,,,,,,,,,,,,,,,,,,0.0,0.0,,,,,100.0,100.0,0.0,,0.0,0.0,0.0,,,False,False,,,,,True,True,False,,False,,,,,,,,,,,,,,,,,,,,,,,,,,,,,,,,,,,,,,,,
08024828161_wifi,Bangalore,105.0,ZYOTFF046132,NOKIA,,Karnataka,,,,,,,,,,,,,,,,,,,AOT5221ZY,,,,,,,,,,,,,,,,,,,,,,,,,,,,,08024828161_wifi,105.0,ZYOTFF046132,NOKIA,6C4F89D50069,AOT5221ZY,3.0,2.0,1.0,0.0,0.0,0.0,0.0,0.0,0.0,0.0,0.0,66.67,100.0,0.0,78.26,90.91,66.67,,0.0,0.0,0.0,0.0,0.0,0.0,0.0,0.0,0.0,0.0,0.0,0.0,0.0,0.0,0.0,0.0,,,,,,87.69,206432256.0,0.0,0.0,23.0,0.0,0.0,11.0,0.0,0.0,12.0,0.0,0.0,0.0,0.0,0.0,0.0,False,False,False,False,False,False,True,True,True,True,False,True,True,True,,False,False,False,False,False,False,False,False,False,False,,,,,,,False,False,False,False,False,False,False,False,50.0,0.0,False,0.0,False,False,3018.0,2012.0,1006.0,0.0,1006.0,1006.0,3018.0,2012.0,1006.0,23.0,11.0,12.0,201.0,67.0,134.0,3018.0,201.0,67.0,134.0,201.0,67.0,134.0,,,206432256.0,23.0,11.0,12.0,2.0,1.0,1.0,23.0,11.0,12.0,6C4F89D50069,3.0,0.0,0.0,0.0,0.0,0.0,0.0,66.67,100.0,0.0,,0.0,0.0,0.0,,,False,False,False,False,False,False,True,True,False,,False,78.26,90.91,66.67,0.0,0.0,0.0,0.0,0.0,,,,87.69,206432256.0,0.0,0.0,23.0,0.0,0.0,11.0,0.0,0.0,12.0,50.0,True,True,True,True,True,False,False,False,,,,,,,False,False,False
080101842220_kk,Bangalore,105.0,ZYOTEF108503,NOKIA,,Karnataka,,,,,,,,,,,,,,,,,,,MTK 0000,,,,,,,,,,,,,,,,,,,,,,,,,,,,,080101842220_kk,105.0,ZYOTEF108503,NOKIA,30BD1330F2A8,MTK 0000,5.0,2.0,5.0,2.72,0.0,3.52,0.0,2.11,1.96,20.19,2.05,92.84,99.83,90.79,91.27,90.36,92.0,,0.0,0.0,0.0,0.0,0.0,0.0,0.0,0.0,0.0,0.0,0.0,0.0,0.0,0.0,0.0,0.0,,,,,,99.96,19983016960.0,4.17,1.0,24.0,9.09,1.0,11.0,0.0,0.0,13.0,0.0,0.0,0.0,0.0,0.0,0.0,False,False,False,False,False,False,False,False,True,True,True,True,True,True,,False,False,False,False,False,False,False,False,False,False,,,,,,,False,False,False,False,False,False,False,False,58.93,39.29,False,0.0,False,True,5112.0,1160.0,3952.0,0.0,15808.0,15440.0,5112.0,1160.0,3952.0,630.0,280.0,350.0,401.0,160.0,241.0,5112.0,401.0,160.0,241.0,401.0,160.0,241.0,,,19983016960.0,24.0,11.0,13.0,56.0,28.0,28.0,24.0,11.0,13.0,30BD1330F2A8,5.0,2.72,0.0,3.52,1.96,0.0,2.11,92.84,99.83,90.79,,0.0,20.19,2.05,,,False,False,False,False,False,False,True,True,True,,False,91.27,90.36,92.0,0.0,0.0,0.0,0.0,0.0,,,,99.96,19983016960.0,4.17,1.0,24.0,9.09,1.0,11.0,0.0,0.0,13.0,58.93,False,False,True,True,True,False,False,False,,,,,,,False,False,True
08021305959_wifi,Bangalore,105.0,ZYOTAF220521,NOKIA,,Karnataka,,,,,,,,,,,,,,,,,,,AAP4221ZY,,,,,,,,,,,,,,,,,,,,,,,,,,,,,08021305959_wifi,105.0,ZYOTAF220521,NOKIA,6C4F89165033,AAP4221ZY,9.0,5.0,8.0,0.6,2.05,0.26,2.05,0.07,0.25,26.95,4.28,46.25,99.66,33.71,36.98,46.73,29.76,0.0,0.0,0.0,0.0,0.0,0.0,0.0,0.0,0.0,0.0,0.0,0.0,0.0,0.0,0.0,0.0,0.0,,,,,,99.25,258618584064.0,0.0,0.0,24.0,0.0,0.0,11.0,0.0,0.0,13.0,0.0,0.0,0.0,0.0,0.0,0.0,False,False,False,False,False,False,False,False,False,True,False,False,False,False,False,False,False,False,False,False,False,False,False,False,False,,,,,,,False,False,False,False,False,False,False,False,50.0,0.0,False,0.0,False,False,6162.0,1172.0,4990.0,2344.0,5594.0,5670.0,6162.0,1172.0,4990.0,503.0,214.0,289.0,678.0,226.0,452.0,6162.0,618.0,217.0,401.0,678.0,226.0,452.0,,,258618584064.0,24.0,11.0,13.0,46.0,23.0,23.0,24.0,11.0,13.0,6C4F89165033,9.0,0.6,2.05,0.26,0.25,2.05,0.07,46.25,99.66,33.71,0.0,0.0,26.95,4.28,,,False,False,False,False,False,False,False,True,False,False,False,36.98,46.73,29.76,0.0,0.0,0.0,0.0,0.0,,,,99.25,258618584064.0,0.0,0.0,24.0,0.0,0.0,11.0,0.0,0.0,13.0,50.0,False,False,False,False,False,False,False,False,,,,,,,False,False,False
