ap,city,circle_code_no,ont_serial_no,vendor_name,station_mac,circle,client_with_poor_snr_sample,client_with_poor_snr_sample_2,client_with_poor_snr_sample_5,tot_2g,tot_5g,tot_overall,client_with_high_no_of_sticky_client_2_with_good_coverage,client_with_high_no_of_sticky_client_5_with_poor_coverage,client_with_high_tx_packet_error,client_with_high_client_disconnection,client_with_poor_link_speed_mcs_rate,client_with_poor_link_speed_mcs_rate_2,client_with_poor_link_speed_mcs_rate_5,client_with_poor_coverage,client_with_poor_coverage_2,client_with_poor_coverage_5,client_with_poor_dl_throughput_less_than_threshold,client_with_poor_ul_throughput_less_than_threshold,ap_manufacturer,host_name,type,manufacturer,model,client_with_poor_snr_sample_breach,client_with_poor_snr_sample_2_breach,client_with_poor_snr_sample_5_breach,client_with_high_tx_packet_error_breach,client_with_high_client_disconnection_breach,client_with_poor_link_speed_mcs_rate_breach,client_with_poor_link_speed_mcs_rate_2_breach,client_with_poor_link_speed_mcs_rate_5_breach,client_with_poor_coverage_breach,client_with_poor_coverage_2_breach,client_with_poor_coverage_5_breach,count_of_total_samples_for_client_with_poor_snr_sample,count_of_total_samples_for_client_with_poor_snr_sample_2,count_of_total_samples_for_client_with_poor_snr_sample_5,count_of_total_samples_for_ap_tot_2g,count_of_total_samples_for_ap_tot_5g,count_of_total_samples_for_ap_tot_overall,count_of_total_samples_for_client_with_high_tx_packet_error,count_of_total_samples_for_client_with_poor_link_speed_mcs_rate,count_of_total_samples_for_client_with_poor_link_speed_mcs_rate_2,count_of_total_samples_for_client_with_poor_link_speed_mcs_rate_5,count_of_total_samples_for_client_with_poor_coverage,count_of_total_samples_for_client_with_poor_coverage_2,count_of_total_samples_for_client_with_poor_coverage_5,ap name,circle code,ont serial number,vendor,mac address,ap manufacturer,connected clients,connected clients (2.4 ghz),connected clients (5 ghz),poor coverage (overall),poor coverage (2.4 ghz),poor coverage (5 ghz),poor snr (2.4 ghz),poor snr (5 ghz),poor snr (overall),low download throughput (overall),low upload throughput (overall),low link speed (overall),low link speed (2.4 ghz),low link speed (5 ghz),high interference (overall),high interference (2.4 ghz),high interference (5 ghz),high client disconnections (overall),high retry rate (overall),high retry rate (2.4 ghz),high retry rate (5 ghz),high tx packet errors (overall),tx packet error (%) (overall),tx packet error (%) (2.4 ghz),tx packet error (%) (5 ghz),high tx packet errors flag (overall),high tx packet errors flag (2.4 ghz),high tx packet errors flag (5 ghz),high rx packet errors (overall),high rx packet errors (2.4 ghz),high rx packet errors (5 ghz),high rx packet errors flag (overall),high rx packet errors flag (2.4 ghz),high rx packet errors flag (5 ghz),downtime (%) (overall),high cpu utilization (overall),memory errors (overall),sticky clients (2.4 ghz - good coverage),sticky clients (5 ghz - poor coverage),poor tot on (5 ghz),zero usage aps (overall),channel utilization (%) (overall),high channel utilization count (overall),total channels (all bands),high channel utilization (2.4 ghz) (%),high channel utilization count (2.4 ghz),total channels (2.4 ghz),high channel congestion (5 ghz) (%),high channel congestion count (5 ghz),total channels (5 ghz),own channel usage ratio (%) (overall),own channel usage ratio count (overall),own channel usage ratio (%) (2.4 ghz),own channel usage ratio count (2.4 ghz),own channel usage ratio (%) (5 ghz),own channel usage ratio count (5 ghz),poor coverage breach (overall),poor coverage breach (2.4 ghz),poor coverage breach (5 ghz),poor snr breach (2.4 ghz),poor snr breach (5 ghz),poor snr breach (overall),low download throughput breach (overall),low upload throughput breach (overall),low link speed breach (overall),low link speed breach (2.4 ghz),low link speed breach (5 ghz),high interference breach (overall),high interference breach (2.4 ghz),high interference breach (5 ghz),high client disconnections breach (overall),high retry rate breach (overall),high retry rate breach (2.4 ghz),high retry rate breach (5 ghz),high tx packet errors breach (overall),tx packet error (%) breach (overall),tx packet error (%) breach (2.4 ghz),tx packet error (%) breach (5 ghz),high rx packet errors breach (overall),high rx packet errors breach (2.4 ghz),high rx packet errors breach (5 ghz),ap downtime (%) breach (overall),internet down incidents breach (overall),high cpu utilization breach (overall),memory errors breach (overall),sticky clients breach (2.4 ghz - good coverage),sticky clients breach (5 ghz - poor coverage),poor tot breach (5 ghz),zero usage aps breach (overall),high channel utilization breach (overall),high channel utilization breach (2.4 ghz),high channel congestion breach (5 ghz),own channel usage ratio breach (overall),own channel usage ratio breach (2.4 ghz),own channel usage ratio breach (5 ghz),obss (overall),obss (2.4 ghz),obss breach (2.4 ghz),obss (5 ghz),obss breach (5 ghz),obss breach (overall),count_of_total_samples_for_ap_with_poor_coverage,count_of_total_samples_for_ap_with_poor_coverage_2,count_of_total_samples_for_ap_with_poor_coverage_5,count_of_total_samples_for_ap_with_poor_snr_sample_2,count_of_total_samples_for_ap_with_poor_snr_sample_5,count_of_total_samples_for_ap_with_poor_snr_sample,count_of_total_samples_for_ap_with_poor_link_speed_mcs_rate,count_of_total_samples_for_ap_with_poor_link_speed_mcs_rate_2,count_of_total_samples_for_ap_with_poor_link_speed_mcs_rate_5,count_of_total_samples_for_ap_with_high_interference,count_of_total_samples_for_ap_with_high_interference_2,count_of_total_samples_for_ap_with_high_interference_5,count_of_total_samples_for_ap_with_high_retry_rate,high retry rate sample count (2.4 ghz),high retry rate sample count (5 ghz),count_of_total_samples_for_ap_with_high_tx_packet_error,count_of_total_samples_for_ap_with_high_tx_packet_error_percent,tx packet error (%) sample count (2.4 ghz),tx packet error (%) sample count (5 ghz),count_of_total_samples_for_ap_with_high_rx_packet_error,high rx packet errors sample count (2.4 ghz),high rx packet errors sample count (5 ghz),count_of_total_samples_for_ap_downtime_per,count_of_total_samples_for_ap_with_high_internet_down_incident,count_of_total_samples_for_ap_with_poor_tot_on_5g,count_of_total_samples_for_ap_with_high_channel_utilisation,count_of_total_samples_for_ap_with_high_channel_utilisation_2,count_of_total_samples_for_ap_with_high_channel_congestion_5,count_of_total_samples_for_channelobss,count_of_total_samples_for_channelobss2_4,count_of_total_samples_for_channelobss5,own channel usage ratio sample count (overall),own channel usage ratio sample count (2.4 ghz),own channel usage ratio sample count (5 ghz),mac_address,station_count,ap_with_poor_coverage,ap_with_poor_coverage_2,ap_with_poor_coverage_5,ap_with_poor_snr_sample,ap_with_poor_snr_sample_2,ap_with_poor_snr_sample_5,ap_with_poor_link_speed_mcs_rate,ap_with_poor_link_speed_mcs_rate_2,ap_with_poor_link_speed_mcs_rate_5,ap_with_high_client_disconnection,ap_with_high_tx_packet_error,ap_with_poor_dl_throughput_less_than_threshold,ap_with_poor_ul_throughput_less_than_threshold,ap_with_high_no_of_sticky_client_2_with_good_coverage,ap_with_high_no_of_sticky_client_5_with_poor_coverage,ap_with_poor_coverage_breach,ap_with_poor_coverage_2_breach,ap_with_poor_coverage_5_breach,ap_with_poor_snr_sample_breach,ap_with_poor_snr_sample_2_breach,ap_with_poor_snr_sample_5_breach,ap_with_poor_link_speed_mcs_rate_breach,ap_with_poor_link_speed_mcs_rate_2_breach,ap_with_poor_link_speed_mcs_rate_5_breach,ap_with_high_client_disconnection_breach,ap_with_high_tx_packet_error_breach,ap_with_high_interference,ap_with_high_interference_2,ap_with_high_interference_5,ap_with_high_retry_rate,ap_with_high_tx_packet_error_percent,ap_with_high_tx_packet_error_flag,ap_with_high_rx_packet_error,ap_with_high_rx_packet_error_flag,ap_downtime_per,ap_with_high_cpu_utilisation,ap_with_high_memory_packet_error,ap_with_poor_tot_on_5g,ap_with_zero_usage,ap_with_high_channel_utilisation_pct,ap_with_high_channel_utilisation_count,total_channels_all,ap_with_high_channel_utilisation_2_pct,ap_with_high_channel_utilisation_2_count,total_channels_2,ap_with_high_channel_congestion_5_pct,ap_with_high_channel_congestion_5_count,total_channels_5,channelobss,ap_with_poor_dl_throughput_less_than_threshold_breach,ap_with_poor_ul_throughput_less_than_threshold_breach,ap_with_high_interference_breach,ap_with_high_interference_2_breach,ap_with_high_interference_5_breach,ap_with_high_retry_rate_breach,ap_with_high_tx_packet_error_percent_breach,ap_with_high_rx_packet_error_breach,ap_downtime_per_breach,ap_with_high_internet_down_incident_breach,ap_with_high_cpu_utilisation_breach,ap_with_high_memory_packet_error_breach,ap_with_high_no_of_sticky_client_2_with_good_coverage_breach,ap_with_high_no_of_sticky_client_5_with_poor_coverage_breach,ap_with_zero_usage_breach,ap_with_high_channel_congestion_5_breach,channelobss_breach
012421019184_wifi,Gurgaon,108.0,ZYOTB0900058,NOKIA,649D38ED42E8,Haryana,8.12,0.0,8.12,2.44,97.56,0.88,False,False,0.0,2.0,8.08,0.0,8.12,8.59,100.0,8.12,1.16,0.16,AOT5222ZY,,,,,False,False,False,False,False,False,False,False,False,True,False,1970.0,0.0,1970.0,3642042368.0,3642042368.0,412720752640.0,198.0,198.0,1.0,197.0,198.0,1.0,197.0,,,,,,,,,,,,,,,,,,,,,,,,,,,,,,,,,,,,,,,,,,,,,,,,,,,,,,,,,,,,,,,,,,,,,,,,,,,,,,,,,,,,,,,,,,,,,,,,,,,,,,,,,,,,198.0,1.0,197.0,0.0,1970.0,1970.0,198.0,1.0,197.0,,,,,,,198.0,,,,,,,,,,,,,,,,,,,,,8.59,100.0,8.12,8.12,0.0,8.12,8.08,0.0,8.12,2.0,0.0,1.16,0.16,False,False,False,True,False,False,False,False,False,False,False,False,False,,,,,,,,,,,,,,,,,,,,,,,,,,,,,,,,,,,,,,,,
01244081160_dsl,Gurgaon,108.0,NKOT0F01CE6F,NOKIA,2E16524D4AFB,Haryana,0.0,0.0,0.0,0.0,100.0,49.87,False,False,0.0,13.0,0.0,0.0,0.0,0.0,,0.0,2.12,0.05,AOT4221NK,iPhone,,,,False,False,False,False,True,False,False,False,False,,False,1053.0,0.0,1053.0,5894535168.0,5894535168.0,11819001856.0,81.0,81.0,,81.0,81.0,0.0,81.0,,,,,,,,,,,,,,,,,,,,,,,,,,,,,,,,,,,,,,,,,,,,,,,,,,,,,,,,,,,,,,,,,,,,,,,,,,,,,,,,,,,,,,,,,,,,,,,,,,,,,,,,,,,,81.0,0.0,81.0,0.0,1053.0,1053.0,81.0,,81.0,,,,,,,81.0,,,,,,,,,,,,,,,,,,,,,0.0,,0.0,0.0,0.0,0.0,0.0,0.0,0.0,13.0,0.0,2.12,0.05,False,False,False,,False,False,False,False,False,False,False,True,False,,,,,,,,,,,,,,,,,,,,,,,,,,,,,,,,,,,,,,,,
012444903348_dsl,Gurgaon,108.0,NKOT0F01CE7E,NOKIA,286B35D324CB,Haryana,,,,0.0,100.0,11.68,,,0.0,3.0,0.0,0.0,0.0,0.0,,0.0,1.34,0.2,AOT4221NK,DESKTOP-7592F22,,,,,,,False,False,False,False,False,False,,False,,,,4079041010.0,4079041010.0,34913498216.0,166.0,166.0,,166.0,166.0,0.0,166.0,,,,,,,,,,,,,,,,,,,,,,,,,,,,,,,,,,,,,,,,,,,,,,,,,,,,,,,,,,,,,,,,,,,,,,,,,,,,,,,,,,,,,,,,,,,,,,,,,,,,,,,,,,,,166.0,0.0,166.0,,,,166.0,,166.0,,,,,,,166.0,,,,,,,,,,,,,,,,,,,,,0.0,,0.0,,,,0.0,0.0,0.0,3.0,0.0,1.34,0.2,,,False,,False,,,,False,False,False,False,False,,,,,,,,,,,,,,,,,,,,,,,,,,,,,,,,,,,,,,,,
012444903348_dsl,Gurgaon,108.0,NKOT0F01CE7E,NOKIA,1AA0C35EE4F9,Haryana,0.0,0.0,0.0,84.01,15.99,0.66,False,False,0.0,12.0,0.0,0.0,0.0,0.0,0.0,0.0,2.45,0.08,AOT4221NK,iPhone,,,,False,False,False,False,True,False,False,False,False,False,False,13.0,13.0,0.0,231533922.0,231533922.0,34913498216.0,247.0,247.0,1.0,246.0,247.0,1.0,246.0,,,,,,,,,,,,,,,,,,,,,,,,,,,,,,,,,,,,,,,,,,,,,,,,,,,,,,,,,,,,,,,,,,,,,,,,,,,,,,,,,,,,,,,,,,,,,,,,,,,,,,,,,,,,247.0,1.0,246.0,13.0,0.0,13.0,247.0,1.0,246.0,,,,,,,247.0,,,,,,,,,,,,,,,,,,,,,0.0,0.0,0.0,0.0,0.0,0.0,0.0,0.0,0.0,12.0,0.0,2.45,0.08,False,False,False,False,False,False,False,False,False,False,False,True,False,,,,,,,,,,,,,,,,,,,,,,,,,,,,,,,,,,,,,,,,
012436398608_dsl,Gurgaon,108.0,NKOTDF0001E7,NOKIA,5215E04285F1,Haryana,0.0,0.0,0.0,21.42,78.58,4.25,False,False,0.0,17.0,19.12,34.38,13.9,0.0,0.0,0.0,1.86,0.11,AOT4221NK,OnePlus-10T-5G,,,,False,False,False,False,True,False,False,False,False,False,False,2244.0,0.0,2244.0,1511763968.0,1511763968.0,35547721728.0,251.0,251.0,64.0,187.0,251.0,64.0,187.0,,,,,,,,,,,,,,,,,,,,,,,,,,,,,,,,,,,,,,,,,,,,,,,,,,,,,,,,,,,,,,,,,,,,,,,,,,,,,,,,,,,,,,,,,,,,,,,,,,,,,,,,,,,,251.0,64.0,187.0,0.0,2244.0,2244.0,251.0,64.0,187.0,,,,,,,251.0,,,,,,,,,,,,,,,,,,,,,0.0,0.0,0.0,0.0,0.0,0.0,19.12,34.38,13.9,17.0,0.0,1.86,0.11,False,False,False,False,False,False,False,False,False,False,False,True,False,,,,,,,,,,,,,,,,,,,,,,,,,,,,,,,,,,,,,,,,
012445159575_dsl,Gurgaon,108.0,ZYOTFD000042,NOKIA,8C7A3DD408C7,Haryana,80.67,0.0,80.67,0.0,100.0,56.49,,,0.0,,9.22,0.0,9.22,80.67,,80.67,3.71,0.06,AOT5221ZY,,,,,True,False,True,False,,False,False,False,True,,True,5640.0,0.0,5640.0,36191787008.0,36191787008.0,64068293632.0,564.0,564.0,,564.0,564.0,0.0,564.0,,,,,,,,,,,,,,,,,,,,,,,,,,,,,,,,,,,,,,,,,,,,,,,,,,,,,,,,,,,,,,,,,,,,,,,,,,,,,,,,,,,,,,,,,,,,,,,,,,,,,,,,,,,,564.0,0.0,564.0,0.0,5640.0,5640.0,564.0,,564.0,,,,,,,564.0,,,,,,,,,,,,,,,,,,,,,80.67,,80.67,80.67,0.0,80.67,9.22,0.0,9.22,,0.0,3.71,0.06,,,True,,True,True,False,True,False,False,False,,False,,,,,,,,,,,,,,,,,,,,,,,,,,,,,,,,,,,,,,,,
01244054723_dsl,Gurgaon,108.0,NKOT0F0226EE,NOKIA,4C22F33F2EDC,Haryana,0.0,0.0,0.0,0.0,100.0,8.11,False,True,0.0,0.0,0.0,0.0,0.0,0.0,,0.0,4.0,0.09,AAP321NK,LGwebOSTV,TV,LG Electronics,TV,False,False,False,False,False,False,False,False,False,,False,5676.0,0.0,5676.0,3231085568.0,3231085568.0,39818841088.0,473.0,473.0,,473.0,473.0,0.0,473.0,,,,,,,,,,,,,,,,,,,,,,,,,,,,,,,,,,,,,,,,,,,,,,,,,,,,,,,,,,,,,,,,,,,,,,,,,,,,,,,,,,,,,,,,,,,,,,,,,,,,,,,,,,,,473.0,0.0,473.0,0.0,5676.0,5676.0,473.0,,473.0,,,,,,,473.0,,,,,,,,,,,,,,,,,,,,,0.0,,0.0,0.0,0.0,0.0,0.0,0.0,0.0,0.0,0.0,4.0,0.09,False,True,False,,False,False,False,False,False,False,False,False,False,,,,,,,,,,,,,,,,,,,,,,,,,,,,,,,,,,,,,,,,
012444903348_dsl,Gurgaon,108.0,NKOT0F01CE7E,NOKIA,F4032A96D8C9,Haryana,,,,0.0,100.0,0.26,,,0.0,1.0,0.0,0.0,0.0,0.0,,0.0,0.01,0.01,AOT4221NK,Unknown_f4:03:2a:96:d8:c9,OTHER,Amazon,,,,,False,False,False,False,False,False,,False,,,,90006496.0,90006496.0,34913498216.0,519.0,519.0,,519.0,519.0,0.0,519.0,,,,,,,,,,,,,,,,,,,,,,,,,,,,,,,,,,,,,,,,,,,,,,,,,,,,,,,,,,,,,,,,,,,,,,,,,,,,,,,,,,,,,,,,,,,,,,,,,,,,,,,,,,,,519.0,0.0,519.0,,,,519.0,,519.0,,,,,,,519.0,,,,,,,,,,,,,,,,,,,,,0.0,,0.0,,,,0.0,0.0,0.0,1.0,0.0,0.01,0.01,,,False,,False,,,,False,False,False,False,False,,,,,,,,,,,,,,,,,,,,,,,,,,,,,,,,,,,,,,,,
01244054723_dsl,Gurgaon,108.0,NKOT0F0226EE,NOKIA,0A3CC1576FFD,Haryana,0.0,0.0,0.0,0.0,100.0,0.1,False,False,0.0,0.0,0.0,0.0,0.0,0.0,,0.0,0.01,0.0,AAP321NK,iPad,TABLET,Apple,iPad,False,False,False,False,False,False,False,False,False,,False,1872.0,0.0,1872.0,39897088.0,39897088.0,39818841088.0,156.0,156.0,,156.0,156.0,0.0,156.0,,,,,,,,,,,,,,,,,,,,,,,,,,,,,,,,,,,,,,,,,,,,,,,,,,,,,,,,,,,,,,,,,,,,,,,,,,,,,,,,,,,,,,,,,,,,,,,,,,,,,,,,,,,,156.0,0.0,156.0,0.0,1872.0,1872.0,156.0,,156.0,,,,,,,156.0,,,,,,,,,,,,,,,,,,,,,0.0,,0.0,0.0,0.0,0.0,0.0,0.0,0.0,0.0,0.0,0.01,0.0,False,False,False,,False,False,False,False,False,False,False,False,False,,,,,,,,,,,,,,,,,,,,,,,,,,,,,,,,,,,,,,,,
012445118300_dsl,Gurgaon,108.0,NKOT0F01D2BA,NOKIA,960207D43B98,Haryana,2.54,0.0,2.54,0.0,100.0,44.28,,,0.0,,0.0,0.0,0.0,2.54,,2.54,0.79,1.2,AOT4221NK,,,,,False,False,False,False,,False,False,False,False,,False,3540.0,0.0,3540.0,9432280064.0,9432280064.0,21300706304.0,354.0,354.0,,354.0,354.0,0.0,354.0,,,,,,,,,,,,,,,,,,,,,,,,,,,,,,,,,,,,,,,,,,,,,,,,,,,,,,,,,,,,,,,,,,,,,,,,,,,,,,,,,,,,,,,,,,,,,,,,,,,,,,,,,,,,354.0,0.0,354.0,0.0,3540.0,3540.0,354.0,,354.0,,,,,,,354.0,,,,,,,,,,,,,,,,,,,,,2.54,,2.54,2.54,0.0,2.54,0.0,0.0,0.0,,0.0,0.79,1.2,,,False,,False,False,False,False,False,False,False,,False,,,,,,,,,,,,,,,,,,,,,,,,,,,,,,,,,,,,,,,,
012447957675_dsl,Gurgaon,108.0,ZYOT5E069474,NOKIA,72E2C338581F,Haryana,0.0,0.0,0.0,0.0,100.0,0.49,,,0.0,,0.0,0.0,0.0,0.0,,0.0,0.18,0.03,AOT5221ZY,,,,,False,False,False,False,,False,False,False,False,,False,2184.0,0.0,2184.0,177232896.0,177232896.0,36218129408.0,182.0,182.0,,182.0,182.0,0.0,182.0,,,,,,,,,,,,,,,,,,,,,,,,,,,,,,,,,,,,,,,,,,,,,,,,,,,,,,,,,,,,,,,,,,,,,,,,,,,,,,,,,,,,,,,,,,,,,,,,,,,,,,,,,,,,182.0,0.0,182.0,0.0,2184.0,2184.0,182.0,,182.0,,,,,,,182.0,,,,,,,,,,,,,,,,,,,,,0.0,,0.0,0.0,0.0,0.0,0.0,0.0,0.0,,0.0,0.18,0.03,,,False,,False,False,False,False,False,False,False,,False,,,,,,,,,,,,,,,,,,,,,,,,,,,,,,,,,,,,,,,,
012447862103_dsl,Gurgaon,108.0,ZYOTB0900020,NOKIA,6696E8690975,Haryana,0.0,0.0,0.0,0.0,100.0,49.99,,,0.0,,0.0,0.0,0.0,0.0,,0.0,1.74,0.19,AOT5222ZY,,,,,False,False,False,False,,False,False,False,False,,False,6762.0,0.0,6762.0,10043317248.0,10043317248.0,20089200640.0,483.0,483.0,,483.0,483.0,0.0,483.0,,,,,,,,,,,,,,,,,,,,,,,,,,,,,,,,,,,,,,,,,,,,,,,,,,,,,,,,,,,,,,,,,,,,,,,,,,,,,,,,,,,,,,,,,,,,,,,,,,,,,,,,,,,,483.0,0.0,483.0,0.0,6762.0,6762.0,483.0,,483.0,,,,,,,483.0,,,,,,,,,,,,,,,,,,,,,0.0,,0.0,0.0,0.0,0.0,0.0,0.0,0.0,,0.0,1.74,0.19,,,False,,False,False,False,False,False,False,False,,False,,,,,,,,,,,,,,,,,,,,,,,,,,,,,,,,,,,,,,,,
012421019184_wifi,Gurgaon,108.0,ZYOTB0900058,NOKIA,7066557C4F87,Haryana,,,,100.0,0.0,1.56,False,False,0.0,0.0,70.54,70.54,0.0,63.68,63.68,,1.5,0.09,AOT5222ZY,LAPTOP-ICF17IVF,PC,AzureWave Technology,Computer,,,,False,False,True,True,False,True,True,,,,,6446267392.0,6446267392.0,412720752640.0,1093.0,1093.0,1093.0,,1093.0,1093.0,0.0,,,,,,,,,,,,,,,,,,,,,,,,,,,,,,,,,,,,,,,,,,,,,,,,,,,,,,,,,,,,,,,,,,,,,,,,,,,,,,,,,,,,,,,,,,,,,,,,,,,,,,,,,,,,1093.0,1093.0,0.0,,,,1093.0,1093.0,,,,,,,,1093.0,,,,,,,,,,,,,,,,,,,,,63.68,63.68,,,,,70.54,70.54,0.0,0.0,0.0,1.5,0.09,False,False,True,True,,,,,True,True,False,False,False,,,,,,,,,,,,,,,,,,,,,,,,,,,,,,,,,,,,,,,,
012436398608_dsl,Gurgaon,108.0,NKOTDF0001E7,NOKIA,5A8CF8F08505,Haryana,0.0,0.0,0.0,0.0,100.0,10.45,False,False,0.0,0.0,0.0,0.0,0.0,0.0,,0.0,1.2,0.31,AOT4221NK,MacBookPro,LAPTOP,Apple,MacBook,False,False,False,False,False,False,False,False,False,,False,4056.0,0.0,4056.0,3715871744.0,3715871744.0,35547721728.0,338.0,338.0,,338.0,338.0,0.0,338.0,,,,,,,,,,,,,,,,,,,,,,,,,,,,,,,,,,,,,,,,,,,,,,,,,,,,,,,,,,,,,,,,,,,,,,,,,,,,,,,,,,,,,,,,,,,,,,,,,,,,,,,,,,,,338.0,0.0,338.0,0.0,4056.0,4056.0,338.0,,338.0,,,,,,,338.0,,,,,,,,,,,,,,,,,,,,,0.0,,0.0,0.0,0.0,0.0,0.0,0.0,0.0,0.0,0.0,1.2,0.31,False,False,False,,False,False,False,False,False,False,False,False,False,,,,,,,,,,,,,,,,,,,,,,,,,,,,,,,,,,,,,,,,
012444801137_dsl,Gurgaon,108.0,NKOTDF000165,NOKIA,A09208536DDC,Haryana,,,,100.0,0.0,0.06,,,0.0,,80.72,80.72,0.0,0.0,0.0,,0.0,0.0,AOT4221NK,,,,,,,,False,,True,True,False,False,False,,,,,18816000.0,18816000.0,32383142912.0,446.0,446.0,446.0,,446.0,446.0,0.0,,,,,,,,,,,,,,,,,,,,,,,,,,,,,,,,,,,,,,,,,,,,,,,,,,,,,,,,,,,,,,,,,,,,,,,,,,,,,,,,,,,,,,,,,,,,,,,,,,,,,,,,,,,,446.0,446.0,0.0,,,,446.0,446.0,,,,,,,,446.0,,,,,,,,,,,,,,,,,,,,,0.0,0.0,,,,,80.72,80.72,0.0,,0.0,0.0,0.0,,,False,False,,,,,True,True,False,,False,,,,,,,,,,,,,,,,,,,,,,,,,,,,,,,,,,,,,,,,
012436398608_dsl,Gurgaon,108.0,NKOTDF0001E7,NOKIA,36C731F77459,Haryana,0.0,0.0,0.0,0.0,100.0,14.84,False,True,0.0,1.0,0.0,0.0,0.0,0.0,,0.0,2.93,0.05,AOT4221NK,iPad,,,,False,False,False,False,False,False,False,False,False,,False,780.0,0.0,780.0,5273646080.0,5273646080.0,35547721728.0,65.0,65.0,,65.0,65.0,0.0,65.0,,,,,,,,,,,,,,,,,,,,,,,,,,,,,,,,,,,,,,,,,,,,,,,,,,,,,,,,,,,,,,,,,,,,,,,,,,,,,,,,,,,,,,,,,,,,,,,,,,,,,,,,,,,,65.0,0.0,65.0,0.0,780.0,780.0,65.0,,65.0,,,,,,,65.0,,,,,,,,,,,,,,,,,,,,,0.0,,0.0,0.0,0.0,0.0,0.0,0.0,0.0,1.0,0.0,2.93,0.05,False,True,False,,False,False,False,False,False,False,False,False,False,,,,,,,,,,,,,,,,,,,,,,,,,,,,,,,,,,,,,,,,
012444801137_dsl,Gurgaon,108.0,NKOTDF000165,NOKIA,9877D53D4080,Haryana,,,,100.0,0.0,0.01,,,0.0,1.0,55.45,55.45,0.0,0.0,0.0,,0.0,0.0,AOT4221NK,,,,,,,,False,False,False,False,False,False,False,,,,,2762752.0,2762752.0,32383142912.0,220.0,220.0,220.0,,220.0,220.0,0.0,,,,,,,,,,,,,,,,,,,,,,,,,,,,,,,,,,,,,,,,,,,,,,,,,,,,,,,,,,,,,,,,,,,,,,,,,,,,,,,,,,,,,,,,,,,,,,,,,,,,,,,,,,,,220.0,220.0,0.0,,,,220.0,220.0,,,,,,,,220.0,,,,,,,,,,,,,,,,,,,,,0.0,0.0,,,,,55.45,55.45,0.0,1.0,0.0,0.0,0.0,,,False,False,,,,,False,False,False,False,False,,,,,,,,,,,,,,,,,,,,,,,,,,,,,,,,,,,,,,,,
01246232448_dsl,Gurgaon,108.0,NKOT2F045EF1,NOKIA,325B49E35801,Haryana,,,,0.0,100.0,19.03,,,0.0,5.0,0.0,0.0,0.0,0.0,,0.0,0.23,0.01,AAP321NK,Anils-Galaxy-S9,,,,,,,False,False,False,False,False,False,,False,,,,1860526080.0,1860526080.0,9776389899.0,155.0,155.0,,155.0,155.0,0.0,155.0,,,,,,,,,,,,,,,,,,,,,,,,,,,,,,,,,,,,,,,,,,,,,,,,,,,,,,,,,,,,,,,,,,,,,,,,,,,,,,,,,,,,,,,,,,,,,,,,,,,,,,,,,,,,155.0,0.0,155.0,,,,155.0,,155.0,,,,,,,155.0,,,,,,,,,,,,,,,,,,,,,0.0,,0.0,,,,0.0,0.0,0.0,5.0,0.0,0.23,0.01,,,False,,False,,,,False,False,False,False,False,,,,,,,,,,,,,,,,,,,,,,,,,,,,,,,,,,,,,,,,
012444801137_dsl,Gurgaon,108.0,NKOTDF000165,NOKIA,9877D5D771C0,Haryana,,,,100.0,0.0,0.03,False,False,0.0,1.0,62.64,62.64,0.0,0.0,0.0,,0.0,0.0,AOT4221NK,wiz_d771c0,,,,,,,False,False,True,True,False,False,False,,,,,9307136.0,9307136.0,32383142912.0,182.0,182.0,182.0,,182.0,182.0,0.0,,,,,,,,,,,,,,,,,,,,,,,,,,,,,,,,,,,,,,,,,,,,,,,,,,,,,,,,,,,,,,,,,,,,,,,,,,,,,,,,,,,,,,,,,,,,,,,,,,,,,,,,,,,,182.0,182.0,0.0,,,,182.0,182.0,,,,,,,,182.0,,,,,,,,,,,,,,,,,,,,,0.0,0.0,,,,,62.64,62.64,0.0,1.0,0.0,0.0,0.0,False,False,False,False,,,,,True,True,False,False,False,,,,,,,,,,,,,,,,,,,,,,,,,,,,,,,,,,,,,,,,
012444801137_dsl,Gurgaon,108.0,NKOTDF000165,NOKIA,60DC81CCA4D0,Haryana,,,,100.0,0.0,0.09,False,False,0.0,2.0,92.9,92.9,0.0,0.0,0.0,,0.0,0.01,AOT4221NK,,,,,,,,False,False,True,True,False,False,False,,,,,30519296.0,30519296.0,32383142912.0,465.0,465.0,465.0,,465.0,465.0,0.0,,,,,,,,,,,,,,,,,,,,,,,,,,,,,,,,,,,,,,,,,,,,,,,,,,,,,,,,,,,,,,,,,,,,,,,,,,,,,,,,,,,,,,,,,,,,,,,,,,,,,,,,,,,,465.0,465.0,0.0,,,,465.0,465.0,,,,,,,,465.0,,,,,,,,,,,,,,,,,,,,,0.0,0.0,,,,,92.9,92.9,0.0,2.0,0.0,0.0,0.01,False,False,False,False,,,,,True,True,False,False,False,,,,,,,,,,,,,,,,,,,,,,,,,,,,,,,,,,,,,,,,
012444903348_dsl,Gurgaon,108.0,NKOT0F01CE7E,NOKIA,3644BFE90759,Haryana,,,,0.0,100.0,0.1,False,False,0.0,0.0,0.0,0.0,0.0,0.0,,0.0,0.01,0.0,AOT4221NK,iPad,TABLET,Apple,iPad,,,,False,False,False,False,False,False,,False,,,,33183744.0,33183744.0,34913498216.0,246.0,246.0,,246.0,246.0,0.0,246.0,,,,,,,,,,,,,,,,,,,,,,,,,,,,,,,,,,,,,,,,,,,,,,,,,,,,,,,,,,,,,,,,,,,,,,,,,,,,,,,,,,,,,,,,,,,,,,,,,,,,,,,,,,,,246.0,0.0,246.0,,,,246.0,,246.0,,,,,,,246.0,,,,,,,,,,,,,,,,,,,,,0.0,,0.0,,,,0.0,0.0,0.0,0.0,0.0,0.01,0.0,False,False,False,,False,,,,False,False,False,False,False,,,,,,,,,,,,,,,,,,,,,,,,,,,,,,,,,,,,,,,,
012436398608_dsl,Gurgaon,108.0,NKOTDF0001E7,NOKIA,4CC95E7815B6,Haryana,0.0,0.0,0.0,0.0,100.0,0.21,False,True,0.0,3.0,0.0,0.0,0.0,0.0,,0.0,0.01,0.01,AOT4221NK,Samsung,,,,False,False,False,False,False,False,False,False,False,,False,3384.0,0.0,3384.0,73391104.0,73391104.0,35547721728.0,282.0,282.0,,282.0,282.0,0.0,282.0,,,,,,,,,,,,,,,,,,,,,,,,,,,,,,,,,,,,,,,,,,,,,,,,,,,,,,,,,,,,,,,,,,,,,,,,,,,,,,,,,,,,,,,,,,,,,,,,,,,,,,,,,,,,282.0,0.0,282.0,0.0,3384.0,3384.0,282.0,,282.0,,,,,,,282.0,,,,,,,,,,,,,,,,,,,,,0.0,,0.0,0.0,0.0,0.0,0.0,0.0,0.0,3.0,0.0,0.01,0.01,False,True,False,,False,False,False,False,False,False,False,False,False,,,,,,,,,,,,,,,,,,,,,,,,,,,,,,,,,,,,,,,,
012444801137_dsl,Gurgaon,108.0,NKOTDF000165,NOKIA,46C1F4D28799,Haryana,0.0,0.0,0.0,0.0,100.0,16.15,,,0.0,2.0,0.0,0.0,0.0,0.0,,0.0,1.75,0.52,AOT4221NK,AAP321NK,WIFI_EXTENDER,,AAP321NK,False,False,False,False,False,False,False,False,False,,False,7579.0,0.0,7579.0,5231323136.0,5231323136.0,32383142912.0,583.0,583.0,,583.0,583.0,0.0,583.0,,,,,,,,,,,,,,,,,,,,,,,,,,,,,,,,,,,,,,,,,,,,,,,,,,,,,,,,,,,,,,,,,,,,,,,,,,,,,,,,,,,,,,,,,,,,,,,,,,,,,,,,,,,,583.0,0.0,583.0,0.0,7579.0,7579.0,583.0,,583.0,,,,,,,583.0,,,,,,,,,,,,,,,,,,,,,0.0,,0.0,0.0,0.0,0.0,0.0,0.0,0.0,2.0,0.0,1.75,0.52,,,False,,False,False,False,False,False,False,False,False,False,,,,,,,,,,,,,,,,,,,,,,,,,,,,,,,,,,,,,,,,
012421019184_wifi,Gurgaon,108.0,ZYOTB0900058,NOKIA,126FBBBC1135,Haryana,0.0,0.0,0.0,99.97,0.03,95.84,True,False,0.0,2.0,1.56,1.57,0.0,7.89,7.96,0.0,36.48,12.91,AOT5222ZY,Mac,,,,False,False,False,False,False,False,False,False,False,False,False,90.0,0.0,90.0,395545020416.0,395545020416.0,412720752640.0,1027.0,1027.0,1018.0,9.0,1027.0,1018.0,9.0,,,,,,,,,,,,,,,,,,,,,,,,,,,,,,,,,,,,,,,,,,,,,,,,,,,,,,,,,,,,,,,,,,,,,,,,,,,,,,,,,,,,,,,,,,,,,,,,,,,,,,,,,,,,1027.0,1018.0,9.0,0.0,90.0,90.0,1027.0,1018.0,9.0,,,,,,,1027.0,,,,,,,,,,,,,,,,,,,,,7.89,7.96,0.0,0.0,0.0,0.0,1.56,1.57,0.0,2.0,0.0,36.48,12.91,True,False,False,False,False,False,False,False,False,False,False,False,False,,,,,,,,,,,,,,,,,,,,,,,,,,,,,,,,,,,,,,,,
012444801137_dsl,Gurgaon,108.0,NKOTDF000165,NOKIA,6288AC047A9A,Haryana,0.0,0.0,0.0,0.11,99.89,0.16,,,0.0,1.0,100.0,100.0,100.0,0.0,0.0,0.0,0.01,0.0,AOT4221NK,SM-R875F,WEARABLE,Samsung,Galaxy Watch4 (44mm),False,False,False,False,False,True,True,True,False,False,False,3679.0,0.0,3679.0,50744320.0,50744320.0,32383142912.0,310.0,310.0,27.0,283.0,310.0,27.0,283.0,,,,,,,,,,,,,,,,,,,,,,,,,,,,,,,,,,,,,,,,,,,,,,,,,,,,,,,,,,,,,,,,,,,,,,,,,,,,,,,,,,,,,,,,,,,,,,,,,,,,,,,,,,,,310.0,27.0,283.0,0.0,3679.0,3679.0,310.0,27.0,283.0,,,,,,,310.0,,,,,,,,,,,,,,,,,,,,,0.0,0.0,0.0,0.0,0.0,0.0,100.0,100.0,100.0,1.0,0.0,0.01,0.0,,,False,False,False,False,False,False,True,True,True,False,False,,,,,,,,,,,,,,,,,,,,,,,,,,,,,,,,,,,,,,,,
01244054723_dsl,Gurgaon,108.0,NKOT0F0226EE,NOKIA,168232BE1BF2,Haryana,0.0,0.0,0.0,0.0,100.0,0.71,,,0.0,,0.0,0.0,0.0,0.0,,0.0,0.06,0.01,AAP321NK,,,,,False,False,False,False,,False,False,False,False,,False,6672.0,0.0,6672.0,282974208.0,282974208.0,39818841088.0,556.0,556.0,,556.0,556.0,0.0,556.0,,,,,,,,,,,,,,,,,,,,,,,,,,,,,,,,,,,,,,,,,,,,,,,,,,,,,,,,,,,,,,,,,,,,,,,,,,,,,,,,,,,,,,,,,,,,,,,,,,,,,,,,,,,,556.0,0.0,556.0,0.0,6672.0,6672.0,556.0,,556.0,,,,,,,556.0,,,,,,,,,,,,,,,,,,,,,0.0,,0.0,0.0,0.0,0.0,0.0,0.0,0.0,,0.0,0.06,0.01,,,False,,False,False,False,False,False,False,False,,False,,,,,,,,,,,,,,,,,,,,,,,,,,,,,,,,,,,,,,,,
012421019184_wifi,Gurgaon,108.0,ZYOTB0900058,NOKIA,3E7FBC5D16AC,Haryana,11.11,0.0,11.11,0.0,0.0,0.0,False,False,0.0,0.0,0.0,0.0,0.0,11.11,,11.11,0.13,0.1,AOT5222ZY,,,,,False,False,False,False,False,False,False,False,False,,False,7290.0,0.0,7290.0,0.0,0.0,412720752640.0,729.0,729.0,,729.0,729.0,0.0,729.0,,,,,,,,,,,,,,,,,,,,,,,,,,,,,,,,,,,,,,,,,,,,,,,,,,,,,,,,,,,,,,,,,,,,,,,,,,,,,,,,,,,,,,,,,,,,,,,,,,,,,,,,,,,,729.0,0.0,729.0,0.0,7290.0,7290.0,729.0,,729.0,,,,,,,729.0,,,,,,,,,,,,,,,,,,,,,11.11,,11.11,11.11,0.0,11.11,0.0,0.0,0.0,0.0,0.0,0.13,0.1,False,False,False,,False,False,False,False,False,False,False,False,False,,,,,,,,,,,,,,,,,,,,,,,,,,,,,,,,,,,,,,,,
01244054723_dsl,Gurgaon,108.0,NKOT0F0226EE,NOKIA,FC671FF55A2E,Haryana,,,,100.0,0.0,0.0,False,False,0.0,3.0,100.0,100.0,0.0,0.0,0.0,,0.0,0.0,AAP321NK,wlan0,SMART_HOME,Tuya,Smart Device,,,,False,False,True,True,False,False,False,,,,,2048.0,2048.0,39818841088.0,1.0,1.0,1.0,,1.0,1.0,0.0,,,,,,,,,,,,,,,,,,,,,,,,,,,,,,,,,,,,,,,,,,,,,,,,,,,,,,,,,,,,,,,,,,,,,,,,,,,,,,,,,,,,,,,,,,,,,,,,,,,,,,,,,,,,1.0,1.0,0.0,,,,1.0,1.0,,,,,,,,1.0,,,,,,,,,,,,,,,,,,,,,0.0,0.0,,,,,100.0,100.0,0.0,3.0,0.0,0.0,0.0,False,False,False,False,,,,,True,True,False,False,False,,,,,,,,,,,,,,,,,,,,,,,,,,,,,,,,,,,,,,,,
01246232448_dsl,Gurgaon,108.0,NKOT2F045EF1,NOKIA,1C57DC71A166,Haryana,0.0,0.0,0.0,0.0,100.0,0.03,False,False,0.0,1.0,0.0,0.0,0.0,0.0,,0.0,0.01,0.01,AAP321NK,Ritviks-Air,STREAMING_DEVICE,,Apple TV,False,False,False,False,False,False,False,False,False,,False,130.0,0.0,130.0,2900280.0,2900280.0,9776389899.0,92.0,92.0,,92.0,92.0,0.0,92.0,,,,,,,,,,,,,,,,,,,,,,,,,,,,,,,,,,,,,,,,,,,,,,,,,,,,,,,,,,,,,,,,,,,,,,,,,,,,,,,,,,,,,,,,,,,,,,,,,,,,,,,,,,,,92.0,0.0,92.0,0.0,130.0,130.0,92.0,,92.0,,,,,,,92.0,,,,,,,,,,,,,,,,,,,,,0.0,,0.0,0.0,0.0,0.0,0.0,0.0,0.0,1.0,0.0,0.01,0.01,False,False,False,,False,False,False,False,False,False,False,False,False,,,,,,,,,,,,,,,,,,,,,,,,,,,,,,,,,,,,,,,,
01246232448_dsl,Gurgaon,108.0,NKOT2F045EF1,NOKIA,CE6E364C323F,Haryana,,,,0.0,100.0,0.71,,,0.0,6.0,0.0,0.0,0.0,0.0,,0.0,0.3,0.02,AAP321NK,,,,,,,,False,True,False,False,False,False,,False,,,,69359616.0,69359616.0,9776389899.0,155.0,155.0,,155.0,155.0,0.0,155.0,,,,,,,,,,,,,,,,,,,,,,,,,,,,,,,,,,,,,,,,,,,,,,,,,,,,,,,,,,,,,,,,,,,,,,,,,,,,,,,,,,,,,,,,,,,,,,,,,,,,,,,,,,,,155.0,0.0,155.0,,,,155.0,,155.0,,,,,,,155.0,,,,,,,,,,,,,,,,,,,,,0.0,,0.0,,,,0.0,0.0,0.0,6.0,0.0,0.3,0.02,,,False,,False,,,,False,False,False,True,False,,,,,,,,,,,,,,,,,,,,,,,,,,,,,,,,,,,,,,,,
012421019184_wifi,Gurgaon,108.0,ZYOTB0900058,NOKIA,82E734ECC17F,Haryana,98.95,0.0,98.95,0.0,100.0,0.01,False,False,0.0,5.0,0.0,0.0,0.0,98.95,,98.95,0.42,0.02,AOT5222ZY,Mac,,,,True,False,True,False,False,False,False,False,True,,True,7640.0,0.0,7640.0,34868224.0,34868224.0,412720752640.0,764.0,764.0,,764.0,764.0,0.0,764.0,,,,,,,,,,,,,,,,,,,,,,,,,,,,,,,,,,,,,,,,,,,,,,,,,,,,,,,,,,,,,,,,,,,,,,,,,,,,,,,,,,,,,,,,,,,,,,,,,,,,,,,,,,,,764.0,0.0,764.0,0.0,7640.0,7640.0,764.0,,764.0,,,,,,,764.0,,,,,,,,,,,,,,,,,,,,,98.95,,98.95,98.95,0.0,98.95,0.0,0.0,0.0,5.0,0.0,0.42,0.02,False,False,True,,True,True,False,True,False,False,False,False,False,,,,,,,,,,,,,,,,,,,,,,,,,,,,,,,,,,,,,,,,
012444801137_dsl,Gurgaon,108.0,NKOTDF000165,NOKIA,0E8F1FC5025E,Haryana,0.0,0.0,0.0,50.92,49.08,0.38,False,False,0.0,10.0,0.78,50.0,0.0,0.0,0.0,0.0,0.67,0.05,AOT4221NK,,,,,False,False,False,False,True,False,False,False,False,False,False,1638.0,0.0,1638.0,123493376.0,123493376.0,32383142912.0,128.0,128.0,2.0,126.0,128.0,2.0,126.0,,,,,,,,,,,,,,,,,,,,,,,,,,,,,,,,,,,,,,,,,,,,,,,,,,,,,,,,,,,,,,,,,,,,,,,,,,,,,,,,,,,,,,,,,,,,,,,,,,,,,,,,,,,,128.0,2.0,126.0,0.0,1638.0,1638.0,128.0,2.0,126.0,,,,,,,128.0,,,,,,,,,,,,,,,,,,,,,0.0,0.0,0.0,0.0,0.0,0.0,0.78,50.0,0.0,10.0,0.0,0.67,0.05,False,False,False,False,False,False,False,False,False,False,False,True,False,,,,,,,,,,,,,,,,,,,,,,,,,,,,,,,,,,,,,,,,
012436398608_dsl,Gurgaon,108.0,NKOTDF0001E7,NOKIA,E8AACBA5B753,Haryana,,,,100.0,0.0,7.72,False,False,0.0,2.0,9.09,9.09,0.0,0.0,0.0,,2.34,0.04,AOT4221NK,Samsung,,,,,,,False,False,False,False,False,False,False,,,,,2743574528.0,2743574528.0,35547721728.0,44.0,44.0,44.0,,44.0,44.0,0.0,,,,,,,,,,,,,,,,,,,,,,,,,,,,,,,,,,,,,,,,,,,,,,,,,,,,,,,,,,,,,,,,,,,,,,,,,,,,,,,,,,,,,,,,,,,,,,,,,,,,,,,,,,,,44.0,44.0,0.0,,,,44.0,44.0,,,,,,,,44.0,,,,,,,,,,,,,,,,,,,,,0.0,0.0,,,,,9.09,9.09,0.0,2.0,0.0,2.34,0.04,False,False,False,False,,,,,False,False,False,False,False,,,,,,,,,,,,,,,,,,,,,,,,,,,,,,,,,,,,,,,,
012445159575_dsl,Gurgaon,108.0,ZYOTFD000042,NOKIA,EEF8085B863E,Haryana,49.62,0.0,49.62,0.0,100.0,10.92,,,0.0,,32.83,0.0,32.83,49.62,,49.62,3.7,0.09,AOT5221ZY,,,,,False,False,False,False,,False,False,False,False,,False,5300.0,0.0,5300.0,6998219776.0,6998219776.0,64068293632.0,530.0,530.0,,530.0,530.0,0.0,530.0,,,,,,,,,,,,,,,,,,,,,,,,,,,,,,,,,,,,,,,,,,,,,,,,,,,,,,,,,,,,,,,,,,,,,,,,,,,,,,,,,,,,,,,,,,,,,,,,,,,,,,,,,,,,530.0,0.0,530.0,0.0,5300.0,5300.0,530.0,,530.0,,,,,,,530.0,,,,,,,,,,,,,,,,,,,,,49.62,,49.62,49.62,0.0,49.62,32.83,0.0,32.83,,0.0,3.7,0.09,,,False,,False,False,False,False,False,False,False,,False,,,,,,,,,,,,,,,,,,,,,,,,,,,,,,,,,,,,,,,,
012444801137_dsl,Gurgaon,108.0,NKOTDF000165,NOKIA,EEB2A6A2A1E6,Haryana,0.0,0.0,0.0,0.0,100.0,31.88,False,False,0.0,17.0,0.79,0.0,0.79,0.0,,0.0,2.02,0.56,AOT4221NK,Aditya-Vikram-s-A36,PHONE,Samsung,Galaxy A36 5G,False,False,False,False,True,False,False,False,False,,False,1638.0,0.0,1638.0,10322291712.0,10322291712.0,32383142912.0,126.0,126.0,,126.0,126.0,0.0,126.0,,,,,,,,,,,,,,,,,,,,,,,,,,,,,,,,,,,,,,,,,,,,,,,,,,,,,,,,,,,,,,,,,,,,,,,,,,,,,,,,,,,,,,,,,,,,,,,,,,,,,,,,,,,,126.0,0.0,126.0,0.0,1638.0,1638.0,126.0,,126.0,,,,,,,126.0,,,,,,,,,,,,,,,,,,,,,0.0,,0.0,0.0,0.0,0.0,0.79,0.0,0.79,17.0,0.0,2.02,0.56,False,False,False,,False,False,False,False,False,False,False,True,False,,,,,,,,,,,,,,,,,,,,,,,,,,,,,,,,,,,,,,,,
01244081160_dsl,Gurgaon,108.0,NKOT0F01CE6F,NOKIA,624E55188F68,Haryana,0.0,0.0,0.0,0.0,100.0,0.09,,,0.0,,0.0,0.0,0.0,0.0,,0.0,0.0,0.0,AOT4221NK,,,,,False,False,False,False,,False,False,False,False,,False,4238.0,0.0,4238.0,11022336.0,11022336.0,11819001856.0,326.0,326.0,,326.0,326.0,0.0,326.0,,,,,,,,,,,,,,,,,,,,,,,,,,,,,,,,,,,,,,,,,,,,,,,,,,,,,,,,,,,,,,,,,,,,,,,,,,,,,,,,,,,,,,,,,,,,,,,,,,,,,,,,,,,,326.0,0.0,326.0,0.0,4238.0,4238.0,326.0,,326.0,,,,,,,326.0,,,,,,,,,,,,,,,,,,,,,0.0,,0.0,0.0,0.0,0.0,0.0,0.0,0.0,,0.0,0.0,0.0,,,False,,False,False,False,False,False,False,False,,False,,,,,,,,,,,,,,,,,,,,,,,,,,,,,,,,,,,,,,,,
012447862103_dsl,Gurgaon,108.0,ZYOTB0900020,NOKIA,B64DBCFFA6ED,Haryana,0.0,0.0,0.0,0.0,100.0,0.08,,,0.0,,0.0,0.0,0.0,0.0,,0.0,0.0,0.0,AOT5222ZY,,,,,False,False,False,False,,False,False,False,False,,False,3444.0,0.0,3444.0,15741952.0,15741952.0,20089200640.0,246.0,246.0,,246.0,246.0,0.0,246.0,,,,,,,,,,,,,,,,,,,,,,,,,,,,,,,,,,,,,,,,,,,,,,,,,,,,,,,,,,,,,,,,,,,,,,,,,,,,,,,,,,,,,,,,,,,,,,,,,,,,,,,,,,,,246.0,0.0,246.0,0.0,3444.0,3444.0,246.0,,246.0,,,,,,,246.0,,,,,,,,,,,,,,,,,,,,,0.0,,0.0,0.0,0.0,0.0,0.0,0.0,0.0,,0.0,0.0,0.0,,,False,,False,False,False,False,False,False,False,,False,,,,,,,,,,,,,,,,,,,,,,,,,,,,,,,,,,,,,,,,
01244081160_dsl,Gurgaon,108.0,NKOT0F01CE6F,NOKIA,A2B5039A07F0,Haryana,0.0,0.0,0.0,0.0,100.0,0.7,False,False,0.0,37.0,0.0,0.0,0.0,0.0,,0.0,0.82,0.05,AOT4221NK,iPhone,PHONE,,iPhone,False,False,False,False,True,False,False,False,False,,False,325.0,0.0,325.0,82491392.0,82491392.0,11819001856.0,25.0,25.0,,25.0,25.0,0.0,25.0,,,,,,,,,,,,,,,,,,,,,,,,,,,,,,,,,,,,,,,,,,,,,,,,,,,,,,,,,,,,,,,,,,,,,,,,,,,,,,,,,,,,,,,,,,,,,,,,,,,,,,,,,,,,25.0,0.0,25.0,0.0,325.0,325.0,25.0,,25.0,,,,,,,25.0,,,,,,,,,,,,,,,,,,,,,0.0,,0.0,0.0,0.0,0.0,0.0,0.0,0.0,37.0,0.0,0.82,0.05,False,False,False,,False,False,False,False,False,False,False,True,False,,,,,,,,,,,,,,,,,,,,,,,,,,,,,,,,,,,,,,,,
012444903348_dsl,Gurgaon,108.0,NKOT0F01CE7E,NOKIA,8E9D83596BDF,Haryana,,,,0.0,100.0,4.13,,,0.0,,0.0,0.0,0.0,0.0,,0.0,0.46,0.04,AOT4221NK,,,,,,,,False,,False,False,False,False,,False,,,,1440810779.0,1440810779.0,34913498216.0,482.0,482.0,,482.0,482.0,0.0,482.0,,,,,,,,,,,,,,,,,,,,,,,,,,,,,,,,,,,,,,,,,,,,,,,,,,,,,,,,,,,,,,,,,,,,,,,,,,,,,,,,,,,,,,,,,,,,,,,,,,,,,,,,,,,,482.0,0.0,482.0,,,,482.0,,482.0,,,,,,,482.0,,,,,,,,,,,,,,,,,,,,,0.0,,0.0,,,,0.0,0.0,0.0,,0.0,0.46,0.04,,,False,,False,,,,False,False,False,,False,,,,,,,,,,,,,,,,,,,,,,,,,,,,,,,,,,,,,,,,
01244054723_dsl,Gurgaon,108.0,NKOT0F0226EE,NOKIA,FA221A76C102,Haryana,0.0,0.0,0.0,4.41,95.59,0.38,False,False,0.0,4.0,5.8,100.0,0.0,0.0,0.0,0.0,0.67,0.09,AAP321NK,iPhone,PHONE,Apple,iPhone,False,False,False,False,False,False,True,False,False,False,False,1560.0,0.0,1560.0,150567936.0,150567936.0,39818841088.0,138.0,138.0,8.0,130.0,138.0,8.0,130.0,,,,,,,,,,,,,,,,,,,,,,,,,,,,,,,,,,,,,,,,,,,,,,,,,,,,,,,,,,,,,,,,,,,,,,,,,,,,,,,,,,,,,,,,,,,,,,,,,,,,,,,,,,,,138.0,8.0,130.0,0.0,1560.0,1560.0,138.0,8.0,130.0,,,,,,,138.0,,,,,,,,,,,,,,,,,,,,,0.0,0.0,0.0,0.0,0.0,0.0,5.8,100.0,0.0,4.0,0.0,0.67,0.09,False,False,False,False,False,False,False,False,False,True,False,False,False,,,,,,,,,,,,,,,,,,,,,,,,,,,,,,,,,,,,,,,,
012445159575_dsl,Gurgaon,108.0,ZYOTFD000042,NOKIA,C20991673E48,Haryana,0.0,0.0,0.0,0.0,100.0,0.35,,,0.0,,0.0,0.0,0.0,0.0,,0.0,0.02,0.02,AOT5221ZY,,,,,False,False,False,False,,False,False,False,False,,False,3370.0,0.0,3370.0,221597696.0,221597696.0,64068293632.0,337.0,337.0,,337.0,337.0,0.0,337.0,,,,,,,,,,,,,,,,,,,,,,,,,,,,,,,,,,,,,,,,,,,,,,,,,,,,,,,,,,,,,,,,,,,,,,,,,,,,,,,,,,,,,,,,,,,,,,,,,,,,,,,,,,,,337.0,0.0,337.0,0.0,3370.0,3370.0,337.0,,337.0,,,,,,,337.0,,,,,,,,,,,,,,,,,,,,,0.0,,0.0,0.0,0.0,0.0,0.0,0.0,0.0,,0.0,0.02,0.02,,,False,,False,False,False,False,False,False,False,,False,,,,,,,,,,,,,,,,,,,,,,,,,,,,,,,,,,,,,,,,
01244054723_dsl,Gurgaon,108.0,NKOT0F0226EE,NOKIA,88F4DA2E79F3,Haryana,0.0,0.0,0.0,0.0,100.0,1.1,False,False,0.0,0.0,0.0,0.0,0.0,0.0,,0.0,0.67,0.13,AAP321NK,LTB0000372-003,LAPTOP,Lenovo,Laptop,False,False,False,False,False,False,False,False,False,,False,864.0,0.0,864.0,437497856.0,437497856.0,39818841088.0,72.0,72.0,,72.0,72.0,0.0,72.0,,,,,,,,,,,,,,,,,,,,,,,,,,,,,,,,,,,,,,,,,,,,,,,,,,,,,,,,,,,,,,,,,,,,,,,,,,,,,,,,,,,,,,,,,,,,,,,,,,,,,,,,,,,,72.0,0.0,72.0,0.0,864.0,864.0,72.0,,72.0,,,,,,,72.0,,,,,,,,,,,,,,,,,,,,,0.0,,0.0,0.0,0.0,0.0,0.0,0.0,0.0,0.0,0.0,0.67,0.13,False,False,False,,False,False,False,False,False,False,False,False,False,,,,,,,,,,,,,,,,,,,,,,,,,,,,,,,,,,,,,,,,
012445159575_dsl,Gurgaon,108.0,ZYOTFD000042,NOKIA,36638CE621E6,Haryana,100.0,0.0,100.0,0.0,100.0,0.0,,,0.0,,33.33,0.0,33.33,100.0,,100.0,0.0,0.0,AOT5221ZY,,,,,True,False,True,False,,False,False,False,True,,True,270.0,0.0,270.0,746496.0,746496.0,64068293632.0,27.0,27.0,,27.0,27.0,0.0,27.0,,,,,,,,,,,,,,,,,,,,,,,,,,,,,,,,,,,,,,,,,,,,,,,,,,,,,,,,,,,,,,,,,,,,,,,,,,,,,,,,,,,,,,,,,,,,,,,,,,,,,,,,,,,,27.0,0.0,27.0,0.0,270.0,270.0,27.0,,27.0,,,,,,,27.0,,,,,,,,,,,,,,,,,,,,,100.0,,100.0,100.0,0.0,100.0,33.33,0.0,33.33,,0.0,0.0,0.0,,,True,,True,True,False,True,False,False,False,,False,,,,,,,,,,,,,,,,,,,,,,,,,,,,,,,,,,,,,,,,
012444801137_dsl,Gurgaon,108.0,NKOTDF000165,NOKIA,8CD0B2169430,Haryana,,,,100.0,0.0,0.13,,,0.0,,41.71,41.71,0.0,0.0,0.0,,0.0,0.0,AOT4221NK,,,,,,,,False,,False,False,False,False,False,,,,,41001984.0,41001984.0,32383142912.0,537.0,537.0,537.0,,537.0,537.0,0.0,,,,,,,,,,,,,,,,,,,,,,,,,,,,,,,,,,,,,,,,,,,,,,,,,,,,,,,,,,,,,,,,,,,,,,,,,,,,,,,,,,,,,,,,,,,,,,,,,,,,,,,,,,,,537.0,537.0,0.0,,,,537.0,537.0,,,,,,,,537.0,,,,,,,,,,,,,,,,,,,,,0.0,0.0,,,,,41.71,41.71,0.0,,0.0,0.0,0.0,,,False,False,,,,,False,False,False,,False,,,,,,,,,,,,,,,,,,,,,,,,,,,,,,,,,,,,,,,,
012445118300_dsl,Gurgaon,108.0,NKOT0F01D2BA,NOKIA,8C2AC12B0202,Haryana,,,,100.0,0.0,0.41,,,0.0,2.0,100.0,100.0,0.0,0.0,0.0,,0.0,0.1,AOT4221NK,LGwebOSTV,TV,LG Electronics,,,,,False,False,True,True,False,False,False,,,,,87902208.0,87902208.0,21300706304.0,27.0,27.0,27.0,,27.0,27.0,0.0,,,,,,,,,,,,,,,,,,,,,,,,,,,,,,,,,,,,,,,,,,,,,,,,,,,,,,,,,,,,,,,,,,,,,,,,,,,,,,,,,,,,,,,,,,,,,,,,,,,,,,,,,,,,27.0,27.0,0.0,,,,27.0,27.0,,,,,,,,27.0,,,,,,,,,,,,,,,,,,,,,0.0,0.0,,,,,100.0,100.0,0.0,2.0,0.0,0.0,0.1,,,False,False,,,,,True,True,False,False,False,,,,,,,,,,,,,,,,,,,,,,,,,,,,,,,,,,,,,,,,
012447957675_dsl,Gurgaon,108.0,ZYOT5E069474,NOKIA,D6E775D0DE6D,Haryana,0.0,0.0,0.0,0.0,100.0,0.0,,,0.0,,0.0,0.0,0.0,0.0,,0.0,0.01,0.01,AOT5221ZY,,,,,False,False,False,False,,False,False,False,False,,False,324.0,0.0,324.0,1622016.0,1622016.0,36218129408.0,27.0,27.0,,27.0,27.0,0.0,27.0,,,,,,,,,,,,,,,,,,,,,,,,,,,,,,,,,,,,,,,,,,,,,,,,,,,,,,,,,,,,,,,,,,,,,,,,,,,,,,,,,,,,,,,,,,,,,,,,,,,,,,,,,,,,27.0,0.0,27.0,0.0,324.0,324.0,27.0,,27.0,,,,,,,27.0,,,,,,,,,,,,,,,,,,,,,0.0,,0.0,0.0,0.0,0.0,0.0,0.0,0.0,,0.0,0.01,0.01,,,False,,False,False,False,False,False,False,False,,False,,,,,,,,,,,,,,,,,,,,,,,,,,,,,,,,,,,,,,,,
01246232448_dsl,Gurgaon,108.0,NKOT2F045EF1,NOKIA,664768FB1349,Haryana,0.0,0.0,0.0,0.0,100.0,1.43,False,False,0.0,2.0,0.0,0.0,0.0,0.0,,0.0,0.12,0.39,AAP321NK,,,,,False,False,False,False,False,False,False,False,False,,False,56.0,0.0,56.0,139470741.0,139470741.0,9776389899.0,55.0,55.0,,55.0,55.0,0.0,55.0,,,,,,,,,,,,,,,,,,,,,,,,,,,,,,,,,,,,,,,,,,,,,,,,,,,,,,,,,,,,,,,,,,,,,,,,,,,,,,,,,,,,,,,,,,,,,,,,,,,,,,,,,,,,55.0,0.0,55.0,0.0,56.0,56.0,55.0,,55.0,,,,,,,55.0,,,,,,,,,,,,,,,,,,,,,0.0,,0.0,0.0,0.0,0.0,0.0,0.0,0.0,2.0,0.0,0.12,0.39,False,False,False,,False,False,False,False,False,False,False,False,False,,,,,,,,,,,,,,,,,,,,,,,,,,,,,,,,,,,,,,,,
012436398608_dsl,Gurgaon,108.0,NKOTDF0001E7,NOKIA,EAD4701DA67C,Haryana,0.0,0.0,0.0,0.0,100.0,8.99,,,0.0,1.0,0.0,0.0,0.0,0.0,,0.0,1.3,0.03,AOT4221NK,Android_TV,STREAMING_DEVICE,Vantiva,XstreamIPTV1-VT,False,False,False,False,False,False,False,False,False,,False,5784.0,0.0,5784.0,3196063744.0,3196063744.0,35547721728.0,482.0,482.0,,482.0,482.0,0.0,482.0,,,,,,,,,,,,,,,,,,,,,,,,,,,,,,,,,,,,,,,,,,,,,,,,,,,,,,,,,,,,,,,,,,,,,,,,,,,,,,,,,,,,,,,,,,,,,,,,,,,,,,,,,,,,482.0,0.0,482.0,0.0,5784.0,5784.0,482.0,,482.0,,,,,,,482.0,,,,,,,,,,,,,,,,,,,,,0.0,,0.0,0.0,0.0,0.0,0.0,0.0,0.0,1.0,0.0,1.3,0.03,,,False,,False,False,False,False,False,False,False,False,False,,,,,,,,,,,,,,,,,,,,,,,,,,,,,,,,,,,,,,,,
012444801137_dsl,Gurgaon,108.0,NKOTDF000165,NOKIA,5A41573787E4,Haryana,0.0,0.0,0.0,0.0,100.0,0.32,,,0.0,0.0,0.0,0.0,0.0,0.0,,0.0,0.05,0.02,AOT4221NK,XstreamIPTV1-VT,OTHER,,,False,False,False,False,False,False,False,False,False,,False,6851.0,0.0,6851.0,105089024.0,105089024.0,32383142912.0,527.0,527.0,,527.0,527.0,0.0,527.0,,,,,,,,,,,,,,,,,,,,,,,,,,,,,,,,,,,,,,,,,,,,,,,,,,,,,,,,,,,,,,,,,,,,,,,,,,,,,,,,,,,,,,,,,,,,,,,,,,,,,,,,,,,,527.0,0.0,527.0,0.0,6851.0,6851.0,527.0,,527.0,,,,,,,527.0,,,,,,,,,,,,,,,,,,,,,0.0,,0.0,0.0,0.0,0.0,0.0,0.0,0.0,0.0,0.0,0.05,0.02,,,False,,False,False,False,False,False,False,False,False,False,,,,,,,,,,,,,,,,,,,,,,,,,,,,,,,,,,,,,,,,
01244081160_dsl,Gurgaon,108.0,NKOT0F01CE6F,NOKIA,982CC65FE490,Haryana,0.0,0.0,0.0,0.0,100.0,47.81,,,0.0,,0.0,0.0,0.0,0.0,,0.0,1.01,0.03,AOT4221NK,,,,,False,False,False,False,,False,False,False,False,,False,4238.0,0.0,4238.0,5651037184.0,5651037184.0,11819001856.0,326.0,326.0,,326.0,326.0,0.0,326.0,,,,,,,,,,,,,,,,,,,,,,,,,,,,,,,,,,,,,,,,,,,,,,,,,,,,,,,,,,,,,,,,,,,,,,,,,,,,,,,,,,,,,,,,,,,,,,,,,,,,,,,,,,,,326.0,0.0,326.0,0.0,4238.0,4238.0,326.0,,326.0,,,,,,,326.0,,,,,,,,,,,,,,,,,,,,,0.0,,0.0,0.0,0.0,0.0,0.0,0.0,0.0,,0.0,1.01,0.03,,,False,,False,False,False,False,False,False,False,,False,,,,,,,,,,,,,,,,,,,,,,,,,,,,,,,,,,,,,,,,
012445118300_dsl,Gurgaon,108.0,NKOT0F01D2BA,NOKIA,F2E5225B80EE,Haryana,0.0,0.0,0.0,4.56,95.44,0.09,False,False,0.0,36.0,4.76,50.0,0.0,4.76,50.0,0.0,0.06,0.05,AOT4221NK,iPhone,,,,False,False,False,False,True,False,False,False,False,False,False,190.0,0.0,190.0,20003840.0,20003840.0,21300706304.0,21.0,21.0,2.0,19.0,21.0,2.0,19.0,,,,,,,,,,,,,,,,,,,,,,,,,,,,,,,,,,,,,,,,,,,,,,,,,,,,,,,,,,,,,,,,,,,,,,,,,,,,,,,,,,,,,,,,,,,,,,,,,,,,,,,,,,,,21.0,2.0,19.0,0.0,190.0,190.0,21.0,2.0,19.0,,,,,,,21.0,,,,,,,,,,,,,,,,,,,,,4.76,50.0,0.0,0.0,0.0,0.0,4.76,50.0,0.0,36.0,0.0,0.06,0.05,False,False,False,False,False,False,False,False,False,False,False,True,False,,,,,,,,,,,,,,,,,,,,,,,,,,,,,,,,,,,,,,,,
012444801137_dsl,Gurgaon,108.0,NKOTDF000165,NOKIA,1ADDCC588ACB,Haryana,0.0,0.0,0.0,0.0,100.0,42.83,True,False,0.0,4.0,0.0,0.0,0.0,0.0,,0.0,1.67,0.2,AOT4221NK,,,,,False,False,False,False,False,False,False,False,False,,False,6279.0,0.0,6279.0,13868384256.0,13868384256.0,32383142912.0,483.0,483.0,,483.0,483.0,0.0,483.0,,,,,,,,,,,,,,,,,,,,,,,,,,,,,,,,,,,,,,,,,,,,,,,,,,,,,,,,,,,,,,,,,,,,,,,,,,,,,,,,,,,,,,,,,,,,,,,,,,,,,,,,,,,,483.0,0.0,483.0,0.0,6279.0,6279.0,483.0,,483.0,,,,,,,483.0,,,,,,,,,,,,,,,,,,,,,0.0,,0.0,0.0,0.0,0.0,0.0,0.0,0.0,4.0,0.0,1.67,0.2,True,False,False,,False,False,False,False,False,False,False,False,False,,,,,,,,,,,,,,,,,,,,,,,,,,,,,,,,,,,,,,,,
012445159575_dsl,Gurgaon,108.0,ZYOTFD000042,NOKIA,B24C6E7E6054,Haryana,42.63,0.0,42.63,0.0,100.0,0.01,,,0.0,,0.0,0.0,0.0,42.63,,42.63,0.01,0.0,AOT5221ZY,,,,,False,False,False,False,,False,False,False,False,,False,5560.0,0.0,5560.0,8926208.0,8926208.0,64068293632.0,556.0,556.0,,556.0,556.0,0.0,556.0,,,,,,,,,,,,,,,,,,,,,,,,,,,,,,,,,,,,,,,,,,,,,,,,,,,,,,,,,,,,,,,,,,,,,,,,,,,,,,,,,,,,,,,,,,,,,,,,,,,,,,,,,,,,556.0,0.0,556.0,0.0,5560.0,5560.0,556.0,,556.0,,,,,,,556.0,,,,,,,,,,,,,,,,,,,,,42.63,,42.63,42.63,0.0,42.63,0.0,0.0,0.0,,0.0,0.01,0.0,,,False,,False,False,False,False,False,False,False,,False,,,,,,,,,,,,,,,,,,,,,,,,,,,,,,,,,,,,,,,,
01244054723_dsl,Gurgaon,108.0,NKOT0F0226EE,NOKIA,D2D08E4B79CA,Haryana,0.0,0.0,0.0,0.0,100.0,0.34,False,True,0.0,5.0,0.0,0.0,0.0,0.0,,0.0,2.3,0.07,AAP321NK,Arjuns-Galaxy-Note9,,,,False,False,False,False,False,False,False,False,False,,False,4152.0,0.0,4152.0,135645184.0,135645184.0,39818841088.0,346.0,346.0,,346.0,346.0,0.0,346.0,,,,,,,,,,,,,,,,,,,,,,,,,,,,,,,,,,,,,,,,,,,,,,,,,,,,,,,,,,,,,,,,,,,,,,,,,,,,,,,,,,,,,,,,,,,,,,,,,,,,,,,,,,,,346.0,0.0,346.0,0.0,4152.0,4152.0,346.0,,346.0,,,,,,,346.0,,,,,,,,,,,,,,,,,,,,,0.0,,0.0,0.0,0.0,0.0,0.0,0.0,0.0,5.0,0.0,2.3,0.07,False,True,False,,False,False,False,False,False,False,False,False,False,,,,,,,,,,,,,,,,,,,,,,,,,,,,,,,,,,,,,,,,
012436398608_dsl,Gurgaon,108.0,NKOTDF0001E7,NOKIA,4A2B8C8008F5,Haryana,,,,100.0,0.0,25.26,True,False,0.0,2.0,44.29,44.29,0.0,0.0,0.0,,1.31,0.03,AOT4221NK,OnePlus-Nord-CE3-5G,,,,,,,False,False,False,False,False,False,False,,,,,8980029440.0,8980029440.0,35547721728.0,490.0,490.0,490.0,,490.0,490.0,0.0,,,,,,,,,,,,,,,,,,,,,,,,,,,,,,,,,,,,,,,,,,,,,,,,,,,,,,,,,,,,,,,,,,,,,,,,,,,,,,,,,,,,,,,,,,,,,,,,,,,,,,,,,,,,490.0,490.0,0.0,,,,490.0,490.0,,,,,,,,490.0,,,,,,,,,,,,,,,,,,,,,0.0,0.0,,,,,44.29,44.29,0.0,2.0,0.0,1.31,0.03,True,False,False,False,,,,,False,False,False,False,False,,,,,,,,,,,,,,,,,,,,,,,,,,,,,,,,,,,,,,,,
012447957675_dsl,Gurgaon,108.0,ZYOT5E069474,NOKIA,401A58606B5F,Haryana,0.0,0.0,0.0,0.0,100.0,74.57,,,0.0,,0.0,0.0,0.0,0.0,,0.0,19.41,0.63,AOT5221ZY,,,,,False,False,False,False,,False,False,False,False,,False,2604.0,0.0,2604.0,27007679488.0,27007679488.0,36218129408.0,217.0,217.0,,217.0,217.0,0.0,217.0,,,,,,,,,,,,,,,,,,,,,,,,,,,,,,,,,,,,,,,,,,,,,,,,,,,,,,,,,,,,,,,,,,,,,,,,,,,,,,,,,,,,,,,,,,,,,,,,,,,,,,,,,,,,217.0,0.0,217.0,0.0,2604.0,2604.0,217.0,,217.0,,,,,,,217.0,,,,,,,,,,,,,,,,,,,,,0.0,,0.0,0.0,0.0,0.0,0.0,0.0,0.0,,0.0,19.41,0.63,,,False,,False,False,False,False,False,False,False,,False,,,,,,,,,,,,,,,,,,,,,,,,,,,,,,,,,,,,,,,,
012445118300_dsl,Gurgaon,108.0,NKOT0F01D2BA,NOKIA,48E15C8D0707,Haryana,0.0,0.0,0.0,0.0,100.0,0.14,,,0.0,,0.0,0.0,0.0,0.0,,0.0,0.0,0.0,AOT4221NK,,,,,False,False,False,False,,False,False,False,False,,False,3540.0,0.0,3540.0,29857792.0,29857792.0,21300706304.0,354.0,354.0,,354.0,354.0,0.0,354.0,,,,,,,,,,,,,,,,,,,,,,,,,,,,,,,,,,,,,,,,,,,,,,,,,,,,,,,,,,,,,,,,,,,,,,,,,,,,,,,,,,,,,,,,,,,,,,,,,,,,,,,,,,,,354.0,0.0,354.0,0.0,3540.0,3540.0,354.0,,354.0,,,,,,,354.0,,,,,,,,,,,,,,,,,,,,,0.0,,0.0,0.0,0.0,0.0,0.0,0.0,0.0,,0.0,0.0,0.0,,,False,,False,False,False,False,False,False,False,,False,,,,,,,,,,,,,,,,,,,,,,,,,,,,,,,,,,,,,,,,
012447957675_dsl,Gurgaon,108.0,ZYOT5E069474,NOKIA,985F4150D27D,Haryana,0.0,0.0,0.0,0.0,100.0,0.01,,,0.0,,0.0,0.0,0.0,0.0,,0.0,0.0,0.01,AOT5221ZY,,,,,False,False,False,False,,False,False,False,False,,False,12.0,0.0,12.0,1946624.0,1946624.0,36218129408.0,1.0,1.0,,1.0,1.0,0.0,1.0,,,,,,,,,,,,,,,,,,,,,,,,,,,,,,,,,,,,,,,,,,,,,,,,,,,,,,,,,,,,,,,,,,,,,,,,,,,,,,,,,,,,,,,,,,,,,,,,,,,,,,,,,,,,1.0,0.0,1.0,0.0,12.0,12.0,1.0,,1.0,,,,,,,1.0,,,,,,,,,,,,,,,,,,,,,0.0,,0.0,0.0,0.0,0.0,0.0,0.0,0.0,,0.0,0.0,0.01,,,False,,False,False,False,False,False,False,False,,False,,,,,,,,,,,,,,,,,,,,,,,,,,,,,,,,,,,,,,,,
012436398608_dsl,Gurgaon,108.0,NKOTDF0001E7,NOKIA,FAB7B87A32B0,Haryana,0.0,0.0,0.0,94.38,5.62,1.55,True,False,0.0,10.0,2.35,2.63,0.0,0.0,0.0,0.0,0.67,0.11,AOT4221NK,,,,,False,False,False,False,True,False,False,False,False,False,False,108.0,0.0,108.0,550684672.0,550684672.0,35547721728.0,85.0,85.0,76.0,9.0,85.0,76.0,9.0,,,,,,,,,,,,,,,,,,,,,,,,,,,,,,,,,,,,,,,,,,,,,,,,,,,,,,,,,,,,,,,,,,,,,,,,,,,,,,,,,,,,,,,,,,,,,,,,,,,,,,,,,,,,85.0,76.0,9.0,0.0,108.0,108.0,85.0,76.0,9.0,,,,,,,85.0,,,,,,,,,,,,,,,,,,,,,0.0,0.0,0.0,0.0,0.0,0.0,2.35,2.63,0.0,10.0,0.0,0.67,0.11,True,False,False,False,False,False,False,False,False,False,False,True,False,,,,,,,,,,,,,,,,,,,,,,,,,,,,,,,,,,,,,,,,
01244054723_dsl,Gurgaon,108.0,NKOT0F0226EE,NOKIA,CC6B1E9D361D,Haryana,0.0,0.0,0.0,0.0,100.0,32.16,False,True,0.0,2.0,22.54,0.0,22.54,0.0,,0.0,3.88,0.17,AAP321NK,LAPTOP-333I3CKG,,,,False,False,False,False,False,False,False,False,False,,False,7668.0,0.0,7668.0,12805835776.0,12805835776.0,39818841088.0,639.0,639.0,,639.0,639.0,0.0,639.0,,,,,,,,,,,,,,,,,,,,,,,,,,,,,,,,,,,,,,,,,,,,,,,,,,,,,,,,,,,,,,,,,,,,,,,,,,,,,,,,,,,,,,,,,,,,,,,,,,,,,,,,,,,,639.0,0.0,639.0,0.0,7668.0,7668.0,639.0,,639.0,,,,,,,639.0,,,,,,,,,,,,,,,,,,,,,0.0,,0.0,0.0,0.0,0.0,22.54,0.0,22.54,2.0,0.0,3.88,0.17,False,True,False,,False,False,False,False,False,False,False,False,False,,,,,,,,,,,,,,,,,,,,,,,,,,,,,,,,,,,,,,,,
01244054723_dsl,Gurgaon,108.0,NKOT0F0226EE,NOKIA,5AA1E0C63E20,Haryana,0.0,0.0,0.0,20.43,79.57,12.73,False,False,0.0,25.0,19.88,66.67,6.06,1.17,5.13,0.0,0.72,11.39,AAP321NK,Pixel-8a,PHONE,Google,Pixel 8a,False,False,False,False,True,False,True,False,False,False,False,3168.0,0.0,3168.0,5070892032.0,5070892032.0,39818841088.0,342.0,342.0,78.0,264.0,342.0,78.0,264.0,,,,,,,,,,,,,,,,,,,,,,,,,,,,,,,,,,,,,,,,,,,,,,,,,,,,,,,,,,,,,,,,,,,,,,,,,,,,,,,,,,,,,,,,,,,,,,,,,,,,,,,,,,,,342.0,78.0,264.0,0.0,3168.0,3168.0,342.0,78.0,264.0,,,,,,,342.0,,,,,,,,,,,,,,,,,,,,,1.17,5.13,0.0,0.0,0.0,0.0,19.88,66.67,6.06,25.0,0.0,0.72,11.39,False,False,False,False,False,False,False,False,False,True,False,True,False,,,,,,,,,,,,,,,,,,,,,,,,,,,,,,,,,,,,,,,,
012444903348_dsl,Gurgaon,108.0,NKOT0F01CE7E,NOKIA,BCF171E84D65,Haryana,,,,0.0,100.0,0.0,,,0.0,1.0,0.0,0.0,0.0,0.0,,0.0,0.0,0.0,AOT4221NK,,,,,,,,False,False,False,False,False,False,,False,,,,515682.0,515682.0,34913498216.0,27.0,27.0,,27.0,27.0,0.0,27.0,,,,,,,,,,,,,,,,,,,,,,,,,,,,,,,,,,,,,,,,,,,,,,,,,,,,,,,,,,,,,,,,,,,,,,,,,,,,,,,,,,,,,,,,,,,,,,,,,,,,,,,,,,,,27.0,0.0,27.0,,,,27.0,,27.0,,,,,,,27.0,,,,,,,,,,,,,,,,,,,,,0.0,,0.0,,,,0.0,0.0,0.0,1.0,0.0,0.0,0.0,,,False,,False,,,,False,False,False,False,False,,,,,,,,,,,,,,,,,,,,,,,,,,,,,,,,,,,,,,,,
012445118300_dsl,Gurgaon,108.0,NKOT0F01D2BA,NOKIA,02B8F490E9C4,Haryana,0.0,0.0,0.0,0.04,99.96,5.37,False,False,0.0,12.0,17.06,100.0,16.27,0.47,50.0,0.0,1.08,0.07,AOT4221NK,OnePlus-Nord-CE3-5G,,OnePlus,Nord CE3,False,False,False,False,True,False,True,False,False,False,False,2090.0,0.0,2090.0,1144694784.0,1144694784.0,21300706304.0,211.0,211.0,2.0,209.0,211.0,2.0,209.0,,,,,,,,,,,,,,,,,,,,,,,,,,,,,,,,,,,,,,,,,,,,,,,,,,,,,,,,,,,,,,,,,,,,,,,,,,,,,,,,,,,,,,,,,,,,,,,,,,,,,,,,,,,,211.0,2.0,209.0,0.0,2090.0,2090.0,211.0,2.0,209.0,,,,,,,211.0,,,,,,,,,,,,,,,,,,,,,0.47,50.0,0.0,0.0,0.0,0.0,17.06,100.0,16.27,12.0,0.0,1.08,0.07,False,False,False,False,False,False,False,False,False,True,False,True,False,,,,,,,,,,,,,,,,,,,,,,,,,,,,,,,,,,,,,,,,
01244081160_dsl,Gurgaon,108.0,NKOT0F01CE6F,NOKIA,6854FD250B98,Haryana,,,,100.0,0.0,0.24,,,0.0,,0.0,0.0,0.0,0.0,0.0,,0.01,0.0,AOT4221NK,,,,,,,,False,,False,False,False,False,False,,,,,28412928.0,28412928.0,11819001856.0,299.0,299.0,299.0,,299.0,299.0,0.0,,,,,,,,,,,,,,,,,,,,,,,,,,,,,,,,,,,,,,,,,,,,,,,,,,,,,,,,,,,,,,,,,,,,,,,,,,,,,,,,,,,,,,,,,,,,,,,,,,,,,,,,,,,,299.0,299.0,0.0,,,,299.0,299.0,,,,,,,,299.0,,,,,,,,,,,,,,,,,,,,,0.0,0.0,,,,,0.0,0.0,0.0,,0.0,0.01,0.0,,,False,False,,,,,False,False,False,,False,,,,,,,,,,,,,,,,,,,,,,,,,,,,,,,,,,,,,,,,
01244054723_dsl,Gurgaon,108.0,NKOT0F0226EE,NOKIA,62A173AB08D4,Haryana,0.0,0.0,0.0,0.0,100.0,3.06,False,False,0.0,4.0,0.0,0.0,0.0,0.0,,0.0,0.75,0.04,AAP321NK,,,,,False,False,False,False,False,False,False,False,False,,False,780.0,0.0,780.0,1218143232.0,1218143232.0,39818841088.0,65.0,65.0,,65.0,65.0,0.0,65.0,,,,,,,,,,,,,,,,,,,,,,,,,,,,,,,,,,,,,,,,,,,,,,,,,,,,,,,,,,,,,,,,,,,,,,,,,,,,,,,,,,,,,,,,,,,,,,,,,,,,,,,,,,,,65.0,0.0,65.0,0.0,780.0,780.0,65.0,,65.0,,,,,,,65.0,,,,,,,,,,,,,,,,,,,,,0.0,,0.0,0.0,0.0,0.0,0.0,0.0,0.0,4.0,0.0,0.75,0.04,False,False,False,,False,False,False,False,False,False,False,False,False,,,,,,,,,,,,,,,,,,,,,,,,,,,,,,,,,,,,,,,,
012445118300_dsl,Gurgaon,108.0,NKOT0F01D2BA,NOKIA,50DCE7D68D34,Haryana,0.0,0.0,0.0,0.0,100.0,3.38,,,0.0,,0.0,0.0,0.0,0.0,,0.0,0.33,0.01,AOT4221NK,,,,,False,False,False,False,,False,False,False,False,,False,3910.0,0.0,3910.0,720873472.0,720873472.0,21300706304.0,391.0,391.0,,391.0,391.0,0.0,391.0,,,,,,,,,,,,,,,,,,,,,,,,,,,,,,,,,,,,,,,,,,,,,,,,,,,,,,,,,,,,,,,,,,,,,,,,,,,,,,,,,,,,,,,,,,,,,,,,,,,,,,,,,,,,391.0,0.0,391.0,0.0,3910.0,3910.0,391.0,,391.0,,,,,,,391.0,,,,,,,,,,,,,,,,,,,,,0.0,,0.0,0.0,0.0,0.0,0.0,0.0,0.0,,0.0,0.33,0.01,,,False,,False,False,False,False,False,False,False,,False,,,,,,,,,,,,,,,,,,,,,,,,,,,,,,,,,,,,,,,,
012447957675_dsl,Gurgaon,108.0,ZYOT5E069474,NOKIA,8A0688D585E5,Haryana,0.0,0.0,0.0,0.0,100.0,0.0,,,0.0,,0.0,0.0,0.0,0.0,,0.0,0.01,0.0,AOT5221ZY,,,,,False,False,False,False,,False,False,False,False,,False,1860.0,0.0,1860.0,1135616.0,1135616.0,36218129408.0,155.0,155.0,,155.0,155.0,0.0,155.0,,,,,,,,,,,,,,,,,,,,,,,,,,,,,,,,,,,,,,,,,,,,,,,,,,,,,,,,,,,,,,,,,,,,,,,,,,,,,,,,,,,,,,,,,,,,,,,,,,,,,,,,,,,,155.0,0.0,155.0,0.0,1860.0,1860.0,155.0,,155.0,,,,,,,155.0,,,,,,,,,,,,,,,,,,,,,0.0,,0.0,0.0,0.0,0.0,0.0,0.0,0.0,,0.0,0.01,0.0,,,False,,False,False,False,False,False,False,False,,False,,,,,,,,,,,,,,,,,,,,,,,,,,,,,,,,,,,,,,,,
01246472327_dsl,Gurgaon,108.0,NKOTA0000592,NOKIA,481B40DAC1F0,Haryana,0.0,0.0,0.0,0.0,100.0,5.34,,,0.0,,0.0,0.0,0.0,0.0,,0.0,0.0,0.02,AOT4221NK,,,,,False,False,False,False,,False,False,False,False,,False,4280.0,0.0,4280.0,145229824.0,145229824.0,2717184000.0,428.0,428.0,,428.0,428.0,0.0,428.0,,,,,,,,,,,,,,,,,,,,,,,,,,,,,,,,,,,,,,,,,,,,,,,,,,,,,,,,,,,,,,,,,,,,,,,,,,,,,,,,,,,,,,,,,,,,,,,,,,,,,,,,,,,,428.0,0.0,428.0,0.0,4280.0,4280.0,428.0,,428.0,,,,,,,428.0,,,,,,,,,,,,,,,,,,,,,0.0,,0.0,0.0,0.0,0.0,0.0,0.0,0.0,,0.0,0.0,0.02,,,False,,False,False,False,False,False,False,False,,False,,,,,,,,,,,,,,,,,,,,,,,,,,,,,,,,,,,,,,,,
012444903348_dsl,Gurgaon,108.0,NKOT0F01CE7E,NOKIA,5CEA1D30FB63,Haryana,,,,0.0,100.0,40.94,,,0.0,2.0,0.0,0.0,0.0,0.0,,0.0,9.21,0.14,AOT4221NK,Unknown_5c:ea:1d:30:fb:63,TV,Sony,Television,,,,False,False,False,False,False,False,,False,,,,14292231881.0,14292231881.0,34913498216.0,482.0,482.0,,482.0,482.0,0.0,482.0,,,,,,,,,,,,,,,,,,,,,,,,,,,,,,,,,,,,,,,,,,,,,,,,,,,,,,,,,,,,,,,,,,,,,,,,,,,,,,,,,,,,,,,,,,,,,,,,,,,,,,,,,,,,482.0,0.0,482.0,,,,482.0,,482.0,,,,,,,482.0,,,,,,,,,,,,,,,,,,,,,0.0,,0.0,,,,0.0,0.0,0.0,2.0,0.0,9.21,0.14,,,False,,False,,,,False,False,False,False,False,,,,,,,,,,,,,,,,,,,,,,,,,,,,,,,,,,,,,,,,
012444903348_dsl,Gurgaon,108.0,NKOT0F01CE7E,NOKIA,82A170AF2571,Haryana,0.0,0.0,0.0,60.17,39.83,2.47,False,False,0.0,10.0,36.36,38.36,0.0,0.0,0.0,0.0,1.36,0.55,AOT4221NK,realme-15T,,,,False,False,False,False,True,False,False,False,False,False,False,1898.0,1898.0,0.0,862423236.0,862423236.0,34913498216.0,154.0,154.0,146.0,8.0,154.0,146.0,8.0,,,,,,,,,,,,,,,,,,,,,,,,,,,,,,,,,,,,,,,,,,,,,,,,,,,,,,,,,,,,,,,,,,,,,,,,,,,,,,,,,,,,,,,,,,,,,,,,,,,,,,,,,,,,154.0,146.0,8.0,1898.0,0.0,1898.0,154.0,146.0,8.0,,,,,,,154.0,,,,,,,,,,,,,,,,,,,,,0.0,0.0,0.0,0.0,0.0,0.0,36.36,38.36,0.0,10.0,0.0,1.36,0.55,False,False,False,False,False,False,False,False,False,False,False,True,False,,,,,,,,,,,,,,,,,,,,,,,,,,,,,,,,,,,,,,,,
01246472327_dsl,Gurgaon,108.0,NKOTA0000592,NOKIA,70317F1E11E4,Haryana,0.0,0.0,0.0,0.0,100.0,0.1,False,False,0.0,37.0,0.0,0.0,0.0,0.0,,0.0,1.01,0.02,AOT4221NK,Srijans-iPhone,PHONE,Apple,iPhone,False,False,False,False,True,False,False,False,False,,False,90.0,0.0,90.0,2674688.0,2674688.0,2717184000.0,9.0,9.0,,9.0,9.0,0.0,9.0,,,,,,,,,,,,,,,,,,,,,,,,,,,,,,,,,,,,,,,,,,,,,,,,,,,,,,,,,,,,,,,,,,,,,,,,,,,,,,,,,,,,,,,,,,,,,,,,,,,,,,,,,,,,9.0,0.0,9.0,0.0,90.0,90.0,9.0,,9.0,,,,,,,9.0,,,,,,,,,,,,,,,,,,,,,0.0,,0.0,0.0,0.0,0.0,0.0,0.0,0.0,37.0,0.0,1.01,0.02,False,False,False,,False,False,False,False,False,False,False,True,False,,,,,,,,,,,,,,,,,,,,,,,,,,,,,,,,,,,,,,,,
012445159575_dsl,Gurgaon,108.0,ZYOTFD000042,NOKIA,4C1B86D3490C,Haryana,100.0,0.0,100.0,0.0,100.0,32.23,,,0.0,,10.3,0.0,10.3,100.0,,100.0,8.55,0.29,AOT5221ZY,,,,,True,False,True,False,,False,False,False,True,,True,4660.0,0.0,4660.0,20646988800.0,20646988800.0,64068293632.0,466.0,466.0,,466.0,466.0,0.0,466.0,,,,,,,,,,,,,,,,,,,,,,,,,,,,,,,,,,,,,,,,,,,,,,,,,,,,,,,,,,,,,,,,,,,,,,,,,,,,,,,,,,,,,,,,,,,,,,,,,,,,,,,,,,,,466.0,0.0,466.0,0.0,4660.0,4660.0,466.0,,466.0,,,,,,,466.0,,,,,,,,,,,,,,,,,,,,,100.0,,100.0,100.0,0.0,100.0,10.3,0.0,10.3,,0.0,8.55,0.29,,,True,,True,True,False,True,False,False,False,,False,,,,,,,,,,,,,,,,,,,,,,,,,,,,,,,,,,,,,,,,
012447957675_dsl,Gurgaon,108.0,ZYOT5E069474,NOKIA,324ED16F1BEC,Haryana,0.0,0.0,0.0,0.0,100.0,22.24,,,0.0,,0.0,0.0,0.0,0.0,,0.0,1.01,0.07,AOT5221ZY,,,,,False,False,False,False,,False,False,False,False,,False,1860.0,0.0,1860.0,8055081984.0,8055081984.0,36218129408.0,155.0,155.0,,155.0,155.0,0.0,155.0,,,,,,,,,,,,,,,,,,,,,,,,,,,,,,,,,,,,,,,,,,,,,,,,,,,,,,,,,,,,,,,,,,,,,,,,,,,,,,,,,,,,,,,,,,,,,,,,,,,,,,,,,,,,155.0,0.0,155.0,0.0,1860.0,1860.0,155.0,,155.0,,,,,,,155.0,,,,,,,,,,,,,,,,,,,,,0.0,,0.0,0.0,0.0,0.0,0.0,0.0,0.0,,0.0,1.01,0.07,,,False,,False,False,False,False,False,False,False,,False,,,,,,,,,,,,,,,,,,,,,,,,,,,,,,,,,,,,,,,,
012444903348_dsl,Gurgaon,108.0,NKOT0F01CE7E,NOKIA,C25FF6C7715F,Haryana,5.17,5.17,0.0,100.0,0.0,4.56,False,False,0.0,4.0,78.99,78.99,0.0,34.45,34.45,,0.47,0.01,AOT4221NK,realme-C11-2021,,,,False,False,False,False,False,True,True,False,False,False,,1547.0,1547.0,0.0,1593062242.0,1593062242.0,34913498216.0,119.0,119.0,119.0,,119.0,119.0,0.0,,,,,,,,,,,,,,,,,,,,,,,,,,,,,,,,,,,,,,,,,,,,,,,,,,,,,,,,,,,,,,,,,,,,,,,,,,,,,,,,,,,,,,,,,,,,,,,,,,,,,,,,,,,,119.0,119.0,0.0,1547.0,0.0,1547.0,119.0,119.0,,,,,,,,119.0,,,,,,,,,,,,,,,,,,,,,34.45,34.45,,5.17,5.17,0.0,78.99,78.99,0.0,4.0,0.0,0.47,0.01,False,False,False,False,,False,False,False,True,True,False,False,False,,,,,,,,,,,,,,,,,,,,,,,,,,,,,,,,,,,,,,,,
012445118300_dsl,Gurgaon,108.0,NKOT0F01D2BA,NOKIA,2A23B80EC3A1,Haryana,,,,100.0,0.0,0.04,False,False,0.0,19.0,0.0,0.0,0.0,0.0,0.0,,0.03,0.03,AOT4221NK,,,,,,,,False,True,False,False,False,False,False,,,,,7777280.0,7777280.0,21300706304.0,90.0,90.0,90.0,,90.0,90.0,0.0,,,,,,,,,,,,,,,,,,,,,,,,,,,,,,,,,,,,,,,,,,,,,,,,,,,,,,,,,,,,,,,,,,,,,,,,,,,,,,,,,,,,,,,,,,,,,,,,,,,,,,,,,,,,90.0,90.0,0.0,,,,90.0,90.0,,,,,,,,90.0,,,,,,,,,,,,,,,,,,,,,0.0,0.0,,,,,0.0,0.0,0.0,19.0,0.0,0.03,0.03,False,False,False,False,,,,,False,False,False,True,False,,,,,,,,,,,,,,,,,,,,,,,,,,,,,,,,,,,,,,,,
01244081160_dsl,Gurgaon,108.0,NKOT0F01CE6F,NOKIA,DA662903C070,Haryana,0.0,0.0,0.0,0.0,100.0,0.55,,,0.0,,0.0,0.0,0.0,0.0,,0.0,0.01,0.0,AOT4221NK,,,,,False,False,False,False,,False,False,False,False,,False,3887.0,0.0,3887.0,64576512.0,64576512.0,11819001856.0,299.0,299.0,,299.0,299.0,0.0,299.0,,,,,,,,,,,,,,,,,,,,,,,,,,,,,,,,,,,,,,,,,,,,,,,,,,,,,,,,,,,,,,,,,,,,,,,,,,,,,,,,,,,,,,,,,,,,,,,,,,,,,,,,,,,,299.0,0.0,299.0,0.0,3887.0,3887.0,299.0,,299.0,,,,,,,299.0,,,,,,,,,,,,,,,,,,,,,0.0,,0.0,0.0,0.0,0.0,0.0,0.0,0.0,,0.0,0.01,0.0,,,False,,False,False,False,False,False,False,False,,False,,,,,,,,,,,,,,,,,,,,,,,,,,,,,,,,,,,,,,,,
01246232448_dsl,Gurgaon,108.0,NKOT2F045EF1,NOKIA,7A5B25752C54,Haryana,0.0,0.0,0.0,0.0,100.0,19.07,False,False,0.0,3.0,0.0,0.0,0.0,0.0,,0.0,1.3,0.06,AAP321NK,,,,,False,False,False,False,False,False,False,False,False,,False,2.0,0.0,2.0,1864164926.0,1864164926.0,9776389899.0,92.0,92.0,,92.0,92.0,0.0,92.0,,,,,,,,,,,,,,,,,,,,,,,,,,,,,,,,,,,,,,,,,,,,,,,,,,,,,,,,,,,,,,,,,,,,,,,,,,,,,,,,,,,,,,,,,,,,,,,,,,,,,,,,,,,,92.0,0.0,92.0,0.0,2.0,2.0,92.0,,92.0,,,,,,,92.0,,,,,,,,,,,,,,,,,,,,,0.0,,0.0,0.0,0.0,0.0,0.0,0.0,0.0,3.0,0.0,1.3,0.06,False,False,False,,False,False,False,False,False,False,False,False,False,,,,,,,,,,,,,,,,,,,,,,,,,,,,,,,,,,,,,,,,
012444801137_dsl,Gurgaon,108.0,NKOTDF000165,NOKIA,9877D5D77618,Haryana,,,,100.0,0.0,0.03,False,False,0.0,1.0,67.46,67.46,0.0,0.0,0.0,,0.0,0.0,AOT4221NK,wiz_d77618,,,,,,,False,False,True,True,False,False,False,,,,,11026432.0,11026432.0,32383142912.0,209.0,209.0,209.0,,209.0,209.0,0.0,,,,,,,,,,,,,,,,,,,,,,,,,,,,,,,,,,,,,,,,,,,,,,,,,,,,,,,,,,,,,,,,,,,,,,,,,,,,,,,,,,,,,,,,,,,,,,,,,,,,,,,,,,,,209.0,209.0,0.0,,,,209.0,209.0,,,,,,,,209.0,,,,,,,,,,,,,,,,,,,,,0.0,0.0,,,,,67.46,67.46,0.0,1.0,0.0,0.0,0.0,False,False,False,False,,,,,True,True,False,False,False,,,,,,,,,,,,,,,,,,,,,,,,,,,,,,,,,,,,,,,,
012447862103_dsl,Gurgaon,108.0,ZYOTB0900020,NOKIA,44F53E70E6E0,Haryana,0.0,0.0,0.0,0.0,100.0,0.22,,,0.0,,0.0,0.0,0.0,0.0,,0.0,0.0,0.0,AOT5222ZY,,,,,False,False,False,False,,False,False,False,False,,False,9576.0,0.0,9576.0,44242944.0,44242944.0,20089200640.0,684.0,684.0,,684.0,684.0,0.0,684.0,,,,,,,,,,,,,,,,,,,,,,,,,,,,,,,,,,,,,,,,,,,,,,,,,,,,,,,,,,,,,,,,,,,,,,,,,,,,,,,,,,,,,,,,,,,,,,,,,,,,,,,,,,,,684.0,0.0,684.0,0.0,9576.0,9576.0,684.0,,684.0,,,,,,,684.0,,,,,,,,,,,,,,,,,,,,,0.0,,0.0,0.0,0.0,0.0,0.0,0.0,0.0,,0.0,0.0,0.0,,,False,,False,False,False,False,False,False,False,,False,,,,,,,,,,,,,,,,,,,,,,,,,,,,,,,,,,,,,,,,
012445118300_dsl,Gurgaon,108.0,NKOT0F01D2BA,NOKIA,86513241D816,Haryana,0.0,0.0,0.0,0.0,100.0,36.21,,,0.0,,0.0,0.0,0.0,0.0,,0.0,0.94,0.1,AOT4221NK,,,,,False,False,False,False,,False,False,False,False,,False,4180.0,0.0,4180.0,7713547264.0,7713547264.0,21300706304.0,418.0,418.0,,418.0,418.0,0.0,418.0,,,,,,,,,,,,,,,,,,,,,,,,,,,,,,,,,,,,,,,,,,,,,,,,,,,,,,,,,,,,,,,,,,,,,,,,,,,,,,,,,,,,,,,,,,,,,,,,,,,,,,,,,,,,418.0,0.0,418.0,0.0,4180.0,4180.0,418.0,,418.0,,,,,,,418.0,,,,,,,,,,,,,,,,,,,,,0.0,,0.0,0.0,0.0,0.0,0.0,0.0,0.0,,0.0,0.94,0.1,,,False,,False,False,False,False,False,False,False,,False,,,,,,,,,,,,,,,,,,,,,,,,,,,,,,,,,,,,,,,,
012436398608_dsl,Gurgaon,108.0,NKOTDF0001E7,NOKIA,1C61B4642C1D,Haryana,,,,100.0,0.0,10.53,,,0.0,2.0,93.1,93.1,0.0,0.0,0.0,,6.77,0.27,AOT4221NK,Sulabh,,,,,,,False,False,True,True,False,False,False,,,,,3744704512.0,3744704512.0,35547721728.0,29.0,29.0,29.0,,29.0,29.0,0.0,,,,,,,,,,,,,,,,,,,,,,,,,,,,,,,,,,,,,,,,,,,,,,,,,,,,,,,,,,,,,,,,,,,,,,,,,,,,,,,,,,,,,,,,,,,,,,,,,,,,,,,,,,,,29.0,29.0,0.0,,,,29.0,29.0,,,,,,,,29.0,,,,,,,,,,,,,,,,,,,,,0.0,0.0,,,,,93.1,93.1,0.0,2.0,0.0,6.77,0.27,,,False,False,,,,,True,True,False,False,False,,,,,,,,,,,,,,,,,,,,,,,,,,,,,,,,,,,,,,,,
012444801137_dsl,Gurgaon,108.0,NKOTDF000165,NOKIA,9877D5A4F5CE,Haryana,,,,100.0,0.0,0.03,False,False,0.0,1.0,71.77,71.77,0.0,0.0,0.0,,0.0,0.0,AOT4221NK,wiz_a4f5ce,,,,,,,False,False,True,True,False,False,False,,,,,10782720.0,10782720.0,32383142912.0,209.0,209.0,209.0,,209.0,209.0,0.0,,,,,,,,,,,,,,,,,,,,,,,,,,,,,,,,,,,,,,,,,,,,,,,,,,,,,,,,,,,,,,,,,,,,,,,,,,,,,,,,,,,,,,,,,,,,,,,,,,,,,,,,,,,,209.0,209.0,0.0,,,,209.0,209.0,,,,,,,,209.0,,,,,,,,,,,,,,,,,,,,,0.0,0.0,,,,,71.77,71.77,0.0,1.0,0.0,0.0,0.0,False,False,False,False,,,,,True,True,False,False,False,,,,,,,,,,,,,,,,,,,,,,,,,,,,,,,,,,,,,,,,
01246472327_dsl,Gurgaon,108.0,NKOTA0000592,NOKIA,2246CDEDC745,Haryana,0.0,0.0,0.0,0.0,100.0,94.56,False,False,0.0,36.0,0.0,0.0,0.0,0.0,,0.0,1.22,0.09,AOT4221NK,iPhone,PHONE,Apple,iPhone,False,False,False,False,True,False,False,False,False,,False,2230.0,0.0,2230.0,2569279488.0,2569279488.0,2717184000.0,223.0,223.0,,223.0,223.0,0.0,223.0,,,,,,,,,,,,,,,,,,,,,,,,,,,,,,,,,,,,,,,,,,,,,,,,,,,,,,,,,,,,,,,,,,,,,,,,,,,,,,,,,,,,,,,,,,,,,,,,,,,,,,,,,,,,223.0,0.0,223.0,0.0,2230.0,2230.0,223.0,,223.0,,,,,,,223.0,,,,,,,,,,,,,,,,,,,,,0.0,,0.0,0.0,0.0,0.0,0.0,0.0,0.0,36.0,0.0,1.22,0.09,False,False,False,,False,False,False,False,False,False,False,True,False,,,,,,,,,,,,,,,,,,,,,,,,,,,,,,,,,,,,,,,,
012444903348_dsl,Gurgaon,108.0,NKOT0F01CE7E,NOKIA,444201C1B177,Haryana,,,,0.0,100.0,0.42,,,0.0,3.0,0.0,0.0,0.0,2.36,,2.36,0.42,0.07,AOT4221NK,Unknown_44:42:01:c1:b1:77,OTHER,Amazon,,,,,False,False,False,False,False,False,,False,,,,148185597.0,148185597.0,34913498216.0,382.0,382.0,,382.0,382.0,0.0,382.0,,,,,,,,,,,,,,,,,,,,,,,,,,,,,,,,,,,,,,,,,,,,,,,,,,,,,,,,,,,,,,,,,,,,,,,,,,,,,,,,,,,,,,,,,,,,,,,,,,,,,,,,,,,,382.0,0.0,382.0,,,,382.0,,382.0,,,,,,,382.0,,,,,,,,,,,,,,,,,,,,,2.36,,2.36,,,,0.0,0.0,0.0,3.0,0.0,0.42,0.07,,,False,,False,,,,False,False,False,False,False,,,,,,,,,,,,,,,,,,,,,,,,,,,,,,,,,,,,,,,,
012436398608_dsl,Gurgaon,108.0,NKOTDF0001E7,NOKIA,8E44C4BECA46,Haryana,0.0,0.0,0.0,0.0,100.0,0.76,False,False,0.0,7.0,0.0,0.0,0.0,0.0,,0.0,0.16,0.05,AOT4221NK,,,,,False,False,False,False,True,False,False,False,False,,False,1452.0,0.0,1452.0,271002624.0,271002624.0,35547721728.0,121.0,121.0,,121.0,121.0,0.0,121.0,,,,,,,,,,,,,,,,,,,,,,,,,,,,,,,,,,,,,,,,,,,,,,,,,,,,,,,,,,,,,,,,,,,,,,,,,,,,,,,,,,,,,,,,,,,,,,,,,,,,,,,,,,,,121.0,0.0,121.0,0.0,1452.0,1452.0,121.0,,121.0,,,,,,,121.0,,,,,,,,,,,,,,,,,,,,,0.0,,0.0,0.0,0.0,0.0,0.0,0.0,0.0,7.0,0.0,0.16,0.05,False,False,False,,False,False,False,False,False,False,False,True,False,,,,,,,,,,,,,,,,,,,,,,,,,,,,,,,,,,,,,,,,
012444903348_dsl,Gurgaon,108.0,NKOT0F01CE7E,NOKIA,32655446EDD7,Haryana,0.63,0.63,0.0,52.74,47.26,19.76,False,False,0.0,41.0,3.21,6.12,0.0,2.86,5.44,0.0,3.63,0.44,AOT4221NK,Galaxy-S25-Ultra,,,,False,False,False,False,True,False,False,False,False,False,False,1911.0,1911.0,0.0,6900046430.0,6900046430.0,34913498216.0,280.0,280.0,147.0,133.0,280.0,147.0,133.0,,,,,,,,,,,,,,,,,,,,,,,,,,,,,,,,,,,,,,,,,,,,,,,,,,,,,,,,,,,,,,,,,,,,,,,,,,,,,,,,,,,,,,,,,,,,,,,,,,,,,,,,,,,,280.0,147.0,133.0,1911.0,0.0,1911.0,280.0,147.0,133.0,,,,,,,280.0,,,,,,,,,,,,,,,,,,,,,2.86,5.44,0.0,0.63,0.63,0.0,3.21,6.12,0.0,41.0,0.0,3.63,0.44,False,False,False,False,False,False,False,False,False,False,False,True,False,,,,,,,,,,,,,,,,,,,,,,,,,,,,,,,,,,,,,,,,
01244054723_dsl,Gurgaon,108.0,NKOT0F0226EE,NOKIA,866D51236BCF,Haryana,0.0,0.0,0.0,58.55,41.45,5.92,False,False,0.0,34.0,0.0,0.0,0.0,0.0,0.0,0.0,3.71,0.19,AAP321NK,iPhone,PHONE,Apple,iPhone,False,False,False,False,True,False,False,False,False,False,False,1104.0,0.0,1104.0,2356940800.0,2356940800.0,39818841088.0,109.0,109.0,17.0,92.0,109.0,17.0,92.0,,,,,,,,,,,,,,,,,,,,,,,,,,,,,,,,,,,,,,,,,,,,,,,,,,,,,,,,,,,,,,,,,,,,,,,,,,,,,,,,,,,,,,,,,,,,,,,,,,,,,,,,,,,,109.0,17.0,92.0,0.0,1104.0,1104.0,109.0,17.0,92.0,,,,,,,109.0,,,,,,,,,,,,,,,,,,,,,0.0,0.0,0.0,0.0,0.0,0.0,0.0,0.0,0.0,34.0,0.0,3.71,0.19,False,False,False,False,False,False,False,False,False,False,False,True,False,,,,,,,,,,,,,,,,,,,,,,,,,,,,,,,,,,,,,,,,
012447957675_dsl,Gurgaon,108.0,ZYOT5E069474,NOKIA,8AA6D718D519,Haryana,0.0,0.0,0.0,0.0,100.0,2.59,,,0.0,,28.86,0.0,28.86,0.0,,0.0,1.08,0.28,AOT5221ZY,,,,,False,False,False,False,,False,False,False,False,,False,6444.0,0.0,6444.0,937691136.0,937691136.0,36218129408.0,537.0,537.0,,537.0,537.0,0.0,537.0,,,,,,,,,,,,,,,,,,,,,,,,,,,,,,,,,,,,,,,,,,,,,,,,,,,,,,,,,,,,,,,,,,,,,,,,,,,,,,,,,,,,,,,,,,,,,,,,,,,,,,,,,,,,537.0,0.0,537.0,0.0,6444.0,6444.0,537.0,,537.0,,,,,,,537.0,,,,,,,,,,,,,,,,,,,,,0.0,,0.0,0.0,0.0,0.0,28.86,0.0,28.86,,0.0,1.08,0.28,,,False,,False,False,False,False,False,False,False,,False,,,,,,,,,,,,,,,,,,,,,,,,,,,,,,,,,,,,,,,,
012436398608_dsl,Gurgaon,108.0,NKOTDF0001E7,NOKIA,0EED7B0E8241,Haryana,0.0,0.0,0.0,51.43,48.57,0.82,True,False,0.0,19.0,31.25,34.48,0.0,6.25,6.9,0.0,1.07,0.05,AOT4221NK,OnePlus-15R,,OnePlus,15R,False,False,False,False,True,False,False,False,False,False,False,36.0,0.0,36.0,292434944.0,292434944.0,35547721728.0,32.0,32.0,29.0,3.0,32.0,29.0,3.0,,,,,,,,,,,,,,,,,,,,,,,,,,,,,,,,,,,,,,,,,,,,,,,,,,,,,,,,,,,,,,,,,,,,,,,,,,,,,,,,,,,,,,,,,,,,,,,,,,,,,,,,,,,,32.0,29.0,3.0,0.0,36.0,36.0,32.0,29.0,3.0,,,,,,,32.0,,,,,,,,,,,,,,,,,,,,,6.25,6.9,0.0,0.0,0.0,0.0,31.25,34.48,0.0,19.0,0.0,1.07,0.05,True,False,False,False,False,False,False,False,False,False,False,True,False,,,,,,,,,,,,,,,,,,,,,,,,,,,,,,,,,,,,,,,,
01244054723_dsl,Gurgaon,108.0,NKOT0F0226EE,NOKIA,4CF5DCF7CBCA,Haryana,,,,100.0,0.0,1.94,,,0.0,,89.19,89.19,0.0,0.0,0.0,,0.0,0.08,AAP321NK,,,,,,,,False,,True,True,False,False,False,,,,,771514368.0,771514368.0,39818841088.0,546.0,546.0,546.0,,546.0,546.0,0.0,,,,,,,,,,,,,,,,,,,,,,,,,,,,,,,,,,,,,,,,,,,,,,,,,,,,,,,,,,,,,,,,,,,,,,,,,,,,,,,,,,,,,,,,,,,,,,,,,,,,,,,,,,,,546.0,546.0,0.0,,,,546.0,546.0,,,,,,,,546.0,,,,,,,,,,,,,,,,,,,,,0.0,0.0,,,,,89.19,89.19,0.0,,0.0,0.0,0.08,,,False,False,,,,,True,True,False,,False,,,,,,,,,,,,,,,,,,,,,,,,,,,,,,,,,,,,,,,,
012444903348_dsl,Gurgaon,108.0,NKOT0F01CE7E,NOKIA,B2C8CF9ECE29,Haryana,0.0,0.0,0.0,2.32,97.68,0.68,False,False,0.0,16.0,0.0,0.0,0.0,0.0,0.0,0.0,0.08,0.01,AOT4221NK,iPhone,PHONE,,iPhone,False,False,False,False,True,False,False,False,False,False,False,117.0,117.0,0.0,235984831.0,235984831.0,34913498216.0,143.0,143.0,9.0,134.0,143.0,9.0,134.0,,,,,,,,,,,,,,,,,,,,,,,,,,,,,,,,,,,,,,,,,,,,,,,,,,,,,,,,,,,,,,,,,,,,,,,,,,,,,,,,,,,,,,,,,,,,,,,,,,,,,,,,,,,,143.0,9.0,134.0,117.0,0.0,117.0,143.0,9.0,134.0,,,,,,,143.0,,,,,,,,,,,,,,,,,,,,,0.0,0.0,0.0,0.0,0.0,0.0,0.0,0.0,0.0,16.0,0.0,0.08,0.01,False,False,False,False,False,False,False,False,False,False,False,True,False,,,,,,,,,,,,,,,,,,,,,,,,,,,,,,,,,,,,,,,,
01244054723_dsl,Gurgaon,108.0,NKOT0F0226EE,NOKIA,7243CCCDA6CE,Haryana,0.0,0.0,0.0,0.0,100.0,33.45,,,0.0,,0.0,0.0,0.0,0.0,,0.0,3.19,0.01,AAP321NK,,,,,False,False,False,False,,False,False,False,False,,False,5784.0,0.0,5784.0,13317844992.0,13317844992.0,39818841088.0,482.0,482.0,,482.0,482.0,0.0,482.0,,,,,,,,,,,,,,,,,,,,,,,,,,,,,,,,,,,,,,,,,,,,,,,,,,,,,,,,,,,,,,,,,,,,,,,,,,,,,,,,,,,,,,,,,,,,,,,,,,,,,,,,,,,,482.0,0.0,482.0,0.0,5784.0,5784.0,482.0,,482.0,,,,,,,482.0,,,,,,,,,,,,,,,,,,,,,0.0,,0.0,0.0,0.0,0.0,0.0,0.0,0.0,,0.0,3.19,0.01,,,False,,False,False,False,False,False,False,False,,False,,,,,,,,,,,,,,,,,,,,,,,,,,,,,,,,,,,,,,,,
012447862103_dsl,Gurgaon,108.0,ZYOTB0900020,NOKIA,8E41F778AE60,Haryana,0.0,0.0,0.0,0.0,100.0,19.29,,,0.0,,0.0,0.0,0.0,0.0,,0.0,0.28,0.16,AOT5222ZY,,,,,False,False,False,False,,False,False,False,False,,False,7784.0,0.0,7784.0,3875593216.0,3875593216.0,20089200640.0,556.0,556.0,,556.0,556.0,0.0,556.0,,,,,,,,,,,,,,,,,,,,,,,,,,,,,,,,,,,,,,,,,,,,,,,,,,,,,,,,,,,,,,,,,,,,,,,,,,,,,,,,,,,,,,,,,,,,,,,,,,,,,,,,,,,,556.0,0.0,556.0,0.0,7784.0,7784.0,556.0,,556.0,,,,,,,556.0,,,,,,,,,,,,,,,,,,,,,0.0,,0.0,0.0,0.0,0.0,0.0,0.0,0.0,,0.0,0.28,0.16,,,False,,False,False,False,False,False,False,False,,False,,,,,,,,,,,,,,,,,,,,,,,,,,,,,,,,,,,,,,,,
012445118300_dsl,Gurgaon,108.0,NKOT0F01D2BA,NOKIA,BACE2A0CC19D,Haryana,0.0,0.0,0.0,0.0,100.0,0.07,False,False,0.0,2.0,0.0,0.0,0.0,0.0,,0.0,0.01,0.0,AOT4221NK,Mac,PC,Apple,Computer,False,False,False,False,False,False,False,False,False,,False,430.0,0.0,430.0,15585280.0,15585280.0,21300706304.0,43.0,43.0,,43.0,43.0,0.0,43.0,,,,,,,,,,,,,,,,,,,,,,,,,,,,,,,,,,,,,,,,,,,,,,,,,,,,,,,,,,,,,,,,,,,,,,,,,,,,,,,,,,,,,,,,,,,,,,,,,,,,,,,,,,,,43.0,0.0,43.0,0.0,430.0,430.0,43.0,,43.0,,,,,,,43.0,,,,,,,,,,,,,,,,,,,,,0.0,,0.0,0.0,0.0,0.0,0.0,0.0,0.0,2.0,0.0,0.01,0.0,False,False,False,,False,False,False,False,False,False,False,False,False,,,,,,,,,,,,,,,,,,,,,,,,,,,,,,,,,,,,,,,,
012447862103_dsl,Gurgaon,108.0,ZYOTB0900020,NOKIA,14B5CD43D30F,Haryana,0.0,0.0,0.0,0.0,100.0,30.42,,,0.0,,0.0,0.0,0.0,0.0,,0.0,0.9,0.03,AOT5222ZY,,,,,False,False,False,False,,False,False,False,False,,False,7784.0,0.0,7784.0,6110305280.0,6110305280.0,20089200640.0,556.0,556.0,,556.0,556.0,0.0,556.0,,,,,,,,,,,,,,,,,,,,,,,,,,,,,,,,,,,,,,,,,,,,,,,,,,,,,,,,,,,,,,,,,,,,,,,,,,,,,,,,,,,,,,,,,,,,,,,,,,,,,,,,,,,,556.0,0.0,556.0,0.0,7784.0,7784.0,556.0,,556.0,,,,,,,556.0,,,,,,,,,,,,,,,,,,,,,0.0,,0.0,0.0,0.0,0.0,0.0,0.0,0.0,,0.0,0.9,0.03,,,False,,False,False,False,False,False,False,False,,False,,,,,,,,,,,,,,,,,,,,,,,,,,,,,,,,,,,,,,,,
012444801137_dsl,Gurgaon,108.0,NKOTDF000165,NOKIA,9877D5A4F402,Haryana,,,,100.0,0.0,0.03,False,False,0.0,1.0,77.47,77.47,0.0,0.0,0.0,,0.0,0.0,AOT4221NK,wiz_a4f402,,,,,,,False,False,True,True,False,False,False,,,,,9332736.0,9332736.0,32383142912.0,182.0,182.0,182.0,,182.0,182.0,0.0,,,,,,,,,,,,,,,,,,,,,,,,,,,,,,,,,,,,,,,,,,,,,,,,,,,,,,,,,,,,,,,,,,,,,,,,,,,,,,,,,,,,,,,,,,,,,,,,,,,,,,,,,,,,182.0,182.0,0.0,,,,182.0,182.0,,,,,,,,182.0,,,,,,,,,,,,,,,,,,,,,0.0,0.0,,,,,77.47,77.47,0.0,1.0,0.0,0.0,0.0,False,False,False,False,,,,,True,True,False,False,False,,,,,,,,,,,,,,,,,,,,,,,,,,,,,,,,,,,,,,,,
012445118300_dsl,Gurgaon,108.0,NKOT0F01D2BA,NOKIA,3CA6F6264B0F,Haryana,0.0,0.0,0.0,0.0,100.0,0.39,False,False,0.0,4.0,0.0,0.0,0.0,0.0,,0.0,0.03,0.0,AOT4221NK,shivanis-Air,,,,False,False,False,False,False,False,False,False,False,,False,2100.0,0.0,2100.0,83487744.0,83487744.0,21300706304.0,210.0,210.0,,210.0,210.0,0.0,210.0,,,,,,,,,,,,,,,,,,,,,,,,,,,,,,,,,,,,,,,,,,,,,,,,,,,,,,,,,,,,,,,,,,,,,,,,,,,,,,,,,,,,,,,,,,,,,,,,,,,,,,,,,,,,210.0,0.0,210.0,0.0,2100.0,2100.0,210.0,,210.0,,,,,,,210.0,,,,,,,,,,,,,,,,,,,,,0.0,,0.0,0.0,0.0,0.0,0.0,0.0,0.0,4.0,0.0,0.03,0.0,False,False,False,,False,False,False,False,False,False,False,False,False,,,,,,,,,,,,,,,,,,,,,,,,,,,,,,,,,,,,,,,,
012445159575_dsl,Gurgaon,108.0,ZYOTFD000042,NOKIA,4A7D8DB627F1,Haryana,,,,100.0,0.0,0.0,,,0.0,,0.0,0.0,0.0,0.0,0.0,,0.0,0.0,AOT5221ZY,,,,,,,,False,,False,False,False,False,False,,,,,27648.0,27648.0,64068293632.0,27.0,27.0,27.0,,27.0,27.0,0.0,,,,,,,,,,,,,,,,,,,,,,,,,,,,,,,,,,,,,,,,,,,,,,,,,,,,,,,,,,,,,,,,,,,,,,,,,,,,,,,,,,,,,,,,,,,,,,,,,,,,,,,,,,,,27.0,27.0,0.0,,,,27.0,27.0,,,,,,,,27.0,,,,,,,,,,,,,,,,,,,,,0.0,0.0,,,,,0.0,0.0,0.0,,0.0,0.0,0.0,,,False,False,,,,,False,False,False,,False,,,,,,,,,,,,,,,,,,,,,,,,,,,,,,,,,,,,,,,,
012444801137_dsl,Gurgaon,108.0,NKOTDF000165,NOKIA,683943AD68BF,Haryana,0.0,0.0,0.0,0.0,100.0,3.12,False,True,0.0,2.0,0.0,0.0,0.0,0.0,,0.0,0.34,0.01,AOT4221NK,Family-Room-TV,TV,Xiaomi,Mi TV -AXSO2,False,False,False,False,False,False,False,False,False,,False,702.0,0.0,702.0,1011428352.0,1011428352.0,32383142912.0,54.0,54.0,,54.0,54.0,0.0,54.0,,,,,,,,,,,,,,,,,,,,,,,,,,,,,,,,,,,,,,,,,,,,,,,,,,,,,,,,,,,,,,,,,,,,,,,,,,,,,,,,,,,,,,,,,,,,,,,,,,,,,,,,,,,,54.0,0.0,54.0,0.0,702.0,702.0,54.0,,54.0,,,,,,,54.0,,,,,,,,,,,,,,,,,,,,,0.0,,0.0,0.0,0.0,0.0,0.0,0.0,0.0,2.0,0.0,0.34,0.01,False,True,False,,False,False,False,False,False,False,False,False,False,,,,,,,,,,,,,,,,,,,,,,,,,,,,,,,,,,,,,,,,
012447957675_dsl,Gurgaon,108.0,ZYOT5E069474,NOKIA,F2CE1B18563F,Haryana,0.0,0.0,0.0,0.0,100.0,0.1,,,0.0,,0.0,0.0,0.0,0.0,,0.0,0.0,0.01,AOT5221ZY,,,,,False,False,False,False,,False,False,False,False,,False,7440.0,0.0,7440.0,35739648.0,35739648.0,36218129408.0,620.0,620.0,,620.0,620.0,0.0,620.0,,,,,,,,,,,,,,,,,,,,,,,,,,,,,,,,,,,,,,,,,,,,,,,,,,,,,,,,,,,,,,,,,,,,,,,,,,,,,,,,,,,,,,,,,,,,,,,,,,,,,,,,,,,,620.0,0.0,620.0,0.0,7440.0,7440.0,620.0,,620.0,,,,,,,620.0,,,,,,,,,,,,,,,,,,,,,0.0,,0.0,0.0,0.0,0.0,0.0,0.0,0.0,,0.0,0.0,0.01,,,False,,False,False,False,False,False,False,False,,False,,,,,,,,,,,,,,,,,,,,,,,,,,,,,,,,,,,,,,,,
01244081160_dsl,Gurgaon,108.0,NKOT0F01CE6F,NOKIA,6CB749E119FF,Haryana,,,,100.0,0.0,0.74,False,False,0.0,1.0,100.0,100.0,0.0,0.0,0.0,,0.02,0.01,AOT4221NK,Honor_View10-ebd5e83b5d12,,,,,,,False,False,True,True,False,False,False,,,,,86926336.0,86926336.0,11819001856.0,299.0,299.0,299.0,,299.0,299.0,0.0,,,,,,,,,,,,,,,,,,,,,,,,,,,,,,,,,,,,,,,,,,,,,,,,,,,,,,,,,,,,,,,,,,,,,,,,,,,,,,,,,,,,,,,,,,,,,,,,,,,,,,,,,,,,299.0,299.0,0.0,,,,299.0,299.0,,,,,,,,299.0,,,,,,,,,,,,,,,,,,,,,0.0,0.0,,,,,100.0,100.0,0.0,1.0,0.0,0.02,0.01,False,False,False,False,,,,,True,True,False,False,False,,,,,,,,,,,,,,,,,,,,,,,,,,,,,,,,,,,,,,,,
012436398608_dsl,Gurgaon,108.0,NKOTDF0001E7,NOKIA,62D8084F50B0,Haryana,0.0,0.0,0.0,0.0,100.0,14.61,True,True,0.0,6.0,23.1,100.0,22.89,0.26,100.0,0.0,1.21,0.09,AOT4221NK,OnePlus-Nord-CE4-Lite-5G,,,,False,False,False,False,True,False,True,False,False,True,False,4560.0,0.0,4560.0,5194554368.0,5194554368.0,35547721728.0,381.0,381.0,1.0,380.0,381.0,1.0,380.0,,,,,,,,,,,,,,,,,,,,,,,,,,,,,,,,,,,,,,,,,,,,,,,,,,,,,,,,,,,,,,,,,,,,,,,,,,,,,,,,,,,,,,,,,,,,,,,,,,,,,,,,,,,,381.0,1.0,380.0,0.0,4560.0,4560.0,381.0,1.0,380.0,,,,,,,381.0,,,,,,,,,,,,,,,,,,,,,0.26,100.0,0.0,0.0,0.0,0.0,23.1,100.0,22.89,6.0,0.0,1.21,0.09,True,True,False,True,False,False,False,False,False,True,False,True,False,,,,,,,,,,,,,,,,,,,,,,,,,,,,,,,,,,,,,,,,
01246232448_dsl,Gurgaon,108.0,NKOT2F045EF1,NOKIA,A091A2A13221,Haryana,,,,100.0,0.0,55.09,,,0.0,4.0,0.0,0.0,0.0,0.0,0.0,,2.39,0.04,AAP321NK,Unknown_a0:91:a2:a1:32:21,PHONE,OnePlus,Mobile,,,,False,False,False,False,False,False,False,,,,,5385896960.0,5385896960.0,9776389899.0,155.0,155.0,155.0,,155.0,155.0,0.0,,,,,,,,,,,,,,,,,,,,,,,,,,,,,,,,,,,,,,,,,,,,,,,,,,,,,,,,,,,,,,,,,,,,,,,,,,,,,,,,,,,,,,,,,,,,,,,,,,,,,,,,,,,,155.0,155.0,0.0,,,,155.0,155.0,,,,,,,,155.0,,,,,,,,,,,,,,,,,,,,,0.0,0.0,,,,,0.0,0.0,0.0,4.0,0.0,2.39,0.04,,,False,False,,,,,False,False,False,False,False,,,,,,,,,,,,,,,,,,,,,,,,,,,,,,,,,,,,,,,,
012444903348_dsl,Gurgaon,108.0,NKOT0F01CE7E,NOKIA,DC4BA104E8A6,Haryana,,,,0.0,100.0,14.34,,,0.0,2.0,64.91,0.0,64.91,0.0,,0.0,9.78,0.26,AOT4221NK,Unknown_dc:4b:a1:04:e8:a6,TV,Sony,BRAVIA VH22,,,,False,False,True,False,True,False,,False,,,,5006472366.0,5006472366.0,34913498216.0,456.0,456.0,,456.0,456.0,0.0,456.0,,,,,,,,,,,,,,,,,,,,,,,,,,,,,,,,,,,,,,,,,,,,,,,,,,,,,,,,,,,,,,,,,,,,,,,,,,,,,,,,,,,,,,,,,,,,,,,,,,,,,,,,,,,,456.0,0.0,456.0,,,,456.0,,456.0,,,,,,,456.0,,,,,,,,,,,,,,,,,,,,,0.0,,0.0,,,,64.91,0.0,64.91,2.0,0.0,9.78,0.26,,,False,,False,,,,True,False,True,False,False,,,,,,,,,,,,,,,,,,,,,,,,,,,,,,,,,,,,,,,,
012421019184_wifi,Gurgaon,108.0,ZYOTB0900058,NOKIA,564A8BEA6BC2,Haryana,9.08,0.0,9.08,5.83,94.17,1.71,False,False,0.0,1.0,0.89,9.18,0.0,8.7,5.1,9.08,6.89,1.34,AOT5222ZY,iPhone,PHONE,Apple,iPhone,False,False,False,False,False,False,False,False,False,False,False,9140.0,0.0,9140.0,7052554240.0,7052554240.0,412720752640.0,1012.0,1012.0,98.0,914.0,1012.0,98.0,914.0,,,,,,,,,,,,,,,,,,,,,,,,,,,,,,,,,,,,,,,,,,,,,,,,,,,,,,,,,,,,,,,,,,,,,,,,,,,,,,,,,,,,,,,,,,,,,,,,,,,,,,,,,,,,1012.0,98.0,914.0,0.0,9140.0,9140.0,1012.0,98.0,914.0,,,,,,,1012.0,,,,,,,,,,,,,,,,,,,,,8.7,5.1,9.08,9.08,0.0,9.08,0.89,9.18,0.0,1.0,0.0,6.89,1.34,False,False,False,False,False,False,False,False,False,False,False,False,False,,,,,,,,,,,,,,,,,,,,,,,,,,,,,,,,,,,,,,,,
012444801137_dsl,Gurgaon,108.0,NKOTDF000165,NOKIA,1673DCE86B6C,Haryana,0.0,0.0,0.0,3.93,96.07,4.75,False,True,0.0,8.0,3.23,0.0,3.25,3.23,0.0,3.25,1.19,0.05,AOT4221NK,Galaxy-A34-5G-Alka,PHONE,Samsung Electronics,Galaxy,False,False,False,False,True,False,False,False,False,False,False,1599.0,0.0,1599.0,1536839680.0,1536839680.0,32383142912.0,124.0,124.0,1.0,123.0,124.0,1.0,123.0,,,,,,,,,,,,,,,,,,,,,,,,,,,,,,,,,,,,,,,,,,,,,,,,,,,,,,,,,,,,,,,,,,,,,,,,,,,,,,,,,,,,,,,,,,,,,,,,,,,,,,,,,,,,124.0,1.0,123.0,0.0,1599.0,1599.0,124.0,1.0,123.0,,,,,,,124.0,,,,,,,,,,,,,,,,,,,,,3.23,0.0,3.25,0.0,0.0,0.0,3.23,0.0,3.25,8.0,0.0,1.19,0.05,False,True,False,False,False,False,False,False,False,False,False,True,False,,,,,,,,,,,,,,,,,,,,,,,,,,,,,,,,,,,,,,,,
01246232448_dsl,Gurgaon,108.0,NKOT2F045EF1,NOKIA,F82819E69331,Haryana,,,,0.0,100.0,4.64,,,0.0,3.0,0.0,0.0,0.0,0.0,,0.0,1.94,0.11,AAP321NK,DESKTOP-HD84CSJ,,,,,,,False,False,False,False,False,False,,False,,,,454071296.0,454071296.0,9776389899.0,28.0,28.0,,28.0,28.0,0.0,28.0,,,,,,,,,,,,,,,,,,,,,,,,,,,,,,,,,,,,,,,,,,,,,,,,,,,,,,,,,,,,,,,,,,,,,,,,,,,,,,,,,,,,,,,,,,,,,,,,,,,,,,,,,,,,28.0,0.0,28.0,,,,28.0,,28.0,,,,,,,28.0,,,,,,,,,,,,,,,,,,,,,0.0,,0.0,,,,0.0,0.0,0.0,3.0,0.0,1.94,0.11,,,False,,False,,,,False,False,False,False,False,,,,,,,,,,,,,,,,,,,,,,,,,,,,,,,,,,,,,,,,
012445118300_dsl,Gurgaon,108.0,NKOT0F01D2BA,NOKIA,2E57ED585A9A,Haryana,2.63,0.0,2.63,0.4,99.6,9.6,False,False,0.0,93.0,7.5,100.0,2.63,2.5,0.0,2.63,3.35,0.53,AOT4221NK,iPhone,,,,False,False,False,False,True,False,True,False,False,False,False,380.0,0.0,380.0,2044696576.0,2044696576.0,21300706304.0,40.0,40.0,2.0,38.0,40.0,2.0,38.0,,,,,,,,,,,,,,,,,,,,,,,,,,,,,,,,,,,,,,,,,,,,,,,,,,,,,,,,,,,,,,,,,,,,,,,,,,,,,,,,,,,,,,,,,,,,,,,,,,,,,,,,,,,,40.0,2.0,38.0,0.0,380.0,380.0,40.0,2.0,38.0,,,,,,,40.0,,,,,,,,,,,,,,,,,,,,,2.5,0.0,2.63,2.63,0.0,2.63,7.5,100.0,2.63,93.0,0.0,3.35,0.53,False,False,False,False,False,False,False,False,False,True,False,True,False,,,,,,,,,,,,,,,,,,,,,,,,,,,,,,,,,,,,,,,,
01246472327_dsl,Gurgaon,108.0,NKOTA0000592,NOKIA,,Haryana,,,,,,,,,,,,,,,,,,,AOT4221NK,,,,,,,,,,,,,,,,,,,,,,,,,,,,,01246472327_dsl,108.0,NKOTA0000592,NOKIA,0C36234FB190,AOT4221NK,3.0,0.0,3.0,0.0,,0.0,0.0,0.0,0.0,1.22,0.09,0.0,0.0,0.0,3.28,9.52,0.0,77.0,0.0,0.0,0.0,0.0,0.0,0.0,0.0,0.0,0.0,0.0,0.0,0.0,0.0,0.0,0.0,0.0,,,,0.0,0.0,100.0,2717184000.0,2.63,1.0,38.0,0.0,0.0,13.0,4.0,1.0,25.0,0.0,0.0,0.0,0.0,0.0,0.0,False,,False,False,False,False,False,True,False,False,False,False,False,False,True,False,False,False,False,False,False,False,False,False,False,,,,,False,False,False,False,False,False,False,False,False,False,100.0,0.0,False,0.0,False,True,660.0,0.0,660.0,0.0,6600.0,6600.0,660.0,,660.0,1403.0,483.0,920.0,62.0,31.0,31.0,660.0,66.0,31.0,35.0,66.0,31.0,35.0,,,2717184000.0,38.0,13.0,25.0,74.0,37.0,37.0,38.0,13.0,25.0,0C36234FB190,3.0,0.0,,0.0,0.0,0.0,0.0,0.0,0.0,0.0,77.0,0.0,1.22,0.09,0.0,0.0,False,,False,False,False,False,False,False,False,True,False,3.28,9.52,0.0,0.0,0.0,0.0,0.0,0.0,,,,100.0,2717184000.0,2.63,1.0,38.0,0.0,0.0,13.0,4.0,1.0,25.0,100.0,False,True,False,False,False,False,False,False,,,,,False,False,False,False,True
012447957675_dsl,Gurgaon,108.0,ZYOT5E069474,NOKIA,,Haryana,,,,,,,,,,,,,,,,,,,AOT5221ZY,,,,,,,,,,,,,,,,,,,,,,,,,,,,,012447957675_dsl,108.0,ZYOT5E069474,NOKIA,30BD13CF4F18,AOT5221ZY,8.0,0.0,8.0,0.0,,0.0,0.0,0.0,0.0,19.41,0.63,8.18,0.0,8.18,90.86,89.21,92.17,,0.0,0.0,0.0,0.0,0.0,0.0,0.0,0.0,0.0,0.0,0.0,0.0,0.0,0.0,0.0,0.0,,,,,,100.0,36218129408.0,4.17,1.0,24.0,9.09,1.0,11.0,0.0,0.0,13.0,0.0,0.0,0.0,0.0,0.0,0.0,False,,False,False,False,False,False,True,False,False,False,True,True,True,,False,False,False,False,False,False,False,False,False,False,,,,,,,False,False,False,False,False,False,False,False,81.77,56.31,False,0.0,False,True,1894.0,0.0,1894.0,0.0,22728.0,1860.0,1894.0,,1894.0,2057.0,908.0,1149.0,219.0,87.0,132.0,1894.0,218.0,87.0,131.0,219.0,87.0,132.0,,,36218129408.0,24.0,11.0,13.0,192.0,103.0,89.0,24.0,11.0,13.0,30BD13CF4F18,8.0,0.0,,0.0,0.0,0.0,0.0,8.18,0.0,8.18,,0.0,19.41,0.63,,,False,,False,False,False,False,False,False,False,,False,90.86,89.21,92.17,0.0,0.0,0.0,0.0,0.0,,,,100.0,36218129408.0,4.17,1.0,24.0,9.09,1.0,11.0,0.0,0.0,13.0,81.77,False,True,True,True,True,False,False,False,,,,,,,False,False,True
01244081160_dsl,Gurgaon,108.0,NKOT0F01CE6F,NOKIA,,Haryana,,,,,,,,,,,,,,,,,,,AOT4221NK,,,,,,,,,,,,,,,,,,,,,,,,,,,,,01244081160_dsl,108.0,NKOT0F01CE6F,NOKIA,2CC1F432FE41,AOT4221NK,7.0,2.0,5.0,0.0,0.0,0.0,0.0,0.0,0.0,2.12,0.05,18.07,50.0,0.0,4.19,12.58,0.0,51.0,0.0,0.0,0.0,0.0,0.0,0.0,0.0,0.0,0.0,0.0,0.0,0.0,0.0,0.0,0.0,0.0,,,,0.0,0.0,99.02,11819001856.0,7.89,3.0,38.0,23.08,3.0,13.0,0.0,0.0,25.0,0.0,0.0,0.0,0.0,0.0,0.0,False,False,False,False,False,False,False,True,False,False,False,False,False,False,True,False,False,False,False,False,False,False,False,False,False,,,,,False,False,False,False,False,False,False,False,False,False,54.93,59.26,False,0.0,False,True,1655.0,598.0,1057.0,0.0,13741.0,13741.0,1655.0,598.0,1057.0,1336.0,445.0,891.0,72.0,36.0,36.0,1655.0,72.0,36.0,36.0,72.0,36.0,36.0,,,11819001856.0,38.0,13.0,25.0,71.0,27.0,44.0,38.0,13.0,25.0,2CC1F432FE41,7.0,0.0,0.0,0.0,0.0,0.0,0.0,18.07,50.0,0.0,51.0,0.0,2.12,0.05,0.0,0.0,False,False,False,False,False,False,False,False,False,True,False,4.19,12.58,0.0,0.0,0.0,0.0,0.0,0.0,,,,99.02,11819001856.0,7.89,3.0,38.0,23.08,3.0,13.0,0.0,0.0,25.0,54.93,False,True,False,False,False,False,False,False,,,,,False,False,False,False,True
01244054723_dsl,Gurgaon,108.0,NKOT0F0226EE,NOKIA,,Haryana,,,,,,,,,,,,,,,,,,,AAP321NK,,,,,,,,,,,,,,,,,,,,,,,,,,,,,01244054723_dsl,108.0,NKOT0F0226EE,NOKIA,2CC1F46D39D1,AAP321NK,13.0,5.0,11.0,0.1,0.62,0.0,0.0,0.0,0.0,4.0,11.39,18.04,84.31,4.89,1.45,3.12,0.55,77.0,0.0,0.0,0.0,0.0,0.0,0.0,0.0,0.0,0.0,0.0,0.0,0.0,0.0,0.0,0.0,0.0,,,,0.0,0.0,91.98,39818841088.0,0.0,0.0,38.0,0.0,0.0,13.0,0.0,0.0,25.0,0.0,0.0,0.0,0.0,0.0,0.0,False,False,False,False,False,False,False,False,False,True,False,False,False,False,True,False,False,False,False,False,False,False,False,False,False,,,,,False,False,False,False,False,False,False,False,False,False,64.38,6.94,False,0.0,False,True,3925.0,650.0,3275.0,0.0,39300.0,13452.0,3925.0,650.0,3275.0,3319.0,1154.0,2165.0,244.0,86.0,158.0,3925.0,241.0,86.0,155.0,244.0,86.0,158.0,,,39818841088.0,38.0,13.0,25.0,160.0,72.0,88.0,38.0,13.0,25.0,2CC1F46D39D1,13.0,0.1,0.62,0.0,0.0,0.0,0.0,18.04,84.31,4.89,77.0,0.0,4.0,11.39,0.0,0.0,False,False,False,False,False,False,False,True,False,True,False,1.45,3.12,0.55,0.0,0.0,0.0,0.0,0.0,,,,91.98,39818841088.0,0.0,0.0,38.0,0.0,0.0,13.0,0.0,0.0,25.0,64.38,False,False,False,False,False,False,False,False,,,,,False,False,False,False,True
012444903348_dsl,Gurgaon,108.0,NKOT0F01CE7E,NOKIA,,Haryana,,,,,,,,,,,,,,,,,,,AOT4221NK,,,,,,,,,,,,,,,,,,,,,,,,,,,,,012444903348_dsl,108.0,NKOT0F01CE7E,NOKIA,609849C8E401,AOT4221NK,13.0,5.0,12.0,1.57,11.61,0.27,1.68,0.0,1.6,9.78,0.55,12.29,37.68,9.02,1.07,3.04,0.0,98.0,0.0,0.0,0.0,0.0,0.0,0.0,0.0,0.0,0.0,0.0,0.0,0.0,0.0,0.0,0.0,0.0,,,,0.0,0.0,82.96,34913498216.0,0.0,0.0,38.0,0.0,0.0,13.0,0.0,0.0,25.0,0.0,0.0,0.0,0.0,0.0,0.0,False,False,False,False,False,False,False,True,False,False,False,False,False,False,True,False,False,False,False,False,False,False,False,False,False,,,,,False,False,False,False,False,False,False,False,False,False,71.62,1.36,False,0.0,False,True,3703.0,422.0,3281.0,5486.0,0.0,4992.0,3703.0,422.0,3281.0,5255.0,1845.0,3410.0,442.0,129.0,313.0,3703.0,426.0,125.0,301.0,436.0,127.0,309.0,,,34913498216.0,38.0,13.0,25.0,303.0,147.0,156.0,38.0,13.0,25.0,609849C8E401,13.0,1.57,11.61,0.27,1.6,1.68,0.0,12.29,37.68,9.02,98.0,0.0,9.78,0.55,0.0,0.0,False,False,False,False,False,False,False,False,False,True,False,1.07,3.04,0.0,0.0,0.0,0.0,0.0,0.0,,,,82.96,34913498216.0,0.0,0.0,38.0,0.0,0.0,13.0,0.0,0.0,25.0,71.62,False,True,False,False,False,False,False,False,,,,,False,False,False,False,True
012444801137_dsl,Gurgaon,108.0,NKOTDF000165,NOKIA,,Haryana,,,,,,,,,,,,,,,,,,,AOT4221NK,,,,,,,,,,,,,,,,,,,,,,,,,,,,,012444801137_dsl,108.0,NKOTDF000165,NOKIA,503D7FDFEC00,AOT4221NK,16.0,11.0,8.0,0.08,0.0,0.17,0.0,0.0,0.0,2.02,0.56,41.8,69.03,12.49,2.67,7.61,0.18,60.0,0.0,0.0,0.0,0.0,0.0,0.0,0.0,0.0,0.0,0.0,0.0,0.0,0.0,0.0,0.0,0.0,,1.0,0.0,1.0,0.0,99.21,32383142912.0,0.0,0.0,38.0,0.0,0.0,13.0,0.0,0.0,25.0,0.0,0.0,0.0,0.0,0.0,0.0,False,False,False,False,False,False,False,True,False,True,False,False,False,False,True,False,False,False,False,False,False,False,False,False,False,,,True,False,False,False,False,False,False,False,False,False,False,False,61.57,22.95,False,0.0,False,True,4785.0,2480.0,2305.0,0.0,29965.0,1742.0,4785.0,2480.0,2305.0,4906.0,1643.0,3263.0,420.0,124.0,296.0,4785.0,409.0,124.0,285.0,419.0,124.0,295.0,,,32383142912.0,38.0,13.0,25.0,268.0,122.0,146.0,38.0,13.0,25.0,503D7FDFEC00,16.0,0.08,0.0,0.17,0.0,0.0,0.0,41.8,69.03,12.49,60.0,0.0,2.02,0.56,1.0,0.0,False,False,False,False,False,False,False,True,False,True,False,2.67,7.61,0.18,0.0,0.0,0.0,0.0,0.0,,1.0,0.0,99.21,32383142912.0,0.0,0.0,38.0,0.0,0.0,13.0,0.0,0.0,25.0,61.57,False,True,False,False,False,False,False,False,,,True,False,False,False,False,False,True
01244203817_dsl,Gurgaon,108.0,ZYOT2E000479,NOKIA,,Haryana,,,,,,,,,,,,,,,,,,,AAP321NK,,,,,,,,,,,,,,,,,,,,,,,,,,,,,01244203817_dsl,108.0,ZYOT2E000479,NOKIA,5807F84FAB41,AAP321NK,2.0,1.0,1.0,50.0,100.0,0.0,0.0,0.0,0.0,0.38,0.01,50.0,100.0,0.0,0.0,0.0,0.0,357.0,0.0,0.0,0.0,0.0,0.0,0.0,0.0,0.0,0.0,0.0,0.0,0.0,0.0,0.0,0.0,0.0,,,,0.0,0.0,100.0,45516800.0,0.0,0.0,38.0,0.0,0.0,13.0,0.0,0.0,25.0,0.0,0.0,0.0,0.0,0.0,0.0,False,True,False,False,False,False,True,True,False,True,False,False,False,False,True,False,False,False,False,False,False,False,False,False,False,,,,,False,False,False,False,False,False,False,False,False,False,43.94,0.0,False,0.0,False,False,2.0,1.0,1.0,0.0,8.0,8.0,2.0,1.0,1.0,1356.0,448.0,908.0,102.0,31.0,71.0,2.0,101.0,31.0,70.0,102.0,31.0,71.0,,,45516800.0,38.0,13.0,25.0,66.0,29.0,37.0,38.0,13.0,25.0,5807F84FAB41,2.0,50.0,100.0,0.0,0.0,0.0,0.0,50.0,100.0,0.0,357.0,0.0,0.38,0.01,0.0,0.0,False,True,False,False,False,False,False,True,False,True,False,0.0,0.0,0.0,0.0,0.0,0.0,0.0,0.0,,,,100.0,45516800.0,0.0,0.0,38.0,0.0,0.0,13.0,0.0,0.0,25.0,43.94,True,True,False,False,False,False,False,False,,,,,False,False,False,False,False
01246232448_dsl,Gurgaon,108.0,NKOT2F045EF1,NOKIA,,Haryana,,,,,,,,,,,,,,,,,,,AOT4221NK,,,,,,,,,,,,,,,,,,,,,,,,,,,,,01246232448_dsl,108.0,NKOT2F045EF1,NOKIA,BC515F6E0433,AOT4221NK,7.0,1.0,6.0,0.0,0.0,0.0,0.0,0.0,0.0,2.39,0.39,0.0,0.0,0.0,10.58,30.56,0.0,34.0,0.0,0.0,0.0,0.0,0.0,0.0,0.0,0.0,0.0,0.0,0.0,0.0,0.0,0.0,0.0,0.0,,2.0,0.0,0.0,0.0,44.91,9776389899.0,10.53,4.0,38.0,30.77,4.0,13.0,0.0,0.0,25.0,0.0,0.0,0.0,0.0,0.0,0.0,False,False,False,False,False,False,False,True,False,False,False,False,False,False,True,False,False,False,False,False,False,False,False,False,False,,,True,False,False,False,True,False,False,False,False,False,False,False,83.33,75.0,True,0.0,False,True,732.0,155.0,577.0,0.0,188.0,188.0,732.0,155.0,577.0,624.0,216.0,408.0,110.0,33.0,77.0,732.0,108.0,31.0,77.0,110.0,33.0,77.0,,,9776389899.0,38.0,13.0,25.0,48.0,24.0,24.0,38.0,13.0,25.0,BC515F6E0433,7.0,0.0,0.0,0.0,0.0,0.0,0.0,0.0,0.0,0.0,34.0,0.0,2.39,0.39,0.0,0.0,False,False,False,False,False,False,False,False,False,True,False,10.58,30.56,0.0,0.0,0.0,0.0,0.0,0.0,,2.0,0.0,44.91,9776389899.0,10.53,4.0,38.0,30.77,4.0,13.0,0.0,0.0,25.0,83.33,False,True,False,False,False,False,False,False,,,True,False,False,False,False,False,True
012436398608_dsl,Gurgaon,108.0,NKOTDF0001E7,NOKIA,,Haryana,,,,,,,,,,,,,,,,,,,AAP321NK,,,,,,,,,,,,,,,,,,,,,,,,,,,,,012436398608_dsl,108.0,NKOTDF0001E7,NOKIA,503D7FDFF420,AAP321NK,12.0,7.0,9.0,0.12,0.41,0.0,0.0,0.0,0.0,6.77,0.31,15.23,38.61,6.05,1.23,3.71,0.0,70.0,0.0,0.0,0.0,0.0,0.0,0.0,0.0,0.0,0.0,0.0,0.0,0.0,0.0,0.0,0.0,0.0,,2.0,0.0,3.0,0.0,53.69,35547721728.0,0.0,0.0,38.0,0.0,0.0,13.0,0.0,0.0,25.0,0.0,0.0,0.0,0.0,0.0,0.0,False,False,False,False,False,False,False,True,False,False,False,False,False,False,True,False,False,False,False,False,False,False,False,False,False,,,True,False,False,False,False,False,False,False,False,False,False,False,46.15,0.0,False,0.0,False,False,2600.0,733.0,1867.0,0.0,22404.0,16164.0,2600.0,733.0,1867.0,3159.0,1050.0,2109.0,255.0,87.0,168.0,2600.0,249.0,87.0,162.0,255.0,87.0,168.0,,,35547721728.0,38.0,13.0,25.0,156.0,71.0,85.0,38.0,13.0,25.0,503D7FDFF420,12.0,0.12,0.41,0.0,0.0,0.0,0.0,15.23,38.61,6.05,70.0,0.0,6.77,0.31,3.0,0.0,False,False,False,False,False,False,False,False,False,True,False,1.23,3.71,0.0,0.0,0.0,0.0,0.0,0.0,,2.0,0.0,53.69,35547721728.0,0.0,0.0,38.0,0.0,0.0,13.0,0.0,0.0,25.0,46.15,False,True,False,False,False,False,False,False,,,True,False,False,False,False,False,False
012445159575_dsl,Gurgaon,108.0,ZYOTFD000042,NOKIA,,Haryana,,,,,,,,,,,,,,,,,,,AOT5221ZY,,,,,,,,,,,,,,,,,,,,,,,,,,,,,012445159575_dsl,108.0,ZYOTFD000042,NOKIA,F80DA96AE5C8,AOT5221ZY,7.0,1.0,6.0,57.76,0.0,58.39,0.0,58.39,58.39,8.55,0.29,11.29,0.0,11.41,87.7,91.72,83.76,,0.0,0.0,0.0,0.0,0.0,0.0,0.0,0.0,0.0,0.0,0.0,0.0,0.0,0.0,0.0,0.0,,,,,,100.0,64068293632.0,0.0,0.0,23.0,0.0,0.0,11.0,0.0,0.0,12.0,0.0,0.0,0.0,0.0,0.0,0.0,False,False,False,False,False,False,False,True,False,False,False,True,True,True,,False,False,False,False,False,False,False,False,False,False,,,,,,,False,False,False,False,False,False,False,False,66.67,0.0,False,0.0,False,True,2507.0,27.0,2480.0,0.0,24800.0,24800.0,2507.0,27.0,2480.0,1000.0,495.0,505.0,85.0,42.0,43.0,2507.0,67.0,42.0,25.0,85.0,42.0,43.0,,,64068293632.0,23.0,11.0,12.0,72.0,41.0,31.0,23.0,11.0,12.0,F80DA96AE5C8,7.0,57.76,0.0,58.39,58.39,0.0,58.39,11.29,0.0,11.41,,0.0,8.55,0.29,,,False,False,False,False,False,False,False,False,False,,False,87.7,91.72,83.76,0.0,0.0,0.0,0.0,0.0,,,,100.0,64068293632.0,0.0,0.0,23.0,0.0,0.0,11.0,0.0,0.0,12.0,66.67,False,True,True,True,True,False,False,False,,,,,,,False,False,True
012445118300_dsl,Gurgaon,108.0,NKOT0F01D2BA,NOKIA,,Haryana,,,,,,,,,,,,,,,,,,,AOT4221NK,,,,,,,,,,,,,,,,,,,,,,,,,,,,,012445118300_dsl,108.0,NKOT0F01D2BA,NOKIA,2CC1F43342F1,AOT4221NK,11.0,5.0,9.0,0.56,1.63,0.49,0.0,0.49,0.49,3.35,1.2,3.1,26.02,1.72,8.41,24.35,0.54,196.0,0.0,0.0,0.0,0.0,0.0,0.0,0.0,0.0,0.0,0.0,0.0,0.0,0.0,0.0,0.0,0.0,,,,0.0,0.0,99.51,21300706304.0,7.89,3.0,38.0,23.08,3.0,13.0,0.0,0.0,25.0,0.0,0.0,0.0,0.0,0.0,0.0,False,False,False,False,False,False,False,False,False,False,False,False,False,False,True,False,False,False,False,False,False,False,False,False,False,,,,,False,False,False,False,False,False,False,False,False,False,49.25,87.1,True,0.0,False,False,2159.0,123.0,2036.0,0.0,20360.0,20360.0,2159.0,123.0,2036.0,1392.0,460.0,932.0,63.0,30.0,33.0,2159.0,63.0,30.0,33.0,63.0,30.0,33.0,,,21300706304.0,38.0,13.0,25.0,67.0,31.0,36.0,38.0,13.0,25.0,2CC1F43342F1,11.0,0.56,1.63,0.49,0.49,0.0,0.49,3.1,26.02,1.72,196.0,0.0,3.35,1.2,0.0,0.0,False,False,False,False,False,False,False,False,False,True,False,8.41,24.35,0.54,0.0,0.0,0.0,0.0,0.0,,,,99.51,21300706304.0,7.89,3.0,38.0,23.08,3.0,13.0,0.0,0.0,25.0,49.25,False,False,False,False,False,False,False,False,,,,,False,False,False,False,False
012447862103_dsl,Gurgaon,108.0,ZYOTB0900020,NOKIA,,Haryana,,,,,,,,,,,,,,,,,,,AOT5222ZY,,,,,,,,,,,,,,,,,,,,,,,,,,,,,012447862103_dsl,108.0,ZYOTB0900020,NOKIA,C02E5FAD7669,AOT5222ZY,5.0,0.0,5.0,0.0,,0.0,0.0,0.0,0.0,1.74,0.19,0.0,0.0,0.0,79.15,92.11,67.84,,0.0,0.0,0.0,0.0,0.0,0.0,0.0,0.0,0.0,0.0,0.0,0.0,0.0,0.0,0.0,0.0,,,,,,100.0,20089200640.0,0.0,0.0,23.0,0.0,0.0,11.0,0.0,0.0,12.0,0.0,0.0,0.0,0.0,0.0,0.0,False,,False,False,False,False,False,True,False,False,False,True,True,True,,False,False,False,False,False,False,False,False,False,False,,,,,,,False,False,False,False,False,False,False,False,53.33,0.0,False,1.72,False,True,2525.0,0.0,2525.0,0.0,35350.0,35350.0,2525.0,,2525.0,1170.0,545.0,625.0,80.0,40.0,40.0,2525.0,67.0,40.0,27.0,80.0,40.0,40.0,,,20089200640.0,23.0,11.0,12.0,105.0,47.0,58.0,23.0,11.0,12.0,C02E5FAD7669,5.0,0.0,,0.0,0.0,0.0,0.0,0.0,0.0,0.0,,0.0,1.74,0.19,,,False,,False,False,False,False,False,False,False,,False,79.15,92.11,67.84,0.0,0.0,0.0,0.0,0.0,,,,100.0,20089200640.0,0.0,0.0,23.0,0.0,0.0,11.0,0.0,0.0,12.0,53.33,False,True,True,True,True,False,False,False,,,,,,,False,False,True
012421019184_wifi,Gurgaon,108.0,ZYOTB0900058,NOKIA,,Haryana,,,,,,,,,,,,,,,,,,,AOT5222ZY,,,,,,,,,,,,,,,,,,,,,,,,,,,,,012421019184_wifi,108.0,ZYOTB0900058,NOKIA,C02E5FAD7799,AOT5222ZY,6.0,4.0,5.0,35.64,35.43,35.82,0.0,35.82,35.82,36.48,12.91,16.84,36.02,0.61,91.5,91.44,91.56,10.0,0.0,0.0,0.0,0.0,0.0,0.0,0.0,0.0,0.0,0.0,0.0,0.0,0.0,0.0,0.0,0.0,,,,1.0,0.0,2.51,412720752640.0,0.0,0.0,23.0,0.0,0.0,11.0,0.0,0.0,12.0,0.0,0.0,0.0,0.0,0.0,0.0,False,False,False,False,False,False,False,False,False,False,False,True,True,True,True,False,False,False,False,False,False,False,False,False,False,,,,,False,False,True,False,False,False,False,False,False,False,59.15,0.0,False,0.0,False,True,4823.0,2210.0,2613.0,0.0,26130.0,26130.0,4823.0,2210.0,2613.0,882.0,432.0,450.0,82.0,41.0,41.0,4823.0,74.0,40.0,34.0,82.0,41.0,41.0,,,412720752640.0,23.0,11.0,12.0,71.0,38.0,33.0,23.0,11.0,12.0,C02E5FAD7799,6.0,35.64,35.43,35.82,35.82,0.0,35.82,16.84,36.02,0.61,10.0,0.0,36.48,12.91,1.0,0.0,False,False,False,False,False,False,False,False,False,True,False,91.5,91.44,91.56,0.0,0.0,0.0,0.0,0.0,,,,2.51,412720752640.0,0.0,0.0,23.0,0.0,0.0,11.0,0.0,0.0,12.0,59.15,False,False,True,True,True,False,False,False,,,,,False,False,False,False,True
080101842220_kk,Bangalore,105.0,ZYOTEF108503,NOKIA,56B9786E39E1,Karnataka,6.64,0.0,6.64,0.08,99.92,10.59,,,0.0,,55.21,100.0,52.7,9.43,0.0,9.96,0.27,0.01,MTK 0000,,,,,False,False,False,False,,False,True,False,False,False,False,5784.0,0.0,5784.0,1115394048.0,1115394048.0,10534333440.0,509.0,509.0,27.0,482.0,509.0,27.0,482.0,,,,,,,,,,,,,,,,,,,,,,,,,,,,,,,,,,,,,,,,,,,,,,,,,,,,,,,,,,,,,,,,,,,,,,,,,,,,,,,,,,,,,,,,,,,,,,,,,,,,,,,,,,,,509.0,27.0,482.0,0.0,5784.0,5784.0,509.0,27.0,482.0,,,,,,,509.0,,,,,,,,,,,,,,,,,,,,,9.43,0.0,9.96,6.64,0.0,6.64,55.21,100.0,52.7,,0.0,0.27,0.01,,,False,False,False,False,False,False,False,True,False,,False,,,,,,,,,,,,,,,,,,,,,,,,,,,,,,,,,,,,,,,,
08021305959_wifi,Bangalore,105.0,ZYOTAF220521,NOKIA,4663C272B38F,Karnataka,,,,0.0,100.0,0.13,,,0.0,1.0,0.0,0.0,0.0,0.0,,0.0,0.0,0.23,AAP4221ZY,AZYAPBE000049783,OTHER,,,,,,False,False,False,False,False,False,,False,,,,251473920.0,251473920.0,192467040256.0,136.0,136.0,,136.0,136.0,0.0,136.0,,,,,,,,,,,,,,,,,,,,,,,,,,,,,,,,,,,,,,,,,,,,,,,,,,,,,,,,,,,,,,,,,,,,,,,,,,,,,,,,,,,,,,,,,,,,,,,,,,,,,,,,,,,,136.0,0.0,136.0,,,,136.0,,136.0,,,,,,,136.0,,,,,,,,,,,,,,,,,,,,,0.0,,0.0,,,,0.0,0.0,0.0,1.0,0.0,0.0,0.23,,,False,,False,,,,False,False,False,False,False,,,,,,,,,,,,,,,,,,,,,,,,,,,,,,,,,,,,,,,,
08024828161_wifi,Bangalore,105.0,ZYOTFF046132,NOKIA,2818FDAEBD35,Karnataka,,,,100.0,0.0,100.0,,,0.0,,100.0,100.0,0.0,0.0,0.0,,0.0,0.0,AOT5221ZY,,,,,,,,False,,True,True,False,False,False,,,,,12198912.0,12198912.0,12198912.0,544.0,544.0,544.0,,544.0,544.0,0.0,,,,,,,,,,,,,,,,,,,,,,,,,,,,,,,,,,,,,,,,,,,,,,,,,,,,,,,,,,,,,,,,,,,,,,,,,,,,,,,,,,,,,,,,,,,,,,,,,,,,,,,,,,,,544.0,544.0,0.0,,,,544.0,544.0,,,,,,,,544.0,,,,,,,,,,,,,,,,,,,,,0.0,0.0,,,,,100.0,100.0,0.0,,0.0,0.0,0.0,,,False,False,,,,,True,True,False,,False,,,,,,,,,,,,,,,,,,,,,,,,,,,,,,,,,,,,,,,,
080101842220_kk,Bangalore,105.0,ZYOTEF108503,NOKIA,96A208813FA5,Karnataka,4.96,0.0,4.96,2.1,97.9,2.22,,,0.0,,95.76,100.0,93.13,3.06,0.0,4.96,0.11,0.02,MTK 0000,,,,,False,False,False,False,,True,True,True,False,False,False,3144.0,0.0,3144.0,234199040.0,234199040.0,10534333440.0,425.0,425.0,163.0,262.0,425.0,163.0,262.0,,,,,,,,,,,,,,,,,,,,,,,,,,,,,,,,,,,,,,,,,,,,,,,,,,,,,,,,,,,,,,,,,,,,,,,,,,,,,,,,,,,,,,,,,,,,,,,,,,,,,,,,,,,,425.0,163.0,262.0,0.0,3144.0,3144.0,425.0,163.0,262.0,,,,,,,425.0,,,,,,,,,,,,,,,,,,,,,3.06,0.0,4.96,4.96,0.0,4.96,95.76,100.0,93.13,,0.0,0.11,0.02,,,False,False,False,False,False,False,True,True,True,,False,,,,,,,,,,,,,,,,,,,,,,,,,,,,,,,,,,,,,,,,
08021305959_wifi,Bangalore,105.0,ZYOTAF220521,NOKIA,3AB3E810E58B,Karnataka,0.0,0.0,0.0,9.95,90.05,4.75,False,False,0.0,32.0,92.42,100.0,92.3,0.0,0.0,0.0,3.59,0.18,AAP4221ZY,Veena-s-S20-FE,,,,False,False,False,False,True,True,True,True,False,False,False,120.0,120.0,0.0,9141837824.0,9141837824.0,192467040256.0,726.0,726.0,12.0,714.0,726.0,12.0,714.0,,,,,,,,,,,,,,,,,,,,,,,,,,,,,,,,,,,,,,,,,,,,,,,,,,,,,,,,,,,,,,,,,,,,,,,,,,,,,,,,,,,,,,,,,,,,,,,,,,,,,,,,,,,,726.0,12.0,714.0,120.0,0.0,120.0,726.0,12.0,714.0,,,,,,,726.0,,,,,,,,,,,,,,,,,,,,,0.0,0.0,0.0,0.0,0.0,0.0,92.42,100.0,92.3,32.0,0.0,3.59,0.18,False,False,False,False,False,False,False,False,True,True,True,True,False,,,,,,,,,,,,,,,,,,,,,,,,,,,,,,,,,,,,,,,,
080101842220_kk,Bangalore,105.0,ZYOTEF108503,NOKIA,520CCB97F3AB,Karnataka,2.02,0.0,2.02,0.0,100.0,33.57,,,0.0,,100.0,0.0,100.0,2.02,,2.02,1.59,0.01,MTK 0000,,,,,False,False,False,False,,True,False,True,False,,False,5340.0,0.0,5340.0,3535897600.0,3535897600.0,10534333440.0,445.0,445.0,,445.0,445.0,0.0,445.0,,,,,,,,,,,,,,,,,,,,,,,,,,,,,,,,,,,,,,,,,,,,,,,,,,,,,,,,,,,,,,,,,,,,,,,,,,,,,,,,,,,,,,,,,,,,,,,,,,,,,,,,,,,,445.0,0.0,445.0,0.0,5340.0,5340.0,445.0,,445.0,,,,,,,445.0,,,,,,,,,,,,,,,,,,,,,2.02,,2.02,2.02,0.0,2.02,100.0,0.0,100.0,,0.0,1.59,0.01,,,False,,False,False,False,False,True,False,True,,False,,,,,,,,,,,,,,,,,,,,,,,,,,,,,,,,,,,,,,,,
080101842220_kk,Bangalore,105.0,ZYOTEF108503,NOKIA,78B39F17368C,Karnataka,0.0,0.0,0.0,0.0,100.0,19.24,,,0.0,,100.0,0.0,100.0,0.0,,0.0,1.5,0.04,MTK 0000,,,,,False,False,False,False,,True,False,True,False,,False,2520.0,0.0,2520.0,2026937344.0,2026937344.0,10534333440.0,210.0,210.0,,210.0,210.0,0.0,210.0,,,,,,,,,,,,,,,,,,,,,,,,,,,,,,,,,,,,,,,,,,,,,,,,,,,,,,,,,,,,,,,,,,,,,,,,,,,,,,,,,,,,,,,,,,,,,,,,,,,,,,,,,,,,210.0,0.0,210.0,0.0,2520.0,2520.0,210.0,,210.0,,,,,,,210.0,,,,,,,,,,,,,,,,,,,,,0.0,,0.0,0.0,0.0,0.0,100.0,0.0,100.0,,0.0,1.5,0.04,,,False,,False,False,False,False,True,False,True,,False,,,,,,,,,,,,,,,,,,,,,,,,,,,,,,,,,,,,,,,,
08021305959_wifi,Bangalore,105.0,ZYOTAF220521,NOKIA,E6B4718C2F37,Karnataka,0.0,0.0,0.0,0.01,99.99,11.68,False,False,0.0,11.0,91.86,100.0,91.16,0.0,0.0,0.0,9.17,0.41,AAP4221ZY,Unknown_e6:b4:71:8c:2f:37,,,,False,False,False,False,True,True,True,True,False,False,False,640.0,640.0,0.0,22475396096.0,22475396096.0,192467040256.0,811.0,811.0,64.0,747.0,811.0,64.0,747.0,,,,,,,,,,,,,,,,,,,,,,,,,,,,,,,,,,,,,,,,,,,,,,,,,,,,,,,,,,,,,,,,,,,,,,,,,,,,,,,,,,,,,,,,,,,,,,,,,,,,,,,,,,,,811.0,64.0,747.0,640.0,0.0,640.0,811.0,64.0,747.0,,,,,,,811.0,,,,,,,,,,,,,,,,,,,,,0.0,0.0,0.0,0.0,0.0,0.0,91.86,100.0,91.16,11.0,0.0,9.17,0.41,False,False,False,False,False,False,False,False,True,True,True,True,False,,,,,,,,,,,,,,,,,,,,,,,,,,,,,,,,,,,,,,,,
080101842220_kk,Bangalore,105.0,ZYOTEF108503,NOKIA,D83BBF61F2AB,Karnataka,0.0,0.0,0.0,0.0,100.0,0.8,,,0.0,,0.0,0.0,0.0,0.0,,0.0,5.72,0.1,MTK 0000,,,,,False,False,False,False,,False,False,False,False,,False,12.0,0.0,12.0,84694016.0,84694016.0,10534333440.0,1.0,1.0,,1.0,1.0,0.0,1.0,,,,,,,,,,,,,,,,,,,,,,,,,,,,,,,,,,,,,,,,,,,,,,,,,,,,,,,,,,,,,,,,,,,,,,,,,,,,,,,,,,,,,,,,,,,,,,,,,,,,,,,,,,,,1.0,0.0,1.0,0.0,12.0,12.0,1.0,,1.0,,,,,,,1.0,,,,,,,,,,,,,,,,,,,,,0.0,,0.0,0.0,0.0,0.0,0.0,0.0,0.0,,0.0,5.72,0.1,,,False,,False,False,False,False,False,False,False,,False,,,,,,,,,,,,,,,,,,,,,,,,,,,,,,,,,,,,,,,,
080101842220_kk,Bangalore,105.0,ZYOTEF108503,NOKIA,763209D28788,Karnataka,0.0,0.0,0.0,0.0,100.0,0.01,,,0.0,,0.0,0.0,0.0,0.0,,0.0,0.0,0.0,MTK 0000,,,,,False,False,False,False,,False,False,False,False,,False,324.0,0.0,324.0,1179648.0,1179648.0,10534333440.0,27.0,27.0,,27.0,27.0,0.0,27.0,,,,,,,,,,,,,,,,,,,,,,,,,,,,,,,,,,,,,,,,,,,,,,,,,,,,,,,,,,,,,,,,,,,,,,,,,,,,,,,,,,,,,,,,,,,,,,,,,,,,,,,,,,,,27.0,0.0,27.0,0.0,324.0,324.0,27.0,,27.0,,,,,,,27.0,,,,,,,,,,,,,,,,,,,,,0.0,,0.0,0.0,0.0,0.0,0.0,0.0,0.0,,0.0,0.0,0.0,,,False,,False,False,False,False,False,False,False,,False,,,,,,,,,,,,,,,,,,,,,,,,,,,,,,,,,,,,,,,,
08021305959_wifi,Bangalore,105.0,ZYOTAF220521,NOKIA,5E20088233E4,Karnataka,,,,0.0,100.0,0.09,,,0.0,,2.65,0.0,2.65,0.85,,0.85,9.71,4.13,AAP4221ZY,,,,,,,,False,,False,False,False,False,,False,,,,170180608.0,170180608.0,192467040256.0,1056.0,1056.0,,1056.0,1056.0,0.0,1056.0,,,,,,,,,,,,,,,,,,,,,,,,,,,,,,,,,,,,,,,,,,,,,,,,,,,,,,,,,,,,,,,,,,,,,,,,,,,,,,,,,,,,,,,,,,,,,,,,,,,,,,,,,,,,1056.0,0.0,1056.0,,,,1056.0,,1056.0,,,,,,,1056.0,,,,,,,,,,,,,,,,,,,,,0.85,,0.85,,,,2.65,0.0,2.65,,0.0,9.71,4.13,,,False,,False,,,,False,False,False,,False,,,,,,,,,,,,,,,,,,,,,,,,,,,,,,,,,,,,,,,,
08021305959_wifi,Bangalore,105.0,ZYOTAF220521,NOKIA,1CD6BEAA4661,Karnataka,,,,0.0,100.0,70.06,,,0.0,1.0,21.89,0.0,21.89,0.0,,0.0,9.64,0.35,AAP4221ZY,,,,,,,,False,False,False,False,False,False,,False,,,,134846682112.0,134846682112.0,192467040256.0,859.0,859.0,,859.0,859.0,0.0,859.0,,,,,,,,,,,,,,,,,,,,,,,,,,,,,,,,,,,,,,,,,,,,,,,,,,,,,,,,,,,,,,,,,,,,,,,,,,,,,,,,,,,,,,,,,,,,,,,,,,,,,,,,,,,,859.0,0.0,859.0,,,,859.0,,859.0,,,,,,,859.0,,,,,,,,,,,,,,,,,,,,,0.0,,0.0,,,,21.89,0.0,21.89,1.0,0.0,9.64,0.35,,,False,,False,,,,False,False,False,False,False,,,,,,,,,,,,,,,,,,,,,,,,,,,,,,,,,,,,,,,,
08021305959_wifi,Bangalore,105.0,ZYOTAF220521,NOKIA,9247F166A2BB,Karnataka,,,,0.0,100.0,13.26,,,0.0,,3.36,0.0,3.36,0.0,,0.0,3.54,0.1,AAP4221ZY,,,,,,,,False,,False,False,False,False,,False,,,,25527238656.0,25527238656.0,192467040256.0,1043.0,1043.0,,1043.0,1043.0,0.0,1043.0,,,,,,,,,,,,,,,,,,,,,,,,,,,,,,,,,,,,,,,,,,,,,,,,,,,,,,,,,,,,,,,,,,,,,,,,,,,,,,,,,,,,,,,,,,,,,,,,,,,,,,,,,,,,1043.0,0.0,1043.0,,,,1043.0,,1043.0,,,,,,,1043.0,,,,,,,,,,,,,,,,,,,,,0.0,,0.0,,,,3.36,0.0,3.36,,0.0,3.54,0.1,,,False,,False,,,,False,False,False,,False,,,,,,,,,,,,,,,,,,,,,,,,,,,,,,,,,,,,,,,,
080101842220_kk,Bangalore,105.0,ZYOTEF108503,NOKIA,F4289DA74175,Karnataka,0.0,0.0,0.0,0.0,100.0,33.57,,,0.0,,100.0,0.0,100.0,0.0,,0.0,0.42,0.07,MTK 0000,,,,,False,False,False,False,,True,False,True,False,,False,3924.0,0.0,3924.0,3536031744.0,3536031744.0,10534333440.0,327.0,327.0,,327.0,327.0,0.0,327.0,,,,,,,,,,,,,,,,,,,,,,,,,,,,,,,,,,,,,,,,,,,,,,,,,,,,,,,,,,,,,,,,,,,,,,,,,,,,,,,,,,,,,,,,,,,,,,,,,,,,,,,,,,,,327.0,0.0,327.0,0.0,3924.0,3924.0,327.0,,327.0,,,,,,,327.0,,,,,,,,,,,,,,,,,,,,,0.0,,0.0,0.0,0.0,0.0,100.0,0.0,100.0,,0.0,0.42,0.07,,,False,,False,False,False,False,True,False,True,,False,,,,,,,,,,,,,,,,,,,,,,,,,,,,,,,,,,,,,,,,
08021305959_wifi,Bangalore,105.0,ZYOTAF220521,NOKIA,4663C272B14F,Karnataka,,,,0.0,100.0,0.02,,,0.0,2.0,0.0,0.0,0.0,0.0,,0.0,0.01,0.0,AAP4221ZY,AZYAPBE000049711,OTHER,,,,,,False,False,False,False,False,False,,False,,,,29794304.0,29794304.0,192467040256.0,136.0,136.0,,136.0,136.0,0.0,136.0,,,,,,,,,,,,,,,,,,,,,,,,,,,,,,,,,,,,,,,,,,,,,,,,,,,,,,,,,,,,,,,,,,,,,,,,,,,,,,,,,,,,,,,,,,,,,,,,,,,,,,,,,,,,136.0,0.0,136.0,,,,136.0,,136.0,,,,,,,136.0,,,,,,,,,,,,,,,,,,,,,0.0,,0.0,,,,0.0,0.0,0.0,2.0,0.0,0.01,0.0,,,False,,False,,,,False,False,False,False,False,,,,,,,,,,,,,,,,,,,,,,,,,,,,,,,,,,,,,,,,
08021305959_wifi,Bangalore,105.0,ZYOTAF220521,NOKIA,4CD08A27B074,Karnataka,0.0,0.0,0.0,100.0,0.0,0.01,False,False,0.0,46.0,100.0,100.0,0.0,0.0,0.0,,0.01,0.01,AAP4221ZY,HNS-200_B074,,Humax,,False,False,False,False,True,True,True,False,False,False,,4170.0,4170.0,0.0,24436736.0,24436736.0,192467040256.0,417.0,417.0,417.0,,417.0,417.0,0.0,,,,,,,,,,,,,,,,,,,,,,,,,,,,,,,,,,,,,,,,,,,,,,,,,,,,,,,,,,,,,,,,,,,,,,,,,,,,,,,,,,,,,,,,,,,,,,,,,,,,,,,,,,,,417.0,417.0,0.0,4170.0,0.0,4170.0,417.0,417.0,,,,,,,,417.0,,,,,,,,,,,,,,,,,,,,,0.0,0.0,,0.0,0.0,0.0,100.0,100.0,0.0,46.0,0.0,0.01,0.01,False,False,False,False,,False,False,False,True,True,False,True,False,,,,,,,,,,,,,,,,,,,,,,,,,,,,,,,,,,,,,,,,
08024828161_wifi,Bangalore,105.0,ZYOTFF046132,NOKIA,,Karnataka,,,,,,,,,,,,,,,,,,,AOT5221ZY,,,,,,,,,,,,,,,,,,,,,,,,,,,,,08024828161_wifi,105.0,ZYOTFF046132,NOKIA,,AOT5221ZY,1.0,1.0,0.0,0.0,0.0,,,,,0.0,0.0,100.0,100.0,0.0,67.08,90.82,45.51,,0.0,0.0,0.0,0.0,0.0,0.0,0.0,0.0,0.0,0.0,0.0,0.0,0.0,0.0,0.0,0.0,,,,,,0.0,12198912.0,0.0,0.0,23.0,0.0,0.0,11.0,0.0,0.0,12.0,0.0,0.0,0.0,0.0,0.0,0.0,False,False,,,,,True,True,True,True,False,True,True,False,,False,False,False,False,False,False,False,False,False,False,,,,,,,True,False,False,False,False,False,False,False,52.7,0.0,False,0.0,False,True,544.0,544.0,0.0,,,,544.0,544.0,,893.0,425.0,468.0,76.0,42.0,34.0,544.0,76.0,42.0,34.0,76.0,42.0,34.0,,,12198912.0,23.0,11.0,12.0,74.0,39.0,35.0,23.0,11.0,12.0,,1.0,0.0,0.0,,,,,100.0,100.0,0.0,,0.0,0.0,0.0,,,False,False,,,,,True,True,False,,False,67.08,90.82,45.51,0.0,0.0,0.0,0.0,0.0,,,,0.0,12198912.0,0.0,0.0,23.0,0.0,0.0,11.0,0.0,0.0,12.0,52.7,True,True,True,True,False,False,False,False,,,,,,,False,False,True
080101842220_kk,Bangalore,105.0,ZYOTEF108503,NOKIA,,Karnataka,,,,,,,,,,,,,,,,,,,AOT5221ZY,,,,,,,,,,,,,,,,,,,,,,,,,,,,,080101842220_kk,105.0,ZYOTEF108503,NOKIA,30BD1330F2A8,AOT5221ZY,7.0,2.0,7.0,3.6,0.0,3.99,0.0,3.08,3.13,5.72,0.1,85.91,100.0,84.38,91.12,90.28,91.77,,0.0,0.0,0.0,0.0,0.0,0.0,0.0,0.0,0.0,0.0,0.0,0.0,0.0,0.0,0.0,0.0,,,,,,99.94,10534333440.0,0.0,0.0,24.0,0.0,0.0,11.0,0.0,0.0,13.0,0.0,0.0,0.0,0.0,0.0,0.0,False,False,False,False,False,False,False,True,True,True,True,True,True,True,,False,False,False,False,False,False,False,False,False,False,,,,,,,False,False,False,False,False,False,False,False,74.7,20.48,False,0.0,False,True,1944.0,190.0,1754.0,0.0,21048.0,20724.0,1944.0,190.0,1754.0,1790.0,782.0,1008.0,211.0,87.0,124.0,1944.0,211.0,87.0,124.0,211.0,87.0,124.0,,,10534333440.0,24.0,11.0,13.0,166.0,83.0,83.0,24.0,11.0,13.0,30BD1330F2A8,7.0,3.6,0.0,3.99,3.13,0.0,3.08,85.91,100.0,84.38,,0.0,5.72,0.1,,,False,False,False,False,False,False,True,True,True,,False,91.12,90.28,91.77,0.0,0.0,0.0,0.0,0.0,,,,99.94,10534333440.0,0.0,0.0,24.0,0.0,0.0,11.0,0.0,0.0,13.0,74.7,False,True,True,True,True,False,False,False,,,,,,,False,False,True
08021305959_wifi,Bangalore,105.0,ZYOTAF220521,NOKIA,,Karnataka,,,,,,,,,,,,,,,,,,,AAP4221ZY,,,,,,,,,,,,,,,,,,,,,,,,,,,,,08021305959_wifi,105.0,ZYOTAF220521,NOKIA,4463C20DB388,AAP4221ZY,8.0,3.0,7.0,0.17,0.0,0.19,0.0,0.0,0.0,9.71,4.13,40.2,100.0,33.92,31.86,42.43,23.8,93.0,0.0,0.0,0.0,0.0,0.0,0.0,0.0,0.0,0.0,0.0,0.0,0.0,0.0,0.0,0.0,0.0,,,,0.0,0.0,99.51,192467040256.0,0.0,0.0,24.0,0.0,0.0,11.0,0.0,0.0,13.0,0.0,0.0,0.0,0.0,0.0,0.0,False,False,False,False,False,False,False,False,False,True,False,False,False,False,True,False,False,False,False,False,False,False,False,False,False,,,,,False,False,False,False,False,False,False,False,False,False,63.13,2.52,False,1.02,False,True,5184.0,493.0,4691.0,4930.0,0.0,2370.0,5184.0,493.0,4691.0,2458.0,1063.0,1395.0,332.0,127.0,205.0,5184.0,312.0,125.0,187.0,333.0,127.0,206.0,,,192467040256.0,24.0,11.0,13.0,217.0,119.0,98.0,24.0,11.0,13.0,4463C20DB388,8.0,0.17,0.0,0.19,0.0,0.0,0.0,40.2,100.0,33.92,93.0,0.0,9.71,4.13,0.0,0.0,False,False,False,False,False,False,False,True,False,True,False,31.86,42.43,23.8,0.0,0.0,0.0,0.0,0.0,,,,99.51,192467040256.0,0.0,0.0,24.0,0.0,0.0,11.0,0.0,0.0,13.0,63.13,False,False,False,False,False,False,False,False,,,,,False,False,False,False,True
