ap,city,circle_code_no,ont_serial_no,vendor_name,station_mac,circle,client_with_poor_snr_sample,client_with_poor_snr_sample_2,client_with_poor_snr_sample_5,tot_2g,tot_5g,tot_overall,client_with_high_no_of_sticky_client_2_with_good_coverage,client_with_high_no_of_sticky_client_5_with_poor_coverage,client_with_high_tx_packet_error,client_with_high_client_disconnection,client_with_poor_link_speed_mcs_rate,client_with_poor_link_speed_mcs_rate_2,client_with_poor_link_speed_mcs_rate_5,client_with_poor_coverage,client_with_poor_coverage_2,client_with_poor_coverage_5,client_with_poor_dl_throughput_less_than_threshold,client_with_poor_ul_throughput_less_than_threshold,ap_manufacturer,host_name,type,manufacturer,model,client_with_poor_snr_sample_breach,client_with_poor_snr_sample_2_breach,client_with_poor_snr_sample_5_breach,client_with_high_tx_packet_error_breach,client_with_high_client_disconnection_breach,client_with_poor_link_speed_mcs_rate_breach,client_with_poor_link_speed_mcs_rate_2_breach,client_with_poor_link_speed_mcs_rate_5_breach,client_with_poor_coverage_breach,client_with_poor_coverage_2_breach,client_with_poor_coverage_5_breach,count_of_total_samples_for_client_with_poor_snr_sample,count_of_total_samples_for_client_with_poor_snr_sample_2,count_of_total_samples_for_client_with_poor_snr_sample_5,count_of_total_samples_for_ap_tot_2g,count_of_total_samples_for_ap_tot_5g,count_of_total_samples_for_ap_tot_overall,count_of_total_samples_for_client_with_high_tx_packet_error,count_of_total_samples_for_client_with_poor_link_speed_mcs_rate,count_of_total_samples_for_client_with_poor_link_speed_mcs_rate_2,count_of_total_samples_for_client_with_poor_link_speed_mcs_rate_5,count_of_total_samples_for_client_with_poor_coverage,count_of_total_samples_for_client_with_poor_coverage_2,count_of_total_samples_for_client_with_poor_coverage_5,ap name,circle code,ont serial number,vendor,mac address,ap manufacturer,connected clients,connected clients (2.4 ghz),connected clients (5 ghz),poor coverage (overall),poor coverage (2.4 ghz),poor coverage (5 ghz),poor snr (2.4 ghz),poor snr (5 ghz),poor snr (overall),low download throughput (overall),low upload throughput (overall),low link speed (overall),low link speed (2.4 ghz),low link speed (5 ghz),high interference (overall),high interference (2.4 ghz),high interference (5 ghz),high client disconnections (overall),high retry rate (overall),high retry rate (2.4 ghz),high retry rate (5 ghz),high tx packet errors (overall),tx packet error (%) (overall),tx packet error (%) (2.4 ghz),tx packet error (%) (5 ghz),high tx packet errors flag (overall),high tx packet errors flag (2.4 ghz),high tx packet errors flag (5 ghz),high rx packet errors (overall),high rx packet errors (2.4 ghz),high rx packet errors (5 ghz),high rx packet errors flag (overall),high rx packet errors flag (2.4 ghz),high rx packet errors flag (5 ghz),downtime (%) (overall),high cpu utilization (overall),memory errors (overall),sticky clients (2.4 ghz - good coverage),sticky clients (5 ghz - poor coverage),poor tot on (5 ghz),zero usage aps (overall),channel utilization (%) (overall),high channel utilization count (overall),total channels (all bands),high channel utilization (2.4 ghz) (%),high channel utilization count (2.4 ghz),total channels (2.4 ghz),high channel congestion (5 ghz) (%),high channel congestion count (5 ghz),total channels (5 ghz),own channel usage ratio (%) (overall),own channel usage ratio count (overall),own channel usage ratio (%) (2.4 ghz),own channel usage ratio count (2.4 ghz),own channel usage ratio (%) (5 ghz),own channel usage ratio count (5 ghz),poor coverage breach (overall),poor coverage breach (2.4 ghz),poor coverage breach (5 ghz),poor snr breach (2.4 ghz),poor snr breach (5 ghz),poor snr breach (overall),low download throughput breach (overall),low upload throughput breach (overall),low link speed breach (overall),low link speed breach (2.4 ghz),low link speed breach (5 ghz),high interference breach (overall),high interference breach (2.4 ghz),high interference breach (5 ghz),high client disconnections breach (overall),high retry rate breach (overall),high retry rate breach (2.4 ghz),high retry rate breach (5 ghz),high tx packet errors breach (overall),tx packet error (%) breach (overall),tx packet error (%) breach (2.4 ghz),tx packet error (%) breach (5 ghz),high rx packet errors breach (overall),high rx packet errors breach (2.4 ghz),high rx packet errors breach (5 ghz),ap downtime (%) breach (overall),internet down incidents breach (overall),high cpu utilization breach (overall),memory errors breach (overall),sticky clients breach (2.4 ghz - good coverage),sticky clients breach (5 ghz - poor coverage),poor tot breach (5 ghz),zero usage aps breach (overall),high channel utilization breach (overall),high channel utilization breach (2.4 ghz),high channel congestion breach (5 ghz),own channel usage ratio breach (overall),own channel usage ratio breach (2.4 ghz),own channel usage ratio breach (5 ghz),obss (overall),obss (2.4 ghz),obss breach (2.4 ghz),obss (5 ghz),obss breach (5 ghz),obss breach (overall),count_of_total_samples_for_ap_with_poor_coverage,count_of_total_samples_for_ap_with_poor_coverage_2,count_of_total_samples_for_ap_with_poor_coverage_5,count_of_total_samples_for_ap_with_poor_snr_sample_2,count_of_total_samples_for_ap_with_poor_snr_sample_5,count_of_total_samples_for_ap_with_poor_snr_sample,count_of_total_samples_for_ap_with_poor_link_speed_mcs_rate,count_of_total_samples_for_ap_with_poor_link_speed_mcs_rate_2,count_of_total_samples_for_ap_with_poor_link_speed_mcs_rate_5,count_of_total_samples_for_ap_with_high_interference,count_of_total_samples_for_ap_with_high_interference_2,count_of_total_samples_for_ap_with_high_interference_5,count_of_total_samples_for_ap_with_high_retry_rate,high retry rate sample count (2.4 ghz),high retry rate sample count (5 ghz),count_of_total_samples_for_ap_with_high_tx_packet_error,count_of_total_samples_for_ap_with_high_tx_packet_error_percent,tx packet error (%) sample count (2.4 ghz),tx packet error (%) sample count (5 ghz),count_of_total_samples_for_ap_with_high_rx_packet_error,high rx packet errors sample count (2.4 ghz),high rx packet errors sample count (5 ghz),count_of_total_samples_for_ap_downtime_per,count_of_total_samples_for_ap_with_high_internet_down_incident,count_of_total_samples_for_ap_with_poor_tot_on_5g,count_of_total_samples_for_ap_with_high_channel_utilisation,count_of_total_samples_for_ap_with_high_channel_utilisation_2,count_of_total_samples_for_ap_with_high_channel_congestion_5,count_of_total_samples_for_channelobss,count_of_total_samples_for_channelobss2_4,count_of_total_samples_for_channelobss5,own channel usage ratio sample count (overall),own channel usage ratio sample count (2.4 ghz),own channel usage ratio sample count (5 ghz),mac_address,station_count,ap_with_poor_coverage,ap_with_poor_coverage_2,ap_with_poor_coverage_5,ap_with_poor_snr_sample,ap_with_poor_snr_sample_2,ap_with_poor_snr_sample_5,ap_with_poor_link_speed_mcs_rate,ap_with_poor_link_speed_mcs_rate_2,ap_with_poor_link_speed_mcs_rate_5,ap_with_high_client_disconnection,ap_with_high_tx_packet_error,ap_with_poor_dl_throughput_less_than_threshold,ap_with_poor_ul_throughput_less_than_threshold,ap_with_high_no_of_sticky_client_2_with_good_coverage,ap_with_high_no_of_sticky_client_5_with_poor_coverage,ap_with_poor_coverage_breach,ap_with_poor_coverage_2_breach,ap_with_poor_coverage_5_breach,ap_with_poor_snr_sample_breach,ap_with_poor_snr_sample_2_breach,ap_with_poor_snr_sample_5_breach,ap_with_poor_link_speed_mcs_rate_breach,ap_with_poor_link_speed_mcs_rate_2_breach,ap_with_poor_link_speed_mcs_rate_5_breach,ap_with_high_client_disconnection_breach,ap_with_high_tx_packet_error_breach,ap_with_high_interference,ap_with_high_interference_2,ap_with_high_interference_5,ap_with_high_retry_rate,ap_with_high_tx_packet_error_percent,ap_with_high_tx_packet_error_flag,ap_with_high_rx_packet_error,ap_with_high_rx_packet_error_flag,ap_downtime_per,ap_with_high_cpu_utilisation,ap_with_high_memory_packet_error,ap_with_poor_tot_on_5g,ap_with_zero_usage,ap_with_high_channel_utilisation_pct,ap_with_high_channel_utilisation_count,total_channels_all,ap_with_high_channel_utilisation_2_pct,ap_with_high_channel_utilisation_2_count,total_channels_2,ap_with_high_channel_congestion_5_pct,ap_with_high_channel_congestion_5_count,total_channels_5,channelobss,ap_with_poor_dl_throughput_less_than_threshold_breach,ap_with_poor_ul_throughput_less_than_threshold_breach,ap_with_high_interference_breach,ap_with_high_interference_2_breach,ap_with_high_interference_5_breach,ap_with_high_retry_rate_breach,ap_with_high_tx_packet_error_percent_breach,ap_with_high_rx_packet_error_breach,ap_downtime_per_breach,ap_with_high_internet_down_incident_breach,ap_with_high_cpu_utilisation_breach,ap_with_high_memory_packet_error_breach,ap_with_high_no_of_sticky_client_2_with_good_coverage_breach,ap_with_high_no_of_sticky_client_5_with_poor_coverage_breach,ap_with_zero_usage_breach,ap_with_high_channel_congestion_5_breach,channelobss_breach
01244081160_dsl,Gurgaon,108.0,NKOT0F01CE6F,NOKIA,2E16524D4AFB,Haryana,0.0,0.0,0.0,0.0,100.0,50.51,False,False,0.0,32.0,0.0,0.0,0.0,0.0,,0.0,2.03,0.04,AOT4221NK,iPhone,PHONE,Apple,iPhone,False,False,False,False,True,False,False,False,False,,False,20208.0,0.0,20208.0,1747539968.0,1747539968.0,3459566592.0,842.0,842.0,,842.0,842.0,0.0,842.0,,,,,,,,,,,,,,,,,,,,,,,,,,,,,,,,,,,,,,,,,,,,,,,,,,,,,,,,,,,,,,,,,,,,,,,,,,,,,,,,,,,,,,,,,,,,,,,,,,,,,,,,,,,,842.0,0.0,842.0,0.0,20208.0,20208.0,842.0,,842.0,,,,,,,842.0,,,,,,,,,,,,,,,,,,,,,0.0,,0.0,0.0,0.0,0.0,0.0,0.0,0.0,32.0,0.0,2.03,0.04,False,False,False,,False,False,False,False,False,False,False,True,False,,,,,,,,,,,,,,,,,,,,,,,,,,,,,,,,,,,,,,,,
01246232448_dsl,Gurgaon,108.0,NKOT2F045EF1,NOKIA,FE57EDE98D8C,Haryana,,,,100.0,0.0,0.0,False,False,0.0,1.0,100.0,100.0,0.0,0.0,0.0,,0.03,0.0,AAP321NK,,,,,,,,False,False,True,True,False,False,False,,,,,2141184.0,2141184.0,57416092672.0,1.0,1.0,1.0,,1.0,1.0,0.0,,,,,,,,,,,,,,,,,,,,,,,,,,,,,,,,,,,,,,,,,,,,,,,,,,,,,,,,,,,,,,,,,,,,,,,,,,,,,,,,,,,,,,,,,,,,,,,,,,,,,,,,,,,,1.0,1.0,0.0,,,,1.0,1.0,,,,,,,,1.0,,,,,,,,,,,,,,,,,,,,,0.0,0.0,,,,,100.0,100.0,0.0,1.0,0.0,0.03,0.0,False,False,False,False,,,,,True,True,False,False,False,,,,,,,,,,,,,,,,,,,,,,,,,,,,,,,,,,,,,,,,
012444903348_dsl,Gurgaon,108.0,NKOT0F01CE7E,NOKIA,286B35D324CB,Haryana,0.0,0.0,0.0,0.0,100.0,1.66,,,0.0,2.0,0.0,0.0,0.0,0.0,,0.0,1.27,0.04,AAP321NK,DESKTOP-7592F22,,,,False,False,False,False,False,False,False,False,False,,False,782.0,0.0,782.0,3175366194.0,3175366194.0,191199118822.0,391.0,391.0,,391.0,391.0,0.0,391.0,,,,,,,,,,,,,,,,,,,,,,,,,,,,,,,,,,,,,,,,,,,,,,,,,,,,,,,,,,,,,,,,,,,,,,,,,,,,,,,,,,,,,,,,,,,,,,,,,,,,,,,,,,,,391.0,0.0,391.0,0.0,782.0,782.0,391.0,,391.0,,,,,,,391.0,,,,,,,,,,,,,,,,,,,,,0.0,,0.0,0.0,0.0,0.0,0.0,0.0,0.0,2.0,0.0,1.27,0.04,,,False,,False,False,False,False,False,False,False,False,False,,,,,,,,,,,,,,,,,,,,,,,,,,,,,,,,,,,,,,,,
012444903348_dsl,Gurgaon,108.0,NKOT0F01CE7E,NOKIA,1AA0C35EE4F9,Haryana,0.0,0.0,0.0,1.2,98.8,8.76,,,0.0,36.0,0.0,0.0,0.0,0.0,0.0,0.0,11.33,0.16,AAP321NK,iPhone,PHONE,Apple,iPhone,False,False,False,False,True,False,False,False,False,False,False,2394.0,44.0,2350.0,16750669838.0,16750669838.0,191199118822.0,1177.0,1177.0,2.0,1175.0,1177.0,2.0,1175.0,,,,,,,,,,,,,,,,,,,,,,,,,,,,,,,,,,,,,,,,,,,,,,,,,,,,,,,,,,,,,,,,,,,,,,,,,,,,,,,,,,,,,,,,,,,,,,,,,,,,,,,,,,,,1177.0,2.0,1175.0,44.0,2350.0,2394.0,1177.0,2.0,1175.0,,,,,,,1177.0,,,,,,,,,,,,,,,,,,,,,0.0,0.0,0.0,0.0,0.0,0.0,0.0,0.0,0.0,36.0,0.0,11.33,0.16,,,False,False,False,False,False,False,False,False,False,True,False,,,,,,,,,,,,,,,,,,,,,,,,,,,,,,,,,,,,,,,,
012436398608_dsl,Gurgaon,108.0,NKOTDF0001E7,NOKIA,5215E04285F1,Haryana,0.0,0.0,0.0,94.31,5.69,9.47,True,False,0.0,11.0,0.55,0.56,0.0,0.0,0.0,0.0,0.92,0.1,AAP321NK,OnePlus-10T-5G,PHONE,OnePlus,10T 5G,False,False,False,False,True,False,False,False,False,False,False,192.0,0.0,192.0,4385772544.0,4385772544.0,46326556672.0,722.0,722.0,714.0,8.0,722.0,714.0,8.0,,,,,,,,,,,,,,,,,,,,,,,,,,,,,,,,,,,,,,,,,,,,,,,,,,,,,,,,,,,,,,,,,,,,,,,,,,,,,,,,,,,,,,,,,,,,,,,,,,,,,,,,,,,,722.0,714.0,8.0,0.0,192.0,192.0,722.0,714.0,8.0,,,,,,,722.0,,,,,,,,,,,,,,,,,,,,,0.0,0.0,0.0,0.0,0.0,0.0,0.55,0.56,0.0,11.0,0.0,0.92,0.1,True,False,False,False,False,False,False,False,False,False,False,True,False,,,,,,,,,,,,,,,,,,,,,,,,,,,,,,,,,,,,,,,,
012445159575_dsl,Gurgaon,108.0,ZYOTFD000042,NOKIA,8C7A3DD408C7,Haryana,54.36,0.0,54.36,0.0,100.0,28.64,False,False,0.0,3.0,6.77,0.0,6.77,46.25,,46.25,2.87,0.06,AOT5221ZY,,,,,False,False,False,False,False,False,False,False,False,,False,14259.0,0.0,14259.0,28498674688.0,28498674688.0,99519026176.0,1079.0,1079.0,,1079.0,1079.0,0.0,1079.0,,,,,,,,,,,,,,,,,,,,,,,,,,,,,,,,,,,,,,,,,,,,,,,,,,,,,,,,,,,,,,,,,,,,,,,,,,,,,,,,,,,,,,,,,,,,,,,,,,,,,,,,,,,,1079.0,0.0,1079.0,0.0,14259.0,14259.0,1079.0,,1079.0,,,,,,,1079.0,,,,,,,,,,,,,,,,,,,,,46.25,,46.25,54.36,0.0,54.36,6.77,0.0,6.77,3.0,0.0,2.87,0.06,False,False,False,,False,False,False,False,False,False,False,False,False,,,,,,,,,,,,,,,,,,,,,,,,,,,,,,,,,,,,,,,,
01244054723_dsl,Gurgaon,108.0,NKOT0F0226EE,NOKIA,4C22F33F2EDC,Haryana,0.0,0.0,0.0,0.0,100.0,16.39,False,True,0.0,1.0,0.0,0.0,0.0,0.0,,0.0,3.18,0.07,AAP321NK,LGwebOSTV,TV,LG Electronics,TV,False,False,False,False,False,False,False,False,False,,False,18192.0,0.0,18192.0,5192402944.0,5192402944.0,31672416256.0,758.0,758.0,,758.0,758.0,0.0,758.0,,,,,,,,,,,,,,,,,,,,,,,,,,,,,,,,,,,,,,,,,,,,,,,,,,,,,,,,,,,,,,,,,,,,,,,,,,,,,,,,,,,,,,,,,,,,,,,,,,,,,,,,,,,,758.0,0.0,758.0,0.0,18192.0,18192.0,758.0,,758.0,,,,,,,758.0,,,,,,,,,,,,,,,,,,,,,0.0,,0.0,0.0,0.0,0.0,0.0,0.0,0.0,1.0,0.0,3.18,0.07,False,True,False,,False,False,False,False,False,False,False,False,False,,,,,,,,,,,,,,,,,,,,,,,,,,,,,,,,,,,,,,,,
01246232448_dsl,Gurgaon,108.0,NKOT2F045EF1,NOKIA,92A6DFBC2EA2,Haryana,0.0,0.0,0.0,0.0,100.0,33.35,False,False,0.0,13.0,3.72,0.0,3.72,0.0,,0.0,2.05,0.06,AAP321NK,,,,,False,False,False,False,True,False,False,False,False,,False,18060.0,0.0,18060.0,19149949952.0,19149949952.0,57416092672.0,860.0,860.0,,860.0,860.0,0.0,860.0,,,,,,,,,,,,,,,,,,,,,,,,,,,,,,,,,,,,,,,,,,,,,,,,,,,,,,,,,,,,,,,,,,,,,,,,,,,,,,,,,,,,,,,,,,,,,,,,,,,,,,,,,,,,860.0,0.0,860.0,0.0,18060.0,18060.0,860.0,,860.0,,,,,,,860.0,,,,,,,,,,,,,,,,,,,,,0.0,,0.0,0.0,0.0,0.0,3.72,0.0,3.72,13.0,0.0,2.05,0.06,False,False,False,,False,False,False,False,False,False,False,True,False,,,,,,,,,,,,,,,,,,,,,,,,,,,,,,,,,,,,,,,,
012444903348_dsl,Gurgaon,108.0,NKOT0F01CE7E,NOKIA,F4032A96D8C9,Haryana,0.0,0.0,0.0,0.0,100.0,0.64,,,0.0,,0.0,0.0,0.0,0.0,,0.0,0.33,0.02,AAP321NK,,,,,False,False,False,False,,False,False,False,False,,False,2850.0,0.0,2850.0,1224569799.0,1224569799.0,191199118822.0,1425.0,1425.0,,1425.0,1425.0,0.0,1425.0,,,,,,,,,,,,,,,,,,,,,,,,,,,,,,,,,,,,,,,,,,,,,,,,,,,,,,,,,,,,,,,,,,,,,,,,,,,,,,,,,,,,,,,,,,,,,,,,,,,,,,,,,,,,1425.0,0.0,1425.0,0.0,2850.0,2850.0,1425.0,,1425.0,,,,,,,1425.0,,,,,,,,,,,,,,,,,,,,,0.0,,0.0,0.0,0.0,0.0,0.0,0.0,0.0,,0.0,0.33,0.02,,,False,,False,False,False,False,False,False,False,,False,,,,,,,,,,,,,,,,,,,,,,,,,,,,,,,,,,,,,,,,
01244054723_dsl,Gurgaon,108.0,NKOT0F0226EE,NOKIA,0A3CC1576FFD,Haryana,0.0,0.0,0.0,0.0,100.0,2.35,False,False,0.0,2.0,0.0,0.0,0.0,0.0,,0.0,0.1,0.01,AAP321NK,iPad,TABLET,Apple,iPad,False,False,False,False,False,False,False,False,False,,False,15744.0,0.0,15744.0,743612416.0,743612416.0,31672416256.0,656.0,656.0,,656.0,656.0,0.0,656.0,,,,,,,,,,,,,,,,,,,,,,,,,,,,,,,,,,,,,,,,,,,,,,,,,,,,,,,,,,,,,,,,,,,,,,,,,,,,,,,,,,,,,,,,,,,,,,,,,,,,,,,,,,,,656.0,0.0,656.0,0.0,15744.0,15744.0,656.0,,656.0,,,,,,,656.0,,,,,,,,,,,,,,,,,,,,,0.0,,0.0,0.0,0.0,0.0,0.0,0.0,0.0,2.0,0.0,0.1,0.01,False,False,False,,False,False,False,False,False,False,False,False,False,,,,,,,,,,,,,,,,,,,,,,,,,,,,,,,,,,,,,,,,
012445118300_dsl,Gurgaon,108.0,NKOT0F01D2BA,NOKIA,960207D43B98,Haryana,0.0,0.0,0.0,0.0,100.0,1.11,False,False,0.0,4.0,0.0,0.0,0.0,0.0,,0.0,0.01,0.01,AOT4221NK,Mac,PC,Apple,Computer,False,False,False,False,False,False,False,False,False,,False,22800.0,0.0,22800.0,103804928.0,103804928.0,9393038336.0,950.0,950.0,,950.0,950.0,0.0,950.0,,,,,,,,,,,,,,,,,,,,,,,,,,,,,,,,,,,,,,,,,,,,,,,,,,,,,,,,,,,,,,,,,,,,,,,,,,,,,,,,,,,,,,,,,,,,,,,,,,,,,,,,,,,,950.0,0.0,950.0,0.0,22800.0,22800.0,950.0,,950.0,,,,,,,950.0,,,,,,,,,,,,,,,,,,,,,0.0,,0.0,0.0,0.0,0.0,0.0,0.0,0.0,4.0,0.0,0.01,0.01,False,False,False,,False,False,False,False,False,False,False,False,False,,,,,,,,,,,,,,,,,,,,,,,,,,,,,,,,,,,,,,,,
012447862103_dsl,Gurgaon,108.0,ZYOTB0900020,NOKIA,6696E8690975,Haryana,4.27,0.0,4.27,0.0,100.0,99.65,,,0.0,,0.0,0.0,0.0,4.27,,4.27,87.04,3.0,AOT5222ZY,,,,,False,False,False,False,,False,False,False,False,,False,9000.0,0.0,9000.0,254821151744.0,254821151744.0,255713402880.0,375.0,375.0,,375.0,375.0,0.0,375.0,,,,,,,,,,,,,,,,,,,,,,,,,,,,,,,,,,,,,,,,,,,,,,,,,,,,,,,,,,,,,,,,,,,,,,,,,,,,,,,,,,,,,,,,,,,,,,,,,,,,,,,,,,,,375.0,0.0,375.0,0.0,9000.0,9000.0,375.0,,375.0,,,,,,,375.0,,,,,,,,,,,,,,,,,,,,,4.27,,4.27,4.27,0.0,4.27,0.0,0.0,0.0,,0.0,87.04,3.0,,,False,,False,False,False,False,False,False,False,,False,,,,,,,,,,,,,,,,,,,,,,,,,,,,,,,,,,,,,,,,
012436398608_dsl,Gurgaon,108.0,NKOTDF0001E7,NOKIA,5A8CF8F08505,Haryana,0.0,0.0,0.0,0.0,100.0,0.46,False,False,0.0,1.0,0.0,0.0,0.0,0.0,,0.0,0.11,0.02,AAP321NK,MacBookPro,LAPTOP,Apple,MacBook,False,False,False,False,False,False,False,False,False,,False,18864.0,0.0,18864.0,214880256.0,214880256.0,46326556672.0,786.0,786.0,,786.0,786.0,0.0,786.0,,,,,,,,,,,,,,,,,,,,,,,,,,,,,,,,,,,,,,,,,,,,,,,,,,,,,,,,,,,,,,,,,,,,,,,,,,,,,,,,,,,,,,,,,,,,,,,,,,,,,,,,,,,,786.0,0.0,786.0,0.0,18864.0,18864.0,786.0,,786.0,,,,,,,786.0,,,,,,,,,,,,,,,,,,,,,0.0,,0.0,0.0,0.0,0.0,0.0,0.0,0.0,1.0,0.0,0.11,0.02,False,False,False,,False,False,False,False,False,False,False,False,False,,,,,,,,,,,,,,,,,,,,,,,,,,,,,,,,,,,,,,,,
012444801137_dsl,Gurgaon,108.0,NKOTDF000165,NOKIA,A09208536DDC,Haryana,,,,100.0,0.0,0.1,,,0.0,,81.39,81.39,0.0,0.0,0.0,,0.0,0.0,AOT4221NK,,,,,,,,False,,True,True,False,False,False,,,,,44665856.0,44665856.0,46889272070.0,1322.0,1322.0,1322.0,,1322.0,1322.0,0.0,,,,,,,,,,,,,,,,,,,,,,,,,,,,,,,,,,,,,,,,,,,,,,,,,,,,,,,,,,,,,,,,,,,,,,,,,,,,,,,,,,,,,,,,,,,,,,,,,,,,,,,,,,,,1322.0,1322.0,0.0,,,,1322.0,1322.0,,,,,,,,1322.0,,,,,,,,,,,,,,,,,,,,,0.0,0.0,,,,,81.39,81.39,0.0,,0.0,0.0,0.0,,,False,False,,,,,True,True,False,,False,,,,,,,,,,,,,,,,,,,,,,,,,,,,,,,,,,,,,,,,
012436398608_dsl,Gurgaon,108.0,NKOTDF0001E7,NOKIA,36C731F77459,Haryana,0.0,0.0,0.0,0.0,100.0,7.59,False,True,0.0,1.0,0.0,0.0,0.0,0.0,,0.0,3.65,0.21,AAP321NK,iPad,,,,False,False,False,False,False,False,False,False,False,,False,1584.0,0.0,1584.0,3515588608.0,3515588608.0,46326556672.0,66.0,66.0,,66.0,66.0,0.0,66.0,,,,,,,,,,,,,,,,,,,,,,,,,,,,,,,,,,,,,,,,,,,,,,,,,,,,,,,,,,,,,,,,,,,,,,,,,,,,,,,,,,,,,,,,,,,,,,,,,,,,,,,,,,,,66.0,0.0,66.0,0.0,1584.0,1584.0,66.0,,66.0,,,,,,,66.0,,,,,,,,,,,,,,,,,,,,,0.0,,0.0,0.0,0.0,0.0,0.0,0.0,0.0,1.0,0.0,3.65,0.21,False,True,False,,False,False,False,False,False,False,False,False,False,,,,,,,,,,,,,,,,,,,,,,,,,,,,,,,,,,,,,,,,
012444801137_dsl,Gurgaon,108.0,NKOTDF000165,NOKIA,9877D53D4080,Haryana,,,,100.0,0.0,0.0,,,0.0,3.0,100.0,100.0,0.0,0.0,0.0,,0.0,0.0,AOT4221NK,,,,,,,,False,False,True,True,False,False,False,,,,,487424.0,487424.0,46889272070.0,25.0,25.0,25.0,,25.0,25.0,0.0,,,,,,,,,,,,,,,,,,,,,,,,,,,,,,,,,,,,,,,,,,,,,,,,,,,,,,,,,,,,,,,,,,,,,,,,,,,,,,,,,,,,,,,,,,,,,,,,,,,,,,,,,,,,25.0,25.0,0.0,,,,25.0,25.0,,,,,,,,25.0,,,,,,,,,,,,,,,,,,,,,0.0,0.0,,,,,100.0,100.0,0.0,3.0,0.0,0.0,0.0,,,False,False,,,,,True,True,False,False,False,,,,,,,,,,,,,,,,,,,,,,,,,,,,,,,,,,,,,,,,
01246232448_dsl,Gurgaon,108.0,NKOT2F045EF1,NOKIA,325B49E35801,Haryana,0.0,0.0,0.0,0.0,100.0,0.53,,,0.0,5.0,0.0,0.0,0.0,0.0,,0.0,0.1,0.01,AAP321NK,Anils-Galaxy-S9,,,,False,False,False,False,False,False,False,False,False,,False,6909.0,0.0,6909.0,305041408.0,305041408.0,57416092672.0,329.0,329.0,,329.0,329.0,0.0,329.0,,,,,,,,,,,,,,,,,,,,,,,,,,,,,,,,,,,,,,,,,,,,,,,,,,,,,,,,,,,,,,,,,,,,,,,,,,,,,,,,,,,,,,,,,,,,,,,,,,,,,,,,,,,,329.0,0.0,329.0,0.0,6909.0,6909.0,329.0,,329.0,,,,,,,329.0,,,,,,,,,,,,,,,,,,,,,0.0,,0.0,0.0,0.0,0.0,0.0,0.0,0.0,5.0,0.0,0.1,0.01,,,False,,False,False,False,False,False,False,False,False,False,,,,,,,,,,,,,,,,,,,,,,,,,,,,,,,,,,,,,,,,
01246232448_dsl,Gurgaon,108.0,NKOT2F045EF1,NOKIA,620DEAC99CE7,Haryana,0.0,0.0,0.0,0.0,100.0,0.0,,,0.0,7.0,100.0,0.0,100.0,0.0,,0.0,0.0,0.0,AAP321NK,Watch,,,,False,False,False,False,True,True,False,True,False,,False,2751.0,0.0,2751.0,207872.0,207872.0,57416092672.0,131.0,131.0,,131.0,131.0,0.0,131.0,,,,,,,,,,,,,,,,,,,,,,,,,,,,,,,,,,,,,,,,,,,,,,,,,,,,,,,,,,,,,,,,,,,,,,,,,,,,,,,,,,,,,,,,,,,,,,,,,,,,,,,,,,,,131.0,0.0,131.0,0.0,2751.0,2751.0,131.0,,131.0,,,,,,,131.0,,,,,,,,,,,,,,,,,,,,,0.0,,0.0,0.0,0.0,0.0,100.0,0.0,100.0,7.0,0.0,0.0,0.0,,,False,,False,False,False,False,True,False,True,True,False,,,,,,,,,,,,,,,,,,,,,,,,,,,,,,,,,,,,,,,,
01246232448_dsl,Gurgaon,108.0,NKOT2F045EF1,NOKIA,EAD8C2AE0C1F,Haryana,0.0,0.0,0.0,0.0,100.0,36.7,,,0.0,6.0,0.0,0.0,0.0,0.0,,0.0,2.17,0.1,AAP321NK,,,,,False,False,False,False,True,False,False,False,False,,False,15372.0,0.0,15372.0,21073399808.0,21073399808.0,57416092672.0,732.0,732.0,,732.0,732.0,0.0,732.0,,,,,,,,,,,,,,,,,,,,,,,,,,,,,,,,,,,,,,,,,,,,,,,,,,,,,,,,,,,,,,,,,,,,,,,,,,,,,,,,,,,,,,,,,,,,,,,,,,,,,,,,,,,,732.0,0.0,732.0,0.0,15372.0,15372.0,732.0,,732.0,,,,,,,732.0,,,,,,,,,,,,,,,,,,,,,0.0,,0.0,0.0,0.0,0.0,0.0,0.0,0.0,6.0,0.0,2.17,0.1,,,False,,False,False,False,False,False,False,False,True,False,,,,,,,,,,,,,,,,,,,,,,,,,,,,,,,,,,,,,,,,
012444801137_dsl,Gurgaon,108.0,NKOTDF000165,NOKIA,9877D5D771C0,Haryana,,,,100.0,0.0,0.02,False,False,0.0,2.0,78.28,78.28,0.0,0.0,0.0,,0.0,0.0,AOT4221NK,wiz_d771c0,,,,,,,False,False,True,True,False,False,False,,,,,9511936.0,9511936.0,46889272070.0,221.0,221.0,221.0,,221.0,221.0,0.0,,,,,,,,,,,,,,,,,,,,,,,,,,,,,,,,,,,,,,,,,,,,,,,,,,,,,,,,,,,,,,,,,,,,,,,,,,,,,,,,,,,,,,,,,,,,,,,,,,,,,,,,,,,,221.0,221.0,0.0,,,,221.0,221.0,,,,,,,,221.0,,,,,,,,,,,,,,,,,,,,,0.0,0.0,,,,,78.28,78.28,0.0,2.0,0.0,0.0,0.0,False,False,False,False,,,,,True,True,False,False,False,,,,,,,,,,,,,,,,,,,,,,,,,,,,,,,,,,,,,,,,
012444801137_dsl,Gurgaon,108.0,NKOTDF000165,NOKIA,60DC81CCA4D0,Haryana,,,,100.0,0.0,0.37,False,False,0.0,6.0,57.82,57.82,0.0,0.0,0.0,,0.0,0.04,AOT4221NK,,,,,,,,False,True,False,False,False,False,False,,,,,171673600.0,171673600.0,46889272070.0,1304.0,1304.0,1304.0,,1304.0,1304.0,0.0,,,,,,,,,,,,,,,,,,,,,,,,,,,,,,,,,,,,,,,,,,,,,,,,,,,,,,,,,,,,,,,,,,,,,,,,,,,,,,,,,,,,,,,,,,,,,,,,,,,,,,,,,,,,1304.0,1304.0,0.0,,,,1304.0,1304.0,,,,,,,,1304.0,,,,,,,,,,,,,,,,,,,,,0.0,0.0,,,,,57.82,57.82,0.0,6.0,0.0,0.0,0.04,False,False,False,False,,,,,False,False,False,True,False,,,,,,,,,,,,,,,,,,,,,,,,,,,,,,,,,,,,,,,,
012444903348_dsl,Gurgaon,108.0,NKOT0F01CE7E,NOKIA,3644BFE90759,Haryana,0.0,0.0,0.0,0.0,100.0,0.18,False,False,0.0,3.0,0.13,100.0,0.0,0.0,0.0,0.0,0.08,0.02,AAP321NK,iPad,TABLET,Apple,iPad,False,False,False,False,False,False,True,False,False,False,False,1534.0,22.0,1512.0,348707470.0,348707470.0,191199118822.0,757.0,757.0,1.0,756.0,757.0,1.0,756.0,,,,,,,,,,,,,,,,,,,,,,,,,,,,,,,,,,,,,,,,,,,,,,,,,,,,,,,,,,,,,,,,,,,,,,,,,,,,,,,,,,,,,,,,,,,,,,,,,,,,,,,,,,,,757.0,1.0,756.0,22.0,1512.0,1534.0,757.0,1.0,756.0,,,,,,,757.0,,,,,,,,,,,,,,,,,,,,,0.0,0.0,0.0,0.0,0.0,0.0,0.13,100.0,0.0,3.0,0.0,0.08,0.02,False,False,False,False,False,False,False,False,False,True,False,False,False,,,,,,,,,,,,,,,,,,,,,,,,,,,,,,,,,,,,,,,,
012436398608_dsl,Gurgaon,108.0,NKOTDF0001E7,NOKIA,4CC95E7815B6,Haryana,0.0,0.0,0.0,0.0,100.0,0.27,False,True,0.0,2.0,0.0,0.0,0.0,0.0,,0.0,0.07,0.01,AAP321NK,Samsung,,,,False,False,False,False,False,False,False,False,False,,False,10032.0,0.0,10032.0,125476864.0,125476864.0,46326556672.0,418.0,418.0,,418.0,418.0,0.0,418.0,,,,,,,,,,,,,,,,,,,,,,,,,,,,,,,,,,,,,,,,,,,,,,,,,,,,,,,,,,,,,,,,,,,,,,,,,,,,,,,,,,,,,,,,,,,,,,,,,,,,,,,,,,,,418.0,0.0,418.0,0.0,10032.0,10032.0,418.0,,418.0,,,,,,,418.0,,,,,,,,,,,,,,,,,,,,,0.0,,0.0,0.0,0.0,0.0,0.0,0.0,0.0,2.0,0.0,0.07,0.01,False,True,False,,False,False,False,False,False,False,False,False,False,,,,,,,,,,,,,,,,,,,,,,,,,,,,,,,,,,,,,,,,
012447957675_dsl,Gurgaon,108.0,ZYOT5E069474,NOKIA,FA3B08FBA40B,Haryana,,,,0.39,99.61,0.01,,,0.0,,50.41,0.0,50.47,3.76,0.0,3.76,22.41,1.87,AOT5221ZY,,,,,,,,False,,False,False,False,False,False,False,,,,2348032.0,2348032.0,40086572032.0,851.0,851.0,1.0,850.0,851.0,1.0,850.0,,,,,,,,,,,,,,,,,,,,,,,,,,,,,,,,,,,,,,,,,,,,,,,,,,,,,,,,,,,,,,,,,,,,,,,,,,,,,,,,,,,,,,,,,,,,,,,,,,,,,,,,,,,,851.0,1.0,850.0,,,,851.0,1.0,850.0,,,,,,,851.0,,,,,,,,,,,,,,,,,,,,,3.76,0.0,3.76,,,,50.41,0.0,50.47,,0.0,22.41,1.87,,,False,False,False,,,,False,False,False,,False,,,,,,,,,,,,,,,,,,,,,,,,,,,,,,,,,,,,,,,,
012444801137_dsl,Gurgaon,108.0,NKOTDF000165,NOKIA,6288AC047A9A,Haryana,0.0,0.0,0.0,3.0,97.0,0.07,False,False,0.0,9.0,98.71,100.0,98.62,0.0,0.0,0.0,0.03,0.01,AOT4221NK,SM-R875F,WEARABLE,Samsung,Galaxy Watch4 (44mm),False,False,False,False,True,True,True,True,False,False,False,27840.0,0.0,27840.0,32886784.0,32886784.0,46889272070.0,1241.0,1241.0,81.0,1160.0,1241.0,81.0,1160.0,,,,,,,,,,,,,,,,,,,,,,,,,,,,,,,,,,,,,,,,,,,,,,,,,,,,,,,,,,,,,,,,,,,,,,,,,,,,,,,,,,,,,,,,,,,,,,,,,,,,,,,,,,,,1241.0,81.0,1160.0,0.0,27840.0,27840.0,1241.0,81.0,1160.0,,,,,,,1241.0,,,,,,,,,,,,,,,,,,,,,0.0,0.0,0.0,0.0,0.0,0.0,98.71,100.0,98.62,9.0,0.0,0.03,0.01,False,False,False,False,False,False,False,False,True,True,True,True,False,,,,,,,,,,,,,,,,,,,,,,,,,,,,,,,,,,,,,,,,
012447957675_dsl,Gurgaon,108.0,ZYOT5E069474,NOKIA,586C251370C2,Haryana,,,,0.0,100.0,0.28,,,0.0,,0.45,0.0,0.45,0.45,,0.45,290.67,32.86,AOT5221ZY,,,,,,,,False,,False,False,False,False,,False,,,,110304256.0,110304256.0,40086572032.0,220.0,220.0,,220.0,220.0,0.0,220.0,,,,,,,,,,,,,,,,,,,,,,,,,,,,,,,,,,,,,,,,,,,,,,,,,,,,,,,,,,,,,,,,,,,,,,,,,,,,,,,,,,,,,,,,,,,,,,,,,,,,,,,,,,,,220.0,0.0,220.0,,,,220.0,,220.0,,,,,,,220.0,,,,,,,,,,,,,,,,,,,,,0.45,,0.45,,,,0.45,0.0,0.45,,0.0,290.67,32.86,,,False,,False,,,,False,False,False,,False,,,,,,,,,,,,,,,,,,,,,,,,,,,,,,,,,,,,,,,,
012444801137_dsl,Gurgaon,108.0,NKOTDF000165,NOKIA,5E25C7BF78C1,Haryana,,,,100.0,0.0,0.0,True,False,0.0,7.0,100.0,100.0,0.0,100.0,100.0,,0.03,0.03,AOT4221NK,iPhone,,,,,,,False,True,True,True,False,True,True,,,,,204800.0,204800.0,46889272070.0,1.0,1.0,1.0,,1.0,1.0,0.0,,,,,,,,,,,,,,,,,,,,,,,,,,,,,,,,,,,,,,,,,,,,,,,,,,,,,,,,,,,,,,,,,,,,,,,,,,,,,,,,,,,,,,,,,,,,,,,,,,,,,,,,,,,,1.0,1.0,0.0,,,,1.0,1.0,,,,,,,,1.0,,,,,,,,,,,,,,,,,,,,,100.0,100.0,,,,,100.0,100.0,0.0,7.0,0.0,0.03,0.03,True,False,True,True,,,,,True,True,False,True,False,,,,,,,,,,,,,,,,,,,,,,,,,,,,,,,,,,,,,,,,
01246232448_dsl,Gurgaon,108.0,NKOT2F045EF1,NOKIA,1C57DC71A166,Haryana,0.0,0.0,0.0,0.0,100.0,2.63,False,False,0.0,6.0,0.0,0.0,0.0,0.8,,0.8,0.25,0.05,AAP321NK,Ritviks-Air,STREAMING_DEVICE,Apple,Apple TV,False,False,False,False,True,False,False,False,False,,False,10542.0,0.0,10542.0,1510356992.0,1510356992.0,57416092672.0,502.0,502.0,,502.0,502.0,0.0,502.0,,,,,,,,,,,,,,,,,,,,,,,,,,,,,,,,,,,,,,,,,,,,,,,,,,,,,,,,,,,,,,,,,,,,,,,,,,,,,,,,,,,,,,,,,,,,,,,,,,,,,,,,,,,,502.0,0.0,502.0,0.0,10542.0,10542.0,502.0,,502.0,,,,,,,502.0,,,,,,,,,,,,,,,,,,,,,0.8,,0.8,0.0,0.0,0.0,0.0,0.0,0.0,6.0,0.0,0.25,0.05,False,False,False,,False,False,False,False,False,False,False,True,False,,,,,,,,,,,,,,,,,,,,,,,,,,,,,,,,,,,,,,,,
012444801137_dsl,Gurgaon,108.0,NKOTDF000165,NOKIA,0E8F1FC5025E,Haryana,0.0,0.0,0.0,15.18,84.82,12.06,True,True,0.0,17.0,1.89,5.61,0.15,0.0,0.0,0.0,1.69,0.07,AOT4221NK,,,,,False,False,False,False,True,False,False,False,False,False,False,16416.0,0.0,16416.0,5652748288.0,5652748288.0,46889272070.0,1006.0,1006.0,321.0,685.0,1006.0,321.0,685.0,,,,,,,,,,,,,,,,,,,,,,,,,,,,,,,,,,,,,,,,,,,,,,,,,,,,,,,,,,,,,,,,,,,,,,,,,,,,,,,,,,,,,,,,,,,,,,,,,,,,,,,,,,,,1006.0,321.0,685.0,0.0,16416.0,16416.0,1006.0,321.0,685.0,,,,,,,1006.0,,,,,,,,,,,,,,,,,,,,,0.0,0.0,0.0,0.0,0.0,0.0,1.89,5.61,0.15,17.0,0.0,1.69,0.07,True,True,False,False,False,False,False,False,False,False,False,True,False,,,,,,,,,,,,,,,,,,,,,,,,,,,,,,,,,,,,,,,,
012436398608_dsl,Gurgaon,108.0,NKOTDF0001E7,NOKIA,E8AACBA5B753,Haryana,,,,100.0,0.0,9.96,False,False,0.0,3.0,86.67,86.67,0.0,0.0,0.0,,2.47,0.06,AAP321NK,Samsung,,,,,,,False,False,True,True,False,False,False,,,,,4613746688.0,4613746688.0,46326556672.0,45.0,45.0,45.0,,45.0,45.0,0.0,,,,,,,,,,,,,,,,,,,,,,,,,,,,,,,,,,,,,,,,,,,,,,,,,,,,,,,,,,,,,,,,,,,,,,,,,,,,,,,,,,,,,,,,,,,,,,,,,,,,,,,,,,,,45.0,45.0,0.0,,,,45.0,45.0,,,,,,,,45.0,,,,,,,,,,,,,,,,,,,,,0.0,0.0,,,,,86.67,86.67,0.0,3.0,0.0,2.47,0.06,False,False,False,False,,,,,True,True,False,False,False,,,,,,,,,,,,,,,,,,,,,,,,,,,,,,,,,,,,,,,,
012445159575_dsl,Gurgaon,108.0,ZYOTFD000042,NOKIA,EEF8085B863E,Haryana,38.44,0.0,38.44,0.0,100.0,33.85,False,False,0.0,2.0,9.14,0.0,9.14,17.68,,17.68,2.31,0.13,AOT5221ZY,realme-15-5G,PHONE,Realme,15,False,False,False,False,False,False,False,False,False,,False,19029.0,0.0,19029.0,33683681280.0,33683681280.0,99519026176.0,1499.0,1499.0,,1499.0,1499.0,0.0,1499.0,,,,,,,,,,,,,,,,,,,,,,,,,,,,,,,,,,,,,,,,,,,,,,,,,,,,,,,,,,,,,,,,,,,,,,,,,,,,,,,,,,,,,,,,,,,,,,,,,,,,,,,,,,,,1499.0,0.0,1499.0,0.0,19029.0,19029.0,1499.0,,1499.0,,,,,,,1499.0,,,,,,,,,,,,,,,,,,,,,17.68,,17.68,38.44,0.0,38.44,9.14,0.0,9.14,2.0,0.0,2.31,0.13,False,False,False,,False,False,False,False,False,False,False,False,False,,,,,,,,,,,,,,,,,,,,,,,,,,,,,,,,,,,,,,,,
012444801137_dsl,Gurgaon,108.0,NKOTDF000165,NOKIA,EEB2A6A2A1E6,Haryana,0.0,0.0,0.0,0.0,100.0,24.19,True,False,0.0,24.0,0.1,0.0,0.1,0.1,,0.1,2.65,0.42,AOT4221NK,Aditya-Vikram-s-A36,PHONE,Samsung,Galaxy A36 5G,False,False,False,False,True,False,False,False,False,,False,23424.0,0.0,23424.0,11341373764.0,11341373764.0,46889272070.0,977.0,977.0,,977.0,977.0,0.0,977.0,,,,,,,,,,,,,,,,,,,,,,,,,,,,,,,,,,,,,,,,,,,,,,,,,,,,,,,,,,,,,,,,,,,,,,,,,,,,,,,,,,,,,,,,,,,,,,,,,,,,,,,,,,,,977.0,0.0,977.0,0.0,23424.0,23424.0,977.0,,977.0,,,,,,,977.0,,,,,,,,,,,,,,,,,,,,,0.1,,0.1,0.0,0.0,0.0,0.1,0.0,0.1,24.0,0.0,2.65,0.42,True,False,False,,False,False,False,False,False,False,False,True,False,,,,,,,,,,,,,,,,,,,,,,,,,,,,,,,,,,,,,,,,
01244081160_dsl,Gurgaon,108.0,NKOT0F01CE6F,NOKIA,624E55188F68,Haryana,0.0,0.0,0.0,0.0,100.0,11.49,,,0.0,,0.0,0.0,0.0,0.0,,0.0,0.19,0.03,AOT4221NK,,,,,False,False,False,False,,False,False,False,False,,False,32976.0,0.0,32976.0,397533184.0,397533184.0,3459566592.0,1374.0,1374.0,,1374.0,1374.0,0.0,1374.0,,,,,,,,,,,,,,,,,,,,,,,,,,,,,,,,,,,,,,,,,,,,,,,,,,,,,,,,,,,,,,,,,,,,,,,,,,,,,,,,,,,,,,,,,,,,,,,,,,,,,,,,,,,,1374.0,0.0,1374.0,0.0,32976.0,32976.0,1374.0,,1374.0,,,,,,,1374.0,,,,,,,,,,,,,,,,,,,,,0.0,,0.0,0.0,0.0,0.0,0.0,0.0,0.0,,0.0,0.19,0.03,,,False,,False,False,False,False,False,False,False,,False,,,,,,,,,,,,,,,,,,,,,,,,,,,,,,,,,,,,,,,,
01244054723_dsl,Gurgaon,108.0,NKOT0F0226EE,NOKIA,CE9CF0128DC3,Haryana,0.0,0.0,0.0,0.0,100.0,0.38,,,0.0,,0.0,0.0,0.0,0.0,,0.0,0.0,0.01,AAP321NK,,,,,False,False,False,False,,False,False,False,False,,False,36864.0,0.0,36864.0,118849536.0,118849536.0,31672416256.0,1536.0,1536.0,,1536.0,1536.0,0.0,1536.0,,,,,,,,,,,,,,,,,,,,,,,,,,,,,,,,,,,,,,,,,,,,,,,,,,,,,,,,,,,,,,,,,,,,,,,,,,,,,,,,,,,,,,,,,,,,,,,,,,,,,,,,,,,,1536.0,0.0,1536.0,0.0,36864.0,36864.0,1536.0,,1536.0,,,,,,,1536.0,,,,,,,,,,,,,,,,,,,,,0.0,,0.0,0.0,0.0,0.0,0.0,0.0,0.0,,0.0,0.0,0.01,,,False,,False,False,False,False,False,False,False,,False,,,,,,,,,,,,,,,,,,,,,,,,,,,,,,,,,,,,,,,,
01244081160_dsl,Gurgaon,108.0,NKOT0F01CE6F,NOKIA,A2B5039A07F0,Haryana,0.0,0.0,0.0,0.21,99.79,28.43,False,False,0.0,22.0,3.45,100.0,0.0,0.0,0.0,0.0,1.84,1.62,AOT4221NK,iPhone,PHONE,Apple,iPhone,False,False,False,False,True,False,True,False,False,False,False,672.0,0.0,672.0,983570432.0,983570432.0,3459566592.0,29.0,29.0,1.0,28.0,29.0,1.0,28.0,,,,,,,,,,,,,,,,,,,,,,,,,,,,,,,,,,,,,,,,,,,,,,,,,,,,,,,,,,,,,,,,,,,,,,,,,,,,,,,,,,,,,,,,,,,,,,,,,,,,,,,,,,,,29.0,1.0,28.0,0.0,672.0,672.0,29.0,1.0,28.0,,,,,,,29.0,,,,,,,,,,,,,,,,,,,,,0.0,0.0,0.0,0.0,0.0,0.0,3.45,100.0,0.0,22.0,0.0,1.84,1.62,False,False,False,False,False,False,False,False,False,True,False,True,False,,,,,,,,,,,,,,,,,,,,,,,,,,,,,,,,,,,,,,,,
012444903348_dsl,Gurgaon,108.0,NKOT0F01CE7E,NOKIA,8E9D83596BDF,Haryana,0.0,0.0,0.0,0.46,99.54,17.09,,,0.0,4.0,0.0,0.0,0.0,0.0,0.0,0.0,6.95,0.08,AAP321NK,arna-s-S25,,,,False,False,False,False,False,False,False,False,False,False,False,2798.0,22.0,2776.0,32679572378.0,32679572378.0,191199118822.0,1389.0,1389.0,1.0,1388.0,1389.0,1.0,1388.0,,,,,,,,,,,,,,,,,,,,,,,,,,,,,,,,,,,,,,,,,,,,,,,,,,,,,,,,,,,,,,,,,,,,,,,,,,,,,,,,,,,,,,,,,,,,,,,,,,,,,,,,,,,,1389.0,1.0,1388.0,22.0,2776.0,2798.0,1389.0,1.0,1388.0,,,,,,,1389.0,,,,,,,,,,,,,,,,,,,,,0.0,0.0,0.0,0.0,0.0,0.0,0.0,0.0,0.0,4.0,0.0,6.95,0.08,,,False,False,False,False,False,False,False,False,False,False,False,,,,,,,,,,,,,,,,,,,,,,,,,,,,,,,,,,,,,,,,
01244054723_dsl,Gurgaon,108.0,NKOT0F0226EE,NOKIA,FA221A76C102,Haryana,0.0,0.0,0.0,0.46,99.54,13.17,True,False,0.0,68.0,41.71,87.79,0.0,0.0,0.0,0.0,2.73,3.88,AAP321NK,iPhone,,,,False,False,False,False,True,False,True,False,False,False,False,4560.0,0.0,4560.0,4170314752.0,4170314752.0,31672416256.0,362.0,362.0,172.0,190.0,362.0,172.0,190.0,,,,,,,,,,,,,,,,,,,,,,,,,,,,,,,,,,,,,,,,,,,,,,,,,,,,,,,,,,,,,,,,,,,,,,,,,,,,,,,,,,,,,,,,,,,,,,,,,,,,,,,,,,,,362.0,172.0,190.0,0.0,4560.0,4560.0,362.0,172.0,190.0,,,,,,,362.0,,,,,,,,,,,,,,,,,,,,,0.0,0.0,0.0,0.0,0.0,0.0,41.71,87.79,0.0,68.0,0.0,2.73,3.88,True,False,False,False,False,False,False,False,False,True,False,True,False,,,,,,,,,,,,,,,,,,,,,,,,,,,,,,,,,,,,,,,,
012445159575_dsl,Gurgaon,108.0,ZYOTFD000042,NOKIA,C20991673E48,Haryana,9.75,0.0,9.75,0.0,100.0,0.21,False,False,0.0,0.0,0.0,0.0,0.0,0.1,,0.1,0.02,0.02,AOT5221ZY,,,,,False,False,False,False,False,False,False,False,False,,False,11913.0,0.0,11913.0,209739776.0,209739776.0,99519026176.0,1025.0,1025.0,,1025.0,1025.0,0.0,1025.0,,,,,,,,,,,,,,,,,,,,,,,,,,,,,,,,,,,,,,,,,,,,,,,,,,,,,,,,,,,,,,,,,,,,,,,,,,,,,,,,,,,,,,,,,,,,,,,,,,,,,,,,,,,,1025.0,0.0,1025.0,0.0,11913.0,11913.0,1025.0,,1025.0,,,,,,,1025.0,,,,,,,,,,,,,,,,,,,,,0.1,,0.1,9.75,0.0,9.75,0.0,0.0,0.0,0.0,0.0,0.02,0.02,False,False,False,,False,False,False,False,False,False,False,False,False,,,,,,,,,,,,,,,,,,,,,,,,,,,,,,,,,,,,,,,,
012447862103_dsl,Gurgaon,108.0,ZYOTB0900020,NOKIA,46CD55A7E421,Haryana,0.0,0.0,0.0,0.0,100.0,0.22,,,0.0,,0.0,0.0,0.0,0.0,,0.0,0.87,0.05,AOT5222ZY,,,,,False,False,False,False,,False,False,False,False,,False,35664.0,0.0,35664.0,565675008.0,565675008.0,255713402880.0,1486.0,1486.0,,1486.0,1486.0,0.0,1486.0,,,,,,,,,,,,,,,,,,,,,,,,,,,,,,,,,,,,,,,,,,,,,,,,,,,,,,,,,,,,,,,,,,,,,,,,,,,,,,,,,,,,,,,,,,,,,,,,,,,,,,,,,,,,1486.0,0.0,1486.0,0.0,35664.0,35664.0,1486.0,,1486.0,,,,,,,1486.0,,,,,,,,,,,,,,,,,,,,,0.0,,0.0,0.0,0.0,0.0,0.0,0.0,0.0,,0.0,0.87,0.05,,,False,,False,False,False,False,False,False,False,,False,,,,,,,,,,,,,,,,,,,,,,,,,,,,,,,,,,,,,,,,
01246232448_dsl,Gurgaon,108.0,NKOT2F045EF1,NOKIA,4273CFBCC4BA,Haryana,0.0,0.0,0.0,0.0,100.0,0.55,False,False,0.0,5.0,0.0,0.0,0.0,0.0,,0.0,0.42,0.33,AAP321NK,,,,,False,False,False,False,False,False,False,False,False,,False,10731.0,0.0,10731.0,318599168.0,318599168.0,57416092672.0,511.0,511.0,,511.0,511.0,0.0,511.0,,,,,,,,,,,,,,,,,,,,,,,,,,,,,,,,,,,,,,,,,,,,,,,,,,,,,,,,,,,,,,,,,,,,,,,,,,,,,,,,,,,,,,,,,,,,,,,,,,,,,,,,,,,,511.0,0.0,511.0,0.0,10731.0,10731.0,511.0,,511.0,,,,,,,511.0,,,,,,,,,,,,,,,,,,,,,0.0,,0.0,0.0,0.0,0.0,0.0,0.0,0.0,5.0,0.0,0.42,0.33,False,False,False,,False,False,False,False,False,False,False,False,False,,,,,,,,,,,,,,,,,,,,,,,,,,,,,,,,,,,,,,,,
01244054723_dsl,Gurgaon,108.0,NKOT0F0226EE,NOKIA,88F4DA2E79F3,Haryana,0.0,0.0,0.0,0.0,100.0,0.0,False,False,0.0,1.0,0.0,0.0,0.0,0.0,,0.0,0.36,0.08,AAP321NK,LTB0000372-003,LAPTOP,Lenovo,Laptop,False,False,False,False,False,False,False,False,False,,False,24.0,0.0,24.0,1036288.0,1036288.0,31672416256.0,1.0,1.0,,1.0,1.0,0.0,1.0,,,,,,,,,,,,,,,,,,,,,,,,,,,,,,,,,,,,,,,,,,,,,,,,,,,,,,,,,,,,,,,,,,,,,,,,,,,,,,,,,,,,,,,,,,,,,,,,,,,,,,,,,,,,1.0,0.0,1.0,0.0,24.0,24.0,1.0,,1.0,,,,,,,1.0,,,,,,,,,,,,,,,,,,,,,0.0,,0.0,0.0,0.0,0.0,0.0,0.0,0.0,1.0,0.0,0.36,0.08,False,False,False,,False,False,False,False,False,False,False,False,False,,,,,,,,,,,,,,,,,,,,,,,,,,,,,,,,,,,,,,,,
012445159575_dsl,Gurgaon,108.0,ZYOTFD000042,NOKIA,36638CE621E6,Haryana,22.73,0.0,22.73,0.0,100.0,30.08,False,False,0.0,3.0,0.0,0.0,0.0,9.51,,9.51,2.24,0.24,AOT5221ZY,OnePlus-11R-5G,,,,False,False,False,False,False,False,False,False,False,,False,7176.0,0.0,7176.0,29933103104.0,29933103104.0,99519026176.0,694.0,694.0,,694.0,694.0,0.0,694.0,,,,,,,,,,,,,,,,,,,,,,,,,,,,,,,,,,,,,,,,,,,,,,,,,,,,,,,,,,,,,,,,,,,,,,,,,,,,,,,,,,,,,,,,,,,,,,,,,,,,,,,,,,,,694.0,0.0,694.0,0.0,7176.0,7176.0,694.0,,694.0,,,,,,,694.0,,,,,,,,,,,,,,,,,,,,,9.51,,9.51,22.73,0.0,22.73,0.0,0.0,0.0,3.0,0.0,2.24,0.24,False,False,False,,False,False,False,False,False,False,False,False,False,,,,,,,,,,,,,,,,,,,,,,,,,,,,,,,,,,,,,,,,
012444801137_dsl,Gurgaon,108.0,NKOTDF000165,NOKIA,8CD0B2169430,Haryana,,,,100.0,0.0,0.2,,,0.0,,42.58,42.58,0.0,0.0,0.0,,0.0,0.0,AOT4221NK,,,,,,,,False,,False,False,False,False,False,,,,,93095936.0,93095936.0,46889272070.0,1341.0,1341.0,1341.0,,1341.0,1341.0,0.0,,,,,,,,,,,,,,,,,,,,,,,,,,,,,,,,,,,,,,,,,,,,,,,,,,,,,,,,,,,,,,,,,,,,,,,,,,,,,,,,,,,,,,,,,,,,,,,,,,,,,,,,,,,,1341.0,1341.0,0.0,,,,1341.0,1341.0,,,,,,,,1341.0,,,,,,,,,,,,,,,,,,,,,0.0,0.0,,,,,42.58,42.58,0.0,,0.0,0.0,0.0,,,False,False,,,,,False,False,False,,False,,,,,,,,,,,,,,,,,,,,,,,,,,,,,,,,,,,,,,,,
012445118300_dsl,Gurgaon,108.0,NKOT0F01D2BA,NOKIA,8C2AC12B0202,Haryana,,,,100.0,0.0,52.75,False,False,0.0,27.0,72.64,72.64,0.0,0.0,0.0,,3.95,0.16,AOT4221NK,LGwebOSTV,TV,LG Electronics,,,,,False,True,True,True,False,False,False,,,,,4954823680.0,4954823680.0,9393038336.0,1144.0,1144.0,1144.0,,1144.0,1144.0,0.0,,,,,,,,,,,,,,,,,,,,,,,,,,,,,,,,,,,,,,,,,,,,,,,,,,,,,,,,,,,,,,,,,,,,,,,,,,,,,,,,,,,,,,,,,,,,,,,,,,,,,,,,,,,,1144.0,1144.0,0.0,,,,1144.0,1144.0,,,,,,,,1144.0,,,,,,,,,,,,,,,,,,,,,0.0,0.0,,,,,72.64,72.64,0.0,27.0,0.0,3.95,0.16,False,False,False,False,,,,,True,True,False,True,False,,,,,,,,,,,,,,,,,,,,,,,,,,,,,,,,,,,,,,,,
012447957675_dsl,Gurgaon,108.0,ZYOT5E069474,NOKIA,D6E775D0DE6D,Haryana,,,,0.0,100.0,0.26,,,0.0,,0.0,0.0,0.0,0.0,,0.0,0.01,0.01,AOT5221ZY,,,,,,,,False,,False,False,False,False,,False,,,,105879552.0,105879552.0,40086572032.0,850.0,850.0,,850.0,850.0,0.0,850.0,,,,,,,,,,,,,,,,,,,,,,,,,,,,,,,,,,,,,,,,,,,,,,,,,,,,,,,,,,,,,,,,,,,,,,,,,,,,,,,,,,,,,,,,,,,,,,,,,,,,,,,,,,,,850.0,0.0,850.0,,,,850.0,,850.0,,,,,,,850.0,,,,,,,,,,,,,,,,,,,,,0.0,,0.0,,,,0.0,0.0,0.0,,0.0,0.01,0.01,,,False,,False,,,,False,False,False,,False,,,,,,,,,,,,,,,,,,,,,,,,,,,,,,,,,,,,,,,,
012444801137_dsl,Gurgaon,108.0,NKOTDF000165,NOKIA,1EEA07314F73,Haryana,0.0,0.0,0.0,0.0,100.0,0.73,False,True,0.0,7.0,0.0,0.0,0.0,0.0,,0.0,0.54,0.03,AOT4221NK,Naveen-s-A33,PHONE,,Galaxy A33 5G,False,False,False,False,True,False,False,False,False,,False,9456.0,0.0,9456.0,344620032.0,344620032.0,46889272070.0,395.0,395.0,,395.0,395.0,0.0,395.0,,,,,,,,,,,,,,,,,,,,,,,,,,,,,,,,,,,,,,,,,,,,,,,,,,,,,,,,,,,,,,,,,,,,,,,,,,,,,,,,,,,,,,,,,,,,,,,,,,,,,,,,,,,,395.0,0.0,395.0,0.0,9456.0,9456.0,395.0,,395.0,,,,,,,395.0,,,,,,,,,,,,,,,,,,,,,0.0,,0.0,0.0,0.0,0.0,0.0,0.0,0.0,7.0,0.0,0.54,0.03,False,True,False,,False,False,False,False,False,False,False,True,False,,,,,,,,,,,,,,,,,,,,,,,,,,,,,,,,,,,,,,,,
012436398608_dsl,Gurgaon,108.0,NKOTDF0001E7,NOKIA,EAD4701DA67C,Haryana,0.0,0.0,0.0,0.0,100.0,9.66,,,0.0,,0.0,0.0,0.0,0.0,,0.0,1.32,0.03,AAP321NK,,,,,False,False,False,False,,False,False,False,False,,False,29760.0,0.0,29760.0,4476446720.0,4476446720.0,46326556672.0,1240.0,1240.0,,1240.0,1240.0,0.0,1240.0,,,,,,,,,,,,,,,,,,,,,,,,,,,,,,,,,,,,,,,,,,,,,,,,,,,,,,,,,,,,,,,,,,,,,,,,,,,,,,,,,,,,,,,,,,,,,,,,,,,,,,,,,,,,1240.0,0.0,1240.0,0.0,29760.0,29760.0,1240.0,,1240.0,,,,,,,1240.0,,,,,,,,,,,,,,,,,,,,,0.0,,0.0,0.0,0.0,0.0,0.0,0.0,0.0,,0.0,1.32,0.03,,,False,,False,False,False,False,False,False,False,,False,,,,,,,,,,,,,,,,,,,,,,,,,,,,,,,,,,,,,,,,
012444801137_dsl,Gurgaon,108.0,NKOTDF000165,NOKIA,5A41573787E4,Haryana,0.0,0.0,0.0,0.0,100.0,10.58,False,False,0.0,1.0,0.0,0.0,0.0,0.0,,0.0,0.71,0.1,AOT4221NK,XstreamIPTV1-VT,OTHER,,,False,False,False,False,False,False,False,False,False,,False,30120.0,0.0,30120.0,4959471643.0,4959471643.0,46889272070.0,1256.0,1256.0,,1256.0,1256.0,0.0,1256.0,,,,,,,,,,,,,,,,,,,,,,,,,,,,,,,,,,,,,,,,,,,,,,,,,,,,,,,,,,,,,,,,,,,,,,,,,,,,,,,,,,,,,,,,,,,,,,,,,,,,,,,,,,,,1256.0,0.0,1256.0,0.0,30120.0,30120.0,1256.0,,1256.0,,,,,,,1256.0,,,,,,,,,,,,,,,,,,,,,0.0,,0.0,0.0,0.0,0.0,0.0,0.0,0.0,1.0,0.0,0.71,0.1,False,False,False,,False,False,False,False,False,False,False,False,False,,,,,,,,,,,,,,,,,,,,,,,,,,,,,,,,,,,,,,,,
01244081160_dsl,Gurgaon,108.0,NKOT0F01CE6F,NOKIA,4267BD61106B,Haryana,0.0,0.0,0.0,0.0,100.0,1.34,False,False,0.0,17.0,0.0,0.0,0.0,0.0,,0.0,0.29,0.07,AOT4221NK,iPhone,,,,False,False,False,False,True,False,False,False,False,,False,240.0,0.0,240.0,46221312.0,46221312.0,3459566592.0,10.0,10.0,,10.0,10.0,0.0,10.0,,,,,,,,,,,,,,,,,,,,,,,,,,,,,,,,,,,,,,,,,,,,,,,,,,,,,,,,,,,,,,,,,,,,,,,,,,,,,,,,,,,,,,,,,,,,,,,,,,,,,,,,,,,,10.0,0.0,10.0,0.0,240.0,240.0,10.0,,10.0,,,,,,,10.0,,,,,,,,,,,,,,,,,,,,,0.0,,0.0,0.0,0.0,0.0,0.0,0.0,0.0,17.0,0.0,0.29,0.07,False,False,False,,False,False,False,False,False,False,False,True,False,,,,,,,,,,,,,,,,,,,,,,,,,,,,,,,,,,,,,,,,
012447957675_dsl,Gurgaon,108.0,ZYOT5E069474,NOKIA,1A439244E504,Haryana,,,,0.0,100.0,1.28,,,0.0,,0.0,0.0,0.0,0.0,,0.0,1.12,0.1,AOT5221ZY,,,,,,,,False,,False,False,False,False,,False,,,,512629760.0,512629760.0,40086572032.0,129.0,129.0,,129.0,129.0,0.0,129.0,,,,,,,,,,,,,,,,,,,,,,,,,,,,,,,,,,,,,,,,,,,,,,,,,,,,,,,,,,,,,,,,,,,,,,,,,,,,,,,,,,,,,,,,,,,,,,,,,,,,,,,,,,,,129.0,0.0,129.0,,,,129.0,,129.0,,,,,,,129.0,,,,,,,,,,,,,,,,,,,,,0.0,,0.0,,,,0.0,0.0,0.0,,0.0,1.12,0.1,,,False,,False,,,,False,False,False,,False,,,,,,,,,,,,,,,,,,,,,,,,,,,,,,,,,,,,,,,,
012445118300_dsl,Gurgaon,108.0,NKOT0F01D2BA,NOKIA,F2E5225B80EE,Haryana,0.0,0.0,0.0,0.0,100.0,0.11,False,False,0.0,27.0,0.0,0.0,0.0,0.0,,0.0,0.07,0.0,AOT4221NK,iPhone,PHONE,Apple,iPhone,False,False,False,False,True,False,False,False,False,,False,840.0,0.0,840.0,10110976.0,10110976.0,9393038336.0,35.0,35.0,,35.0,35.0,0.0,35.0,,,,,,,,,,,,,,,,,,,,,,,,,,,,,,,,,,,,,,,,,,,,,,,,,,,,,,,,,,,,,,,,,,,,,,,,,,,,,,,,,,,,,,,,,,,,,,,,,,,,,,,,,,,,35.0,0.0,35.0,0.0,840.0,840.0,35.0,,35.0,,,,,,,35.0,,,,,,,,,,,,,,,,,,,,,0.0,,0.0,0.0,0.0,0.0,0.0,0.0,0.0,27.0,0.0,0.07,0.0,False,False,False,,False,False,False,False,False,False,False,True,False,,,,,,,,,,,,,,,,,,,,,,,,,,,,,,,,,,,,,,,,
012444801137_dsl,Gurgaon,108.0,NKOTDF000165,NOKIA,1ADDCC588ACB,Haryana,0.0,0.0,0.0,0.03,99.97,29.43,True,False,0.0,14.0,0.25,100.0,0.0,0.08,33.33,0.0,1.47,0.24,AOT4221NK,,,,,False,False,False,False,True,False,True,False,False,False,False,28608.0,0.0,28608.0,13800252839.0,13800252839.0,46889272070.0,1195.0,1195.0,3.0,1192.0,1195.0,3.0,1192.0,,,,,,,,,,,,,,,,,,,,,,,,,,,,,,,,,,,,,,,,,,,,,,,,,,,,,,,,,,,,,,,,,,,,,,,,,,,,,,,,,,,,,,,,,,,,,,,,,,,,,,,,,,,,1195.0,3.0,1192.0,0.0,28608.0,28608.0,1195.0,3.0,1192.0,,,,,,,1195.0,,,,,,,,,,,,,,,,,,,,,0.08,33.33,0.0,0.0,0.0,0.0,0.25,100.0,0.0,14.0,0.0,1.47,0.24,True,False,False,False,False,False,False,False,False,True,False,True,False,,,,,,,,,,,,,,,,,,,,,,,,,,,,,,,,,,,,,,,,
012445159575_dsl,Gurgaon,108.0,ZYOTFD000042,NOKIA,B24C6E7E6054,Haryana,70.46,0.0,70.46,0.0,100.0,0.84,False,True,0.0,4.0,0.0,0.0,0.0,12.01,,12.01,0.47,0.02,AOT5221ZY,OPPO-A57,PHONE,OPPO,Oppo,True,False,True,False,False,False,False,False,False,,False,4245.0,0.0,4245.0,837963776.0,837963776.0,99519026176.0,283.0,283.0,,283.0,283.0,0.0,283.0,,,,,,,,,,,,,,,,,,,,,,,,,,,,,,,,,,,,,,,,,,,,,,,,,,,,,,,,,,,,,,,,,,,,,,,,,,,,,,,,,,,,,,,,,,,,,,,,,,,,,,,,,,,,283.0,0.0,283.0,0.0,4245.0,4245.0,283.0,,283.0,,,,,,,283.0,,,,,,,,,,,,,,,,,,,,,12.01,,12.01,70.46,0.0,70.46,0.0,0.0,0.0,4.0,0.0,0.47,0.02,False,True,False,,False,True,False,True,False,False,False,False,False,,,,,,,,,,,,,,,,,,,,,,,,,,,,,,,,,,,,,,,,
012436398608_dsl,Gurgaon,108.0,NKOTDF0001E7,NOKIA,4A2B8C8008F5,Haryana,0.0,0.0,0.0,59.48,40.52,21.41,False,False,0.0,6.0,29.94,50.12,0.0,0.0,0.0,0.0,1.21,0.08,AAP321NK,OnePlus-Nord-CE3-5G,,,,False,False,False,False,True,False,False,False,False,False,False,6744.0,0.0,6744.0,9920418816.0,9920418816.0,46326556672.0,698.0,698.0,417.0,281.0,698.0,417.0,281.0,,,,,,,,,,,,,,,,,,,,,,,,,,,,,,,,,,,,,,,,,,,,,,,,,,,,,,,,,,,,,,,,,,,,,,,,,,,,,,,,,,,,,,,,,,,,,,,,,,,,,,,,,,,,698.0,417.0,281.0,0.0,6744.0,6744.0,698.0,417.0,281.0,,,,,,,698.0,,,,,,,,,,,,,,,,,,,,,0.0,0.0,0.0,0.0,0.0,0.0,29.94,50.12,0.0,6.0,0.0,1.21,0.08,False,False,False,False,False,False,False,False,False,False,False,True,False,,,,,,,,,,,,,,,,,,,,,,,,,,,,,,,,,,,,,,,,
012447957675_dsl,Gurgaon,108.0,ZYOT5E069474,NOKIA,401A58606B5F,Haryana,,,,0.0,100.0,29.7,,,0.0,,0.0,0.0,0.0,0.0,,0.0,5.1,0.26,AOT5221ZY,,,,,,,,False,,False,False,False,False,,False,,,,11904621568.0,11904621568.0,40086572032.0,375.0,375.0,,375.0,375.0,0.0,375.0,,,,,,,,,,,,,,,,,,,,,,,,,,,,,,,,,,,,,,,,,,,,,,,,,,,,,,,,,,,,,,,,,,,,,,,,,,,,,,,,,,,,,,,,,,,,,,,,,,,,,,,,,,,,375.0,0.0,375.0,,,,375.0,,375.0,,,,,,,375.0,,,,,,,,,,,,,,,,,,,,,0.0,,0.0,,,,0.0,0.0,0.0,,0.0,5.1,0.26,,,False,,False,,,,False,False,False,,False,,,,,,,,,,,,,,,,,,,,,,,,,,,,,,,,,,,,,,,,
012445118300_dsl,Gurgaon,108.0,NKOT0F01D2BA,NOKIA,48E15C8D0707,Haryana,0.0,0.0,0.0,0.0,100.0,13.96,,,0.0,,0.0,0.0,0.0,0.0,,0.0,0.87,0.01,AOT4221NK,,,,,False,False,False,False,,False,False,False,False,,False,33768.0,0.0,33768.0,1310856192.0,1310856192.0,9393038336.0,1407.0,1407.0,,1407.0,1407.0,0.0,1407.0,,,,,,,,,,,,,,,,,,,,,,,,,,,,,,,,,,,,,,,,,,,,,,,,,,,,,,,,,,,,,,,,,,,,,,,,,,,,,,,,,,,,,,,,,,,,,,,,,,,,,,,,,,,,1407.0,0.0,1407.0,0.0,33768.0,33768.0,1407.0,,1407.0,,,,,,,1407.0,,,,,,,,,,,,,,,,,,,,,0.0,,0.0,0.0,0.0,0.0,0.0,0.0,0.0,,0.0,0.87,0.01,,,False,,False,False,False,False,False,False,False,,False,,,,,,,,,,,,,,,,,,,,,,,,,,,,,,,,,,,,,,,,
012436398608_dsl,Gurgaon,108.0,NKOTDF0001E7,NOKIA,FAB7B87A32B0,Haryana,0.0,0.0,0.0,9.81,90.19,4.82,False,False,0.0,10.0,0.0,0.0,0.0,0.0,0.0,0.0,1.74,0.13,AAP321NK,,,,,False,False,False,False,True,False,False,False,False,False,False,864.0,0.0,864.0,2233977856.0,2233977856.0,46326556672.0,37.0,37.0,1.0,36.0,37.0,1.0,36.0,,,,,,,,,,,,,,,,,,,,,,,,,,,,,,,,,,,,,,,,,,,,,,,,,,,,,,,,,,,,,,,,,,,,,,,,,,,,,,,,,,,,,,,,,,,,,,,,,,,,,,,,,,,,37.0,1.0,36.0,0.0,864.0,864.0,37.0,1.0,36.0,,,,,,,37.0,,,,,,,,,,,,,,,,,,,,,0.0,0.0,0.0,0.0,0.0,0.0,0.0,0.0,0.0,10.0,0.0,1.74,0.13,False,False,False,False,False,False,False,False,False,False,False,True,False,,,,,,,,,,,,,,,,,,,,,,,,,,,,,,,,,,,,,,,,
01244054723_dsl,Gurgaon,108.0,NKOT0F0226EE,NOKIA,CC6B1E9D361D,Haryana,0.0,0.0,0.0,0.0,100.0,20.4,False,True,0.0,3.0,30.77,0.0,30.77,0.0,,0.0,0.79,0.12,AAP321NK,LAPTOP-333I3CKG,,,,False,False,False,False,False,False,False,False,False,,False,19968.0,0.0,19968.0,6460915712.0,6460915712.0,31672416256.0,832.0,832.0,,832.0,832.0,0.0,832.0,,,,,,,,,,,,,,,,,,,,,,,,,,,,,,,,,,,,,,,,,,,,,,,,,,,,,,,,,,,,,,,,,,,,,,,,,,,,,,,,,,,,,,,,,,,,,,,,,,,,,,,,,,,,832.0,0.0,832.0,0.0,19968.0,19968.0,832.0,,832.0,,,,,,,832.0,,,,,,,,,,,,,,,,,,,,,0.0,,0.0,0.0,0.0,0.0,30.77,0.0,30.77,3.0,0.0,0.79,0.12,False,True,False,,False,False,False,False,False,False,False,False,False,,,,,,,,,,,,,,,,,,,,,,,,,,,,,,,,,,,,,,,,
01244054723_dsl,Gurgaon,108.0,NKOT0F0226EE,NOKIA,5AA1E0C63E20,Haryana,0.0,0.0,0.0,9.72,90.28,3.12,False,False,0.0,47.0,15.83,35.74,0.0,1.25,2.82,0.0,6.37,0.18,AAP321NK,Pixel-8a,PHONE,Google,Pixel 8a,False,False,False,False,True,False,False,False,False,False,False,17136.0,0.0,17136.0,988253184.0,988253184.0,31672416256.0,1282.0,1282.0,568.0,714.0,1282.0,568.0,714.0,,,,,,,,,,,,,,,,,,,,,,,,,,,,,,,,,,,,,,,,,,,,,,,,,,,,,,,,,,,,,,,,,,,,,,,,,,,,,,,,,,,,,,,,,,,,,,,,,,,,,,,,,,,,1282.0,568.0,714.0,0.0,17136.0,17136.0,1282.0,568.0,714.0,,,,,,,1282.0,,,,,,,,,,,,,,,,,,,,,1.25,2.82,0.0,0.0,0.0,0.0,15.83,35.74,0.0,47.0,0.0,6.37,0.18,False,False,False,False,False,False,False,False,False,False,False,True,False,,,,,,,,,,,,,,,,,,,,,,,,,,,,,,,,,,,,,,,,
012445118300_dsl,Gurgaon,108.0,NKOT0F01D2BA,NOKIA,AADC7D1DFBBF,Haryana,0.0,0.0,0.0,0.0,100.0,0.63,False,False,0.0,34.0,0.0,0.0,0.0,0.0,,0.0,0.42,0.1,AOT4221NK,iPhone,PHONE,Apple,iPhone,False,False,False,False,True,False,False,False,False,,False,96.0,0.0,96.0,59054080.0,59054080.0,9393038336.0,4.0,4.0,,4.0,4.0,0.0,4.0,,,,,,,,,,,,,,,,,,,,,,,,,,,,,,,,,,,,,,,,,,,,,,,,,,,,,,,,,,,,,,,,,,,,,,,,,,,,,,,,,,,,,,,,,,,,,,,,,,,,,,,,,,,,4.0,0.0,4.0,0.0,96.0,96.0,4.0,,4.0,,,,,,,4.0,,,,,,,,,,,,,,,,,,,,,0.0,,0.0,0.0,0.0,0.0,0.0,0.0,0.0,34.0,0.0,0.42,0.1,False,False,False,,False,False,False,False,False,False,False,True,False,,,,,,,,,,,,,,,,,,,,,,,,,,,,,,,,,,,,,,,,
012444903348_dsl,Gurgaon,108.0,NKOT0F01CE7E,NOKIA,BCF171E84D65,Haryana,0.0,0.0,0.0,0.0,100.0,1.27,,,0.0,3.0,0.0,0.0,0.0,0.0,,0.0,1.91,0.21,AAP321NK,TABLET-G71GRCJO,,,,False,False,False,False,False,False,False,False,False,,False,1700.0,0.0,1700.0,2420980943.0,2420980943.0,191199118822.0,850.0,850.0,,850.0,850.0,0.0,850.0,,,,,,,,,,,,,,,,,,,,,,,,,,,,,,,,,,,,,,,,,,,,,,,,,,,,,,,,,,,,,,,,,,,,,,,,,,,,,,,,,,,,,,,,,,,,,,,,,,,,,,,,,,,,850.0,0.0,850.0,0.0,1700.0,1700.0,850.0,,850.0,,,,,,,850.0,,,,,,,,,,,,,,,,,,,,,0.0,,0.0,0.0,0.0,0.0,0.0,0.0,0.0,3.0,0.0,1.91,0.21,,,False,,False,False,False,False,False,False,False,False,False,,,,,,,,,,,,,,,,,,,,,,,,,,,,,,,,,,,,,,,,
012447957675_dsl,Gurgaon,108.0,ZYOT5E069474,NOKIA,46676779B267,Haryana,,,,0.0,100.0,13.38,,,0.0,,0.0,0.0,0.0,0.0,,0.0,1.68,0.77,AOT5221ZY,,,,,,,,False,,False,False,False,False,,False,,,,5365460992.0,5365460992.0,40086572032.0,731.0,731.0,,731.0,731.0,0.0,731.0,,,,,,,,,,,,,,,,,,,,,,,,,,,,,,,,,,,,,,,,,,,,,,,,,,,,,,,,,,,,,,,,,,,,,,,,,,,,,,,,,,,,,,,,,,,,,,,,,,,,,,,,,,,,731.0,0.0,731.0,,,,731.0,,731.0,,,,,,,731.0,,,,,,,,,,,,,,,,,,,,,0.0,,0.0,,,,0.0,0.0,0.0,,0.0,1.68,0.77,,,False,,False,,,,False,False,False,,False,,,,,,,,,,,,,,,,,,,,,,,,,,,,,,,,,,,,,,,,
012445118300_dsl,Gurgaon,108.0,NKOT0F01D2BA,NOKIA,02B8F490E9C4,Haryana,11.39,0.0,11.39,0.0,100.0,27.01,False,False,0.0,25.0,11.25,100.0,10.13,11.25,0.0,11.39,3.27,0.09,AOT4221NK,OnePlus-Nord-CE3-5G,PHONE,OnePlus,Nord CE3,False,False,False,False,True,False,True,False,False,False,False,1896.0,0.0,1896.0,2536827904.0,2536827904.0,9393038336.0,80.0,80.0,1.0,79.0,80.0,1.0,79.0,,,,,,,,,,,,,,,,,,,,,,,,,,,,,,,,,,,,,,,,,,,,,,,,,,,,,,,,,,,,,,,,,,,,,,,,,,,,,,,,,,,,,,,,,,,,,,,,,,,,,,,,,,,,80.0,1.0,79.0,0.0,1896.0,1896.0,80.0,1.0,79.0,,,,,,,80.0,,,,,,,,,,,,,,,,,,,,,11.25,0.0,11.39,11.39,0.0,11.39,11.25,100.0,10.13,25.0,0.0,3.27,0.09,False,False,False,False,False,False,False,False,False,True,False,True,False,,,,,,,,,,,,,,,,,,,,,,,,,,,,,,,,,,,,,,,,
01244054723_dsl,Gurgaon,108.0,NKOT0F0226EE,NOKIA,62A173AB08D4,Haryana,0.0,0.0,0.0,0.0,100.0,1.18,False,False,0.0,3.0,0.0,0.0,0.0,0.0,,0.0,0.2,0.02,AAP321NK,,,,,False,False,False,False,False,False,False,False,False,,False,840.0,0.0,840.0,373271552.0,373271552.0,31672416256.0,35.0,35.0,,35.0,35.0,0.0,35.0,,,,,,,,,,,,,,,,,,,,,,,,,,,,,,,,,,,,,,,,,,,,,,,,,,,,,,,,,,,,,,,,,,,,,,,,,,,,,,,,,,,,,,,,,,,,,,,,,,,,,,,,,,,,35.0,0.0,35.0,0.0,840.0,840.0,35.0,,35.0,,,,,,,35.0,,,,,,,,,,,,,,,,,,,,,0.0,,0.0,0.0,0.0,0.0,0.0,0.0,0.0,3.0,0.0,0.2,0.02,False,False,False,,False,False,False,False,False,False,False,False,False,,,,,,,,,,,,,,,,,,,,,,,,,,,,,,,,,,,,,,,,
012445118300_dsl,Gurgaon,108.0,NKOT0F01D2BA,NOKIA,50DCE7D68D34,Haryana,0.0,0.0,0.0,0.0,100.0,0.66,,,0.0,,82.44,0.0,82.44,0.0,,0.0,0.01,0.0,AOT4221NK,,,,,False,False,False,False,,True,False,True,False,,False,33768.0,0.0,33768.0,62265344.0,62265344.0,9393038336.0,1407.0,1407.0,,1407.0,1407.0,0.0,1407.0,,,,,,,,,,,,,,,,,,,,,,,,,,,,,,,,,,,,,,,,,,,,,,,,,,,,,,,,,,,,,,,,,,,,,,,,,,,,,,,,,,,,,,,,,,,,,,,,,,,,,,,,,,,,1407.0,0.0,1407.0,0.0,33768.0,33768.0,1407.0,,1407.0,,,,,,,1407.0,,,,,,,,,,,,,,,,,,,,,0.0,,0.0,0.0,0.0,0.0,82.44,0.0,82.44,,0.0,0.01,0.0,,,False,,False,False,False,False,True,False,True,,False,,,,,,,,,,,,,,,,,,,,,,,,,,,,,,,,,,,,,,,,
01246472327_dsl,Gurgaon,108.0,NKOTA0000592,NOKIA,481B40DAC1F0,Haryana,0.0,0.0,0.0,0.0,100.0,0.14,False,False,0.0,4.0,5.11,0.0,5.11,0.0,,0.0,0.02,0.0,AOT4221NK,Unknown_48:1b:40:da:c1:f0,,,,False,False,False,False,False,False,False,False,False,,False,11736.0,0.0,11736.0,18192384.0,18192384.0,12763556864.0,489.0,489.0,,489.0,489.0,0.0,489.0,,,,,,,,,,,,,,,,,,,,,,,,,,,,,,,,,,,,,,,,,,,,,,,,,,,,,,,,,,,,,,,,,,,,,,,,,,,,,,,,,,,,,,,,,,,,,,,,,,,,,,,,,,,,489.0,0.0,489.0,0.0,11736.0,11736.0,489.0,,489.0,,,,,,,489.0,,,,,,,,,,,,,,,,,,,,,0.0,,0.0,0.0,0.0,0.0,5.11,0.0,5.11,4.0,0.0,0.02,0.0,False,False,False,,False,False,False,False,False,False,False,False,False,,,,,,,,,,,,,,,,,,,,,,,,,,,,,,,,,,,,,,,,
012444903348_dsl,Gurgaon,108.0,NKOT0F01CE7E,NOKIA,5CEA1D30FB63,Haryana,0.0,0.0,0.0,0.0,100.0,41.15,,,0.0,,0.0,0.0,0.0,0.0,,0.0,5.67,0.09,AAP321NK,,,,,False,False,False,False,,False,False,False,False,,False,2850.0,0.0,2850.0,78669040343.0,78669040343.0,191199118822.0,1425.0,1425.0,,1425.0,1425.0,0.0,1425.0,,,,,,,,,,,,,,,,,,,,,,,,,,,,,,,,,,,,,,,,,,,,,,,,,,,,,,,,,,,,,,,,,,,,,,,,,,,,,,,,,,,,,,,,,,,,,,,,,,,,,,,,,,,,1425.0,0.0,1425.0,0.0,2850.0,2850.0,1425.0,,1425.0,,,,,,,1425.0,,,,,,,,,,,,,,,,,,,,,0.0,,0.0,0.0,0.0,0.0,0.0,0.0,0.0,,0.0,5.67,0.09,,,False,,False,False,False,False,False,False,False,,False,,,,,,,,,,,,,,,,,,,,,,,,,,,,,,,,,,,,,,,,
012444903348_dsl,Gurgaon,108.0,NKOT0F01CE7E,NOKIA,82A170AF2571,Haryana,1.21,1.21,0.0,100.0,0.0,1.78,False,False,0.0,11.0,46.55,46.55,0.0,2.05,2.05,,1.76,0.12,AAP321NK,realme-15T,,,,False,False,False,False,True,False,False,False,False,False,,8602.0,8602.0,0.0,3398433441.0,3398433441.0,191199118822.0,391.0,391.0,391.0,,391.0,391.0,0.0,,,,,,,,,,,,,,,,,,,,,,,,,,,,,,,,,,,,,,,,,,,,,,,,,,,,,,,,,,,,,,,,,,,,,,,,,,,,,,,,,,,,,,,,,,,,,,,,,,,,,,,,,,,,391.0,391.0,0.0,8602.0,0.0,8602.0,391.0,391.0,,,,,,,,391.0,,,,,,,,,,,,,,,,,,,,,2.05,2.05,,1.21,1.21,0.0,46.55,46.55,0.0,11.0,0.0,1.76,0.12,False,False,False,False,,False,False,False,False,False,False,True,False,,,,,,,,,,,,,,,,,,,,,,,,,,,,,,,,,,,,,,,,
012444903348_dsl,Gurgaon,108.0,NKOT0F01CE7E,NOKIA,DE9EF3A73DC5,Haryana,15.65,15.72,0.0,63.39,36.61,0.0,False,False,0.0,17.0,100.0,100.0,100.0,60.0,63.11,0.0,0.0,0.0,AAP321NK,,,,,False,False,False,False,True,True,True,True,False,True,False,7670.0,7634.0,36.0,471863.0,471863.0,191199118822.0,365.0,365.0,347.0,18.0,365.0,347.0,18.0,,,,,,,,,,,,,,,,,,,,,,,,,,,,,,,,,,,,,,,,,,,,,,,,,,,,,,,,,,,,,,,,,,,,,,,,,,,,,,,,,,,,,,,,,,,,,,,,,,,,,,,,,,,,365.0,347.0,18.0,7634.0,36.0,7670.0,365.0,347.0,18.0,,,,,,,365.0,,,,,,,,,,,,,,,,,,,,,60.0,63.11,0.0,15.65,15.72,0.0,100.0,100.0,100.0,17.0,0.0,0.0,0.0,False,False,False,True,False,False,False,False,True,True,True,True,False,,,,,,,,,,,,,,,,,,,,,,,,,,,,,,,,,,,,,,,,
012445159575_dsl,Gurgaon,108.0,ZYOTFD000042,NOKIA,4C1B86D3490C,Haryana,93.94,0.0,93.94,0.0,100.0,6.39,False,True,0.0,26.0,1.39,0.0,1.39,93.05,,93.05,6.66,0.23,AOT5221ZY,LGwebOSTV,,,,True,False,True,False,True,False,False,False,True,,True,14907.0,0.0,14907.0,6355858432.0,6355858432.0,99519026176.0,1151.0,1151.0,,1151.0,1151.0,0.0,1151.0,,,,,,,,,,,,,,,,,,,,,,,,,,,,,,,,,,,,,,,,,,,,,,,,,,,,,,,,,,,,,,,,,,,,,,,,,,,,,,,,,,,,,,,,,,,,,,,,,,,,,,,,,,,,1151.0,0.0,1151.0,0.0,14907.0,14907.0,1151.0,,1151.0,,,,,,,1151.0,,,,,,,,,,,,,,,,,,,,,93.05,,93.05,93.94,0.0,93.94,1.39,0.0,1.39,26.0,0.0,6.66,0.23,False,True,True,,True,True,False,True,False,False,False,True,False,,,,,,,,,,,,,,,,,,,,,,,,,,,,,,,,,,,,,,,,
012444903348_dsl,Gurgaon,108.0,NKOT0F01CE7E,NOKIA,C25FF6C7715F,Haryana,15.53,15.53,0.0,100.0,0.0,0.79,False,False,0.0,15.0,98.57,98.57,0.0,64.87,64.87,,0.93,0.18,AAP321NK,realme-C11-2021,,,,False,False,False,False,True,True,True,False,True,True,,6138.0,6138.0,0.0,1513037232.0,1513037232.0,191199118822.0,279.0,279.0,279.0,,279.0,279.0,0.0,,,,,,,,,,,,,,,,,,,,,,,,,,,,,,,,,,,,,,,,,,,,,,,,,,,,,,,,,,,,,,,,,,,,,,,,,,,,,,,,,,,,,,,,,,,,,,,,,,,,,,,,,,,,279.0,279.0,0.0,6138.0,0.0,6138.0,279.0,279.0,,,,,,,,279.0,,,,,,,,,,,,,,,,,,,,,64.87,64.87,,15.53,15.53,0.0,98.57,98.57,0.0,15.0,0.0,0.93,0.18,False,False,True,True,,False,False,False,True,True,False,True,False,,,,,,,,,,,,,,,,,,,,,,,,,,,,,,,,,,,,,,,,
01244081160_dsl,Gurgaon,108.0,NKOT0F01CE6F,NOKIA,DA662903C070,Haryana,0.0,0.0,0.0,0.0,100.0,8.23,,,0.0,,0.0,0.0,0.0,0.0,,0.0,0.12,0.02,AOT4221NK,,,,,False,False,False,False,,False,False,False,False,,False,32976.0,0.0,32976.0,284701696.0,284701696.0,3459566592.0,1374.0,1374.0,,1374.0,1374.0,0.0,1374.0,,,,,,,,,,,,,,,,,,,,,,,,,,,,,,,,,,,,,,,,,,,,,,,,,,,,,,,,,,,,,,,,,,,,,,,,,,,,,,,,,,,,,,,,,,,,,,,,,,,,,,,,,,,,1374.0,0.0,1374.0,0.0,32976.0,32976.0,1374.0,,1374.0,,,,,,,1374.0,,,,,,,,,,,,,,,,,,,,,0.0,,0.0,0.0,0.0,0.0,0.0,0.0,0.0,,0.0,0.12,0.02,,,False,,False,False,False,False,False,False,False,,False,,,,,,,,,,,,,,,,,,,,,,,,,,,,,,,,,,,,,,,,
012436398608_dsl,Gurgaon,108.0,NKOTDF0001E7,NOKIA,1C61B4642C1D,Haryana,10.84,0.0,10.84,0.0,100.0,11.18,,,0.0,6.0,0.0,0.0,0.0,10.84,,10.84,3.81,0.1,AAP321NK,Sulabh,,,,False,False,False,False,True,False,False,False,False,,False,1992.0,0.0,1992.0,5178412032.0,5178412032.0,46326556672.0,83.0,83.0,,83.0,83.0,0.0,83.0,,,,,,,,,,,,,,,,,,,,,,,,,,,,,,,,,,,,,,,,,,,,,,,,,,,,,,,,,,,,,,,,,,,,,,,,,,,,,,,,,,,,,,,,,,,,,,,,,,,,,,,,,,,,83.0,0.0,83.0,0.0,1992.0,1992.0,83.0,,83.0,,,,,,,83.0,,,,,,,,,,,,,,,,,,,,,10.84,,10.84,10.84,0.0,10.84,0.0,0.0,0.0,6.0,0.0,3.81,0.1,,,False,,False,False,False,False,False,False,False,True,False,,,,,,,,,,,,,,,,,,,,,,,,,,,,,,,,,,,,,,,,
01246472327_dsl,Gurgaon,108.0,NKOTA0000592,NOKIA,2246CDEDC745,Haryana,0.19,0.0,0.19,0.0,100.0,99.86,False,False,0.0,9.0,0.0,0.0,0.0,0.0,,0.0,1.56,0.26,AOT4221NK,iPhone,,,,False,False,False,False,True,False,False,False,False,,False,27072.0,0.0,27072.0,12745364480.0,12745364480.0,12763556864.0,1128.0,1128.0,,1128.0,1128.0,0.0,1128.0,,,,,,,,,,,,,,,,,,,,,,,,,,,,,,,,,,,,,,,,,,,,,,,,,,,,,,,,,,,,,,,,,,,,,,,,,,,,,,,,,,,,,,,,,,,,,,,,,,,,,,,,,,,,1128.0,0.0,1128.0,0.0,27072.0,27072.0,1128.0,,1128.0,,,,,,,1128.0,,,,,,,,,,,,,,,,,,,,,0.0,,0.0,0.19,0.0,0.19,0.0,0.0,0.0,9.0,0.0,1.56,0.26,False,False,False,,False,False,False,False,False,False,False,True,False,,,,,,,,,,,,,,,,,,,,,,,,,,,,,,,,,,,,,,,,
012444903348_dsl,Gurgaon,108.0,NKOT0F01CE7E,NOKIA,444201C1B177,Haryana,0.0,0.0,0.0,0.0,100.0,0.53,,,0.0,,0.0,0.0,0.0,0.0,,0.0,0.13,0.01,AAP321NK,,,,,False,False,False,False,,False,False,False,False,,False,2924.0,0.0,2924.0,1003930624.0,1003930624.0,191199118822.0,1462.0,1462.0,,1462.0,1462.0,0.0,1462.0,,,,,,,,,,,,,,,,,,,,,,,,,,,,,,,,,,,,,,,,,,,,,,,,,,,,,,,,,,,,,,,,,,,,,,,,,,,,,,,,,,,,,,,,,,,,,,,,,,,,,,,,,,,,1462.0,0.0,1462.0,0.0,2924.0,2924.0,1462.0,,1462.0,,,,,,,1462.0,,,,,,,,,,,,,,,,,,,,,0.0,,0.0,0.0,0.0,0.0,0.0,0.0,0.0,,0.0,0.13,0.01,,,False,,False,False,False,False,False,False,False,,False,,,,,,,,,,,,,,,,,,,,,,,,,,,,,,,,,,,,,,,,
012436398608_dsl,Gurgaon,108.0,NKOTDF0001E7,NOKIA,8E44C4BECA46,Haryana,0.0,0.0,0.0,0.0,100.0,0.19,False,False,0.0,10.0,0.0,0.0,0.0,0.0,,0.0,0.5,0.08,AAP321NK,,,,,False,False,False,False,True,False,False,False,False,,False,1632.0,0.0,1632.0,87095296.0,87095296.0,46326556672.0,68.0,68.0,,68.0,68.0,0.0,68.0,,,,,,,,,,,,,,,,,,,,,,,,,,,,,,,,,,,,,,,,,,,,,,,,,,,,,,,,,,,,,,,,,,,,,,,,,,,,,,,,,,,,,,,,,,,,,,,,,,,,,,,,,,,,68.0,0.0,68.0,0.0,1632.0,1632.0,68.0,,68.0,,,,,,,68.0,,,,,,,,,,,,,,,,,,,,,0.0,,0.0,0.0,0.0,0.0,0.0,0.0,0.0,10.0,0.0,0.5,0.08,False,False,False,,False,False,False,False,False,False,False,True,False,,,,,,,,,,,,,,,,,,,,,,,,,,,,,,,,,,,,,,,,
012444903348_dsl,Gurgaon,108.0,NKOT0F01CE7E,NOKIA,32655446EDD7,Haryana,0.0,0.0,0.0,1.24,98.76,7.48,False,False,0.0,107.0,0.42,3.16,0.0,0.42,3.16,0.0,8.26,1.11,AAP321NK,Galaxy-S25-Ultra,,,,False,False,False,False,True,False,False,False,False,False,False,3318.0,2090.0,1228.0,14303712065.0,14303712065.0,191199118822.0,709.0,709.0,95.0,614.0,709.0,95.0,614.0,,,,,,,,,,,,,,,,,,,,,,,,,,,,,,,,,,,,,,,,,,,,,,,,,,,,,,,,,,,,,,,,,,,,,,,,,,,,,,,,,,,,,,,,,,,,,,,,,,,,,,,,,,,,709.0,95.0,614.0,2090.0,1228.0,3318.0,709.0,95.0,614.0,,,,,,,709.0,,,,,,,,,,,,,,,,,,,,,0.42,3.16,0.0,0.0,0.0,0.0,0.42,3.16,0.0,107.0,0.0,8.26,1.11,False,False,False,False,False,False,False,False,False,False,False,True,False,,,,,,,,,,,,,,,,,,,,,,,,,,,,,,,,,,,,,,,,
01244054723_dsl,Gurgaon,108.0,NKOT0F0226EE,NOKIA,866D51236BCF,Haryana,3.6,0.0,3.6,4.21,95.79,33.66,False,False,0.0,42.0,0.0,0.0,0.0,3.59,0.0,3.6,4.37,0.51,AAP321NK,iPhone,PHONE,Apple,iPhone,False,False,False,False,True,False,False,False,False,False,False,21336.0,0.0,21336.0,10660677632.0,10660677632.0,31672416256.0,892.0,892.0,3.0,889.0,892.0,3.0,889.0,,,,,,,,,,,,,,,,,,,,,,,,,,,,,,,,,,,,,,,,,,,,,,,,,,,,,,,,,,,,,,,,,,,,,,,,,,,,,,,,,,,,,,,,,,,,,,,,,,,,,,,,,,,,892.0,3.0,889.0,0.0,21336.0,21336.0,892.0,3.0,889.0,,,,,,,892.0,,,,,,,,,,,,,,,,,,,,,3.59,0.0,3.6,3.6,0.0,3.6,0.0,0.0,0.0,42.0,0.0,4.37,0.51,False,False,False,False,False,False,False,False,False,False,False,True,False,,,,,,,,,,,,,,,,,,,,,,,,,,,,,,,,,,,,,,,,
012436398608_dsl,Gurgaon,108.0,NKOTDF0001E7,NOKIA,0EED7B0E8241,Haryana,0.0,0.0,0.0,3.27,96.73,3.52,True,False,0.0,19.0,11.36,40.0,10.24,0.0,0.0,0.0,0.98,0.1,AAP321NK,OnePlus-15R,,,,False,False,False,False,True,False,False,False,False,False,False,3048.0,0.0,3048.0,1628699648.0,1628699648.0,46326556672.0,132.0,132.0,5.0,127.0,132.0,5.0,127.0,,,,,,,,,,,,,,,,,,,,,,,,,,,,,,,,,,,,,,,,,,,,,,,,,,,,,,,,,,,,,,,,,,,,,,,,,,,,,,,,,,,,,,,,,,,,,,,,,,,,,,,,,,,,132.0,5.0,127.0,0.0,3048.0,3048.0,132.0,5.0,127.0,,,,,,,132.0,,,,,,,,,,,,,,,,,,,,,0.0,0.0,0.0,0.0,0.0,0.0,11.36,40.0,10.24,19.0,0.0,0.98,0.1,True,False,False,False,False,False,False,False,False,False,False,True,False,,,,,,,,,,,,,,,,,,,,,,,,,,,,,,,,,,,,,,,,
01244054723_dsl,Gurgaon,108.0,NKOT0F0226EE,NOKIA,4CF5DCF7CBCA,Haryana,,,,100.0,0.0,8.83,,,0.0,3.0,89.76,89.76,0.0,0.0,0.0,,0.02,0.69,AAP321NK,846606451,,,,,,,False,False,True,True,False,False,False,,,,,2796620800.0,2796620800.0,31672416256.0,1426.0,1426.0,1426.0,,1426.0,1426.0,0.0,,,,,,,,,,,,,,,,,,,,,,,,,,,,,,,,,,,,,,,,,,,,,,,,,,,,,,,,,,,,,,,,,,,,,,,,,,,,,,,,,,,,,,,,,,,,,,,,,,,,,,,,,,,,1426.0,1426.0,0.0,,,,1426.0,1426.0,,,,,,,,1426.0,,,,,,,,,,,,,,,,,,,,,0.0,0.0,,,,,89.76,89.76,0.0,3.0,0.0,0.02,0.69,,,False,False,,,,,True,True,False,False,False,,,,,,,,,,,,,,,,,,,,,,,,,,,,,,,,,,,,,,,,
012444903348_dsl,Gurgaon,108.0,NKOT0F01CE7E,NOKIA,B2C8CF9ECE29,Haryana,3.84,6.1,0.0,0.03,99.97,6.65,False,False,0.0,47.0,0.18,1.37,0.0,2.01,2.74,1.9,3.53,0.03,AAP321NK,iPhone,PHONE,Apple,iPhone,False,False,False,False,True,False,False,False,False,False,False,2554.0,1606.0,948.0,12719540462.0,12719540462.0,191199118822.0,547.0,547.0,73.0,474.0,547.0,73.0,474.0,,,,,,,,,,,,,,,,,,,,,,,,,,,,,,,,,,,,,,,,,,,,,,,,,,,,,,,,,,,,,,,,,,,,,,,,,,,,,,,,,,,,,,,,,,,,,,,,,,,,,,,,,,,,547.0,73.0,474.0,1606.0,948.0,2554.0,547.0,73.0,474.0,,,,,,,547.0,,,,,,,,,,,,,,,,,,,,,2.01,2.74,1.9,3.84,6.1,0.0,0.18,1.37,0.0,47.0,0.0,3.53,0.03,False,False,False,False,False,False,False,False,False,False,False,True,False,,,,,,,,,,,,,,,,,,,,,,,,,,,,,,,,,,,,,,,,
01244054723_dsl,Gurgaon,108.0,NKOT0F0226EE,NOKIA,7243CCCDA6CE,Haryana,0.0,0.0,0.0,0.0,100.0,0.53,,,0.0,,0.0,0.0,0.0,0.0,,0.0,0.0,0.01,AAP321NK,,,,,False,False,False,False,,False,False,False,False,,False,36864.0,0.0,36864.0,166461440.0,166461440.0,31672416256.0,1536.0,1536.0,,1536.0,1536.0,0.0,1536.0,,,,,,,,,,,,,,,,,,,,,,,,,,,,,,,,,,,,,,,,,,,,,,,,,,,,,,,,,,,,,,,,,,,,,,,,,,,,,,,,,,,,,,,,,,,,,,,,,,,,,,,,,,,,1536.0,0.0,1536.0,0.0,36864.0,36864.0,1536.0,,1536.0,,,,,,,1536.0,,,,,,,,,,,,,,,,,,,,,0.0,,0.0,0.0,0.0,0.0,0.0,0.0,0.0,,0.0,0.0,0.01,,,False,,False,False,False,False,False,False,False,,False,,,,,,,,,,,,,,,,,,,,,,,,,,,,,,,,,,,,,,,,
012447862103_dsl,Gurgaon,108.0,ZYOTB0900020,NOKIA,8E41F778AE60,Haryana,0.0,0.0,0.0,0.0,100.0,0.02,,,0.0,,0.0,0.0,0.0,0.0,,0.0,0.01,0.05,AOT5222ZY,,,,,False,False,False,False,,False,False,False,False,,False,192.0,0.0,192.0,63045632.0,63045632.0,255713402880.0,8.0,8.0,,8.0,8.0,0.0,8.0,,,,,,,,,,,,,,,,,,,,,,,,,,,,,,,,,,,,,,,,,,,,,,,,,,,,,,,,,,,,,,,,,,,,,,,,,,,,,,,,,,,,,,,,,,,,,,,,,,,,,,,,,,,,8.0,0.0,8.0,0.0,192.0,192.0,8.0,,8.0,,,,,,,8.0,,,,,,,,,,,,,,,,,,,,,0.0,,0.0,0.0,0.0,0.0,0.0,0.0,0.0,,0.0,0.01,0.05,,,False,,False,False,False,False,False,False,False,,False,,,,,,,,,,,,,,,,,,,,,,,,,,,,,,,,,,,,,,,,
012445118300_dsl,Gurgaon,108.0,NKOT0F01D2BA,NOKIA,BACE2A0CC19D,Haryana,,,,100.0,0.0,0.0,False,False,0.0,9.0,100.0,100.0,0.0,0.0,0.0,,0.0,0.0,AOT4221NK,Mac,,,,,,,False,True,True,True,False,False,False,,,,,57344.0,57344.0,9393038336.0,1.0,1.0,1.0,,1.0,1.0,0.0,,,,,,,,,,,,,,,,,,,,,,,,,,,,,,,,,,,,,,,,,,,,,,,,,,,,,,,,,,,,,,,,,,,,,,,,,,,,,,,,,,,,,,,,,,,,,,,,,,,,,,,,,,,,1.0,1.0,0.0,,,,1.0,1.0,,,,,,,,1.0,,,,,,,,,,,,,,,,,,,,,0.0,0.0,,,,,100.0,100.0,0.0,9.0,0.0,0.0,0.0,False,False,False,False,,,,,True,True,False,True,False,,,,,,,,,,,,,,,,,,,,,,,,,,,,,,,,,,,,,,,,
012447862103_dsl,Gurgaon,108.0,ZYOTB0900020,NOKIA,14B5CD43D30F,Haryana,0.0,0.0,0.0,0.0,100.0,0.1,,,0.0,,0.0,0.0,0.0,0.0,,0.0,1.01,0.17,AOT5222ZY,,,,,False,False,False,False,,False,False,False,False,,False,13152.0,0.0,13152.0,263443456.0,263443456.0,255713402880.0,548.0,548.0,,548.0,548.0,0.0,548.0,,,,,,,,,,,,,,,,,,,,,,,,,,,,,,,,,,,,,,,,,,,,,,,,,,,,,,,,,,,,,,,,,,,,,,,,,,,,,,,,,,,,,,,,,,,,,,,,,,,,,,,,,,,,548.0,0.0,548.0,0.0,13152.0,13152.0,548.0,,548.0,,,,,,,548.0,,,,,,,,,,,,,,,,,,,,,0.0,,0.0,0.0,0.0,0.0,0.0,0.0,0.0,,0.0,1.01,0.17,,,False,,False,False,False,False,False,False,False,,False,,,,,,,,,,,,,,,,,,,,,,,,,,,,,,,,,,,,,,,,
012444801137_dsl,Gurgaon,108.0,NKOTDF000165,NOKIA,9877D5A4F402,Haryana,,,,100.0,0.0,0.02,False,False,0.0,2.0,81.45,81.45,0.0,0.0,0.0,,0.0,0.0,AOT4221NK,wiz_a4f402,,,,,,,False,False,True,True,False,False,False,,,,,9503744.0,9503744.0,46889272070.0,221.0,221.0,221.0,,221.0,221.0,0.0,,,,,,,,,,,,,,,,,,,,,,,,,,,,,,,,,,,,,,,,,,,,,,,,,,,,,,,,,,,,,,,,,,,,,,,,,,,,,,,,,,,,,,,,,,,,,,,,,,,,,,,,,,,,221.0,221.0,0.0,,,,221.0,221.0,,,,,,,,221.0,,,,,,,,,,,,,,,,,,,,,0.0,0.0,,,,,81.45,81.45,0.0,2.0,0.0,0.0,0.0,False,False,False,False,,,,,True,True,False,False,False,,,,,,,,,,,,,,,,,,,,,,,,,,,,,,,,,,,,,,,,
01246232448_dsl,Gurgaon,108.0,NKOT2F045EF1,NOKIA,8A43BA359CDF,Haryana,0.0,0.0,0.0,0.0,100.0,0.66,False,False,0.0,8.0,0.78,0.0,0.78,0.39,,0.39,0.29,0.13,AAP321NK,,,,,False,False,False,False,True,False,False,False,False,,False,5376.0,0.0,5376.0,376928256.0,376928256.0,57416092672.0,256.0,256.0,,256.0,256.0,0.0,256.0,,,,,,,,,,,,,,,,,,,,,,,,,,,,,,,,,,,,,,,,,,,,,,,,,,,,,,,,,,,,,,,,,,,,,,,,,,,,,,,,,,,,,,,,,,,,,,,,,,,,,,,,,,,,256.0,0.0,256.0,0.0,5376.0,5376.0,256.0,,256.0,,,,,,,256.0,,,,,,,,,,,,,,,,,,,,,0.39,,0.39,0.0,0.0,0.0,0.78,0.0,0.78,8.0,0.0,0.29,0.13,False,False,False,,False,False,False,False,False,False,False,True,False,,,,,,,,,,,,,,,,,,,,,,,,,,,,,,,,,,,,,,,,
012445118300_dsl,Gurgaon,108.0,NKOT0F01D2BA,NOKIA,3CA6F6264B0F,Haryana,0.0,0.0,0.0,0.0,100.0,3.78,,,0.0,,0.0,0.0,0.0,0.0,,0.0,0.02,0.0,AOT4221NK,,,,,False,False,False,False,,False,False,False,False,,False,33768.0,0.0,33768.0,355237888.0,355237888.0,9393038336.0,1407.0,1407.0,,1407.0,1407.0,0.0,1407.0,,,,,,,,,,,,,,,,,,,,,,,,,,,,,,,,,,,,,,,,,,,,,,,,,,,,,,,,,,,,,,,,,,,,,,,,,,,,,,,,,,,,,,,,,,,,,,,,,,,,,,,,,,,,1407.0,0.0,1407.0,0.0,33768.0,33768.0,1407.0,,1407.0,,,,,,,1407.0,,,,,,,,,,,,,,,,,,,,,0.0,,0.0,0.0,0.0,0.0,0.0,0.0,0.0,,0.0,0.02,0.0,,,False,,False,False,False,False,False,False,False,,False,,,,,,,,,,,,,,,,,,,,,,,,,,,,,,,,,,,,,,,,
012445159575_dsl,Gurgaon,108.0,ZYOTFD000042,NOKIA,4A7D8DB627F1,Haryana,,,,100.0,0.0,0.0,False,False,0.0,1.0,0.0,0.0,0.0,0.0,0.0,,0.0,0.0,AOT5221ZY,,,,,,,,False,False,False,False,False,False,False,,,,,5120.0,5120.0,99519026176.0,1.0,1.0,1.0,,1.0,1.0,0.0,,,,,,,,,,,,,,,,,,,,,,,,,,,,,,,,,,,,,,,,,,,,,,,,,,,,,,,,,,,,,,,,,,,,,,,,,,,,,,,,,,,,,,,,,,,,,,,,,,,,,,,,,,,,1.0,1.0,0.0,,,,1.0,1.0,,,,,,,,1.0,,,,,,,,,,,,,,,,,,,,,0.0,0.0,,,,,0.0,0.0,0.0,1.0,0.0,0.0,0.0,False,False,False,False,,,,,False,False,False,False,False,,,,,,,,,,,,,,,,,,,,,,,,,,,,,,,,,,,,,,,,
012444801137_dsl,Gurgaon,108.0,NKOTDF000165,NOKIA,683943AD68BF,Haryana,0.0,0.0,0.0,0.0,100.0,3.63,False,True,0.0,3.0,0.0,0.0,0.0,0.0,,0.0,9.03,0.08,AOT4221NK,Family-Room-TV,,,,False,False,False,False,False,False,False,False,False,,False,5040.0,0.0,5040.0,1702422528.0,1702422528.0,46889272070.0,210.0,210.0,,210.0,210.0,0.0,210.0,,,,,,,,,,,,,,,,,,,,,,,,,,,,,,,,,,,,,,,,,,,,,,,,,,,,,,,,,,,,,,,,,,,,,,,,,,,,,,,,,,,,,,,,,,,,,,,,,,,,,,,,,,,,210.0,0.0,210.0,0.0,5040.0,5040.0,210.0,,210.0,,,,,,,210.0,,,,,,,,,,,,,,,,,,,,,0.0,,0.0,0.0,0.0,0.0,0.0,0.0,0.0,3.0,0.0,9.03,0.08,False,True,False,,False,False,False,False,False,False,False,False,False,,,,,,,,,,,,,,,,,,,,,,,,,,,,,,,,,,,,,,,,
012447957675_dsl,Gurgaon,108.0,ZYOT5E069474,NOKIA,F2CE1B18563F,Haryana,,,,0.0,100.0,55.09,,,0.0,,0.0,0.0,0.0,0.0,,0.0,3.59,0.24,AOT5221ZY,,,,,,,,False,,False,False,False,False,,False,,,,22085327872.0,22085327872.0,40086572032.0,1462.0,1462.0,,1462.0,1462.0,0.0,1462.0,,,,,,,,,,,,,,,,,,,,,,,,,,,,,,,,,,,,,,,,,,,,,,,,,,,,,,,,,,,,,,,,,,,,,,,,,,,,,,,,,,,,,,,,,,,,,,,,,,,,,,,,,,,,1462.0,0.0,1462.0,,,,1462.0,,1462.0,,,,,,,1462.0,,,,,,,,,,,,,,,,,,,,,0.0,,0.0,,,,0.0,0.0,0.0,,0.0,3.59,0.24,,,False,,False,,,,False,False,False,,False,,,,,,,,,,,,,,,,,,,,,,,,,,,,,,,,,,,,,,,,
01246232448_dsl,Gurgaon,108.0,NKOT2F045EF1,NOKIA,F621EE1DD5B7,Haryana,0.0,0.0,0.0,0.0,100.0,0.09,,,0.0,3.0,0.0,0.0,0.0,0.0,,0.0,0.06,0.01,AAP321NK,,,,,False,False,False,False,False,False,False,False,False,,False,11319.0,0.0,11319.0,52252672.0,52252672.0,57416092672.0,539.0,539.0,,539.0,539.0,0.0,539.0,,,,,,,,,,,,,,,,,,,,,,,,,,,,,,,,,,,,,,,,,,,,,,,,,,,,,,,,,,,,,,,,,,,,,,,,,,,,,,,,,,,,,,,,,,,,,,,,,,,,,,,,,,,,539.0,0.0,539.0,0.0,11319.0,11319.0,539.0,,539.0,,,,,,,539.0,,,,,,,,,,,,,,,,,,,,,0.0,,0.0,0.0,0.0,0.0,0.0,0.0,0.0,3.0,0.0,0.06,0.01,,,False,,False,False,False,False,False,False,False,False,False,,,,,,,,,,,,,,,,,,,,,,,,,,,,,,,,,,,,,,,,
012436398608_dsl,Gurgaon,108.0,NKOTDF0001E7,NOKIA,62D8084F50B0,Haryana,0.0,0.0,0.0,3.71,96.29,21.47,False,True,0.0,9.0,18.66,0.0,18.93,0.0,0.0,0.0,1.14,0.07,AAP321NK,OnePlus-Nord-CE4-Lite-5G,,,,False,False,False,False,True,False,False,False,False,False,False,13440.0,0.0,13440.0,9946041344.0,9946041344.0,46326556672.0,568.0,568.0,8.0,560.0,568.0,8.0,560.0,,,,,,,,,,,,,,,,,,,,,,,,,,,,,,,,,,,,,,,,,,,,,,,,,,,,,,,,,,,,,,,,,,,,,,,,,,,,,,,,,,,,,,,,,,,,,,,,,,,,,,,,,,,,568.0,8.0,560.0,0.0,13440.0,13440.0,568.0,8.0,560.0,,,,,,,568.0,,,,,,,,,,,,,,,,,,,,,0.0,0.0,0.0,0.0,0.0,0.0,18.66,0.0,18.93,9.0,0.0,1.14,0.07,False,True,False,False,False,False,False,False,False,False,False,True,False,,,,,,,,,,,,,,,,,,,,,,,,,,,,,,,,,,,,,,,,
01246232448_dsl,Gurgaon,108.0,NKOT2F045EF1,NOKIA,A091A2A13221,Haryana,,,,100.0,0.0,25.47,,,0.0,1.0,76.52,76.52,0.0,0.0,0.0,,3.51,0.13,AAP321NK,Unknown_a0:91:a2:a1:32:21,PHONE,OnePlus,Mobile,,,,False,False,True,True,False,False,False,,,,,14624090112.0,14624090112.0,57416092672.0,856.0,856.0,856.0,,856.0,856.0,0.0,,,,,,,,,,,,,,,,,,,,,,,,,,,,,,,,,,,,,,,,,,,,,,,,,,,,,,,,,,,,,,,,,,,,,,,,,,,,,,,,,,,,,,,,,,,,,,,,,,,,,,,,,,,,856.0,856.0,0.0,,,,856.0,856.0,,,,,,,,856.0,,,,,,,,,,,,,,,,,,,,,0.0,0.0,,,,,76.52,76.52,0.0,1.0,0.0,3.51,0.13,,,False,False,,,,,True,True,False,False,False,,,,,,,,,,,,,,,,,,,,,,,,,,,,,,,,,,,,,,,,
012444903348_dsl,Gurgaon,108.0,NKOT0F01CE7E,NOKIA,DC4BA104E8A6,Haryana,0.0,0.0,0.0,0.0,100.0,11.84,,,0.0,2.0,77.02,0.0,77.02,0.0,,0.0,3.86,0.1,AAP321NK,Unknown_dc:4b:a1:04:e8:a6,TV,,BRAVIA VH22,False,False,False,False,False,True,False,True,False,,False,2924.0,0.0,2924.0,22641521664.0,22641521664.0,191199118822.0,1462.0,1462.0,,1462.0,1462.0,0.0,1462.0,,,,,,,,,,,,,,,,,,,,,,,,,,,,,,,,,,,,,,,,,,,,,,,,,,,,,,,,,,,,,,,,,,,,,,,,,,,,,,,,,,,,,,,,,,,,,,,,,,,,,,,,,,,,1462.0,0.0,1462.0,0.0,2924.0,2924.0,1462.0,,1462.0,,,,,,,1462.0,,,,,,,,,,,,,,,,,,,,,0.0,,0.0,0.0,0.0,0.0,77.02,0.0,77.02,2.0,0.0,3.86,0.1,,,False,,False,False,False,False,True,False,True,False,False,,,,,,,,,,,,,,,,,,,,,,,,,,,,,,,,,,,,,,,,
012444903348_dsl,Gurgaon,108.0,NKOT0F01CE7E,NOKIA,48EA62570373,Haryana,0.0,0.0,0.0,100.0,0.0,0.03,,,0.0,4.0,50.0,50.0,0.0,0.0,0.0,,0.07,0.01,AAP321NK,HP570373,,,,False,False,False,False,False,False,False,False,False,False,,176.0,176.0,0.0,57786516.0,57786516.0,191199118822.0,8.0,8.0,8.0,,8.0,8.0,0.0,,,,,,,,,,,,,,,,,,,,,,,,,,,,,,,,,,,,,,,,,,,,,,,,,,,,,,,,,,,,,,,,,,,,,,,,,,,,,,,,,,,,,,,,,,,,,,,,,,,,,,,,,,,,8.0,8.0,0.0,176.0,0.0,176.0,8.0,8.0,,,,,,,,8.0,,,,,,,,,,,,,,,,,,,,,0.0,0.0,,0.0,0.0,0.0,50.0,50.0,0.0,4.0,0.0,0.07,0.01,,,False,False,,False,False,False,False,False,False,False,False,,,,,,,,,,,,,,,,,,,,,,,,,,,,,,,,,,,,,,,,
012444801137_dsl,Gurgaon,108.0,NKOTDF000165,NOKIA,1673DCE86B6C,Haryana,0.0,0.0,0.0,0.26,99.74,18.61,True,True,0.0,14.0,0.0,0.0,0.0,0.0,0.0,0.0,0.64,0.07,AOT4221NK,Galaxy-A34-5G-Alka,PHONE,Samsung Electronics,Galaxy,False,False,False,False,True,False,False,False,False,False,False,23400.0,0.0,23400.0,8726352896.0,8726352896.0,46889272070.0,1176.0,1176.0,200.0,976.0,1176.0,200.0,976.0,,,,,,,,,,,,,,,,,,,,,,,,,,,,,,,,,,,,,,,,,,,,,,,,,,,,,,,,,,,,,,,,,,,,,,,,,,,,,,,,,,,,,,,,,,,,,,,,,,,,,,,,,,,,1176.0,200.0,976.0,0.0,23400.0,23400.0,1176.0,200.0,976.0,,,,,,,1176.0,,,,,,,,,,,,,,,,,,,,,0.0,0.0,0.0,0.0,0.0,0.0,0.0,0.0,0.0,14.0,0.0,0.64,0.07,True,True,False,False,False,False,False,False,False,False,False,True,False,,,,,,,,,,,,,,,,,,,,,,,,,,,,,,,,,,,,,,,,
01246232448_dsl,Gurgaon,108.0,NKOT2F045EF1,NOKIA,4AE5C3734822,Haryana,0.0,0.0,0.0,0.0,100.0,0.01,,,0.0,2.0,0.0,0.0,0.0,0.0,,0.0,0.02,0.02,AAP321NK,,,,,False,False,False,False,False,False,False,False,False,,False,189.0,0.0,189.0,3125248.0,3125248.0,57416092672.0,9.0,9.0,,9.0,9.0,0.0,9.0,,,,,,,,,,,,,,,,,,,,,,,,,,,,,,,,,,,,,,,,,,,,,,,,,,,,,,,,,,,,,,,,,,,,,,,,,,,,,,,,,,,,,,,,,,,,,,,,,,,,,,,,,,,,9.0,0.0,9.0,0.0,189.0,189.0,9.0,,9.0,,,,,,,9.0,,,,,,,,,,,,,,,,,,,,,0.0,,0.0,0.0,0.0,0.0,0.0,0.0,0.0,2.0,0.0,0.02,0.02,,,False,,False,False,False,False,False,False,False,False,False,,,,,,,,,,,,,,,,,,,,,,,,,,,,,,,,,,,,,,,,
012444903348_dsl,Gurgaon,108.0,NKOT0F01CE7E,NOKIA,F8FE5EBD1479,Haryana,0.0,0.0,0.0,0.0,100.0,0.15,False,False,0.0,5.0,39.01,0.0,39.01,0.0,,0.0,2.29,0.71,AAP321NK,LTB0208540-3,,,,False,False,False,False,False,False,False,False,False,,False,1374.0,0.0,1374.0,291777990.0,291777990.0,191199118822.0,687.0,687.0,,687.0,687.0,0.0,687.0,,,,,,,,,,,,,,,,,,,,,,,,,,,,,,,,,,,,,,,,,,,,,,,,,,,,,,,,,,,,,,,,,,,,,,,,,,,,,,,,,,,,,,,,,,,,,,,,,,,,,,,,,,,,687.0,0.0,687.0,0.0,1374.0,1374.0,687.0,,687.0,,,,,,,687.0,,,,,,,,,,,,,,,,,,,,,0.0,,0.0,0.0,0.0,0.0,39.01,0.0,39.01,5.0,0.0,2.29,0.71,False,False,False,,False,False,False,False,False,False,False,False,False,,,,,,,,,,,,,,,,,,,,,,,,,,,,,,,,,,,,,,,,
012447862103_dsl,Gurgaon,108.0,ZYOTB0900020,NOKIA,F414BF87A484,Haryana,0.0,0.0,0.0,0.0,100.0,0.0,,,0.0,,0.0,0.0,0.0,0.0,,0.0,0.05,0.11,AOT5222ZY,,,,,False,False,False,False,,False,False,False,False,,False,48.0,0.0,48.0,87040.0,87040.0,255713402880.0,2.0,2.0,,2.0,2.0,0.0,2.0,,,,,,,,,,,,,,,,,,,,,,,,,,,,,,,,,,,,,,,,,,,,,,,,,,,,,,,,,,,,,,,,,,,,,,,,,,,,,,,,,,,,,,,,,,,,,,,,,,,,,,,,,,,,2.0,0.0,2.0,0.0,48.0,48.0,2.0,,2.0,,,,,,,2.0,,,,,,,,,,,,,,,,,,,,,0.0,,0.0,0.0,0.0,0.0,0.0,0.0,0.0,,0.0,0.05,0.11,,,False,,False,False,False,False,False,False,False,,False,,,,,,,,,,,,,,,,,,,,,,,,,,,,,,,,,,,,,,,,
01246472327_dsl,Gurgaon,108.0,NKOTA0000592,NOKIA,,Haryana,,,,,,,,,,,,,,,,,,,AOT4221NK,,,,,,,,,,,,,,,,,,,,,,,,,,,,,01246472327_dsl,108.0,NKOTA0000592,NOKIA,0C36234FB190,AOT4221NK,2.0,0.0,2.0,0.0,,0.0,0.0,0.13,0.13,1.56,0.26,1.55,0.0,1.55,4.75,13.45,0.22,51.0,0.0,0.0,0.0,0.0,0.0,0.0,0.0,0.0,0.0,0.0,0.0,0.0,0.0,0.0,0.0,0.0,,,,0.0,0.0,100.0,12763556864.0,0.0,0.0,38.0,0.0,0.0,13.0,0.0,0.0,25.0,0.0,0.0,0.0,0.0,0.0,0.0,False,,False,False,False,False,False,True,False,False,False,False,False,False,True,False,False,False,False,False,False,False,False,False,False,,,,,False,False,False,False,False,False,False,False,False,False,98.89,1.11,False,5.56,False,True,1617.0,0.0,1617.0,0.0,38808.0,38808.0,1617.0,,1617.0,3414.0,1167.0,2247.0,176.0,89.0,87.0,1617.0,178.0,89.0,89.0,178.0,89.0,89.0,,,12763556864.0,38.0,13.0,25.0,180.0,90.0,90.0,38.0,13.0,25.0,0C36234FB190,2.0,0.0,,0.0,0.13,0.0,0.13,1.55,0.0,1.55,51.0,0.0,1.56,0.26,0.0,0.0,False,,False,False,False,False,False,False,False,True,False,4.75,13.45,0.22,0.0,0.0,0.0,0.0,0.0,,,,100.0,12763556864.0,0.0,0.0,38.0,0.0,0.0,13.0,0.0,0.0,25.0,98.89,False,True,False,False,False,False,False,False,,,,,False,False,False,False,True
012447957675_dsl,Gurgaon,108.0,ZYOT5E069474,NOKIA,,Haryana,,,,,,,,,,,,,,,,,,,AOT5221ZY,,,,,,,,,,,,,,,,,,,,,,,,,,,,,012447957675_dsl,108.0,ZYOT5E069474,NOKIA,,AOT5221ZY,7.0,1.0,7.0,0.71,0.0,0.71,,,,290.67,32.86,9.31,0.0,9.31,91.0,89.67,92.0,,0.0,0.0,0.0,0.0,0.0,0.0,0.0,0.0,0.0,0.0,0.0,0.0,0.0,0.0,0.0,0.0,,,,,,100.0,40086572032.0,4.17,1.0,24.0,9.09,1.0,11.0,0.0,0.0,13.0,0.0,0.0,0.0,0.0,0.0,0.0,False,False,False,,,,False,False,False,False,False,True,True,True,,False,False,False,False,False,False,False,False,False,False,,,,,,,False,False,False,False,False,False,False,False,89.33,18.09,False,0.53,False,True,4618.0,1.0,4617.0,,,,4618.0,1.0,4617.0,4132.0,1782.0,2350.0,467.0,187.0,280.0,4618.0,465.0,187.0,278.0,467.0,187.0,280.0,,,40086572032.0,24.0,11.0,13.0,375.0,188.0,187.0,24.0,11.0,13.0,,7.0,0.71,0.0,0.71,,,,9.31,0.0,9.31,,0.0,290.67,32.86,,,False,False,False,,,,False,False,False,,False,91.0,89.67,92.0,0.0,0.0,0.0,0.0,0.0,,,,100.0,40086572032.0,4.17,1.0,24.0,9.09,1.0,11.0,0.0,0.0,13.0,89.33,False,False,True,True,True,False,False,False,,,,,,,False,False,True
01244081160_dsl,Gurgaon,108.0,NKOT0F01CE6F,NOKIA,,Haryana,,,,,,,,,,,,,,,,,,,AOT4221NK,,,,,,,,,,,,,,,,,,,,,,,,,,,,,01244081160_dsl,108.0,NKOT0F01CE6F,NOKIA,2CC1F432FE41,AOT4221NK,5.0,1.0,5.0,0.0,0.0,0.0,0.0,0.0,0.0,2.03,1.62,0.03,100.0,0.0,5.15,15.1,0.0,74.0,0.0,0.0,0.0,0.0,0.0,0.0,0.0,0.0,0.0,0.0,0.0,0.0,0.0,0.0,0.0,0.0,,,,0.0,0.0,99.94,3459566592.0,7.89,3.0,38.0,23.08,3.0,13.0,0.0,0.0,25.0,0.0,0.0,0.0,0.0,0.0,0.0,False,False,False,False,False,False,False,False,False,True,False,False,False,False,True,False,False,False,False,False,False,False,False,False,False,,,,,False,False,False,False,False,False,False,False,False,False,60.12,30.95,False,0.0,False,True,3629.0,1.0,3628.0,0.0,87072.0,87072.0,3629.0,1.0,3628.0,3183.0,1086.0,2097.0,168.0,84.0,84.0,3629.0,168.0,84.0,84.0,168.0,84.0,84.0,,,3459566592.0,38.0,13.0,25.0,168.0,84.0,84.0,38.0,13.0,25.0,2CC1F432FE41,5.0,0.0,0.0,0.0,0.0,0.0,0.0,0.03,100.0,0.0,74.0,0.0,2.03,1.62,0.0,0.0,False,False,False,False,False,False,False,True,False,True,False,5.15,15.1,0.0,0.0,0.0,0.0,0.0,0.0,,,,99.94,3459566592.0,7.89,3.0,38.0,23.08,3.0,13.0,0.0,0.0,25.0,60.12,False,False,False,False,False,False,False,False,,,,,False,False,False,False,True
01244054723_dsl,Gurgaon,108.0,NKOT0F0226EE,NOKIA,,Haryana,,,,,,,,,,,,,,,,,,,AAP321NK,,,,,,,,,,,,,,,,,,,,,,,,,,,,,01244054723_dsl,108.0,NKOT0F0226EE,NOKIA,2CC1F46D39D1,AAP321NK,11.0,4.0,10.0,0.52,0.74,0.45,0.0,0.45,0.0,6.37,3.88,20.29,75.33,3.58,2.68,6.53,0.67,179.0,0.0,0.0,0.0,0.0,0.0,0.0,0.0,0.0,0.0,0.0,0.0,0.0,0.0,0.0,0.0,0.0,,,,1.0,0.0,89.39,31672416256.0,2.63,1.0,38.0,7.69,1.0,13.0,0.0,0.0,25.0,0.0,0.0,0.0,0.0,0.0,0.0,False,False,False,False,False,False,False,False,False,True,False,False,False,False,True,False,False,False,False,False,False,False,False,False,False,,,,,False,False,False,False,False,False,False,False,False,False,56.58,15.26,False,0.0,False,True,9316.0,2169.0,7147.0,0.0,171528.0,10080.0,9316.0,2169.0,7147.0,7213.0,2465.0,4748.0,566.0,189.0,377.0,9316.0,563.0,189.0,374.0,566.0,189.0,377.0,,,31672416256.0,38.0,13.0,25.0,380.0,190.0,190.0,38.0,13.0,25.0,2CC1F46D39D1,11.0,0.52,0.74,0.45,0.0,0.0,0.45,20.29,75.33,3.58,179.0,0.0,6.37,3.88,1.0,0.0,False,False,False,False,False,False,False,True,False,True,False,2.68,6.53,0.67,0.0,0.0,0.0,0.0,0.0,,,,89.39,31672416256.0,2.63,1.0,38.0,7.69,1.0,13.0,0.0,0.0,25.0,56.58,False,False,False,False,False,False,False,False,,,,,False,False,False,False,True
012444903348_dsl,Gurgaon,108.0,NKOT0F01CE7E,NOKIA,,Haryana,,,,,,,,,,,,,,,,,,,AOT4221NK,,,,,,,,,,,,,,,,,,,,,,,,,,,,,012444903348_dsl,108.0,NKOT0F01CE7E,NOKIA,2CC1F432FF31,AOT4221NK,16.0,9.0,13.0,3.17,34.5,0.07,8.94,0.0,0.0,11.33,1.11,16.7,67.92,11.64,1.26,3.67,0.0,256.0,0.0,0.0,0.0,0.0,0.0,0.0,0.0,0.0,0.0,0.0,0.0,0.0,0.0,0.0,0.0,0.0,,2.0,0.0,0.0,0.0,97.12,191199118822.0,0.0,0.0,38.0,0.0,0.0,13.0,0.0,0.0,25.0,0.0,0.0,0.0,0.0,0.0,0.0,False,False,False,False,False,False,False,False,False,True,False,False,False,False,True,False,False,False,False,False,False,False,False,False,False,,,True,False,False,False,False,False,False,False,False,False,False,False,72.42,1.07,False,0.0,False,True,13324.0,1197.0,12127.0,26334.0,24254.0,6436.0,13324.0,1197.0,12127.0,10673.0,3650.0,7023.0,935.0,281.0,654.0,13324.0,907.0,273.0,634.0,929.0,279.0,650.0,,,191199118822.0,38.0,13.0,25.0,562.0,281.0,281.0,38.0,13.0,25.0,2CC1F432FF31,16.0,3.17,34.5,0.07,0.0,8.94,0.0,16.7,67.92,11.64,256.0,0.0,11.33,1.11,0.0,0.0,False,False,False,False,False,False,False,True,False,True,False,1.26,3.67,0.0,0.0,0.0,0.0,0.0,0.0,,2.0,0.0,97.12,191199118822.0,0.0,0.0,38.0,0.0,0.0,13.0,0.0,0.0,25.0,72.42,False,False,False,False,False,False,False,False,,,True,False,False,False,False,False,True
012444801137_dsl,Gurgaon,108.0,NKOTDF000165,NOKIA,,Haryana,,,,,,,,,,,,,,,,,,,AAP321NK,,,,,,,,,,,,,,,,,,,,,,,,,,,,,012444801137_dsl,108.0,NKOTDF000165,NOKIA,2CC1F4D2878F,AAP321NK,15.0,11.0,8.0,0.03,0.04,0.01,0.0,0.0,0.0,9.03,0.42,33.87,57.18,16.73,4.19,11.65,0.24,132.0,0.0,0.0,0.0,0.0,0.0,0.0,0.0,0.0,0.0,0.0,0.0,0.0,0.0,0.0,0.0,0.0,,2.0,0.0,5.0,0.0,97.41,46889272070.0,0.0,0.0,38.0,0.0,0.0,13.0,0.0,0.0,25.0,0.0,0.0,0.0,0.0,0.0,0.0,False,False,False,False,False,False,False,True,False,False,False,False,False,False,True,False,False,False,False,False,False,False,False,False,False,,,True,False,False,False,False,False,False,False,False,False,False,False,79.96,12.27,False,0.0,False,True,11891.0,5040.0,6851.0,0.0,164304.0,103680.0,11891.0,5040.0,6851.0,10218.0,3537.0,6681.0,919.0,277.0,642.0,11891.0,906.0,277.0,629.0,921.0,277.0,644.0,,,46889272070.0,38.0,13.0,25.0,554.0,277.0,277.0,38.0,13.0,25.0,2CC1F4D2878F,15.0,0.03,0.04,0.01,0.0,0.0,0.0,33.87,57.18,16.73,132.0,0.0,9.03,0.42,5.0,0.0,False,False,False,False,False,False,False,False,False,True,False,4.19,11.65,0.24,0.0,0.0,0.0,0.0,0.0,,2.0,0.0,97.41,46889272070.0,0.0,0.0,38.0,0.0,0.0,13.0,0.0,0.0,25.0,79.96,False,True,False,False,False,False,False,False,,,True,False,False,False,False,False,True
01246232448_dsl,Gurgaon,108.0,NKOT2F045EF1,NOKIA,,Haryana,,,,,,,,,,,,,,,,,,,AAP321NK,,,,,,,,,,,,,,,,,,,,,,,,,,,,,01246232448_dsl,108.0,NKOT2F045EF1,NOKIA,6C22F7E47EB3,AAP321NK,11.0,2.0,9.0,0.11,0.0,0.13,0.0,0.0,0.0,3.51,0.33,17.37,76.55,4.26,6.11,16.87,0.2,57.0,0.0,0.0,0.0,0.0,0.0,0.0,0.0,0.0,0.0,0.0,0.0,0.0,0.0,0.0,0.0,0.0,,,,0.0,0.0,74.53,57416092672.0,10.53,4.0,38.0,30.77,4.0,13.0,0.0,0.0,25.0,0.0,0.0,0.0,0.0,0.0,0.0,False,False,False,False,False,False,False,True,False,True,False,False,False,False,True,False,False,False,False,False,False,False,False,False,False,,,,,False,False,False,False,False,False,False,False,False,False,57.62,66.91,True,0.0,False,True,4726.0,857.0,3869.0,0.0,81249.0,10563.0,4726.0,857.0,3869.0,8603.0,3052.0,5551.0,896.0,269.0,627.0,4726.0,879.0,266.0,613.0,895.0,269.0,626.0,,,57416092672.0,38.0,13.0,25.0,538.0,269.0,269.0,38.0,13.0,25.0,6C22F7E47EB3,11.0,0.11,0.0,0.13,0.0,0.0,0.0,17.37,76.55,4.26,57.0,0.0,3.51,0.33,0.0,0.0,False,False,False,False,False,False,False,True,False,True,False,6.11,16.87,0.2,0.0,0.0,0.0,0.0,0.0,,,,74.53,57416092672.0,10.53,4.0,38.0,30.77,4.0,13.0,0.0,0.0,25.0,57.62,False,True,False,False,False,False,False,False,,,,,False,False,False,False,True
012436398608_dsl,Gurgaon,108.0,NKOTDF0001E7,NOKIA,,Haryana,,,,,,,,,,,,,,,,,,,AAP321NK,,,,,,,,,,,,,,,,,,,,,,,,,,,,,012436398608_dsl,108.0,NKOTDF0001E7,NOKIA,5807F84FA491,AAP321NK,12.0,6.0,11.0,0.19,0.0,0.25,0.0,0.25,0.66,3.81,0.21,7.67,21.34,3.24,1.37,4.0,0.0,78.0,0.0,0.0,0.0,0.0,0.0,0.0,0.0,0.0,0.0,0.0,0.0,0.0,0.0,0.0,0.0,0.0,,,,2.0,0.0,66.99,46326556672.0,0.0,0.0,38.0,0.0,0.0,13.0,0.0,0.0,25.0,0.0,0.0,0.0,0.0,0.0,0.0,False,False,False,False,False,False,False,True,False,False,False,False,False,False,True,False,False,False,False,False,False,False,False,False,False,,,,,False,False,False,False,False,False,False,False,False,False,50.28,5.65,False,0.0,False,True,4863.0,1190.0,3673.0,0.0,88152.0,32640.0,4863.0,1190.0,3673.0,6722.0,2300.0,4422.0,529.0,177.0,352.0,4863.0,520.0,170.0,350.0,529.0,177.0,352.0,,,46326556672.0,38.0,13.0,25.0,354.0,177.0,177.0,38.0,13.0,25.0,5807F84FA491,12.0,0.19,0.0,0.25,0.66,0.0,0.25,7.67,21.34,3.24,78.0,0.0,3.81,0.21,2.0,0.0,False,False,False,False,False,False,False,False,False,True,False,1.37,4.0,0.0,0.0,0.0,0.0,0.0,0.0,,,,66.99,46326556672.0,0.0,0.0,38.0,0.0,0.0,13.0,0.0,0.0,25.0,50.28,False,True,False,False,False,False,False,False,,,,,False,False,False,False,True
012445159575_dsl,Gurgaon,108.0,ZYOTFD000042,NOKIA,,Haryana,,,,,,,,,,,,,,,,,,,AOT5221ZY,,,,,,,,,,,,,,,,,,,,,,,,,,,,,012445159575_dsl,108.0,ZYOTFD000042,NOKIA,F80DA96AE5C8,AOT5221ZY,7.0,1.0,6.0,33.78,0.0,33.78,0.0,48.72,48.72,6.66,0.24,3.94,0.0,3.94,89.11,91.0,87.37,39.0,0.0,0.0,0.0,0.0,0.0,0.0,0.0,0.0,0.0,0.0,0.0,0.0,0.0,0.0,0.0,0.0,,,,0.0,0.0,100.0,99519026176.0,0.0,0.0,23.0,0.0,0.0,11.0,0.0,0.0,12.0,0.0,0.0,0.0,0.0,0.0,0.0,False,False,False,False,False,False,False,True,False,False,False,True,True,True,True,False,False,False,False,False,False,False,False,False,False,,,,,False,False,False,False,False,False,False,False,False,False,68.0,0.0,False,0.0,False,True,5732.0,1.0,5731.0,0.0,71529.0,71529.0,5732.0,1.0,5731.0,2185.0,1045.0,1140.0,188.0,94.0,94.0,5732.0,170.0,94.0,76.0,188.0,94.0,94.0,,,99519026176.0,23.0,11.0,12.0,150.0,95.0,55.0,23.0,11.0,12.0,F80DA96AE5C8,7.0,33.78,0.0,33.78,48.72,0.0,48.72,3.94,0.0,3.94,39.0,0.0,6.66,0.24,0.0,0.0,False,False,False,False,False,False,False,False,False,True,False,89.11,91.0,87.37,0.0,0.0,0.0,0.0,0.0,,,,100.0,99519026176.0,0.0,0.0,23.0,0.0,0.0,11.0,0.0,0.0,12.0,68.0,False,True,True,True,True,False,False,False,,,,,False,False,False,False,True
012445118300_dsl,Gurgaon,108.0,NKOT0F01D2BA,NOKIA,,Haryana,,,,,,,,,,,,,,,,,,,AOT4221NK,,,,,,,,,,,,,,,,,,,,,,,,,,,,,012445118300_dsl,108.0,NKOT0F01D2BA,NOKIA,2CC1F43342F1,AOT4221NK,9.0,3.0,7.0,0.14,0.0,0.17,0.0,0.17,0.17,3.95,0.16,31.1,72.69,22.08,6.94,19.24,0.55,126.0,0.0,0.0,0.0,0.0,0.0,0.0,0.0,0.0,0.0,0.0,0.0,0.0,0.0,0.0,0.0,0.0,,,,0.0,0.0,47.25,9393038336.0,7.89,3.0,38.0,23.08,3.0,13.0,0.0,0.0,25.0,0.0,0.0,0.0,0.0,0.0,0.0,False,False,False,False,False,False,False,True,False,True,False,False,False,False,True,False,False,False,False,False,False,False,False,False,False,,,,,False,False,True,False,False,False,False,False,False,False,74.14,93.1,True,0.0,False,True,6435.0,1146.0,5289.0,0.0,126936.0,126936.0,6435.0,1146.0,5289.0,3299.0,1128.0,2171.0,176.0,88.0,88.0,6435.0,176.0,88.0,88.0,176.0,88.0,88.0,,,9393038336.0,38.0,13.0,25.0,174.0,87.0,87.0,38.0,13.0,25.0,2CC1F43342F1,9.0,0.14,0.0,0.17,0.17,0.0,0.17,31.1,72.69,22.08,126.0,0.0,3.95,0.16,0.0,0.0,False,False,False,False,False,False,False,True,False,True,False,6.94,19.24,0.55,0.0,0.0,0.0,0.0,0.0,,,,47.25,9393038336.0,7.89,3.0,38.0,23.08,3.0,13.0,0.0,0.0,25.0,74.14,False,True,False,False,False,False,False,False,,,,,False,False,False,False,True
012447862103_dsl,Gurgaon,108.0,ZYOTB0900020,NOKIA,,Haryana,,,,,,,,,,,,,,,,,,,AOT5222ZY,,,,,,,,,,,,,,,,,,,,,,,,,,,,,012447862103_dsl,108.0,ZYOTB0900020,NOKIA,C02E5FAD7669,AOT5222ZY,5.0,0.0,5.0,0.66,,0.66,0.0,0.66,0.66,87.04,3.0,0.0,0.0,0.0,78.4,91.2,66.67,,0.0,0.0,0.0,0.0,0.0,0.0,0.0,0.0,0.0,0.0,0.0,0.0,0.0,0.0,0.0,0.0,,,,,,100.0,255713402880.0,0.0,0.0,23.0,0.0,0.0,11.0,0.0,0.0,12.0,0.0,0.0,0.0,0.0,0.0,0.0,False,,False,False,False,False,False,False,False,False,False,True,True,True,,False,False,False,False,False,False,False,False,False,False,,,,,,,False,False,False,False,False,False,False,False,77.13,5.32,False,3.19,False,True,2419.0,0.0,2419.0,0.0,58056.0,58056.0,2419.0,,2419.0,2162.0,1034.0,1128.0,188.0,94.0,94.0,2419.0,163.0,94.0,69.0,188.0,94.0,94.0,,,255713402880.0,23.0,11.0,12.0,188.0,94.0,94.0,23.0,11.0,12.0,C02E5FAD7669,5.0,0.66,,0.66,0.66,0.0,0.66,0.0,0.0,0.0,,0.0,87.04,3.0,,,False,,False,False,False,False,False,False,False,,False,78.4,91.2,66.67,0.0,0.0,0.0,0.0,0.0,,,,100.0,255713402880.0,0.0,0.0,23.0,0.0,0.0,11.0,0.0,0.0,12.0,77.13,False,False,True,True,True,False,False,False,,,,,,,False,False,True
080101842220_kk,Bangalore,105.0,ZYOTEF108503,NOKIA,1A22052D73A0,Karnataka,9.92,0.0,9.92,17.65,82.35,14.68,,,0.0,,99.78,100.0,99.77,14.91,0.0,15.96,3.19,0.08,AOT5221ZY,,,,,False,False,False,False,,True,True,True,False,False,False,10224.0,0.0,10224.0,5539997696.0,5539997696.0,37743172608.0,456.0,456.0,30.0,426.0,456.0,30.0,426.0,,,,,,,,,,,,,,,,,,,,,,,,,,,,,,,,,,,,,,,,,,,,,,,,,,,,,,,,,,,,,,,,,,,,,,,,,,,,,,,,,,,,,,,,,,,,,,,,,,,,,,,,,,,,456.0,30.0,426.0,0.0,10224.0,10224.0,456.0,30.0,426.0,,,,,,,456.0,,,,,,,,,,,,,,,,,,,,,14.91,0.0,15.96,9.92,0.0,9.92,99.78,100.0,99.77,,0.0,3.19,0.08,,,False,False,False,False,False,False,True,True,True,,False,,,,,,,,,,,,,,,,,,,,,,,,,,,,,,,,,,,,,,,,
080101842220_kk,Bangalore,105.0,ZYOTEF108503,NOKIA,56B9786E39E1,Karnataka,0.0,0.0,0.0,98.4,1.6,5.79,,,0.0,,94.42,94.18,100.0,0.0,0.0,0.0,8.03,1.99,AOT5221ZY,,,,,False,False,False,False,,True,True,True,False,False,False,864.0,0.0,864.0,2185678848.0,2185678848.0,37743172608.0,878.0,878.0,842.0,36.0,878.0,842.0,36.0,,,,,,,,,,,,,,,,,,,,,,,,,,,,,,,,,,,,,,,,,,,,,,,,,,,,,,,,,,,,,,,,,,,,,,,,,,,,,,,,,,,,,,,,,,,,,,,,,,,,,,,,,,,,878.0,842.0,36.0,0.0,864.0,864.0,878.0,842.0,36.0,,,,,,,878.0,,,,,,,,,,,,,,,,,,,,,0.0,0.0,0.0,0.0,0.0,0.0,94.42,94.18,100.0,,0.0,8.03,1.99,,,False,False,False,False,False,False,True,True,True,,False,,,,,,,,,,,,,,,,,,,,,,,,,,,,,,,,,,,,,,,,
08021305959_wifi,Bangalore,105.0,ZYOTAF220521,NOKIA,20BD1D920B30,Karnataka,0.0,0.0,0.0,0.0,100.0,4.88,,,0.0,,25.0,0.0,25.0,0.0,,0.0,3.63,0.22,AOT5221ZY,,,,,False,False,False,False,,False,False,False,False,,False,128.0,0.0,128.0,12052660224.0,12052660224.0,246734544896.0,128.0,128.0,,128.0,128.0,0.0,128.0,,,,,,,,,,,,,,,,,,,,,,,,,,,,,,,,,,,,,,,,,,,,,,,,,,,,,,,,,,,,,,,,,,,,,,,,,,,,,,,,,,,,,,,,,,,,,,,,,,,,,,,,,,,,128.0,0.0,128.0,0.0,128.0,128.0,128.0,,128.0,,,,,,,128.0,,,,,,,,,,,,,,,,,,,,,0.0,,0.0,0.0,0.0,0.0,25.0,0.0,25.0,,0.0,3.63,0.22,,,False,,False,False,False,False,False,False,False,,False,,,,,,,,,,,,,,,,,,,,,,,,,,,,,,,,,,,,,,,,
08024828161_wifi,Bangalore,105.0,ZYOTFF046132,NOKIA,2818FDAEBD35,Karnataka,,,,100.0,0.0,100.0,,,0.0,,65.52,65.52,0.0,0.0,0.0,,0.0,0.01,AOT5221ZY,,,,,,,,False,,True,True,False,False,False,,,,,250880.0,250880.0,250880.0,406.0,406.0,406.0,,406.0,406.0,0.0,,,,,,,,,,,,,,,,,,,,,,,,,,,,,,,,,,,,,,,,,,,,,,,,,,,,,,,,,,,,,,,,,,,,,,,,,,,,,,,,,,,,,,,,,,,,,,,,,,,,,,,,,,,,406.0,406.0,0.0,,,,406.0,406.0,,,,,,,,406.0,,,,,,,,,,,,,,,,,,,,,0.0,0.0,,,,,65.52,65.52,0.0,,0.0,0.0,0.01,,,False,False,,,,,True,True,False,,False,,,,,,,,,,,,,,,,,,,,,,,,,,,,,,,,,,,,,,,,
080101842220_kk,Bangalore,105.0,ZYOTEF108503,NOKIA,96A208813FA5,Karnataka,25.06,0.0,25.06,96.64,3.36,0.02,,,0.0,,100.0,100.0,100.0,1.16,0.0,26.15,0.0,0.0,AOT5221ZY,,,,,False,False,False,False,,True,True,True,False,False,False,1560.0,0.0,1560.0,6926336.0,6926336.0,37743172608.0,1465.0,1465.0,1400.0,65.0,1465.0,1400.0,65.0,,,,,,,,,,,,,,,,,,,,,,,,,,,,,,,,,,,,,,,,,,,,,,,,,,,,,,,,,,,,,,,,,,,,,,,,,,,,,,,,,,,,,,,,,,,,,,,,,,,,,,,,,,,,1465.0,1400.0,65.0,0.0,1560.0,1560.0,1465.0,1400.0,65.0,,,,,,,1465.0,,,,,,,,,,,,,,,,,,,,,1.16,0.0,26.15,25.06,0.0,25.06,100.0,100.0,100.0,,0.0,0.0,0.0,,,False,False,False,False,False,False,True,True,True,,False,,,,,,,,,,,,,,,,,,,,,,,,,,,,,,,,,,,,,,,,
08021305959_wifi,Bangalore,105.0,ZYOTAF220521,NOKIA,3AB3E810E58B,Karnataka,0.13,0.0,0.53,11.84,88.16,22.39,,,0.0,,60.35,100.0,54.89,0.47,0.0,0.53,3840.0,3968.06,AOT5221ZY,,,,,False,False,False,False,,True,True,False,False,False,False,3148.0,2392.0,756.0,55240950784.0,55240950784.0,246734544896.0,860.0,860.0,104.0,756.0,860.0,104.0,756.0,,,,,,,,,,,,,,,,,,,,,,,,,,,,,,,,,,,,,,,,,,,,,,,,,,,,,,,,,,,,,,,,,,,,,,,,,,,,,,,,,,,,,,,,,,,,,,,,,,,,,,,,,,,,860.0,104.0,756.0,2392.0,756.0,3148.0,860.0,104.0,756.0,,,,,,,860.0,,,,,,,,,,,,,,,,,,,,,0.47,0.0,0.53,0.13,0.0,0.53,60.35,100.0,54.89,,0.0,3840.0,3968.06,,,False,False,False,False,False,False,True,True,False,,False,,,,,,,,,,,,,,,,,,,,,,,,,,,,,,,,,,,,,,,,
080101842220_kk,Bangalore,105.0,ZYOTEF108503,NOKIA,520CCB97F3AB,Karnataka,0.0,0.0,0.0,0.0,100.0,11.47,,,0.0,,100.0,0.0,100.0,0.0,,0.0,1.27,0.02,AOT5221ZY,,,,,False,False,False,False,,True,False,True,False,,False,38904.0,0.0,38904.0,4329473024.0,4329473024.0,37743172608.0,1621.0,1621.0,,1621.0,1621.0,0.0,1621.0,,,,,,,,,,,,,,,,,,,,,,,,,,,,,,,,,,,,,,,,,,,,,,,,,,,,,,,,,,,,,,,,,,,,,,,,,,,,,,,,,,,,,,,,,,,,,,,,,,,,,,,,,,,,1621.0,0.0,1621.0,0.0,38904.0,38904.0,1621.0,,1621.0,,,,,,,1621.0,,,,,,,,,,,,,,,,,,,,,0.0,,0.0,0.0,0.0,0.0,100.0,0.0,100.0,,0.0,1.27,0.02,,,False,,False,False,False,False,True,False,True,,False,,,,,,,,,,,,,,,,,,,,,,,,,,,,,,,,,,,,,,,,
080101842220_kk,Bangalore,105.0,ZYOTEF108503,NOKIA,78B39F17368C,Karnataka,0.0,0.0,0.0,0.0,100.0,62.2,,,0.0,,100.0,0.0,100.0,0.0,,0.0,4.2,0.03,AOT5221ZY,,,,,False,False,False,False,,True,False,True,False,,False,13320.0,0.0,13320.0,23476130816.0,23476130816.0,37743172608.0,555.0,555.0,,555.0,555.0,0.0,555.0,,,,,,,,,,,,,,,,,,,,,,,,,,,,,,,,,,,,,,,,,,,,,,,,,,,,,,,,,,,,,,,,,,,,,,,,,,,,,,,,,,,,,,,,,,,,,,,,,,,,,,,,,,,,555.0,0.0,555.0,0.0,13320.0,13320.0,555.0,,555.0,,,,,,,555.0,,,,,,,,,,,,,,,,,,,,,0.0,,0.0,0.0,0.0,0.0,100.0,0.0,100.0,,0.0,4.2,0.03,,,False,,False,False,False,False,True,False,True,,False,,,,,,,,,,,,,,,,,,,,,,,,,,,,,,,,,,,,,,,,
080101842220_kk,Bangalore,105.0,ZYOTEF108503,NOKIA,763209D28788,Karnataka,0.25,0.0,0.25,0.07,99.93,5.63,,,0.0,,4.87,100.0,4.81,0.26,0.0,0.26,0.54,0.11,AOT5221ZY,,,,,False,False,False,False,,False,True,False,False,False,False,36432.0,0.0,36432.0,2123145216.0,2123145216.0,37743172608.0,1519.0,1519.0,1.0,1518.0,1519.0,1.0,1518.0,,,,,,,,,,,,,,,,,,,,,,,,,,,,,,,,,,,,,,,,,,,,,,,,,,,,,,,,,,,,,,,,,,,,,,,,,,,,,,,,,,,,,,,,,,,,,,,,,,,,,,,,,,,,1519.0,1.0,1518.0,0.0,36432.0,36432.0,1519.0,1.0,1518.0,,,,,,,1519.0,,,,,,,,,,,,,,,,,,,,,0.26,0.0,0.26,0.25,0.0,0.25,4.87,100.0,4.81,,0.0,0.54,0.11,,,False,False,False,False,False,False,False,True,False,,False,,,,,,,,,,,,,,,,,,,,,,,,,,,,,,,,,,,,,,,,
08021305959_wifi,Bangalore,105.0,ZYOTAF220521,NOKIA,66913E5E8AA6,Karnataka,0.0,0.0,0.0,0.0,100.0,0.02,,,0.0,,41.55,0.0,41.55,0.0,,0.0,0.01,0.01,AOT5221ZY,,,,,False,False,False,False,,False,False,False,False,,False,219.0,0.0,219.0,42897408.0,42897408.0,246734544896.0,219.0,219.0,,219.0,219.0,0.0,219.0,,,,,,,,,,,,,,,,,,,,,,,,,,,,,,,,,,,,,,,,,,,,,,,,,,,,,,,,,,,,,,,,,,,,,,,,,,,,,,,,,,,,,,,,,,,,,,,,,,,,,,,,,,,,219.0,0.0,219.0,0.0,219.0,219.0,219.0,,219.0,,,,,,,219.0,,,,,,,,,,,,,,,,,,,,,0.0,,0.0,0.0,0.0,0.0,41.55,0.0,41.55,,0.0,0.01,0.01,,,False,,False,False,False,False,False,False,False,,False,,,,,,,,,,,,,,,,,,,,,,,,,,,,,,,,,,,,,,,,
08021305959_wifi,Bangalore,105.0,ZYOTAF220521,NOKIA,06893E102DBF,Karnataka,1.7,1.49,4.81,0.09,99.91,8.17,False,False,0.0,11.0,42.69,4.48,67.31,3.51,1.49,4.81,62.51,2.21,AOT5221ZY,,,,,False,False,False,False,True,False,False,True,False,False,False,1645.0,1541.0,104.0,20165042176.0,20165042176.0,246734544896.0,171.0,171.0,67.0,104.0,171.0,67.0,104.0,,,,,,,,,,,,,,,,,,,,,,,,,,,,,,,,,,,,,,,,,,,,,,,,,,,,,,,,,,,,,,,,,,,,,,,,,,,,,,,,,,,,,,,,,,,,,,,,,,,,,,,,,,,,171.0,67.0,104.0,1541.0,104.0,1645.0,171.0,67.0,104.0,,,,,,,171.0,,,,,,,,,,,,,,,,,,,,,3.51,1.49,4.81,1.7,1.49,4.81,42.69,4.48,67.31,11.0,0.0,62.51,2.21,False,False,False,False,False,False,False,False,False,False,True,True,False,,,,,,,,,,,,,,,,,,,,,,,,,,,,,,,,,,,,,,,,
08021305959_wifi,Bangalore,105.0,ZYOTAF220521,NOKIA,BADC35923F54,Karnataka,0.0,0.0,0.0,0.09,99.91,3.9,,,0.0,,72.71,94.29,56.68,0.0,0.0,0.0,7.03,0.16,AOT5221ZY,,,,,False,False,False,False,,True,True,False,False,False,False,14072.0,13294.0,778.0,9627428864.0,9627428864.0,246734544896.0,1356.0,1356.0,578.0,778.0,1356.0,578.0,778.0,,,,,,,,,,,,,,,,,,,,,,,,,,,,,,,,,,,,,,,,,,,,,,,,,,,,,,,,,,,,,,,,,,,,,,,,,,,,,,,,,,,,,,,,,,,,,,,,,,,,,,,,,,,,1356.0,578.0,778.0,13294.0,778.0,14072.0,1356.0,578.0,778.0,,,,,,,1356.0,,,,,,,,,,,,,,,,,,,,,0.0,0.0,0.0,0.0,0.0,0.0,72.71,94.29,56.68,,0.0,7.03,0.16,,,False,False,False,False,False,False,True,True,False,,False,,,,,,,,,,,,,,,,,,,,,,,,,,,,,,,,,,,,,,,,
08021305959_wifi,Bangalore,105.0,ZYOTAF220521,NOKIA,1CD6BEAA4661,Karnataka,0.0,0.0,0.0,0.0,100.0,60.51,,,0.0,,25.2,0.0,25.2,0.0,,0.0,12.17,0.78,AOT5221ZY,,,,,False,False,False,False,,False,False,False,False,,False,1524.0,0.0,1524.0,149300930560.0,149300930560.0,246734544896.0,1524.0,1524.0,,1524.0,1524.0,0.0,1524.0,,,,,,,,,,,,,,,,,,,,,,,,,,,,,,,,,,,,,,,,,,,,,,,,,,,,,,,,,,,,,,,,,,,,,,,,,,,,,,,,,,,,,,,,,,,,,,,,,,,,,,,,,,,,1524.0,0.0,1524.0,0.0,1524.0,1524.0,1524.0,,1524.0,,,,,,,1524.0,,,,,,,,,,,,,,,,,,,,,0.0,,0.0,0.0,0.0,0.0,25.2,0.0,25.2,,0.0,12.17,0.78,,,False,,False,False,False,False,False,False,False,,False,,,,,,,,,,,,,,,,,,,,,,,,,,,,,,,,,,,,,,,,
08021305959_wifi,Bangalore,105.0,ZYOTAF220521,NOKIA,9247F166A2BB,Karnataka,49.73,50.0,0.0,86.25,13.75,0.0,,,0.0,,88.89,100.0,0.0,44.44,50.0,0.0,1.61,0.35,AOT5221ZY,,,,,False,False,False,False,,True,True,False,False,False,False,185.0,184.0,1.0,930816.0,930816.0,246734544896.0,9.0,9.0,8.0,1.0,9.0,8.0,1.0,,,,,,,,,,,,,,,,,,,,,,,,,,,,,,,,,,,,,,,,,,,,,,,,,,,,,,,,,,,,,,,,,,,,,,,,,,,,,,,,,,,,,,,,,,,,,,,,,,,,,,,,,,,,9.0,8.0,1.0,184.0,1.0,185.0,9.0,8.0,1.0,,,,,,,9.0,,,,,,,,,,,,,,,,,,,,,44.44,50.0,0.0,49.73,50.0,0.0,88.89,100.0,0.0,,0.0,1.61,0.35,,,False,False,False,False,False,False,True,True,False,,False,,,,,,,,,,,,,,,,,,,,,,,,,,,,,,,,,,,,,,,,
080101842220_kk,Bangalore,105.0,ZYOTEF108503,NOKIA,F4289DA74175,Karnataka,0.0,0.0,0.0,3.14,96.86,0.22,,,0.0,,100.0,100.0,100.0,0.0,0.0,0.0,3.39,0.12,AOT5221ZY,,,,,False,False,False,False,,True,True,True,False,False,False,24.0,0.0,24.0,81820672.0,81820672.0,37743172608.0,2.0,2.0,1.0,1.0,2.0,1.0,1.0,,,,,,,,,,,,,,,,,,,,,,,,,,,,,,,,,,,,,,,,,,,,,,,,,,,,,,,,,,,,,,,,,,,,,,,,,,,,,,,,,,,,,,,,,,,,,,,,,,,,,,,,,,,,2.0,1.0,1.0,0.0,24.0,24.0,2.0,1.0,1.0,,,,,,,2.0,,,,,,,,,,,,,,,,,,,,,0.0,0.0,0.0,0.0,0.0,0.0,100.0,100.0,100.0,,0.0,3.39,0.12,,,False,False,False,False,False,False,True,True,True,,False,,,,,,,,,,,,,,,,,,,,,,,,,,,,,,,,,,,,,,,,
08021305959_wifi,Bangalore,105.0,ZYOTAF220521,NOKIA,4CD08A27B074,Karnataka,0.0,0.0,0.0,100.0,0.0,0.12,,,0.0,,100.0,100.0,0.0,0.0,0.0,,0.0,0.01,AOT5221ZY,,,,,False,False,False,False,,True,True,False,False,False,,36731.0,36731.0,0.0,303704064.0,303704064.0,246734544896.0,1597.0,1597.0,1597.0,,1597.0,1597.0,0.0,,,,,,,,,,,,,,,,,,,,,,,,,,,,,,,,,,,,,,,,,,,,,,,,,,,,,,,,,,,,,,,,,,,,,,,,,,,,,,,,,,,,,,,,,,,,,,,,,,,,,,,,,,,,1597.0,1597.0,0.0,36731.0,0.0,36731.0,1597.0,1597.0,,,,,,,,1597.0,,,,,,,,,,,,,,,,,,,,,0.0,0.0,,0.0,0.0,0.0,100.0,100.0,0.0,,0.0,0.0,0.01,,,False,False,,False,False,False,True,True,False,,False,,,,,,,,,,,,,,,,,,,,,,,,,,,,,,,,,,,,,,,,
08024828161_wifi,Bangalore,105.0,ZYOTFF046132,NOKIA,,Karnataka,,,,,,,,,,,,,,,,,,,AOT5221ZY,,,,,,,,,,,,,,,,,,,,,,,,,,,,,08024828161_wifi,105.0,ZYOTFF046132,NOKIA,,AOT5221ZY,1.0,1.0,0.0,0.0,0.0,,,,,0.0,0.01,65.52,65.52,0.0,72.3,90.91,55.24,,0.0,0.0,0.0,0.0,0.0,0.0,0.0,0.0,0.0,0.0,0.0,0.0,0.0,0.0,0.0,0.0,,,,,,0.0,250880.0,0.0,0.0,23.0,0.0,0.0,11.0,0.0,0.0,12.0,0.0,0.0,0.0,0.0,0.0,0.0,False,False,,,,,True,True,True,True,False,True,True,True,,False,False,False,False,False,False,False,False,False,False,,,,,,,True,False,False,False,False,False,False,False,47.42,1.03,False,0.0,False,False,406.0,406.0,0.0,,,,406.0,406.0,,2231.0,1067.0,1164.0,192.0,96.0,96.0,406.0,192.0,96.0,96.0,192.0,96.0,96.0,,,250880.0,23.0,11.0,12.0,194.0,97.0,97.0,23.0,11.0,12.0,,1.0,0.0,0.0,,,,,65.52,65.52,0.0,,0.0,0.0,0.01,,,False,False,,,,,True,True,False,,False,72.3,90.91,55.24,0.0,0.0,0.0,0.0,0.0,,,,0.0,250880.0,0.0,0.0,23.0,0.0,0.0,11.0,0.0,0.0,12.0,47.42,True,True,True,True,True,False,False,False,,,,,,,False,False,False
080101842220_kk,Bangalore,105.0,ZYOTEF108503,NOKIA,,Karnataka,,,,,,,,,,,,,,,,,,,AOT5221ZY,,,,,,,,,,,,,,,,,,,,,,,,,,,,,080101842220_kk,105.0,ZYOTEF108503,NOKIA,6C4F89B50E99,AOT5221ZY,7.0,5.0,7.0,1.37,0.0,2.11,0.0,1.48,0.0,8.03,1.99,76.99,97.85,65.75,91.62,91.14,92.0,,0.0,0.0,0.0,0.0,0.0,0.0,0.0,0.0,0.0,0.0,0.0,0.0,0.0,0.0,0.0,0.0,,,,,,91.68,37743172608.0,0.0,0.0,24.0,0.0,0.0,11.0,0.0,0.0,13.0,0.0,0.0,0.0,0.0,0.0,0.0,False,False,False,False,False,False,False,False,True,True,True,True,True,True,,False,False,False,False,False,False,False,False,False,False,,,,,,,False,False,False,False,False,False,False,False,78.76,0.0,False,0.52,False,True,6496.0,2274.0,4222.0,0.0,101328.0,34704.0,6496.0,2274.0,4222.0,4342.0,1929.0,2413.0,483.0,193.0,290.0,6496.0,482.0,193.0,289.0,483.0,193.0,290.0,,,37743172608.0,24.0,11.0,13.0,386.0,193.0,193.0,24.0,11.0,13.0,6C4F89B50E99,7.0,1.37,0.0,2.11,0.0,0.0,1.48,76.99,97.85,65.75,,0.0,8.03,1.99,,,False,False,False,False,False,False,True,True,True,,False,91.62,91.14,92.0,0.0,0.0,0.0,0.0,0.0,,,,91.68,37743172608.0,0.0,0.0,24.0,0.0,0.0,11.0,0.0,0.0,13.0,78.76,False,False,True,True,True,False,False,False,,,,,,,False,False,True
08021305959_wifi,Bangalore,105.0,ZYOTAF220521,NOKIA,,Karnataka,,,,,,,,,,,,,,,,,,,AOT5221ZY,,,,,,,,,,,,,,,,,,,,,,,,,,,,,08021305959_wifi,105.0,ZYOTAF220521,NOKIA,4463C20DB388,AOT5221ZY,8.0,5.0,7.0,0.24,0.21,0.26,0.21,0.26,0.0,3840.0,3968.06,62.93,95.88,40.83,29.94,39.03,23.5,11.0,0.0,0.0,0.0,0.0,0.0,0.0,0.0,0.0,0.0,0.0,0.0,0.0,0.0,0.0,0.0,0.0,,,,0.0,0.0,97.22,246734544896.0,0.0,0.0,24.0,0.0,0.0,11.0,0.0,0.0,13.0,0.0,0.0,0.0,0.0,0.0,0.0,False,False,False,False,False,False,False,False,True,True,False,False,False,False,True,False,False,False,False,False,False,False,False,False,False,,,,,False,False,False,False,False,False,False,False,False,False,59.86,2.77,False,0.69,False,True,5864.0,2354.0,3510.0,54142.0,3510.0,12808.0,5864.0,2354.0,3510.0,6250.0,2590.0,3660.0,770.0,289.0,481.0,5864.0,728.0,284.0,444.0,770.0,289.0,481.0,,,246734544896.0,24.0,11.0,13.0,578.0,289.0,289.0,24.0,11.0,13.0,4463C20DB388,8.0,0.24,0.21,0.26,0.0,0.21,0.26,62.93,95.88,40.83,11.0,0.0,3840.0,3968.06,0.0,0.0,False,False,False,False,False,False,True,True,False,True,False,29.94,39.03,23.5,0.0,0.0,0.0,0.0,0.0,,,,97.22,246734544896.0,0.0,0.0,24.0,0.0,0.0,11.0,0.0,0.0,13.0,59.86,False,False,False,False,False,False,False,False,,,,,False,False,False,False,True
