ap,city,circle_code_no,ont_serial_no,vendor_name,station_mac,circle,client_with_poor_snr_sample,client_with_poor_snr_sample_2,client_with_poor_snr_sample_5,tot_2g,tot_5g,tot_overall,client_with_high_no_of_sticky_client_2_with_good_coverage,client_with_high_no_of_sticky_client_5_with_poor_coverage,client_with_high_tx_packet_error,client_with_high_client_disconnection,client_with_poor_link_speed_mcs_rate,client_with_poor_link_speed_mcs_rate_2,client_with_poor_link_speed_mcs_rate_5,client_with_poor_coverage,client_with_poor_coverage_2,client_with_poor_coverage_5,client_with_poor_dl_throughput_less_than_threshold,client_with_poor_ul_throughput_less_than_threshold,ap_manufacturer,host_name,type,manufacturer,model,client_with_poor_snr_sample_breach,client_with_poor_snr_sample_2_breach,client_with_poor_snr_sample_5_breach,client_with_high_tx_packet_error_breach,client_with_high_client_disconnection_breach,client_with_poor_link_speed_mcs_rate_breach,client_with_poor_link_speed_mcs_rate_2_breach,client_with_poor_link_speed_mcs_rate_5_breach,client_with_poor_coverage_breach,client_with_poor_coverage_2_breach,client_with_poor_coverage_5_breach,count_of_total_samples_for_client_with_poor_snr_sample,count_of_total_samples_for_client_with_poor_snr_sample_2,count_of_total_samples_for_client_with_poor_snr_sample_5,count_of_total_samples_for_ap_tot_2g,count_of_total_samples_for_ap_tot_5g,count_of_total_samples_for_ap_tot_overall,count_of_total_samples_for_client_with_high_tx_packet_error,count_of_total_samples_for_client_with_poor_link_speed_mcs_rate,count_of_total_samples_for_client_with_poor_link_speed_mcs_rate_2,count_of_total_samples_for_client_with_poor_link_speed_mcs_rate_5,count_of_total_samples_for_client_with_poor_coverage,count_of_total_samples_for_client_with_poor_coverage_2,count_of_total_samples_for_client_with_poor_coverage_5,ap name,circle code,ont serial number,vendor,mac address,ap manufacturer,connected clients,connected clients (2.4 ghz),connected clients (5 ghz),poor coverage (overall),poor coverage (2.4 ghz),poor coverage (5 ghz),poor snr (2.4 ghz),poor snr (5 ghz),poor snr (overall),low download throughput (overall),low upload throughput (overall),low link speed (overall),low link speed (2.4 ghz),low link speed (5 ghz),high interference (overall),high interference (2.4 ghz),high interference (5 ghz),high client disconnections (overall),high retry rate (overall),high retry rate (2.4 ghz),high retry rate (5 ghz),high tx packet errors (overall),tx packet error (%) (overall),tx packet error (%) (2.4 ghz),tx packet error (%) (5 ghz),high tx packet errors flag (overall),high tx packet errors flag (2.4 ghz),high tx packet errors flag (5 ghz),high rx packet errors (overall),high rx packet errors (2.4 ghz),high rx packet errors (5 ghz),high rx packet errors flag (overall),high rx packet errors flag (2.4 ghz),high rx packet errors flag (5 ghz),downtime (%) (overall),high cpu utilization (overall),memory errors (overall),sticky clients (2.4 ghz - good coverage),sticky clients (5 ghz - poor coverage),poor tot on (5 ghz),zero usage aps (overall),channel utilization (%) (overall),high channel utilization count (overall),total channels (all bands),high channel utilization (2.4 ghz) (%),high channel utilization count (2.4 ghz),total channels (2.4 ghz),high channel congestion (5 ghz) (%),high channel congestion count (5 ghz),total channels (5 ghz),own channel usage ratio (%) (overall),own channel usage ratio count (overall),own channel usage ratio (%) (2.4 ghz),own channel usage ratio count (2.4 ghz),own channel usage ratio (%) (5 ghz),own channel usage ratio count (5 ghz),poor coverage breach (overall),poor coverage breach (2.4 ghz),poor coverage breach (5 ghz),poor snr breach (2.4 ghz),poor snr breach (5 ghz),poor snr breach (overall),low download throughput breach (overall),low upload throughput breach (overall),low link speed breach (overall),low link speed breach (2.4 ghz),low link speed breach (5 ghz),high interference breach (overall),high interference breach (2.4 ghz),high interference breach (5 ghz),high client disconnections breach (overall),high retry rate breach (overall),high retry rate breach (2.4 ghz),high retry rate breach (5 ghz),high tx packet errors breach (overall),tx packet error (%) breach (overall),tx packet error (%) breach (2.4 ghz),tx packet error (%) breach (5 ghz),high rx packet errors breach (overall),high rx packet errors breach (2.4 ghz),high rx packet errors breach (5 ghz),ap downtime (%) breach (overall),internet down incidents breach (overall),high cpu utilization breach (overall),memory errors breach (overall),sticky clients breach (2.4 ghz - good coverage),sticky clients breach (5 ghz - poor coverage),poor tot breach (5 ghz),zero usage aps breach (overall),high channel utilization breach (overall),high channel utilization breach (2.4 ghz),high channel congestion breach (5 ghz),own channel usage ratio breach (overall),own channel usage ratio breach (2.4 ghz),own channel usage ratio breach (5 ghz),obss (overall),obss (2.4 ghz),obss breach (2.4 ghz),obss (5 ghz),obss breach (5 ghz),obss breach (overall),count_of_total_samples_for_ap_with_poor_coverage,count_of_total_samples_for_ap_with_poor_coverage_2,count_of_total_samples_for_ap_with_poor_coverage_5,count_of_total_samples_for_ap_with_poor_snr_sample_2,count_of_total_samples_for_ap_with_poor_snr_sample_5,count_of_total_samples_for_ap_with_poor_snr_sample,count_of_total_samples_for_ap_with_poor_link_speed_mcs_rate,count_of_total_samples_for_ap_with_poor_link_speed_mcs_rate_2,count_of_total_samples_for_ap_with_poor_link_speed_mcs_rate_5,count_of_total_samples_for_ap_with_high_interference,count_of_total_samples_for_ap_with_high_interference_2,count_of_total_samples_for_ap_with_high_interference_5,count_of_total_samples_for_ap_with_high_retry_rate,high retry rate sample count (2.4 ghz),high retry rate sample count (5 ghz),count_of_total_samples_for_ap_with_high_tx_packet_error,count_of_total_samples_for_ap_with_high_tx_packet_error_percent,tx packet error (%) sample count (2.4 ghz),tx packet error (%) sample count (5 ghz),count_of_total_samples_for_ap_with_high_rx_packet_error,high rx packet errors sample count (2.4 ghz),high rx packet errors sample count (5 ghz),count_of_total_samples_for_ap_downtime_per,count_of_total_samples_for_ap_with_high_internet_down_incident,count_of_total_samples_for_ap_with_poor_tot_on_5g,count_of_total_samples_for_ap_with_high_channel_utilisation,count_of_total_samples_for_ap_with_high_channel_utilisation_2,count_of_total_samples_for_ap_with_high_channel_congestion_5,count_of_total_samples_for_channelobss,count_of_total_samples_for_channelobss2_4,count_of_total_samples_for_channelobss5,own channel usage ratio sample count (overall),own channel usage ratio sample count (2.4 ghz),own channel usage ratio sample count (5 ghz),mac_address,station_count,ap_with_poor_coverage,ap_with_poor_coverage_2,ap_with_poor_coverage_5,ap_with_poor_snr_sample,ap_with_poor_snr_sample_2,ap_with_poor_snr_sample_5,ap_with_poor_link_speed_mcs_rate,ap_with_poor_link_speed_mcs_rate_2,ap_with_poor_link_speed_mcs_rate_5,ap_with_high_client_disconnection,ap_with_high_tx_packet_error,ap_with_poor_dl_throughput_less_than_threshold,ap_with_poor_ul_throughput_less_than_threshold,ap_with_high_no_of_sticky_client_2_with_good_coverage,ap_with_high_no_of_sticky_client_5_with_poor_coverage,ap_with_poor_coverage_breach,ap_with_poor_coverage_2_breach,ap_with_poor_coverage_5_breach,ap_with_poor_snr_sample_breach,ap_with_poor_snr_sample_2_breach,ap_with_poor_snr_sample_5_breach,ap_with_poor_link_speed_mcs_rate_breach,ap_with_poor_link_speed_mcs_rate_2_breach,ap_with_poor_link_speed_mcs_rate_5_breach,ap_with_high_client_disconnection_breach,ap_with_high_tx_packet_error_breach,ap_with_high_interference,ap_with_high_interference_2,ap_with_high_interference_5,ap_with_high_retry_rate,ap_with_high_tx_packet_error_percent,ap_with_high_tx_packet_error_flag,ap_with_high_rx_packet_error,ap_with_high_rx_packet_error_flag,ap_downtime_per,ap_with_high_cpu_utilisation,ap_with_high_memory_packet_error,ap_with_poor_tot_on_5g,ap_with_zero_usage,ap_with_high_channel_utilisation_pct,ap_with_high_channel_utilisation_count,total_channels_all,ap_with_high_channel_utilisation_2_pct,ap_with_high_channel_utilisation_2_count,total_channels_2,ap_with_high_channel_congestion_5_pct,ap_with_high_channel_congestion_5_count,total_channels_5,channelobss,ap_with_poor_dl_throughput_less_than_threshold_breach,ap_with_poor_ul_throughput_less_than_threshold_breach,ap_with_high_interference_breach,ap_with_high_interference_2_breach,ap_with_high_interference_5_breach,ap_with_high_retry_rate_breach,ap_with_high_tx_packet_error_percent_breach,ap_with_high_rx_packet_error_breach,ap_downtime_per_breach,ap_with_high_internet_down_incident_breach,ap_with_high_cpu_utilisation_breach,ap_with_high_memory_packet_error_breach,ap_with_high_no_of_sticky_client_2_with_good_coverage_breach,ap_with_high_no_of_sticky_client_5_with_poor_coverage_breach,ap_with_zero_usage_breach,ap_with_high_channel_congestion_5_breach,channelobss_breach
01244081160_dsl,Gurgaon,108.0,NKOT0F01CE6F,NOKIA,2E16524D4AFB,Haryana,0.0,0.0,0.0,0.0,100.0,25.73,False,False,0.0,40.0,0.0,0.0,0.0,0.0,,0.0,1.46,0.18,AOT4221NK,iPhone,,,,False,False,False,False,True,False,False,False,False,,False,17520.0,0.0,17520.0,6387552256.0,6387552256.0,24828035177.0,730.0,730.0,,730.0,730.0,0.0,730.0,,,,,,,,,,,,,,,,,,,,,,,,,,,,,,,,,,,,,,,,,,,,,,,,,,,,,,,,,,,,,,,,,,,,,,,,,,,,,,,,,,,,,,,,,,,,,,,,,,,,,,,,,,,,730.0,0.0,730.0,0.0,17520.0,17520.0,730.0,,730.0,,,,,,,730.0,,,,,,,,,,,,,,,,,,,,,0.0,,0.0,0.0,0.0,0.0,0.0,0.0,0.0,40.0,0.0,1.46,0.18,False,False,False,,False,False,False,False,False,False,False,True,False,,,,,,,,,,,,,,,,,,,,,,,,,,,,,,,,,,,,,,,,
012444903348_dsl,Gurgaon,108.0,NKOT0F01CE7E,NOKIA,286B35D324CB,Haryana,0.0,0.0,0.0,0.0,100.0,4.59,,,0.0,4.0,0.0,0.0,0.0,0.0,,0.0,0.97,0.14,AOT4221NK,DESKTOP-7592F22,PC,Intel,Desktop,False,False,False,False,False,False,False,False,False,,False,613.0,0.0,613.0,2945750848.0,2945750848.0,64182259508.0,613.0,613.0,,613.0,613.0,0.0,613.0,,,,,,,,,,,,,,,,,,,,,,,,,,,,,,,,,,,,,,,,,,,,,,,,,,,,,,,,,,,,,,,,,,,,,,,,,,,,,,,,,,,,,,,,,,,,,,,,,,,,,,,,,,,,613.0,0.0,613.0,0.0,613.0,613.0,613.0,,613.0,,,,,,,613.0,,,,,,,,,,,,,,,,,,,,,0.0,,0.0,0.0,0.0,0.0,0.0,0.0,0.0,4.0,0.0,0.97,0.14,,,False,,False,False,False,False,False,False,False,False,False,,,,,,,,,,,,,,,,,,,,,,,,,,,,,,,,,,,,,,,,
012444903348_dsl,Gurgaon,108.0,NKOT0F01CE7E,NOKIA,1AA0C35EE4F9,Haryana,0.0,0.0,0.0,0.09,99.91,2.23,False,False,0.0,23.0,0.14,0.0,0.14,0.14,0.0,0.14,2.27,0.08,AOT4221NK,iPhone,PHONE,Apple,iPhone,False,False,False,False,True,False,False,False,False,False,False,737.0,23.0,714.0,1433375183.0,1433375183.0,64182259508.0,715.0,715.0,1.0,714.0,715.0,1.0,714.0,,,,,,,,,,,,,,,,,,,,,,,,,,,,,,,,,,,,,,,,,,,,,,,,,,,,,,,,,,,,,,,,,,,,,,,,,,,,,,,,,,,,,,,,,,,,,,,,,,,,,,,,,,,,715.0,1.0,714.0,23.0,714.0,737.0,715.0,1.0,714.0,,,,,,,715.0,,,,,,,,,,,,,,,,,,,,,0.14,0.0,0.14,0.0,0.0,0.0,0.14,0.0,0.14,23.0,0.0,2.27,0.08,False,False,False,False,False,False,False,False,False,False,False,True,False,,,,,,,,,,,,,,,,,,,,,,,,,,,,,,,,,,,,,,,,
012436398608_dsl,Gurgaon,108.0,NKOTDF0001E7,NOKIA,5215E04285F1,Haryana,0.0,0.0,0.0,1.89,98.11,28.66,True,False,0.0,10.0,30.57,0.0,30.69,0.14,33.33,0.0,9.44,0.2,AOT4221NK,OnePlus-10T-5G,,,,False,False,False,False,True,False,False,False,False,False,False,17280.0,0.0,17280.0,14284653568.0,14284653568.0,49840664576.0,723.0,723.0,3.0,720.0,723.0,3.0,720.0,,,,,,,,,,,,,,,,,,,,,,,,,,,,,,,,,,,,,,,,,,,,,,,,,,,,,,,,,,,,,,,,,,,,,,,,,,,,,,,,,,,,,,,,,,,,,,,,,,,,,,,,,,,,723.0,3.0,720.0,0.0,17280.0,17280.0,723.0,3.0,720.0,,,,,,,723.0,,,,,,,,,,,,,,,,,,,,,0.14,33.33,0.0,0.0,0.0,0.0,30.57,0.0,30.69,10.0,0.0,9.44,0.2,True,False,False,False,False,False,False,False,False,False,False,True,False,,,,,,,,,,,,,,,,,,,,,,,,,,,,,,,,,,,,,,,,
012445159575_dsl,Gurgaon,108.0,ZYOTFD000042,NOKIA,8C7A3DD408C7,Haryana,53.05,0.0,53.05,0.0,100.0,10.04,,,0.0,,0.0,0.0,0.0,53.05,,53.05,2.25,0.04,AOT5221ZY,,,,,False,False,False,False,,False,False,False,False,,False,7464.0,0.0,7464.0,7919334400.0,7919334400.0,78866704384.0,311.0,311.0,,311.0,311.0,0.0,311.0,,,,,,,,,,,,,,,,,,,,,,,,,,,,,,,,,,,,,,,,,,,,,,,,,,,,,,,,,,,,,,,,,,,,,,,,,,,,,,,,,,,,,,,,,,,,,,,,,,,,,,,,,,,,311.0,0.0,311.0,0.0,7464.0,7464.0,311.0,,311.0,,,,,,,311.0,,,,,,,,,,,,,,,,,,,,,53.05,,53.05,53.05,0.0,53.05,0.0,0.0,0.0,,0.0,2.25,0.04,,,False,,False,False,False,False,False,False,False,,False,,,,,,,,,,,,,,,,,,,,,,,,,,,,,,,,,,,,,,,,
01244054723_dsl,Gurgaon,108.0,NKOT0F0226EE,NOKIA,4C22F33F2EDC,Haryana,0.0,0.0,0.0,0.0,100.0,29.82,False,True,0.0,3.0,0.0,0.0,0.0,0.0,,0.0,4.46,0.05,AOT4221NK,LGwebOSTV,,,,False,False,False,False,False,False,False,False,False,,False,18240.0,0.0,18240.0,14878022656.0,14878022656.0,49885177856.0,760.0,760.0,,760.0,760.0,0.0,760.0,,,,,,,,,,,,,,,,,,,,,,,,,,,,,,,,,,,,,,,,,,,,,,,,,,,,,,,,,,,,,,,,,,,,,,,,,,,,,,,,,,,,,,,,,,,,,,,,,,,,,,,,,,,,760.0,0.0,760.0,0.0,18240.0,18240.0,760.0,,760.0,,,,,,,760.0,,,,,,,,,,,,,,,,,,,,,0.0,,0.0,0.0,0.0,0.0,0.0,0.0,0.0,3.0,0.0,4.46,0.05,False,True,False,,False,False,False,False,False,False,False,False,False,,,,,,,,,,,,,,,,,,,,,,,,,,,,,,,,,,,,,,,,
01246472327_dsl,Gurgaon,108.0,NKOTA0000592,NOKIA,9208A08B7425,Haryana,0.0,0.0,0.0,99.72,0.28,0.18,False,False,0.0,21.0,25.0,33.33,0.0,25.0,33.33,0.0,0.6,0.01,AOT4221NK,iPhone,PHONE,Apple,iPhone,False,False,False,False,True,False,False,False,False,False,False,24.0,0.0,24.0,34506752.0,34506752.0,19531211776.0,4.0,4.0,3.0,1.0,4.0,3.0,1.0,,,,,,,,,,,,,,,,,,,,,,,,,,,,,,,,,,,,,,,,,,,,,,,,,,,,,,,,,,,,,,,,,,,,,,,,,,,,,,,,,,,,,,,,,,,,,,,,,,,,,,,,,,,,4.0,3.0,1.0,0.0,24.0,24.0,4.0,3.0,1.0,,,,,,,4.0,,,,,,,,,,,,,,,,,,,,,25.0,33.33,0.0,0.0,0.0,0.0,25.0,33.33,0.0,21.0,0.0,0.6,0.01,False,False,False,False,False,False,False,False,False,False,False,True,False,,,,,,,,,,,,,,,,,,,,,,,,,,,,,,,,,,,,,,,,
012444903348_dsl,Gurgaon,108.0,NKOT0F01CE7E,NOKIA,F4032A96D8C9,Haryana,0.0,0.0,0.0,0.0,100.0,1.41,,,0.0,,1.09,0.0,1.09,0.0,,0.0,0.21,0.01,AOT4221NK,,,,,False,False,False,False,,False,False,False,False,,False,1462.0,0.0,1462.0,907356768.0,907356768.0,64182259508.0,1462.0,1462.0,,1462.0,1462.0,0.0,1462.0,,,,,,,,,,,,,,,,,,,,,,,,,,,,,,,,,,,,,,,,,,,,,,,,,,,,,,,,,,,,,,,,,,,,,,,,,,,,,,,,,,,,,,,,,,,,,,,,,,,,,,,,,,,,1462.0,0.0,1462.0,0.0,1462.0,1462.0,1462.0,,1462.0,,,,,,,1462.0,,,,,,,,,,,,,,,,,,,,,0.0,,0.0,0.0,0.0,0.0,1.09,0.0,1.09,,0.0,0.21,0.01,,,False,,False,False,False,False,False,False,False,,False,,,,,,,,,,,,,,,,,,,,,,,,,,,,,,,,,,,,,,,,
01244054723_dsl,Gurgaon,108.0,NKOT0F0226EE,NOKIA,0A3CC1576FFD,Haryana,0.0,0.0,0.0,0.0,100.0,1.32,False,False,0.0,2.0,0.0,0.0,0.0,0.0,,0.0,0.06,0.0,AOT4221NK,iPad,TABLET,Apple,iPad,False,False,False,False,False,False,False,False,False,,False,17088.0,0.0,17088.0,656654336.0,656654336.0,49885177856.0,712.0,712.0,,712.0,712.0,0.0,712.0,,,,,,,,,,,,,,,,,,,,,,,,,,,,,,,,,,,,,,,,,,,,,,,,,,,,,,,,,,,,,,,,,,,,,,,,,,,,,,,,,,,,,,,,,,,,,,,,,,,,,,,,,,,,712.0,0.0,712.0,0.0,17088.0,17088.0,712.0,,712.0,,,,,,,712.0,,,,,,,,,,,,,,,,,,,,,0.0,,0.0,0.0,0.0,0.0,0.0,0.0,0.0,2.0,0.0,0.06,0.0,False,False,False,,False,False,False,False,False,False,False,False,False,,,,,,,,,,,,,,,,,,,,,,,,,,,,,,,,,,,,,,,,
012445118300_dsl,Gurgaon,108.0,NKOT0F01D2BA,NOKIA,960207D43B98,Haryana,0.0,0.0,0.0,0.0,100.0,0.3,False,False,0.0,2.0,0.0,0.0,0.0,0.0,,0.0,0.02,0.0,AOT4221NK,Mac,PC,Apple,Computer,False,False,False,False,False,False,False,False,False,,False,5256.0,0.0,5256.0,45716480.0,45716480.0,15212725248.0,219.0,219.0,,219.0,219.0,0.0,219.0,,,,,,,,,,,,,,,,,,,,,,,,,,,,,,,,,,,,,,,,,,,,,,,,,,,,,,,,,,,,,,,,,,,,,,,,,,,,,,,,,,,,,,,,,,,,,,,,,,,,,,,,,,,,219.0,0.0,219.0,0.0,5256.0,5256.0,219.0,,219.0,,,,,,,219.0,,,,,,,,,,,,,,,,,,,,,0.0,,0.0,0.0,0.0,0.0,0.0,0.0,0.0,2.0,0.0,0.02,0.0,False,False,False,,False,False,False,False,False,False,False,False,False,,,,,,,,,,,,,,,,,,,,,,,,,,,,,,,,,,,,,,,,
012447862103_dsl,Gurgaon,108.0,ZYOTB0900020,NOKIA,6696E8690975,Haryana,0.0,0.0,0.0,0.0,100.0,53.13,,,0.0,,0.0,0.0,0.0,0.0,,0.0,376.23,23.95,AOT5222ZY,,,,,False,False,False,False,,False,False,False,False,,False,28848.0,0.0,28848.0,2391426048000.0,2391426048000.0,4500744156160.0,1202.0,1202.0,,1202.0,1202.0,0.0,1202.0,,,,,,,,,,,,,,,,,,,,,,,,,,,,,,,,,,,,,,,,,,,,,,,,,,,,,,,,,,,,,,,,,,,,,,,,,,,,,,,,,,,,,,,,,,,,,,,,,,,,,,,,,,,,1202.0,0.0,1202.0,0.0,28848.0,28848.0,1202.0,,1202.0,,,,,,,1202.0,,,,,,,,,,,,,,,,,,,,,0.0,,0.0,0.0,0.0,0.0,0.0,0.0,0.0,,0.0,376.23,23.95,,,False,,False,False,False,False,False,False,False,,False,,,,,,,,,,,,,,,,,,,,,,,,,,,,,,,,,,,,,,,,
012421019184_wifi,Gurgaon,108.0,ZYOTB0900058,NOKIA,7066557C4F87,Haryana,100.0,0.0,100.0,0.88,99.12,1.77,False,False,0.0,1.0,0.0,0.0,0.0,88.89,0.0,100.0,2.38,0.32,AOT5222ZY,,,,,True,False,True,False,False,False,False,False,True,False,True,8.0,0.0,8.0,1149373440.0,1149373440.0,64887344128.0,9.0,9.0,1.0,8.0,9.0,1.0,8.0,,,,,,,,,,,,,,,,,,,,,,,,,,,,,,,,,,,,,,,,,,,,,,,,,,,,,,,,,,,,,,,,,,,,,,,,,,,,,,,,,,,,,,,,,,,,,,,,,,,,,,,,,,,,9.0,1.0,8.0,0.0,8.0,8.0,9.0,1.0,8.0,,,,,,,9.0,,,,,,,,,,,,,,,,,,,,,88.89,0.0,100.0,100.0,0.0,100.0,0.0,0.0,0.0,1.0,0.0,2.38,0.32,False,False,True,False,True,True,False,True,False,False,False,False,False,,,,,,,,,,,,,,,,,,,,,,,,,,,,,,,,,,,,,,,,
012436398608_dsl,Gurgaon,108.0,NKOTDF0001E7,NOKIA,5A8CF8F08505,Haryana,0.0,0.0,0.0,0.0,100.0,2.86,False,False,0.0,4.0,0.0,0.0,0.0,0.0,,0.0,0.12,0.07,AOT4221NK,MacBookPro,LAPTOP,Apple,MacBook,False,False,False,False,False,False,False,False,False,,False,18000.0,0.0,18000.0,1425581056.0,1425581056.0,49840664576.0,750.0,750.0,,750.0,750.0,0.0,750.0,,,,,,,,,,,,,,,,,,,,,,,,,,,,,,,,,,,,,,,,,,,,,,,,,,,,,,,,,,,,,,,,,,,,,,,,,,,,,,,,,,,,,,,,,,,,,,,,,,,,,,,,,,,,750.0,0.0,750.0,0.0,18000.0,18000.0,750.0,,750.0,,,,,,,750.0,,,,,,,,,,,,,,,,,,,,,0.0,,0.0,0.0,0.0,0.0,0.0,0.0,0.0,4.0,0.0,0.12,0.07,False,False,False,,False,False,False,False,False,False,False,False,False,,,,,,,,,,,,,,,,,,,,,,,,,,,,,,,,,,,,,,,,
012444801137_dsl,Gurgaon,108.0,NKOTDF000165,NOKIA,A09208536DDC,Haryana,,,,100.0,0.0,0.3,,,0.0,,82.07,82.07,0.0,0.0,0.0,,0.0,0.0,AAP321NK,,,,,,,,False,,True,True,False,False,False,,,,,47963136.0,47963136.0,16142861312.0,1389.0,1389.0,1389.0,,1389.0,1389.0,0.0,,,,,,,,,,,,,,,,,,,,,,,,,,,,,,,,,,,,,,,,,,,,,,,,,,,,,,,,,,,,,,,,,,,,,,,,,,,,,,,,,,,,,,,,,,,,,,,,,,,,,,,,,,,,1389.0,1389.0,0.0,,,,1389.0,1389.0,,,,,,,,1389.0,,,,,,,,,,,,,,,,,,,,,0.0,0.0,,,,,82.07,82.07,0.0,,0.0,0.0,0.0,,,False,False,,,,,True,True,False,,False,,,,,,,,,,,,,,,,,,,,,,,,,,,,,,,,,,,,,,,,
012436398608_dsl,Gurgaon,108.0,NKOTDF0001E7,NOKIA,36C731F77459,Haryana,0.0,0.0,0.0,0.0,100.0,0.95,False,True,0.0,1.0,0.0,0.0,0.0,0.0,,0.0,5.66,0.04,AOT4221NK,iPad,,,,False,False,False,False,False,False,False,False,False,,False,1560.0,0.0,1560.0,475851776.0,475851776.0,49840664576.0,65.0,65.0,,65.0,65.0,0.0,65.0,,,,,,,,,,,,,,,,,,,,,,,,,,,,,,,,,,,,,,,,,,,,,,,,,,,,,,,,,,,,,,,,,,,,,,,,,,,,,,,,,,,,,,,,,,,,,,,,,,,,,,,,,,,,65.0,0.0,65.0,0.0,1560.0,1560.0,65.0,,65.0,,,,,,,65.0,,,,,,,,,,,,,,,,,,,,,0.0,,0.0,0.0,0.0,0.0,0.0,0.0,0.0,1.0,0.0,5.66,0.04,False,True,False,,False,False,False,False,False,False,False,False,False,,,,,,,,,,,,,,,,,,,,,,,,,,,,,,,,,,,,,,,,
01246472327_dsl,Gurgaon,108.0,NKOTA0000592,NOKIA,7AB5AA2AA71B,Haryana,0.0,0.0,0.0,0.0,100.0,1.31,False,False,0.0,3.0,0.0,0.0,0.0,0.0,,0.0,0.14,0.02,AOT4221NK,iPhone,,Apple,iPhone,False,False,False,False,False,False,False,False,False,,False,3744.0,0.0,3744.0,256674816.0,256674816.0,19531211776.0,156.0,156.0,,156.0,156.0,0.0,156.0,,,,,,,,,,,,,,,,,,,,,,,,,,,,,,,,,,,,,,,,,,,,,,,,,,,,,,,,,,,,,,,,,,,,,,,,,,,,,,,,,,,,,,,,,,,,,,,,,,,,,,,,,,,,156.0,0.0,156.0,0.0,3744.0,3744.0,156.0,,156.0,,,,,,,156.0,,,,,,,,,,,,,,,,,,,,,0.0,,0.0,0.0,0.0,0.0,0.0,0.0,0.0,3.0,0.0,0.14,0.02,False,False,False,,False,False,False,False,False,False,False,False,False,,,,,,,,,,,,,,,,,,,,,,,,,,,,,,,,,,,,,,,,
012421019184_wifi,Gurgaon,108.0,ZYOTB0900058,NOKIA,467D5212504D,Haryana,100.0,0.0,100.0,0.0,100.0,0.01,False,False,0.0,0.0,0.0,0.0,0.0,100.0,,100.0,0.02,0.01,AOT5222ZY,Mac,PC,Apple,Computer,True,False,True,False,False,False,False,False,True,,True,27.0,0.0,27.0,4386816.0,4386816.0,64887344128.0,27.0,27.0,,27.0,27.0,0.0,27.0,,,,,,,,,,,,,,,,,,,,,,,,,,,,,,,,,,,,,,,,,,,,,,,,,,,,,,,,,,,,,,,,,,,,,,,,,,,,,,,,,,,,,,,,,,,,,,,,,,,,,,,,,,,,27.0,0.0,27.0,0.0,27.0,27.0,27.0,,27.0,,,,,,,27.0,,,,,,,,,,,,,,,,,,,,,100.0,,100.0,100.0,0.0,100.0,0.0,0.0,0.0,0.0,0.0,0.02,0.01,False,False,True,,True,True,False,True,False,False,False,False,False,,,,,,,,,,,,,,,,,,,,,,,,,,,,,,,,,,,,,,,,
01244081160_dsl,Gurgaon,108.0,NKOT0F01CE6F,NOKIA,3EDE8A98F4FB,Haryana,0.0,0.0,0.0,0.0,100.0,5.89,False,False,0.0,3.0,0.0,0.0,0.0,0.0,,0.0,0.47,2.19,AOT4221NK,AAP321NK,WIFI_EXTENDER,,AAP321NK,False,False,False,False,False,False,False,False,False,,False,29304.0,0.0,29304.0,1461225472.0,1461225472.0,24828035177.0,1221.0,1221.0,,1221.0,1221.0,0.0,1221.0,,,,,,,,,,,,,,,,,,,,,,,,,,,,,,,,,,,,,,,,,,,,,,,,,,,,,,,,,,,,,,,,,,,,,,,,,,,,,,,,,,,,,,,,,,,,,,,,,,,,,,,,,,,,1221.0,0.0,1221.0,0.0,29304.0,29304.0,1221.0,,1221.0,,,,,,,1221.0,,,,,,,,,,,,,,,,,,,,,0.0,,0.0,0.0,0.0,0.0,0.0,0.0,0.0,3.0,0.0,0.47,2.19,False,False,False,,False,False,False,False,False,False,False,False,False,,,,,,,,,,,,,,,,,,,,,,,,,,,,,,,,,,,,,,,,
012444801137_dsl,Gurgaon,108.0,NKOTDF000165,NOKIA,60DC81CCA4D0,Haryana,,,,100.0,0.0,0.6,False,False,0.0,1.0,82.07,82.07,0.0,0.0,0.0,,0.0,0.09,AAP321NK,,,,,,,,False,False,True,True,False,False,False,,,,,97484800.0,97484800.0,16142861312.0,1389.0,1389.0,1389.0,,1389.0,1389.0,0.0,,,,,,,,,,,,,,,,,,,,,,,,,,,,,,,,,,,,,,,,,,,,,,,,,,,,,,,,,,,,,,,,,,,,,,,,,,,,,,,,,,,,,,,,,,,,,,,,,,,,,,,,,,,,1389.0,1389.0,0.0,,,,1389.0,1389.0,,,,,,,,1389.0,,,,,,,,,,,,,,,,,,,,,0.0,0.0,,,,,82.07,82.07,0.0,1.0,0.0,0.0,0.09,False,False,False,False,,,,,True,True,False,False,False,,,,,,,,,,,,,,,,,,,,,,,,,,,,,,,,,,,,,,,,
012444903348_dsl,Gurgaon,108.0,NKOT0F01CE7E,NOKIA,3644BFE90759,Haryana,0.0,0.0,0.0,0.0,100.0,0.53,,,0.0,,0.0,0.0,0.0,0.0,,0.0,0.07,0.01,AOT4221NK,,,,,False,False,False,False,,False,False,False,False,,False,1462.0,0.0,1462.0,341796083.0,341796083.0,64182259508.0,1462.0,1462.0,,1462.0,1462.0,0.0,1462.0,,,,,,,,,,,,,,,,,,,,,,,,,,,,,,,,,,,,,,,,,,,,,,,,,,,,,,,,,,,,,,,,,,,,,,,,,,,,,,,,,,,,,,,,,,,,,,,,,,,,,,,,,,,,1462.0,0.0,1462.0,0.0,1462.0,1462.0,1462.0,,1462.0,,,,,,,1462.0,,,,,,,,,,,,,,,,,,,,,0.0,,0.0,0.0,0.0,0.0,0.0,0.0,0.0,,0.0,0.07,0.01,,,False,,False,False,False,False,False,False,False,,False,,,,,,,,,,,,,,,,,,,,,,,,,,,,,,,,,,,,,,,,
012447862103_dsl,Gurgaon,108.0,ZYOTB0900020,NOKIA,EA1BACE87CEE,Haryana,100.0,0.0,100.0,0.0,100.0,0.0,,,0.0,,0.0,0.0,0.0,100.0,,100.0,0.0,0.0,AOT5222ZY,,,,,True,False,True,False,,False,False,False,True,,True,48.0,0.0,48.0,1024.0,1024.0,4500744156160.0,2.0,2.0,,2.0,2.0,0.0,2.0,,,,,,,,,,,,,,,,,,,,,,,,,,,,,,,,,,,,,,,,,,,,,,,,,,,,,,,,,,,,,,,,,,,,,,,,,,,,,,,,,,,,,,,,,,,,,,,,,,,,,,,,,,,,2.0,0.0,2.0,0.0,48.0,48.0,2.0,,2.0,,,,,,,2.0,,,,,,,,,,,,,,,,,,,,,100.0,,100.0,100.0,0.0,100.0,0.0,0.0,0.0,,0.0,0.0,0.0,,,True,,True,True,False,True,False,False,False,,False,,,,,,,,,,,,,,,,,,,,,,,,,,,,,,,,,,,,,,,,
012436398608_dsl,Gurgaon,108.0,NKOTDF0001E7,NOKIA,4CC95E7815B6,Haryana,0.0,0.0,0.0,0.0,100.0,0.19,False,True,0.0,3.0,0.0,0.0,0.0,0.0,,0.0,0.4,0.02,AOT4221NK,Samsung,,,,False,False,False,False,False,False,False,False,False,,False,10920.0,0.0,10920.0,92936192.0,92936192.0,49840664576.0,455.0,455.0,,455.0,455.0,0.0,455.0,,,,,,,,,,,,,,,,,,,,,,,,,,,,,,,,,,,,,,,,,,,,,,,,,,,,,,,,,,,,,,,,,,,,,,,,,,,,,,,,,,,,,,,,,,,,,,,,,,,,,,,,,,,,455.0,0.0,455.0,0.0,10920.0,10920.0,455.0,,455.0,,,,,,,455.0,,,,,,,,,,,,,,,,,,,,,0.0,,0.0,0.0,0.0,0.0,0.0,0.0,0.0,3.0,0.0,0.4,0.02,False,True,False,,False,False,False,False,False,False,False,False,False,,,,,,,,,,,,,,,,,,,,,,,,,,,,,,,,,,,,,,,,
012447957675_dsl,Gurgaon,108.0,ZYOT5E069474,NOKIA,28C5D2F615CB,Haryana,0.0,0.0,0.0,0.0,100.0,16.4,False,False,0.0,9.0,0.0,0.0,0.0,0.0,,0.0,12.89,7.01,AOT5221ZY,AMS05PC0526,,,,False,False,False,False,True,False,False,False,False,,False,13800.0,0.0,13800.0,2939877376.0,2939877376.0,17930101760.0,575.0,575.0,,575.0,575.0,0.0,575.0,,,,,,,,,,,,,,,,,,,,,,,,,,,,,,,,,,,,,,,,,,,,,,,,,,,,,,,,,,,,,,,,,,,,,,,,,,,,,,,,,,,,,,,,,,,,,,,,,,,,,,,,,,,,575.0,0.0,575.0,0.0,13800.0,13800.0,575.0,,575.0,,,,,,,575.0,,,,,,,,,,,,,,,,,,,,,0.0,,0.0,0.0,0.0,0.0,0.0,0.0,0.0,9.0,0.0,12.89,7.01,False,False,False,,False,False,False,False,False,False,False,True,False,,,,,,,,,,,,,,,,,,,,,,,,,,,,,,,,,,,,,,,,
01246472327_dsl,Gurgaon,108.0,NKOTA0000592,NOKIA,F8CF52ED08FF,Haryana,0.0,0.0,0.0,0.0,100.0,7.3,False,False,0.0,1.0,0.0,0.0,0.0,0.0,,0.0,1.02,0.26,AOT4221NK,,,,,False,False,False,False,False,False,False,False,False,,False,1560.0,0.0,1560.0,1426065408.0,1426065408.0,19531211776.0,65.0,65.0,,65.0,65.0,0.0,65.0,,,,,,,,,,,,,,,,,,,,,,,,,,,,,,,,,,,,,,,,,,,,,,,,,,,,,,,,,,,,,,,,,,,,,,,,,,,,,,,,,,,,,,,,,,,,,,,,,,,,,,,,,,,,65.0,0.0,65.0,0.0,1560.0,1560.0,65.0,,65.0,,,,,,,65.0,,,,,,,,,,,,,,,,,,,,,0.0,,0.0,0.0,0.0,0.0,0.0,0.0,0.0,1.0,0.0,1.02,0.26,False,False,False,,False,False,False,False,False,False,False,False,False,,,,,,,,,,,,,,,,,,,,,,,,,,,,,,,,,,,,,,,,
012421019184_wifi,Gurgaon,108.0,ZYOTB0900058,NOKIA,126FBBBC1135,Haryana,17.58,0.0,17.58,98.82,1.18,91.21,False,False,0.0,0.0,0.0,0.0,0.0,11.85,0.0,17.58,163.61,14.22,AOT5222ZY,Mac,OTHER,,,False,False,False,False,False,False,False,False,False,False,False,2093.0,0.0,2093.0,59184199680.0,59184199680.0,64887344128.0,135.0,135.0,44.0,91.0,135.0,44.0,91.0,,,,,,,,,,,,,,,,,,,,,,,,,,,,,,,,,,,,,,,,,,,,,,,,,,,,,,,,,,,,,,,,,,,,,,,,,,,,,,,,,,,,,,,,,,,,,,,,,,,,,,,,,,,,135.0,44.0,91.0,0.0,2093.0,2093.0,135.0,44.0,91.0,,,,,,,135.0,,,,,,,,,,,,,,,,,,,,,11.85,0.0,17.58,17.58,0.0,17.58,0.0,0.0,0.0,0.0,0.0,163.61,14.22,False,False,False,False,False,False,False,False,False,False,False,False,False,,,,,,,,,,,,,,,,,,,,,,,,,,,,,,,,,,,,,,,,
012447957675_dsl,Gurgaon,108.0,ZYOT5E069474,NOKIA,FA3B08FBA40B,Haryana,2.3,0.0,2.3,3.32,96.68,0.0,False,True,0.0,12.0,0.19,100.0,0.0,2.5,0.0,2.51,0.09,0.0,AOT5221ZY,,,,,False,False,False,False,True,False,True,False,False,False,False,12432.0,0.0,12432.0,833536.0,833536.0,17930101760.0,519.0,519.0,1.0,518.0,519.0,1.0,518.0,,,,,,,,,,,,,,,,,,,,,,,,,,,,,,,,,,,,,,,,,,,,,,,,,,,,,,,,,,,,,,,,,,,,,,,,,,,,,,,,,,,,,,,,,,,,,,,,,,,,,,,,,,,,519.0,1.0,518.0,0.0,12432.0,12432.0,519.0,1.0,518.0,,,,,,,519.0,,,,,,,,,,,,,,,,,,,,,2.5,0.0,2.51,2.3,0.0,2.3,0.19,100.0,0.0,12.0,0.0,0.09,0.0,False,True,False,False,False,False,False,False,False,True,False,True,False,,,,,,,,,,,,,,,,,,,,,,,,,,,,,,,,,,,,,,,,
012444801137_dsl,Gurgaon,108.0,NKOTDF000165,NOKIA,6288AC047A9A,Haryana,0.0,0.0,0.0,22.44,77.56,0.08,,,0.0,1.0,100.0,100.0,100.0,0.0,0.0,0.0,0.01,0.01,AAP321NK,SM-R875F,WEARABLE,Samsung,Galaxy Watch4 (44mm),False,False,False,False,False,True,True,True,False,False,False,12048.0,0.0,12048.0,13545472.0,13545472.0,16142861312.0,695.0,695.0,193.0,502.0,695.0,193.0,502.0,,,,,,,,,,,,,,,,,,,,,,,,,,,,,,,,,,,,,,,,,,,,,,,,,,,,,,,,,,,,,,,,,,,,,,,,,,,,,,,,,,,,,,,,,,,,,,,,,,,,,,,,,,,,695.0,193.0,502.0,0.0,12048.0,12048.0,695.0,193.0,502.0,,,,,,,695.0,,,,,,,,,,,,,,,,,,,,,0.0,0.0,0.0,0.0,0.0,0.0,100.0,100.0,100.0,1.0,0.0,0.01,0.01,,,False,False,False,False,False,False,True,True,True,False,False,,,,,,,,,,,,,,,,,,,,,,,,,,,,,,,,,,,,,,,,
01244054723_dsl,Gurgaon,108.0,NKOT0F0226EE,NOKIA,168232BE1BF2,Haryana,0.0,0.0,0.0,0.0,100.0,0.11,False,False,0.0,2.0,0.0,0.0,0.0,0.0,,0.0,0.02,0.0,AOT4221NK,,,,,False,False,False,False,False,False,False,False,False,,False,3720.0,0.0,3720.0,56502272.0,56502272.0,49885177856.0,155.0,155.0,,155.0,155.0,0.0,155.0,,,,,,,,,,,,,,,,,,,,,,,,,,,,,,,,,,,,,,,,,,,,,,,,,,,,,,,,,,,,,,,,,,,,,,,,,,,,,,,,,,,,,,,,,,,,,,,,,,,,,,,,,,,,155.0,0.0,155.0,0.0,3720.0,3720.0,155.0,,155.0,,,,,,,155.0,,,,,,,,,,,,,,,,,,,,,0.0,,0.0,0.0,0.0,0.0,0.0,0.0,0.0,2.0,0.0,0.02,0.0,False,False,False,,False,False,False,False,False,False,False,False,False,,,,,,,,,,,,,,,,,,,,,,,,,,,,,,,,,,,,,,,,
012445159575_dsl,Gurgaon,108.0,ZYOTFD000042,NOKIA,68FCCAA8805C,Haryana,0.0,0.0,0.0,0.0,100.0,13.68,,,0.0,,0.0,0.0,0.0,0.0,,0.0,1.2,0.09,AOT5221ZY,,,,,False,False,False,False,,False,False,False,False,,False,6792.0,0.0,6792.0,10789594112.0,10789594112.0,78866704384.0,283.0,283.0,,283.0,283.0,0.0,283.0,,,,,,,,,,,,,,,,,,,,,,,,,,,,,,,,,,,,,,,,,,,,,,,,,,,,,,,,,,,,,,,,,,,,,,,,,,,,,,,,,,,,,,,,,,,,,,,,,,,,,,,,,,,,283.0,0.0,283.0,0.0,6792.0,6792.0,283.0,,283.0,,,,,,,283.0,,,,,,,,,,,,,,,,,,,,,0.0,,0.0,0.0,0.0,0.0,0.0,0.0,0.0,,0.0,1.2,0.09,,,False,,False,False,False,False,False,False,False,,False,,,,,,,,,,,,,,,,,,,,,,,,,,,,,,,,,,,,,,,,
012444801137_dsl,Gurgaon,108.0,NKOTDF000165,NOKIA,5E25C7BF78C1,Haryana,,,,100.0,0.0,0.0,True,False,0.0,1.0,100.0,100.0,0.0,100.0,100.0,,0.01,0.0,AAP321NK,iPhone,,,,,,,False,False,True,True,False,True,True,,,,,495616.0,495616.0,16142861312.0,8.0,8.0,8.0,,8.0,8.0,0.0,,,,,,,,,,,,,,,,,,,,,,,,,,,,,,,,,,,,,,,,,,,,,,,,,,,,,,,,,,,,,,,,,,,,,,,,,,,,,,,,,,,,,,,,,,,,,,,,,,,,,,,,,,,,8.0,8.0,0.0,,,,8.0,8.0,,,,,,,,8.0,,,,,,,,,,,,,,,,,,,,,100.0,100.0,,,,,100.0,100.0,0.0,1.0,0.0,0.01,0.0,True,False,True,True,,,,,True,True,False,False,False,,,,,,,,,,,,,,,,,,,,,,,,,,,,,,,,,,,,,,,,
01244054723_dsl,Gurgaon,108.0,NKOT0F0226EE,NOKIA,FC671FF55A2E,Haryana,,,,100.0,0.0,0.01,,,0.0,4.0,100.0,100.0,0.0,0.0,0.0,,0.0,0.15,AOT4221NK,wlan0,SMART_HOME,Tuya,Smart Device,,,,False,False,True,True,False,False,False,,,,,3524608.0,3524608.0,49885177856.0,1.0,1.0,1.0,,1.0,1.0,0.0,,,,,,,,,,,,,,,,,,,,,,,,,,,,,,,,,,,,,,,,,,,,,,,,,,,,,,,,,,,,,,,,,,,,,,,,,,,,,,,,,,,,,,,,,,,,,,,,,,,,,,,,,,,,1.0,1.0,0.0,,,,1.0,1.0,,,,,,,,1.0,,,,,,,,,,,,,,,,,,,,,0.0,0.0,,,,,100.0,100.0,0.0,4.0,0.0,0.0,0.15,,,False,False,,,,,True,True,False,False,False,,,,,,,,,,,,,,,,,,,,,,,,,,,,,,,,,,,,,,,,
012447862103_dsl,Gurgaon,108.0,ZYOTB0900020,NOKIA,D6AF32D8C6F1,Haryana,3.74,0.0,3.74,0.0,100.0,0.01,,,0.0,,3.74,0.0,3.74,3.74,,3.74,5.42,0.05,AOT5222ZY,,,,,False,False,False,False,,False,False,False,False,,False,2568.0,0.0,2568.0,496491520.0,496491520.0,4500744156160.0,107.0,107.0,,107.0,107.0,0.0,107.0,,,,,,,,,,,,,,,,,,,,,,,,,,,,,,,,,,,,,,,,,,,,,,,,,,,,,,,,,,,,,,,,,,,,,,,,,,,,,,,,,,,,,,,,,,,,,,,,,,,,,,,,,,,,107.0,0.0,107.0,0.0,2568.0,2568.0,107.0,,107.0,,,,,,,107.0,,,,,,,,,,,,,,,,,,,,,3.74,,3.74,3.74,0.0,3.74,3.74,0.0,3.74,,0.0,5.42,0.05,,,False,,False,False,False,False,False,False,False,,False,,,,,,,,,,,,,,,,,,,,,,,,,,,,,,,,,,,,,,,,
012444801137_dsl,Gurgaon,108.0,NKOTDF000165,NOKIA,0E8F1FC5025E,Haryana,0.0,0.0,0.0,0.0,100.0,27.21,,,0.0,2.0,0.0,0.0,0.0,0.0,,0.0,1.08,0.1,AAP321NK,,,,,False,False,False,False,False,False,False,False,False,,False,22992.0,0.0,22992.0,4392305664.0,4392305664.0,16142861312.0,958.0,958.0,,958.0,958.0,0.0,958.0,,,,,,,,,,,,,,,,,,,,,,,,,,,,,,,,,,,,,,,,,,,,,,,,,,,,,,,,,,,,,,,,,,,,,,,,,,,,,,,,,,,,,,,,,,,,,,,,,,,,,,,,,,,,958.0,0.0,958.0,0.0,22992.0,22992.0,958.0,,958.0,,,,,,,958.0,,,,,,,,,,,,,,,,,,,,,0.0,,0.0,0.0,0.0,0.0,0.0,0.0,0.0,2.0,0.0,1.08,0.1,,,False,,False,False,False,False,False,False,False,False,False,,,,,,,,,,,,,,,,,,,,,,,,,,,,,,,,,,,,,,,,
01244081160_dsl,Gurgaon,108.0,NKOT0F01CE6F,NOKIA,C652953B26BF,Haryana,0.0,0.0,0.0,0.0,100.0,1.14,False,False,0.0,9.0,0.0,0.0,0.0,0.0,,0.0,0.27,0.04,AOT4221NK,Mac,PC,,Computer,False,False,False,False,True,False,False,False,False,,False,9888.0,0.0,9888.0,282427497.0,282427497.0,24828035177.0,412.0,412.0,,412.0,412.0,0.0,412.0,,,,,,,,,,,,,,,,,,,,,,,,,,,,,,,,,,,,,,,,,,,,,,,,,,,,,,,,,,,,,,,,,,,,,,,,,,,,,,,,,,,,,,,,,,,,,,,,,,,,,,,,,,,,412.0,0.0,412.0,0.0,9888.0,9888.0,412.0,,412.0,,,,,,,412.0,,,,,,,,,,,,,,,,,,,,,0.0,,0.0,0.0,0.0,0.0,0.0,0.0,0.0,9.0,0.0,0.27,0.04,False,False,False,,False,False,False,False,False,False,False,True,False,,,,,,,,,,,,,,,,,,,,,,,,,,,,,,,,,,,,,,,,
012436398608_dsl,Gurgaon,108.0,NKOTDF0001E7,NOKIA,E8AACBA5B753,Haryana,,,,100.0,0.0,6.3,False,False,0.0,2.0,4.94,4.94,0.0,0.0,0.0,,1.41,0.08,AOT4221NK,Samsung,,,,,,,False,False,False,False,False,False,False,,,,,3138945024.0,3138945024.0,49840664576.0,81.0,81.0,81.0,,81.0,81.0,0.0,,,,,,,,,,,,,,,,,,,,,,,,,,,,,,,,,,,,,,,,,,,,,,,,,,,,,,,,,,,,,,,,,,,,,,,,,,,,,,,,,,,,,,,,,,,,,,,,,,,,,,,,,,,,81.0,81.0,0.0,,,,81.0,81.0,,,,,,,,81.0,,,,,,,,,,,,,,,,,,,,,0.0,0.0,,,,,4.94,4.94,0.0,2.0,0.0,1.41,0.08,False,False,False,False,,,,,False,False,False,False,False,,,,,,,,,,,,,,,,,,,,,,,,,,,,,,,,,,,,,,,,
012445159575_dsl,Gurgaon,108.0,ZYOTFD000042,NOKIA,EEF8085B863E,Haryana,30.6,0.0,30.6,0.0,100.0,28.38,,,0.0,,23.86,0.0,23.86,30.6,,30.6,2.66,0.36,AOT5221ZY,,,,,False,False,False,False,,False,False,False,False,,False,34200.0,0.0,34200.0,22381929472.0,22381929472.0,78866704384.0,1425.0,1425.0,,1425.0,1425.0,0.0,1425.0,,,,,,,,,,,,,,,,,,,,,,,,,,,,,,,,,,,,,,,,,,,,,,,,,,,,,,,,,,,,,,,,,,,,,,,,,,,,,,,,,,,,,,,,,,,,,,,,,,,,,,,,,,,,1425.0,0.0,1425.0,0.0,34200.0,34200.0,1425.0,,1425.0,,,,,,,1425.0,,,,,,,,,,,,,,,,,,,,,30.6,,30.6,30.6,0.0,30.6,23.86,0.0,23.86,,0.0,2.66,0.36,,,False,,False,False,False,False,False,False,False,,False,,,,,,,,,,,,,,,,,,,,,,,,,,,,,,,,,,,,,,,,
012444801137_dsl,Gurgaon,108.0,NKOTDF000165,NOKIA,EEB2A6A2A1E6,Haryana,0.0,0.0,0.0,0.0,100.0,2.11,False,False,0.0,24.0,5.44,0.0,5.44,0.0,,0.0,1.8,0.06,AAP321NK,Aditya-Vikram-s-A36,,,,False,False,False,False,True,False,False,False,False,,False,12360.0,0.0,12360.0,340438016.0,340438016.0,16142861312.0,515.0,515.0,,515.0,515.0,0.0,515.0,,,,,,,,,,,,,,,,,,,,,,,,,,,,,,,,,,,,,,,,,,,,,,,,,,,,,,,,,,,,,,,,,,,,,,,,,,,,,,,,,,,,,,,,,,,,,,,,,,,,,,,,,,,,515.0,0.0,515.0,0.0,12360.0,12360.0,515.0,,515.0,,,,,,,515.0,,,,,,,,,,,,,,,,,,,,,0.0,,0.0,0.0,0.0,0.0,5.44,0.0,5.44,24.0,0.0,1.8,0.06,False,False,False,,False,False,False,False,False,False,False,True,False,,,,,,,,,,,,,,,,,,,,,,,,,,,,,,,,,,,,,,,,
01244081160_dsl,Gurgaon,108.0,NKOT0F01CE6F,NOKIA,624E55188F68,Haryana,0.0,0.0,0.0,0.0,100.0,11.35,,,0.0,,0.0,0.0,0.0,0.0,,0.0,2.93,0.13,AOT4221NK,,,,,False,False,False,False,,False,False,False,False,,False,30648.0,0.0,30648.0,2818497536.0,2818497536.0,24828035177.0,1277.0,1277.0,,1277.0,1277.0,0.0,1277.0,,,,,,,,,,,,,,,,,,,,,,,,,,,,,,,,,,,,,,,,,,,,,,,,,,,,,,,,,,,,,,,,,,,,,,,,,,,,,,,,,,,,,,,,,,,,,,,,,,,,,,,,,,,,1277.0,0.0,1277.0,0.0,30648.0,30648.0,1277.0,,1277.0,,,,,,,1277.0,,,,,,,,,,,,,,,,,,,,,0.0,,0.0,0.0,0.0,0.0,0.0,0.0,0.0,,0.0,2.93,0.13,,,False,,False,False,False,False,False,False,False,,False,,,,,,,,,,,,,,,,,,,,,,,,,,,,,,,,,,,,,,,,
012447862103_dsl,Gurgaon,108.0,ZYOTB0900020,NOKIA,B64DBCFFA6ED,Haryana,0.0,0.0,0.0,0.0,100.0,0.0,,,0.0,,0.0,0.0,0.0,0.0,,0.0,0.0,0.0,AOT5222ZY,,,,,False,False,False,False,,False,False,False,False,,False,12936.0,0.0,12936.0,8078336.0,8078336.0,4500744156160.0,539.0,539.0,,539.0,539.0,0.0,539.0,,,,,,,,,,,,,,,,,,,,,,,,,,,,,,,,,,,,,,,,,,,,,,,,,,,,,,,,,,,,,,,,,,,,,,,,,,,,,,,,,,,,,,,,,,,,,,,,,,,,,,,,,,,,539.0,0.0,539.0,0.0,12936.0,12936.0,539.0,,539.0,,,,,,,539.0,,,,,,,,,,,,,,,,,,,,,0.0,,0.0,0.0,0.0,0.0,0.0,0.0,0.0,,0.0,0.0,0.0,,,False,,False,False,False,False,False,False,False,,False,,,,,,,,,,,,,,,,,,,,,,,,,,,,,,,,,,,,,,,,
01244054723_dsl,Gurgaon,108.0,NKOT0F0226EE,NOKIA,CE9CF0128DC3,Haryana,0.32,0.0,0.32,0.0,100.0,1.01,False,False,0.0,11.0,0.0,0.0,0.0,0.0,,0.0,0.01,0.09,AOT4221NK,,,,,False,False,False,False,True,False,False,False,False,,False,15120.0,0.0,15120.0,503314432.0,503314432.0,49885177856.0,630.0,630.0,,630.0,630.0,0.0,630.0,,,,,,,,,,,,,,,,,,,,,,,,,,,,,,,,,,,,,,,,,,,,,,,,,,,,,,,,,,,,,,,,,,,,,,,,,,,,,,,,,,,,,,,,,,,,,,,,,,,,,,,,,,,,630.0,0.0,630.0,0.0,15120.0,15120.0,630.0,,630.0,,,,,,,630.0,,,,,,,,,,,,,,,,,,,,,0.0,,0.0,0.32,0.0,0.32,0.0,0.0,0.0,11.0,0.0,0.01,0.09,False,False,False,,False,False,False,False,False,False,False,True,False,,,,,,,,,,,,,,,,,,,,,,,,,,,,,,,,,,,,,,,,
012421019184_wifi,Gurgaon,108.0,ZYOTB0900058,NOKIA,6A838C308767,Haryana,0.0,0.0,0.0,0.0,100.0,5.34,False,False,0.0,2.0,0.0,0.0,0.0,0.0,,0.0,6.09,0.12,AOT5222ZY,iPhone,PHONE,Apple,iPhone,False,False,False,False,False,False,False,False,False,,False,414.0,0.0,414.0,3461828608.0,3461828608.0,64887344128.0,18.0,18.0,,18.0,18.0,0.0,18.0,,,,,,,,,,,,,,,,,,,,,,,,,,,,,,,,,,,,,,,,,,,,,,,,,,,,,,,,,,,,,,,,,,,,,,,,,,,,,,,,,,,,,,,,,,,,,,,,,,,,,,,,,,,,18.0,0.0,18.0,0.0,414.0,414.0,18.0,,18.0,,,,,,,18.0,,,,,,,,,,,,,,,,,,,,,0.0,,0.0,0.0,0.0,0.0,0.0,0.0,0.0,2.0,0.0,6.09,0.12,False,False,False,,False,False,False,False,False,False,False,False,False,,,,,,,,,,,,,,,,,,,,,,,,,,,,,,,,,,,,,,,,
01244081160_dsl,Gurgaon,108.0,NKOT0F01CE6F,NOKIA,46C1F4DAE089,Haryana,0.0,0.0,0.0,0.0,100.0,36.63,False,False,0.0,3.0,0.0,0.0,0.0,0.0,,0.0,1.44,0.13,AOT4221NK,AAP321NK,,,,False,False,False,False,False,False,False,False,False,,False,29304.0,0.0,29304.0,9093571584.0,9093571584.0,24828035177.0,1221.0,1221.0,,1221.0,1221.0,0.0,1221.0,,,,,,,,,,,,,,,,,,,,,,,,,,,,,,,,,,,,,,,,,,,,,,,,,,,,,,,,,,,,,,,,,,,,,,,,,,,,,,,,,,,,,,,,,,,,,,,,,,,,,,,,,,,,1221.0,0.0,1221.0,0.0,29304.0,29304.0,1221.0,,1221.0,,,,,,,1221.0,,,,,,,,,,,,,,,,,,,,,0.0,,0.0,0.0,0.0,0.0,0.0,0.0,0.0,3.0,0.0,1.44,0.13,False,False,False,,False,False,False,False,False,False,False,False,False,,,,,,,,,,,,,,,,,,,,,,,,,,,,,,,,,,,,,,,,
01244081160_dsl,Gurgaon,108.0,NKOT0F01CE6F,NOKIA,A2B5039A07F0,Haryana,0.0,0.0,0.0,0.0,100.0,0.61,False,False,0.0,27.0,0.0,0.0,0.0,0.0,,0.0,2.99,0.1,AOT4221NK,iPhone,PHONE,Apple,iPhone,False,False,False,False,True,False,False,False,False,,False,48.0,0.0,48.0,152086528.0,152086528.0,24828035177.0,2.0,2.0,,2.0,2.0,0.0,2.0,,,,,,,,,,,,,,,,,,,,,,,,,,,,,,,,,,,,,,,,,,,,,,,,,,,,,,,,,,,,,,,,,,,,,,,,,,,,,,,,,,,,,,,,,,,,,,,,,,,,,,,,,,,,2.0,0.0,2.0,0.0,48.0,48.0,2.0,,2.0,,,,,,,2.0,,,,,,,,,,,,,,,,,,,,,0.0,,0.0,0.0,0.0,0.0,0.0,0.0,0.0,27.0,0.0,2.99,0.1,False,False,False,,False,False,False,False,False,False,False,True,False,,,,,,,,,,,,,,,,,,,,,,,,,,,,,,,,,,,,,,,,
012444903348_dsl,Gurgaon,108.0,NKOT0F01CE7E,NOKIA,8E9D83596BDF,Haryana,0.0,0.0,0.0,0.0,100.0,4.17,,,0.0,,0.0,0.0,0.0,0.0,,0.0,2.96,0.24,AOT4221NK,,,,,False,False,False,False,,False,False,False,False,,False,1462.0,0.0,1462.0,2675004223.0,2675004223.0,64182259508.0,1462.0,1462.0,,1462.0,1462.0,0.0,1462.0,,,,,,,,,,,,,,,,,,,,,,,,,,,,,,,,,,,,,,,,,,,,,,,,,,,,,,,,,,,,,,,,,,,,,,,,,,,,,,,,,,,,,,,,,,,,,,,,,,,,,,,,,,,,1462.0,0.0,1462.0,0.0,1462.0,1462.0,1462.0,,1462.0,,,,,,,1462.0,,,,,,,,,,,,,,,,,,,,,0.0,,0.0,0.0,0.0,0.0,0.0,0.0,0.0,,0.0,2.96,0.24,,,False,,False,False,False,False,False,False,False,,False,,,,,,,,,,,,,,,,,,,,,,,,,,,,,,,,,,,,,,,,
01244054723_dsl,Gurgaon,108.0,NKOT0F0226EE,NOKIA,FA221A76C102,Haryana,0.0,0.0,0.0,10.46,89.54,1.54,True,False,0.0,15.0,61.84,79.73,0.0,0.0,0.0,0.0,0.22,0.13,AOT4221NK,iPhone,,,,False,False,False,False,True,True,True,False,False,False,False,3048.0,0.0,3048.0,770305024.0,770305024.0,49885177856.0,566.0,566.0,439.0,127.0,566.0,439.0,127.0,,,,,,,,,,,,,,,,,,,,,,,,,,,,,,,,,,,,,,,,,,,,,,,,,,,,,,,,,,,,,,,,,,,,,,,,,,,,,,,,,,,,,,,,,,,,,,,,,,,,,,,,,,,,566.0,439.0,127.0,0.0,3048.0,3048.0,566.0,439.0,127.0,,,,,,,566.0,,,,,,,,,,,,,,,,,,,,,0.0,0.0,0.0,0.0,0.0,0.0,61.84,79.73,0.0,15.0,0.0,0.22,0.13,True,False,False,False,False,False,False,False,True,True,False,True,False,,,,,,,,,,,,,,,,,,,,,,,,,,,,,,,,,,,,,,,,
012445159575_dsl,Gurgaon,108.0,ZYOTFD000042,NOKIA,C20991673E48,Haryana,1.4,0.0,1.4,0.0,100.0,4.56,,,0.0,,0.0,0.0,0.0,1.4,,1.4,0.58,0.18,AOT5221ZY,,,,,False,False,False,False,,False,False,False,False,,False,27456.0,0.0,27456.0,3596001280.0,3596001280.0,78866704384.0,1144.0,1144.0,,1144.0,1144.0,0.0,1144.0,,,,,,,,,,,,,,,,,,,,,,,,,,,,,,,,,,,,,,,,,,,,,,,,,,,,,,,,,,,,,,,,,,,,,,,,,,,,,,,,,,,,,,,,,,,,,,,,,,,,,,,,,,,,1144.0,0.0,1144.0,0.0,27456.0,27456.0,1144.0,,1144.0,,,,,,,1144.0,,,,,,,,,,,,,,,,,,,,,1.4,,1.4,1.4,0.0,1.4,0.0,0.0,0.0,,0.0,0.58,0.18,,,False,,False,False,False,False,False,False,False,,False,,,,,,,,,,,,,,,,,,,,,,,,,,,,,,,,,,,,,,,,
012444801137_dsl,Gurgaon,108.0,NKOTDF000165,NOKIA,8CD0B2169430,Haryana,,,,100.0,0.0,0.53,,,0.0,,52.2,52.2,0.0,0.0,0.0,,0.0,0.0,AAP321NK,,,,,,,,False,,False,False,False,False,False,,,,,86267904.0,86267904.0,16142861312.0,1389.0,1389.0,1389.0,,1389.0,1389.0,0.0,,,,,,,,,,,,,,,,,,,,,,,,,,,,,,,,,,,,,,,,,,,,,,,,,,,,,,,,,,,,,,,,,,,,,,,,,,,,,,,,,,,,,,,,,,,,,,,,,,,,,,,,,,,,1389.0,1389.0,0.0,,,,1389.0,1389.0,,,,,,,,1389.0,,,,,,,,,,,,,,,,,,,,,0.0,0.0,,,,,52.2,52.2,0.0,,0.0,0.0,0.0,,,False,False,,,,,False,False,False,,False,,,,,,,,,,,,,,,,,,,,,,,,,,,,,,,,,,,,,,,,
012445118300_dsl,Gurgaon,108.0,NKOT0F01D2BA,NOKIA,8C2AC12B0202,Haryana,,,,100.0,0.0,67.08,False,False,0.0,3.0,92.83,92.83,0.0,0.42,0.42,,3.92,0.18,AOT4221NK,LGwebOSTV,TV,LG Electronics,,,,,False,False,True,True,False,False,False,,,,,10204598272.0,10204598272.0,15212725248.0,949.0,949.0,949.0,,949.0,949.0,0.0,,,,,,,,,,,,,,,,,,,,,,,,,,,,,,,,,,,,,,,,,,,,,,,,,,,,,,,,,,,,,,,,,,,,,,,,,,,,,,,,,,,,,,,,,,,,,,,,,,,,,,,,,,,,949.0,949.0,0.0,,,,949.0,949.0,,,,,,,,949.0,,,,,,,,,,,,,,,,,,,,,0.42,0.42,,,,,92.83,92.83,0.0,3.0,0.0,3.92,0.18,False,False,False,False,,,,,True,True,False,False,False,,,,,,,,,,,,,,,,,,,,,,,,,,,,,,,,,,,,,,,,
012447957675_dsl,Gurgaon,108.0,ZYOT5E069474,NOKIA,D6E775D0DE6D,Haryana,0.0,0.0,0.0,0.0,100.0,0.36,False,False,0.0,1.0,0.0,0.0,0.0,0.0,,0.0,0.01,0.01,AOT5221ZY,,,,,False,False,False,False,False,False,False,False,False,,False,14664.0,0.0,14664.0,63736832.0,63736832.0,17930101760.0,611.0,611.0,,611.0,611.0,0.0,611.0,,,,,,,,,,,,,,,,,,,,,,,,,,,,,,,,,,,,,,,,,,,,,,,,,,,,,,,,,,,,,,,,,,,,,,,,,,,,,,,,,,,,,,,,,,,,,,,,,,,,,,,,,,,,611.0,0.0,611.0,0.0,14664.0,14664.0,611.0,,611.0,,,,,,,611.0,,,,,,,,,,,,,,,,,,,,,0.0,,0.0,0.0,0.0,0.0,0.0,0.0,0.0,1.0,0.0,0.01,0.01,False,False,False,,False,False,False,False,False,False,False,False,False,,,,,,,,,,,,,,,,,,,,,,,,,,,,,,,,,,,,,,,,
012436398608_dsl,Gurgaon,108.0,NKOTDF0001E7,NOKIA,EAD4701DA67C,Haryana,0.0,0.0,0.0,0.0,100.0,6.7,,,0.0,,0.0,0.0,0.0,0.0,,0.0,1.28,0.02,AOT4221NK,,,,,False,False,False,False,,False,False,False,False,,False,30648.0,0.0,30648.0,3339095040.0,3339095040.0,49840664576.0,1277.0,1277.0,,1277.0,1277.0,0.0,1277.0,,,,,,,,,,,,,,,,,,,,,,,,,,,,,,,,,,,,,,,,,,,,,,,,,,,,,,,,,,,,,,,,,,,,,,,,,,,,,,,,,,,,,,,,,,,,,,,,,,,,,,,,,,,,1277.0,0.0,1277.0,0.0,30648.0,30648.0,1277.0,,1277.0,,,,,,,1277.0,,,,,,,,,,,,,,,,,,,,,0.0,,0.0,0.0,0.0,0.0,0.0,0.0,0.0,,0.0,1.28,0.02,,,False,,False,False,False,False,False,False,False,,False,,,,,,,,,,,,,,,,,,,,,,,,,,,,,,,,,,,,,,,,
012444801137_dsl,Gurgaon,108.0,NKOTDF000165,NOKIA,5A41573787E4,Haryana,0.0,0.0,0.0,0.0,100.0,5.03,,,0.0,,0.0,0.0,0.0,0.0,,0.0,1.2,0.03,AAP321NK,,,,,False,False,False,False,,False,False,False,False,,False,34200.0,0.0,34200.0,812600320.0,812600320.0,16142861312.0,1425.0,1425.0,,1425.0,1425.0,0.0,1425.0,,,,,,,,,,,,,,,,,,,,,,,,,,,,,,,,,,,,,,,,,,,,,,,,,,,,,,,,,,,,,,,,,,,,,,,,,,,,,,,,,,,,,,,,,,,,,,,,,,,,,,,,,,,,1425.0,0.0,1425.0,0.0,34200.0,34200.0,1425.0,,1425.0,,,,,,,1425.0,,,,,,,,,,,,,,,,,,,,,0.0,,0.0,0.0,0.0,0.0,0.0,0.0,0.0,,0.0,1.2,0.03,,,False,,False,False,False,False,False,False,False,,False,,,,,,,,,,,,,,,,,,,,,,,,,,,,,,,,,,,,,,,,
01244081160_dsl,Gurgaon,108.0,NKOT0F01CE6F,NOKIA,982CC65FE490,Haryana,0.0,0.0,0.0,0.0,100.0,4.41,False,False,0.0,2.0,0.0,0.0,0.0,0.0,,0.0,1.68,0.08,AOT4221NK,XstreamIPTV2-SM,OTHER,Sernet (Suzhou) Technologies,,False,False,False,False,False,False,False,False,False,,False,10704.0,0.0,10704.0,1093799936.0,1093799936.0,24828035177.0,446.0,446.0,,446.0,446.0,0.0,446.0,,,,,,,,,,,,,,,,,,,,,,,,,,,,,,,,,,,,,,,,,,,,,,,,,,,,,,,,,,,,,,,,,,,,,,,,,,,,,,,,,,,,,,,,,,,,,,,,,,,,,,,,,,,,446.0,0.0,446.0,0.0,10704.0,10704.0,446.0,,446.0,,,,,,,446.0,,,,,,,,,,,,,,,,,,,,,0.0,,0.0,0.0,0.0,0.0,0.0,0.0,0.0,2.0,0.0,1.68,0.08,False,False,False,,False,False,False,False,False,False,False,False,False,,,,,,,,,,,,,,,,,,,,,,,,,,,,,,,,,,,,,,,,
01244081160_dsl,Gurgaon,108.0,NKOT0F01CE6F,NOKIA,4267BD61106B,Haryana,9.09,0.0,9.09,0.0,100.0,2.37,False,False,0.0,32.0,0.0,0.0,0.0,9.09,,9.09,0.63,0.03,AOT4221NK,iPhone,PHONE,Apple,iPhone,False,False,False,False,True,False,False,False,False,,False,2376.0,0.0,2376.0,588506112.0,588506112.0,24828035177.0,99.0,99.0,,99.0,99.0,0.0,99.0,,,,,,,,,,,,,,,,,,,,,,,,,,,,,,,,,,,,,,,,,,,,,,,,,,,,,,,,,,,,,,,,,,,,,,,,,,,,,,,,,,,,,,,,,,,,,,,,,,,,,,,,,,,,99.0,0.0,99.0,0.0,2376.0,2376.0,99.0,,99.0,,,,,,,99.0,,,,,,,,,,,,,,,,,,,,,9.09,,9.09,9.09,0.0,9.09,0.0,0.0,0.0,32.0,0.0,0.63,0.03,False,False,False,,False,False,False,False,False,False,False,True,False,,,,,,,,,,,,,,,,,,,,,,,,,,,,,,,,,,,,,,,,
012447957675_dsl,Gurgaon,108.0,ZYOT5E069474,NOKIA,1A439244E504,Haryana,0.0,0.0,0.0,0.0,100.0,1.13,False,False,0.0,5.0,0.0,0.0,0.0,0.0,,0.0,0.04,0.02,AOT5221ZY,,,,,False,False,False,False,False,False,False,False,False,,False,23448.0,0.0,23448.0,202413056.0,202413056.0,17930101760.0,977.0,977.0,,977.0,977.0,0.0,977.0,,,,,,,,,,,,,,,,,,,,,,,,,,,,,,,,,,,,,,,,,,,,,,,,,,,,,,,,,,,,,,,,,,,,,,,,,,,,,,,,,,,,,,,,,,,,,,,,,,,,,,,,,,,,977.0,0.0,977.0,0.0,23448.0,23448.0,977.0,,977.0,,,,,,,977.0,,,,,,,,,,,,,,,,,,,,,0.0,,0.0,0.0,0.0,0.0,0.0,0.0,0.0,5.0,0.0,0.04,0.02,False,False,False,,False,False,False,False,False,False,False,False,False,,,,,,,,,,,,,,,,,,,,,,,,,,,,,,,,,,,,,,,,
012445118300_dsl,Gurgaon,108.0,NKOT0F01D2BA,NOKIA,F2E5225B80EE,Haryana,0.0,0.0,0.0,0.0,100.0,1.89,False,False,0.0,16.0,0.0,0.0,0.0,0.0,,0.0,0.06,0.01,AOT4221NK,iPhone,PHONE,Apple,iPhone,False,False,False,False,True,False,False,False,False,,False,6240.0,0.0,6240.0,286866432.0,286866432.0,15212725248.0,260.0,260.0,,260.0,260.0,0.0,260.0,,,,,,,,,,,,,,,,,,,,,,,,,,,,,,,,,,,,,,,,,,,,,,,,,,,,,,,,,,,,,,,,,,,,,,,,,,,,,,,,,,,,,,,,,,,,,,,,,,,,,,,,,,,,260.0,0.0,260.0,0.0,6240.0,6240.0,260.0,,260.0,,,,,,,260.0,,,,,,,,,,,,,,,,,,,,,0.0,,0.0,0.0,0.0,0.0,0.0,0.0,0.0,16.0,0.0,0.06,0.01,False,False,False,,False,False,False,False,False,False,False,True,False,,,,,,,,,,,,,,,,,,,,,,,,,,,,,,,,,,,,,,,,
012444801137_dsl,Gurgaon,108.0,NKOTDF000165,NOKIA,1ADDCC588ACB,Haryana,0.0,0.0,0.0,0.0,100.0,64.11,False,False,0.0,6.0,0.0,0.0,0.0,0.0,,0.0,0.77,0.06,AAP321NK,,,,,False,False,False,False,True,False,False,False,False,,False,21432.0,0.0,21432.0,10348673024.0,10348673024.0,16142861312.0,893.0,893.0,,893.0,893.0,0.0,893.0,,,,,,,,,,,,,,,,,,,,,,,,,,,,,,,,,,,,,,,,,,,,,,,,,,,,,,,,,,,,,,,,,,,,,,,,,,,,,,,,,,,,,,,,,,,,,,,,,,,,,,,,,,,,893.0,0.0,893.0,0.0,21432.0,21432.0,893.0,,893.0,,,,,,,893.0,,,,,,,,,,,,,,,,,,,,,0.0,,0.0,0.0,0.0,0.0,0.0,0.0,0.0,6.0,0.0,0.77,0.06,False,False,False,,False,False,False,False,False,False,False,True,False,,,,,,,,,,,,,,,,,,,,,,,,,,,,,,,,,,,,,,,,
012445159575_dsl,Gurgaon,108.0,ZYOTFD000042,NOKIA,B24C6E7E6054,Haryana,60.17,0.0,60.17,0.0,100.0,9.13,,,0.0,,2.24,0.0,2.24,60.17,,60.17,1.64,0.45,AOT5221ZY,,,,,True,False,True,False,,False,False,False,True,,True,17112.0,0.0,17112.0,7201339392.0,7201339392.0,78866704384.0,713.0,713.0,,713.0,713.0,0.0,713.0,,,,,,,,,,,,,,,,,,,,,,,,,,,,,,,,,,,,,,,,,,,,,,,,,,,,,,,,,,,,,,,,,,,,,,,,,,,,,,,,,,,,,,,,,,,,,,,,,,,,,,,,,,,,713.0,0.0,713.0,0.0,17112.0,17112.0,713.0,,713.0,,,,,,,713.0,,,,,,,,,,,,,,,,,,,,,60.17,,60.17,60.17,0.0,60.17,2.24,0.0,2.24,,0.0,1.64,0.45,,,True,,True,True,False,True,False,False,False,,False,,,,,,,,,,,,,,,,,,,,,,,,,,,,,,,,,,,,,,,,
012436398608_dsl,Gurgaon,108.0,NKOTDF0001E7,NOKIA,4A2B8C8008F5,Haryana,0.0,0.0,0.0,18.71,81.29,15.65,False,False,0.0,5.0,38.47,51.83,0.0,0.0,0.0,0.0,1.72,0.05,AOT4221NK,OnePlus-Nord-CE3-5G,,,,False,False,False,False,False,False,False,False,False,False,False,5016.0,0.0,5016.0,7802185728.0,7802185728.0,49840664576.0,811.0,811.0,602.0,209.0,811.0,602.0,209.0,,,,,,,,,,,,,,,,,,,,,,,,,,,,,,,,,,,,,,,,,,,,,,,,,,,,,,,,,,,,,,,,,,,,,,,,,,,,,,,,,,,,,,,,,,,,,,,,,,,,,,,,,,,,811.0,602.0,209.0,0.0,5016.0,5016.0,811.0,602.0,209.0,,,,,,,811.0,,,,,,,,,,,,,,,,,,,,,0.0,0.0,0.0,0.0,0.0,0.0,38.47,51.83,0.0,5.0,0.0,1.72,0.05,False,False,False,False,False,False,False,False,False,False,False,False,False,,,,,,,,,,,,,,,,,,,,,,,,,,,,,,,,,,,,,,,,
012447957675_dsl,Gurgaon,108.0,ZYOT5E069474,NOKIA,401A58606B5F,Haryana,0.0,0.0,0.0,0.0,100.0,48.2,False,True,0.0,2.0,0.0,0.0,0.0,0.0,,0.0,8.12,0.59,AOT5221ZY,Unknown_40:1a:58:60:6b:5f,,,,False,False,False,False,False,False,False,False,False,,False,12456.0,0.0,12456.0,8641601536.0,8641601536.0,17930101760.0,519.0,519.0,,519.0,519.0,0.0,519.0,,,,,,,,,,,,,,,,,,,,,,,,,,,,,,,,,,,,,,,,,,,,,,,,,,,,,,,,,,,,,,,,,,,,,,,,,,,,,,,,,,,,,,,,,,,,,,,,,,,,,,,,,,,,519.0,0.0,519.0,0.0,12456.0,12456.0,519.0,,519.0,,,,,,,519.0,,,,,,,,,,,,,,,,,,,,,0.0,,0.0,0.0,0.0,0.0,0.0,0.0,0.0,2.0,0.0,8.12,0.59,False,True,False,,False,False,False,False,False,False,False,False,False,,,,,,,,,,,,,,,,,,,,,,,,,,,,,,,,,,,,,,,,
012445118300_dsl,Gurgaon,108.0,NKOT0F01D2BA,NOKIA,48E15C8D0707,Haryana,0.0,0.0,0.0,0.0,100.0,0.75,,,0.0,,0.0,0.0,0.0,0.0,,0.0,0.0,0.01,AOT4221NK,,,,,False,False,False,False,,False,False,False,False,,False,33312.0,0.0,33312.0,113915904.0,113915904.0,15212725248.0,1388.0,1388.0,,1388.0,1388.0,0.0,1388.0,,,,,,,,,,,,,,,,,,,,,,,,,,,,,,,,,,,,,,,,,,,,,,,,,,,,,,,,,,,,,,,,,,,,,,,,,,,,,,,,,,,,,,,,,,,,,,,,,,,,,,,,,,,,1388.0,0.0,1388.0,0.0,33312.0,33312.0,1388.0,,1388.0,,,,,,,1388.0,,,,,,,,,,,,,,,,,,,,,0.0,,0.0,0.0,0.0,0.0,0.0,0.0,0.0,,0.0,0.0,0.01,,,False,,False,False,False,False,False,False,False,,False,,,,,,,,,,,,,,,,,,,,,,,,,,,,,,,,,,,,,,,,
012436398608_dsl,Gurgaon,108.0,NKOTDF0001E7,NOKIA,FAB7B87A32B0,Haryana,0.0,0.0,0.0,69.74,30.26,3.16,False,False,0.0,6.0,0.0,0.0,0.0,0.0,0.0,0.0,1.48,0.13,AOT4221NK,,,,,False,False,False,False,True,False,False,False,False,False,False,240.0,0.0,240.0,1576390656.0,1576390656.0,49840664576.0,37.0,37.0,27.0,10.0,37.0,27.0,10.0,,,,,,,,,,,,,,,,,,,,,,,,,,,,,,,,,,,,,,,,,,,,,,,,,,,,,,,,,,,,,,,,,,,,,,,,,,,,,,,,,,,,,,,,,,,,,,,,,,,,,,,,,,,,37.0,27.0,10.0,0.0,240.0,240.0,37.0,27.0,10.0,,,,,,,37.0,,,,,,,,,,,,,,,,,,,,,0.0,0.0,0.0,0.0,0.0,0.0,0.0,0.0,0.0,6.0,0.0,1.48,0.13,False,False,False,False,False,False,False,False,False,False,False,True,False,,,,,,,,,,,,,,,,,,,,,,,,,,,,,,,,,,,,,,,,
01244054723_dsl,Gurgaon,108.0,NKOT0F0226EE,NOKIA,CC6B1E9D361D,Haryana,0.0,0.0,0.0,0.0,100.0,11.98,False,True,0.0,7.0,56.5,0.0,56.5,0.0,,0.0,8.09,0.47,AOT4221NK,LAPTOP-333I3CKG,,,,False,False,False,False,True,False,False,False,False,,False,11256.0,0.0,11256.0,5974281216.0,5974281216.0,49885177856.0,469.0,469.0,,469.0,469.0,0.0,469.0,,,,,,,,,,,,,,,,,,,,,,,,,,,,,,,,,,,,,,,,,,,,,,,,,,,,,,,,,,,,,,,,,,,,,,,,,,,,,,,,,,,,,,,,,,,,,,,,,,,,,,,,,,,,469.0,0.0,469.0,0.0,11256.0,11256.0,469.0,,469.0,,,,,,,469.0,,,,,,,,,,,,,,,,,,,,,0.0,,0.0,0.0,0.0,0.0,56.5,0.0,56.5,7.0,0.0,8.09,0.47,False,True,False,,False,False,False,False,False,False,False,True,False,,,,,,,,,,,,,,,,,,,,,,,,,,,,,,,,,,,,,,,,
01244054723_dsl,Gurgaon,108.0,NKOT0F0226EE,NOKIA,5AA1E0C63E20,Haryana,0.0,0.0,0.0,6.37,93.63,23.99,False,False,0.0,21.0,3.49,8.2,0.0,0.08,0.2,0.0,1.53,0.07,AOT4221NK,Pixel-8a,,,,False,False,False,False,True,False,False,False,False,False,False,16560.0,0.0,16560.0,11969348608.0,11969348608.0,49885177856.0,1202.0,1202.0,512.0,690.0,1202.0,512.0,690.0,,,,,,,,,,,,,,,,,,,,,,,,,,,,,,,,,,,,,,,,,,,,,,,,,,,,,,,,,,,,,,,,,,,,,,,,,,,,,,,,,,,,,,,,,,,,,,,,,,,,,,,,,,,,1202.0,512.0,690.0,0.0,16560.0,16560.0,1202.0,512.0,690.0,,,,,,,1202.0,,,,,,,,,,,,,,,,,,,,,0.08,0.2,0.0,0.0,0.0,0.0,3.49,8.2,0.0,21.0,0.0,1.53,0.07,False,False,False,False,False,False,False,False,False,False,False,True,False,,,,,,,,,,,,,,,,,,,,,,,,,,,,,,,,,,,,,,,,
012445118300_dsl,Gurgaon,108.0,NKOT0F01D2BA,NOKIA,AADC7D1DFBBF,Haryana,0.0,0.0,0.0,0.0,100.0,4.37,False,False,0.0,12.0,0.0,0.0,0.0,0.0,,0.0,0.32,3.52,AOT4221NK,iPhone,,,,False,False,False,False,True,False,False,False,False,,False,12960.0,0.0,12960.0,664422400.0,664422400.0,15212725248.0,540.0,540.0,,540.0,540.0,0.0,540.0,,,,,,,,,,,,,,,,,,,,,,,,,,,,,,,,,,,,,,,,,,,,,,,,,,,,,,,,,,,,,,,,,,,,,,,,,,,,,,,,,,,,,,,,,,,,,,,,,,,,,,,,,,,,540.0,0.0,540.0,0.0,12960.0,12960.0,540.0,,540.0,,,,,,,540.0,,,,,,,,,,,,,,,,,,,,,0.0,,0.0,0.0,0.0,0.0,0.0,0.0,0.0,12.0,0.0,0.32,3.52,False,False,False,,False,False,False,False,False,False,False,True,False,,,,,,,,,,,,,,,,,,,,,,,,,,,,,,,,,,,,,,,,
012447957675_dsl,Gurgaon,108.0,ZYOT5E069474,NOKIA,46676779B267,Haryana,0.0,0.0,0.0,0.0,100.0,24.87,False,False,0.0,2.0,0.0,0.0,0.0,0.0,,0.0,1.18,0.54,AOT5221ZY,,,,,False,False,False,False,False,False,False,False,False,,False,14664.0,0.0,14664.0,4458854400.0,4458854400.0,17930101760.0,611.0,611.0,,611.0,611.0,0.0,611.0,,,,,,,,,,,,,,,,,,,,,,,,,,,,,,,,,,,,,,,,,,,,,,,,,,,,,,,,,,,,,,,,,,,,,,,,,,,,,,,,,,,,,,,,,,,,,,,,,,,,,,,,,,,,611.0,0.0,611.0,0.0,14664.0,14664.0,611.0,,611.0,,,,,,,611.0,,,,,,,,,,,,,,,,,,,,,0.0,,0.0,0.0,0.0,0.0,0.0,0.0,0.0,2.0,0.0,1.18,0.54,False,False,False,,False,False,False,False,False,False,False,False,False,,,,,,,,,,,,,,,,,,,,,,,,,,,,,,,,,,,,,,,,
012445118300_dsl,Gurgaon,108.0,NKOT0F01D2BA,NOKIA,02B8F490E9C4,Haryana,0.0,0.0,0.0,0.0,100.0,8.17,True,False,0.0,11.0,17.91,0.0,17.91,0.0,,0.0,1.1,0.03,AOT4221NK,OnePlus-Nord-CE3-5G,PHONE,OnePlus,Nord CE3,False,False,False,False,True,False,False,False,False,,False,8712.0,0.0,8712.0,1242871808.0,1242871808.0,15212725248.0,363.0,363.0,,363.0,363.0,0.0,363.0,,,,,,,,,,,,,,,,,,,,,,,,,,,,,,,,,,,,,,,,,,,,,,,,,,,,,,,,,,,,,,,,,,,,,,,,,,,,,,,,,,,,,,,,,,,,,,,,,,,,,,,,,,,,363.0,0.0,363.0,0.0,8712.0,8712.0,363.0,,363.0,,,,,,,363.0,,,,,,,,,,,,,,,,,,,,,0.0,,0.0,0.0,0.0,0.0,17.91,0.0,17.91,11.0,0.0,1.1,0.03,True,False,False,,False,False,False,False,False,False,False,True,False,,,,,,,,,,,,,,,,,,,,,,,,,,,,,,,,,,,,,,,,
01244081160_dsl,Gurgaon,108.0,NKOT0F01CE6F,NOKIA,6854FD250B98,Haryana,,,,100.0,0.0,1.35,False,False,0.0,2.0,0.0,0.0,0.0,0.0,0.0,,0.07,0.03,AOT4221NK,amazon-f290ecf4f,VOICE_ASSISTANT,Amazon,Echo,,,,False,False,False,False,False,False,False,,,,,333965312.0,333965312.0,24828035177.0,1277.0,1277.0,1277.0,,1277.0,1277.0,0.0,,,,,,,,,,,,,,,,,,,,,,,,,,,,,,,,,,,,,,,,,,,,,,,,,,,,,,,,,,,,,,,,,,,,,,,,,,,,,,,,,,,,,,,,,,,,,,,,,,,,,,,,,,,,1277.0,1277.0,0.0,,,,1277.0,1277.0,,,,,,,,1277.0,,,,,,,,,,,,,,,,,,,,,0.0,0.0,,,,,0.0,0.0,0.0,2.0,0.0,0.07,0.03,False,False,False,False,,,,,False,False,False,False,False,,,,,,,,,,,,,,,,,,,,,,,,,,,,,,,,,,,,,,,,
01244054723_dsl,Gurgaon,108.0,NKOT0F0226EE,NOKIA,62A173AB08D4,Haryana,0.0,0.0,0.0,0.0,100.0,1.43,False,False,0.0,2.0,0.0,0.0,0.0,0.0,,0.0,0.24,0.02,AOT4221NK,,,,,False,False,False,False,False,False,False,False,False,,False,840.0,0.0,840.0,715370496.0,715370496.0,49885177856.0,35.0,35.0,,35.0,35.0,0.0,35.0,,,,,,,,,,,,,,,,,,,,,,,,,,,,,,,,,,,,,,,,,,,,,,,,,,,,,,,,,,,,,,,,,,,,,,,,,,,,,,,,,,,,,,,,,,,,,,,,,,,,,,,,,,,,35.0,0.0,35.0,0.0,840.0,840.0,35.0,,35.0,,,,,,,35.0,,,,,,,,,,,,,,,,,,,,,0.0,,0.0,0.0,0.0,0.0,0.0,0.0,0.0,2.0,0.0,0.24,0.02,False,False,False,,False,False,False,False,False,False,False,False,False,,,,,,,,,,,,,,,,,,,,,,,,,,,,,,,,,,,,,,,,
012445118300_dsl,Gurgaon,108.0,NKOT0F01D2BA,NOKIA,50DCE7D68D34,Haryana,0.0,0.0,0.0,0.0,100.0,3.33,False,False,0.0,1.0,0.0,0.0,0.0,0.0,,0.0,0.32,0.01,AOT4221NK,,,,,False,False,False,False,False,False,False,False,False,,False,14232.0,0.0,14232.0,505852928.0,505852928.0,15212725248.0,593.0,593.0,,593.0,593.0,0.0,593.0,,,,,,,,,,,,,,,,,,,,,,,,,,,,,,,,,,,,,,,,,,,,,,,,,,,,,,,,,,,,,,,,,,,,,,,,,,,,,,,,,,,,,,,,,,,,,,,,,,,,,,,,,,,,593.0,0.0,593.0,0.0,14232.0,14232.0,593.0,,593.0,,,,,,,593.0,,,,,,,,,,,,,,,,,,,,,0.0,,0.0,0.0,0.0,0.0,0.0,0.0,0.0,1.0,0.0,0.32,0.01,False,False,False,,False,False,False,False,False,False,False,False,False,,,,,,,,,,,,,,,,,,,,,,,,,,,,,,,,,,,,,,,,
01246472327_dsl,Gurgaon,108.0,NKOTA0000592,NOKIA,481B40DAC1F0,Haryana,0.0,0.0,0.0,0.0,100.0,1.07,,,0.0,,0.0,0.0,0.0,0.0,,0.0,0.0,0.03,AOT4221NK,,,,,False,False,False,False,,False,False,False,False,,False,35088.0,0.0,35088.0,208303104.0,208303104.0,19531211776.0,1462.0,1462.0,,1462.0,1462.0,0.0,1462.0,,,,,,,,,,,,,,,,,,,,,,,,,,,,,,,,,,,,,,,,,,,,,,,,,,,,,,,,,,,,,,,,,,,,,,,,,,,,,,,,,,,,,,,,,,,,,,,,,,,,,,,,,,,,1462.0,0.0,1462.0,0.0,35088.0,35088.0,1462.0,,1462.0,,,,,,,1462.0,,,,,,,,,,,,,,,,,,,,,0.0,,0.0,0.0,0.0,0.0,0.0,0.0,0.0,,0.0,0.0,0.03,,,False,,False,False,False,False,False,False,False,,False,,,,,,,,,,,,,,,,,,,,,,,,,,,,,,,,,,,,,,,,
012444903348_dsl,Gurgaon,108.0,NKOT0F01CE7E,NOKIA,5CEA1D30FB63,Haryana,0.0,0.0,0.0,0.0,100.0,48.6,,,0.0,,0.0,0.0,0.0,0.0,,0.0,5.68,0.07,AOT4221NK,,,,,False,False,False,False,,False,False,False,False,,False,1462.0,0.0,1462.0,31195420720.0,31195420720.0,64182259508.0,1462.0,1462.0,,1462.0,1462.0,0.0,1462.0,,,,,,,,,,,,,,,,,,,,,,,,,,,,,,,,,,,,,,,,,,,,,,,,,,,,,,,,,,,,,,,,,,,,,,,,,,,,,,,,,,,,,,,,,,,,,,,,,,,,,,,,,,,,1462.0,0.0,1462.0,0.0,1462.0,1462.0,1462.0,,1462.0,,,,,,,1462.0,,,,,,,,,,,,,,,,,,,,,0.0,,0.0,0.0,0.0,0.0,0.0,0.0,0.0,,0.0,5.68,0.07,,,False,,False,False,False,False,False,False,False,,False,,,,,,,,,,,,,,,,,,,,,,,,,,,,,,,,,,,,,,,,
012444903348_dsl,Gurgaon,108.0,NKOT0F01CE7E,NOKIA,82A170AF2571,Haryana,0.0,0.0,0.0,87.27,12.73,8.58,False,False,0.0,14.0,85.59,88.34,0.0,0.0,0.0,0.0,3.23,0.19,AOT4221NK,realme-15T,PHONE,,15T,False,False,False,False,True,True,True,False,False,False,False,7900.0,7889.0,11.0,5509154735.0,5509154735.0,64182259508.0,354.0,354.0,343.0,11.0,354.0,343.0,11.0,,,,,,,,,,,,,,,,,,,,,,,,,,,,,,,,,,,,,,,,,,,,,,,,,,,,,,,,,,,,,,,,,,,,,,,,,,,,,,,,,,,,,,,,,,,,,,,,,,,,,,,,,,,,354.0,343.0,11.0,7889.0,11.0,7900.0,354.0,343.0,11.0,,,,,,,354.0,,,,,,,,,,,,,,,,,,,,,0.0,0.0,0.0,0.0,0.0,0.0,85.59,88.34,0.0,14.0,0.0,3.23,0.19,False,False,False,False,False,False,False,False,True,True,False,True,False,,,,,,,,,,,,,,,,,,,,,,,,,,,,,,,,,,,,,,,,
01246472327_dsl,Gurgaon,108.0,NKOTA0000592,NOKIA,70317F1E11E4,Haryana,0.0,0.0,0.0,0.0,100.0,0.07,False,False,0.0,26.0,0.0,0.0,0.0,0.0,,0.0,0.78,0.05,AOT4221NK,Srijans-iPhone,PHONE,Apple,iPhone,False,False,False,False,True,False,False,False,False,,False,24.0,0.0,24.0,13237248.0,13237248.0,19531211776.0,1.0,1.0,,1.0,1.0,0.0,1.0,,,,,,,,,,,,,,,,,,,,,,,,,,,,,,,,,,,,,,,,,,,,,,,,,,,,,,,,,,,,,,,,,,,,,,,,,,,,,,,,,,,,,,,,,,,,,,,,,,,,,,,,,,,,1.0,0.0,1.0,0.0,24.0,24.0,1.0,,1.0,,,,,,,1.0,,,,,,,,,,,,,,,,,,,,,0.0,,0.0,0.0,0.0,0.0,0.0,0.0,0.0,26.0,0.0,0.78,0.05,False,False,False,,False,False,False,False,False,False,False,True,False,,,,,,,,,,,,,,,,,,,,,,,,,,,,,,,,,,,,,,,,
012444903348_dsl,Gurgaon,108.0,NKOT0F01CE7E,NOKIA,DE9EF3A73DC5,Haryana,3.4,3.4,0.0,96.41,3.59,0.0,False,True,0.0,36.0,100.0,100.0,100.0,4.05,4.09,0.0,0.01,0.01,AOT4221NK,,,,,False,False,False,False,True,True,True,True,False,False,False,5062.0,5060.0,2.0,810303.0,810303.0,64182259508.0,222.0,222.0,220.0,2.0,222.0,220.0,2.0,,,,,,,,,,,,,,,,,,,,,,,,,,,,,,,,,,,,,,,,,,,,,,,,,,,,,,,,,,,,,,,,,,,,,,,,,,,,,,,,,,,,,,,,,,,,,,,,,,,,,,,,,,,,222.0,220.0,2.0,5060.0,2.0,5062.0,222.0,220.0,2.0,,,,,,,222.0,,,,,,,,,,,,,,,,,,,,,4.05,4.09,0.0,3.4,3.4,0.0,100.0,100.0,100.0,36.0,0.0,0.01,0.01,False,True,False,False,False,False,False,False,True,True,True,True,False,,,,,,,,,,,,,,,,,,,,,,,,,,,,,,,,,,,,,,,,
012445159575_dsl,Gurgaon,108.0,ZYOTFD000042,NOKIA,4C1B86D3490C,Haryana,70.16,0.0,70.16,0.0,100.0,34.21,,,0.0,,5.16,0.0,5.16,70.16,,70.16,3.55,0.12,AOT5221ZY,,,,,True,False,True,False,,False,False,False,True,,True,14880.0,0.0,14880.0,26978505728.0,26978505728.0,78866704384.0,620.0,620.0,,620.0,620.0,0.0,620.0,,,,,,,,,,,,,,,,,,,,,,,,,,,,,,,,,,,,,,,,,,,,,,,,,,,,,,,,,,,,,,,,,,,,,,,,,,,,,,,,,,,,,,,,,,,,,,,,,,,,,,,,,,,,620.0,0.0,620.0,0.0,14880.0,14880.0,620.0,,620.0,,,,,,,620.0,,,,,,,,,,,,,,,,,,,,,70.16,,70.16,70.16,0.0,70.16,5.16,0.0,5.16,,0.0,3.55,0.12,,,True,,True,True,False,True,False,False,False,,False,,,,,,,,,,,,,,,,,,,,,,,,,,,,,,,,,,,,,,,,
012447957675_dsl,Gurgaon,108.0,ZYOT5E069474,NOKIA,324ED16F1BEC,Haryana,0.0,0.0,0.0,0.0,100.0,7.74,False,False,0.0,2.0,0.0,0.0,0.0,0.0,,0.0,0.18,0.0,AOT5221ZY,spradit,,,,False,False,False,False,False,False,False,False,False,,False,14664.0,0.0,14664.0,1388632064.0,1388632064.0,17930101760.0,611.0,611.0,,611.0,611.0,0.0,611.0,,,,,,,,,,,,,,,,,,,,,,,,,,,,,,,,,,,,,,,,,,,,,,,,,,,,,,,,,,,,,,,,,,,,,,,,,,,,,,,,,,,,,,,,,,,,,,,,,,,,,,,,,,,,611.0,0.0,611.0,0.0,14664.0,14664.0,611.0,,611.0,,,,,,,611.0,,,,,,,,,,,,,,,,,,,,,0.0,,0.0,0.0,0.0,0.0,0.0,0.0,0.0,2.0,0.0,0.18,0.0,False,False,False,,False,False,False,False,False,False,False,False,False,,,,,,,,,,,,,,,,,,,,,,,,,,,,,,,,,,,,,,,,
012444903348_dsl,Gurgaon,108.0,NKOT0F01CE7E,NOKIA,C25FF6C7715F,Haryana,5.49,5.49,0.0,100.0,0.0,9.62,False,False,0.0,54.0,95.91,95.91,0.0,26.34,26.34,,1.62,0.04,AOT4221NK,realme-C11-2021,,,,False,False,False,False,True,True,True,False,False,False,,8993.0,8993.0,0.0,6176860328.0,6176860328.0,64182259508.0,391.0,391.0,391.0,,391.0,391.0,0.0,,,,,,,,,,,,,,,,,,,,,,,,,,,,,,,,,,,,,,,,,,,,,,,,,,,,,,,,,,,,,,,,,,,,,,,,,,,,,,,,,,,,,,,,,,,,,,,,,,,,,,,,,,,,391.0,391.0,0.0,8993.0,0.0,8993.0,391.0,391.0,,,,,,,,391.0,,,,,,,,,,,,,,,,,,,,,26.34,26.34,,5.49,5.49,0.0,95.91,95.91,0.0,54.0,0.0,1.62,0.04,False,False,False,False,,False,False,False,True,True,False,True,False,,,,,,,,,,,,,,,,,,,,,,,,,,,,,,,,,,,,,,,,
01244081160_dsl,Gurgaon,108.0,NKOT0F01CE6F,NOKIA,DA662903C070,Haryana,0.0,0.0,0.0,0.0,100.0,10.29,False,False,0.0,5.0,0.0,0.0,0.0,0.0,,0.0,0.37,0.01,AOT4221NK,Mac,PC,Apple,Computer,False,False,False,False,False,False,False,False,False,,False,28224.0,0.0,28224.0,2554004480.0,2554004480.0,24828035177.0,1176.0,1176.0,,1176.0,1176.0,0.0,1176.0,,,,,,,,,,,,,,,,,,,,,,,,,,,,,,,,,,,,,,,,,,,,,,,,,,,,,,,,,,,,,,,,,,,,,,,,,,,,,,,,,,,,,,,,,,,,,,,,,,,,,,,,,,,,1176.0,0.0,1176.0,0.0,28224.0,28224.0,1176.0,,1176.0,,,,,,,1176.0,,,,,,,,,,,,,,,,,,,,,0.0,,0.0,0.0,0.0,0.0,0.0,0.0,0.0,5.0,0.0,0.37,0.01,False,False,False,,False,False,False,False,False,False,False,False,False,,,,,,,,,,,,,,,,,,,,,,,,,,,,,,,,,,,,,,,,
012444801137_dsl,Gurgaon,108.0,NKOTDF000165,NOKIA,9877D5D77618,Haryana,,,,100.0,0.0,0.01,False,False,0.0,0.0,66.67,66.67,0.0,0.0,0.0,,0.0,0.0,AAP321NK,wiz_d77618,SMART_HOME,WIZ,Light,,,,False,False,True,True,False,False,False,,,,,1548288.0,1548288.0,16142861312.0,27.0,27.0,27.0,,27.0,27.0,0.0,,,,,,,,,,,,,,,,,,,,,,,,,,,,,,,,,,,,,,,,,,,,,,,,,,,,,,,,,,,,,,,,,,,,,,,,,,,,,,,,,,,,,,,,,,,,,,,,,,,,,,,,,,,,27.0,27.0,0.0,,,,27.0,27.0,,,,,,,,27.0,,,,,,,,,,,,,,,,,,,,,0.0,0.0,,,,,66.67,66.67,0.0,0.0,0.0,0.0,0.0,False,False,False,False,,,,,True,True,False,False,False,,,,,,,,,,,,,,,,,,,,,,,,,,,,,,,,,,,,,,,,
012444801137_dsl,Gurgaon,108.0,NKOTDF000165,NOKIA,9877D5A4F5CE,Haryana,,,,100.0,0.0,0.01,False,False,0.0,0.0,66.67,66.67,0.0,0.0,0.0,,0.0,0.0,AAP321NK,wiz_a4f5ce,SMART_HOME,WIZ,Light,,,,False,False,True,True,False,False,False,,,,,1539072.0,1539072.0,16142861312.0,27.0,27.0,27.0,,27.0,27.0,0.0,,,,,,,,,,,,,,,,,,,,,,,,,,,,,,,,,,,,,,,,,,,,,,,,,,,,,,,,,,,,,,,,,,,,,,,,,,,,,,,,,,,,,,,,,,,,,,,,,,,,,,,,,,,,27.0,27.0,0.0,,,,27.0,27.0,,,,,,,,27.0,,,,,,,,,,,,,,,,,,,,,0.0,0.0,,,,,66.67,66.67,0.0,0.0,0.0,0.0,0.0,False,False,False,False,,,,,True,True,False,False,False,,,,,,,,,,,,,,,,,,,,,,,,,,,,,,,,,,,,,,,,
01246472327_dsl,Gurgaon,108.0,NKOTA0000592,NOKIA,2246CDEDC745,Haryana,0.0,0.0,0.0,0.0,100.0,90.06,False,False,0.0,23.0,0.0,0.0,0.0,0.0,,0.0,2.95,7.14,AOT4221NK,iPhone,,,,False,False,False,False,True,False,False,False,False,,False,31176.0,0.0,31176.0,17590243328.0,17590243328.0,19531211776.0,1299.0,1299.0,,1299.0,1299.0,0.0,1299.0,,,,,,,,,,,,,,,,,,,,,,,,,,,,,,,,,,,,,,,,,,,,,,,,,,,,,,,,,,,,,,,,,,,,,,,,,,,,,,,,,,,,,,,,,,,,,,,,,,,,,,,,,,,,1299.0,0.0,1299.0,0.0,31176.0,31176.0,1299.0,,1299.0,,,,,,,1299.0,,,,,,,,,,,,,,,,,,,,,0.0,,0.0,0.0,0.0,0.0,0.0,0.0,0.0,23.0,0.0,2.95,7.14,False,False,False,,False,False,False,False,False,False,False,True,False,,,,,,,,,,,,,,,,,,,,,,,,,,,,,,,,,,,,,,,,
012421019184_wifi,Gurgaon,108.0,ZYOTB0900058,NOKIA,DA3FF3404640,Haryana,17.39,0.0,17.39,0.0,100.0,1.56,False,False,0.0,2.0,0.0,0.0,0.0,17.39,,17.39,2.02,0.61,AOT5222ZY,Unknown_da:3f:f3:40:46:40,,,,False,False,False,False,False,False,False,False,False,,False,2116.0,0.0,2116.0,1014057984.0,1014057984.0,64887344128.0,92.0,92.0,,92.0,92.0,0.0,92.0,,,,,,,,,,,,,,,,,,,,,,,,,,,,,,,,,,,,,,,,,,,,,,,,,,,,,,,,,,,,,,,,,,,,,,,,,,,,,,,,,,,,,,,,,,,,,,,,,,,,,,,,,,,,92.0,0.0,92.0,0.0,2116.0,2116.0,92.0,,92.0,,,,,,,92.0,,,,,,,,,,,,,,,,,,,,,17.39,,17.39,17.39,0.0,17.39,0.0,0.0,0.0,2.0,0.0,2.02,0.61,False,False,False,,False,False,False,False,False,False,False,False,False,,,,,,,,,,,,,,,,,,,,,,,,,,,,,,,,,,,,,,,,
012444903348_dsl,Gurgaon,108.0,NKOT0F01CE7E,NOKIA,444201C1B177,Haryana,0.0,0.0,0.0,0.0,100.0,0.63,,,0.0,,0.0,0.0,0.0,0.0,,0.0,0.01,0.0,AOT4221NK,,,,,False,False,False,False,,False,False,False,False,,False,1425.0,0.0,1425.0,406742016.0,406742016.0,64182259508.0,1425.0,1425.0,,1425.0,1425.0,0.0,1425.0,,,,,,,,,,,,,,,,,,,,,,,,,,,,,,,,,,,,,,,,,,,,,,,,,,,,,,,,,,,,,,,,,,,,,,,,,,,,,,,,,,,,,,,,,,,,,,,,,,,,,,,,,,,,1425.0,0.0,1425.0,0.0,1425.0,1425.0,1425.0,,1425.0,,,,,,,1425.0,,,,,,,,,,,,,,,,,,,,,0.0,,0.0,0.0,0.0,0.0,0.0,0.0,0.0,,0.0,0.01,0.0,,,False,,False,False,False,False,False,False,False,,False,,,,,,,,,,,,,,,,,,,,,,,,,,,,,,,,,,,,,,,,
012436398608_dsl,Gurgaon,108.0,NKOTDF0001E7,NOKIA,8E44C4BECA46,Haryana,0.0,0.0,0.0,0.0,100.0,2.08,False,False,0.0,11.0,0.0,0.0,0.0,0.0,,0.0,0.24,0.06,AOT4221NK,,,,,False,False,False,False,True,False,False,False,False,,False,3312.0,0.0,3312.0,1036254208.0,1036254208.0,49840664576.0,138.0,138.0,,138.0,138.0,0.0,138.0,,,,,,,,,,,,,,,,,,,,,,,,,,,,,,,,,,,,,,,,,,,,,,,,,,,,,,,,,,,,,,,,,,,,,,,,,,,,,,,,,,,,,,,,,,,,,,,,,,,,,,,,,,,,138.0,0.0,138.0,0.0,3312.0,3312.0,138.0,,138.0,,,,,,,138.0,,,,,,,,,,,,,,,,,,,,,0.0,,0.0,0.0,0.0,0.0,0.0,0.0,0.0,11.0,0.0,0.24,0.06,False,False,False,,False,False,False,False,False,False,False,True,False,,,,,,,,,,,,,,,,,,,,,,,,,,,,,,,,,,,,,,,,
012444903348_dsl,Gurgaon,108.0,NKOT0F01CE7E,NOKIA,32655446EDD7,Haryana,0.77,0.87,0.0,0.09,99.91,11.4,False,False,0.0,76.0,2.16,8.33,0.0,2.16,8.33,0.0,2.79,0.2,AOT4221NK,Galaxy-S25-Ultra,,,,False,False,False,False,True,False,False,False,False,False,False,3104.0,2760.0,344.0,7317934730.0,7317934730.0,64182259508.0,464.0,464.0,120.0,344.0,464.0,120.0,344.0,,,,,,,,,,,,,,,,,,,,,,,,,,,,,,,,,,,,,,,,,,,,,,,,,,,,,,,,,,,,,,,,,,,,,,,,,,,,,,,,,,,,,,,,,,,,,,,,,,,,,,,,,,,,464.0,120.0,344.0,2760.0,344.0,3104.0,464.0,120.0,344.0,,,,,,,464.0,,,,,,,,,,,,,,,,,,,,,2.16,8.33,0.0,0.77,0.87,0.0,2.16,8.33,0.0,76.0,0.0,2.79,0.2,False,False,False,False,False,False,False,False,False,False,False,True,False,,,,,,,,,,,,,,,,,,,,,,,,,,,,,,,,,,,,,,,,
01246472327_dsl,Gurgaon,108.0,NKOTA0000592,NOKIA,7C2ACA06CDA5,Haryana,0.0,0.0,0.0,0.0,100.0,0.01,False,False,0.0,4.0,0.0,0.0,0.0,0.0,,0.0,0.23,0.01,AOT4221NK,Rashims-iPad,TABLET,Apple,"iPad Pro 11"" 4th Gen (Wi-Fi+C)",False,False,False,False,False,False,False,False,False,,False,24.0,0.0,24.0,2181120.0,2181120.0,19531211776.0,1.0,1.0,,1.0,1.0,0.0,1.0,,,,,,,,,,,,,,,,,,,,,,,,,,,,,,,,,,,,,,,,,,,,,,,,,,,,,,,,,,,,,,,,,,,,,,,,,,,,,,,,,,,,,,,,,,,,,,,,,,,,,,,,,,,,1.0,0.0,1.0,0.0,24.0,24.0,1.0,,1.0,,,,,,,1.0,,,,,,,,,,,,,,,,,,,,,0.0,,0.0,0.0,0.0,0.0,0.0,0.0,0.0,4.0,0.0,0.23,0.01,False,False,False,,False,False,False,False,False,False,False,False,False,,,,,,,,,,,,,,,,,,,,,,,,,,,,,,,,,,,,,,,,
01244054723_dsl,Gurgaon,108.0,NKOT0F0226EE,NOKIA,866D51236BCF,Haryana,0.0,0.0,0.0,16.82,83.18,5.57,False,False,0.0,68.0,3.45,5.41,3.01,4.93,27.03,0.0,2.48,0.1,AOT4221NK,iPhone,PHONE,Apple,iPhone,False,False,False,False,True,False,False,False,False,False,False,3984.0,0.0,3984.0,2778217472.0,2778217472.0,49885177856.0,203.0,203.0,37.0,166.0,203.0,37.0,166.0,,,,,,,,,,,,,,,,,,,,,,,,,,,,,,,,,,,,,,,,,,,,,,,,,,,,,,,,,,,,,,,,,,,,,,,,,,,,,,,,,,,,,,,,,,,,,,,,,,,,,,,,,,,,203.0,37.0,166.0,0.0,3984.0,3984.0,203.0,37.0,166.0,,,,,,,203.0,,,,,,,,,,,,,,,,,,,,,4.93,27.03,0.0,0.0,0.0,0.0,3.45,5.41,3.01,68.0,0.0,2.48,0.1,False,False,False,False,False,False,False,False,False,False,False,True,False,,,,,,,,,,,,,,,,,,,,,,,,,,,,,,,,,,,,,,,,
012447957675_dsl,Gurgaon,108.0,ZYOT5E069474,NOKIA,8AA6D718D519,Haryana,0.0,0.0,0.0,0.0,100.0,0.57,False,False,0.0,0.0,0.0,0.0,0.0,0.0,,0.0,0.06,0.42,AOT5221ZY,,,,,False,False,False,False,False,False,False,False,False,,False,10752.0,0.0,10752.0,101957632.0,101957632.0,17930101760.0,448.0,448.0,,448.0,448.0,0.0,448.0,,,,,,,,,,,,,,,,,,,,,,,,,,,,,,,,,,,,,,,,,,,,,,,,,,,,,,,,,,,,,,,,,,,,,,,,,,,,,,,,,,,,,,,,,,,,,,,,,,,,,,,,,,,,448.0,0.0,448.0,0.0,10752.0,10752.0,448.0,,448.0,,,,,,,448.0,,,,,,,,,,,,,,,,,,,,,0.0,,0.0,0.0,0.0,0.0,0.0,0.0,0.0,0.0,0.0,0.06,0.42,False,False,False,,False,False,False,False,False,False,False,False,False,,,,,,,,,,,,,,,,,,,,,,,,,,,,,,,,,,,,,,,,
012436398608_dsl,Gurgaon,108.0,NKOTDF0001E7,NOKIA,0EED7B0E8241,Haryana,,,,100.0,0.0,0.0,,,0.0,3.0,0.0,0.0,0.0,0.0,0.0,,0.0,0.0,AOT4221NK,OnePlus-15R,PHONE,OnePlus,15R,,,,False,False,False,False,False,False,False,,,,,93184.0,93184.0,49840664576.0,1.0,1.0,1.0,,1.0,1.0,0.0,,,,,,,,,,,,,,,,,,,,,,,,,,,,,,,,,,,,,,,,,,,,,,,,,,,,,,,,,,,,,,,,,,,,,,,,,,,,,,,,,,,,,,,,,,,,,,,,,,,,,,,,,,,,1.0,1.0,0.0,,,,1.0,1.0,,,,,,,,1.0,,,,,,,,,,,,,,,,,,,,,0.0,0.0,,,,,0.0,0.0,0.0,3.0,0.0,0.0,0.0,,,False,False,,,,,False,False,False,False,False,,,,,,,,,,,,,,,,,,,,,,,,,,,,,,,,,,,,,,,,
01244054723_dsl,Gurgaon,108.0,NKOT0F0226EE,NOKIA,4CF5DCF7CBCA,Haryana,,,,100.0,0.0,1.97,False,False,0.0,7.0,91.73,91.73,0.0,0.0,0.0,,0.0,0.16,AOT4221NK,846606451,OTHER,Hikvision,,,,,False,True,True,True,False,False,False,,,,,984255488.0,984255488.0,49885177856.0,1354.0,1354.0,1354.0,,1354.0,1354.0,0.0,,,,,,,,,,,,,,,,,,,,,,,,,,,,,,,,,,,,,,,,,,,,,,,,,,,,,,,,,,,,,,,,,,,,,,,,,,,,,,,,,,,,,,,,,,,,,,,,,,,,,,,,,,,,1354.0,1354.0,0.0,,,,1354.0,1354.0,,,,,,,,1354.0,,,,,,,,,,,,,,,,,,,,,0.0,0.0,,,,,91.73,91.73,0.0,7.0,0.0,0.0,0.16,False,False,False,False,,,,,True,True,False,True,False,,,,,,,,,,,,,,,,,,,,,,,,,,,,,,,,,,,,,,,,
012444903348_dsl,Gurgaon,108.0,NKOT0F01CE7E,NOKIA,B2C8CF9ECE29,Haryana,0.6,1.3,0.0,6.4,93.6,6.67,False,False,0.0,39.0,0.12,3.33,0.0,0.12,3.33,0.0,0.62,0.05,AOT4221NK,iPhone,,,,False,False,False,False,True,False,False,False,False,False,False,1491.0,690.0,801.0,4278977479.0,4278977479.0,64182259508.0,831.0,831.0,30.0,801.0,831.0,30.0,801.0,,,,,,,,,,,,,,,,,,,,,,,,,,,,,,,,,,,,,,,,,,,,,,,,,,,,,,,,,,,,,,,,,,,,,,,,,,,,,,,,,,,,,,,,,,,,,,,,,,,,,,,,,,,,831.0,30.0,801.0,690.0,801.0,1491.0,831.0,30.0,801.0,,,,,,,831.0,,,,,,,,,,,,,,,,,,,,,0.12,3.33,0.0,0.6,1.3,0.0,0.12,3.33,0.0,39.0,0.0,0.62,0.05,False,False,False,False,False,False,False,False,False,False,False,True,False,,,,,,,,,,,,,,,,,,,,,,,,,,,,,,,,,,,,,,,,
01244054723_dsl,Gurgaon,108.0,NKOT0F0226EE,NOKIA,7243CCCDA6CE,Haryana,0.0,0.0,0.0,0.0,100.0,21.24,False,False,0.0,3.0,0.0,0.0,0.0,0.0,,0.0,3.25,0.02,AOT4221NK,XstreamIPTV1-VT,,,,False,False,False,False,False,False,False,False,False,,False,28320.0,0.0,28320.0,10595381248.0,10595381248.0,49885177856.0,1180.0,1180.0,,1180.0,1180.0,0.0,1180.0,,,,,,,,,,,,,,,,,,,,,,,,,,,,,,,,,,,,,,,,,,,,,,,,,,,,,,,,,,,,,,,,,,,,,,,,,,,,,,,,,,,,,,,,,,,,,,,,,,,,,,,,,,,,1180.0,0.0,1180.0,0.0,28320.0,28320.0,1180.0,,1180.0,,,,,,,1180.0,,,,,,,,,,,,,,,,,,,,,0.0,,0.0,0.0,0.0,0.0,0.0,0.0,0.0,3.0,0.0,3.25,0.02,False,False,False,,False,False,False,False,False,False,False,False,False,,,,,,,,,,,,,,,,,,,,,,,,,,,,,,,,,,,,,,,,
012447862103_dsl,Gurgaon,108.0,ZYOTB0900020,NOKIA,8E41F778AE60,Haryana,0.0,0.0,0.0,0.0,100.0,0.16,,,0.0,,0.0,0.0,0.0,0.0,,0.0,0.71,0.16,AOT5222ZY,,,,,False,False,False,False,,False,False,False,False,,False,21912.0,0.0,21912.0,7022690304.0,7022690304.0,4500744156160.0,913.0,913.0,,913.0,913.0,0.0,913.0,,,,,,,,,,,,,,,,,,,,,,,,,,,,,,,,,,,,,,,,,,,,,,,,,,,,,,,,,,,,,,,,,,,,,,,,,,,,,,,,,,,,,,,,,,,,,,,,,,,,,,,,,,,,913.0,0.0,913.0,0.0,21912.0,21912.0,913.0,,913.0,,,,,,,913.0,,,,,,,,,,,,,,,,,,,,,0.0,,0.0,0.0,0.0,0.0,0.0,0.0,0.0,,0.0,0.71,0.16,,,False,,False,False,False,False,False,False,False,,False,,,,,,,,,,,,,,,,,,,,,,,,,,,,,,,,,,,,,,,,
012445118300_dsl,Gurgaon,108.0,NKOT0F01D2BA,NOKIA,BACE2A0CC19D,Haryana,0.0,0.0,0.0,0.0,100.0,0.18,False,False,0.0,3.0,0.0,0.0,0.0,0.0,,0.0,0.01,0.01,AOT4221NK,Mac,PC,Apple,Computer,False,False,False,False,False,False,False,False,False,,False,2400.0,0.0,2400.0,27702272.0,27702272.0,15212725248.0,100.0,100.0,,100.0,100.0,0.0,100.0,,,,,,,,,,,,,,,,,,,,,,,,,,,,,,,,,,,,,,,,,,,,,,,,,,,,,,,,,,,,,,,,,,,,,,,,,,,,,,,,,,,,,,,,,,,,,,,,,,,,,,,,,,,,100.0,0.0,100.0,0.0,2400.0,2400.0,100.0,,100.0,,,,,,,100.0,,,,,,,,,,,,,,,,,,,,,0.0,,0.0,0.0,0.0,0.0,0.0,0.0,0.0,3.0,0.0,0.01,0.01,False,False,False,,False,False,False,False,False,False,False,False,False,,,,,,,,,,,,,,,,,,,,,,,,,,,,,,,,,,,,,,,,
012447862103_dsl,Gurgaon,108.0,ZYOTB0900020,NOKIA,14B5CD43D30F,Haryana,0.0,0.0,0.0,0.0,100.0,0.14,,,0.0,,0.0,0.0,0.0,0.0,,0.0,1.74,0.06,AOT5222ZY,,,,,False,False,False,False,,False,False,False,False,,False,30288.0,0.0,30288.0,6352016384.0,6352016384.0,4500744156160.0,1262.0,1262.0,,1262.0,1262.0,0.0,1262.0,,,,,,,,,,,,,,,,,,,,,,,,,,,,,,,,,,,,,,,,,,,,,,,,,,,,,,,,,,,,,,,,,,,,,,,,,,,,,,,,,,,,,,,,,,,,,,,,,,,,,,,,,,,,1262.0,0.0,1262.0,0.0,30288.0,30288.0,1262.0,,1262.0,,,,,,,1262.0,,,,,,,,,,,,,,,,,,,,,0.0,,0.0,0.0,0.0,0.0,0.0,0.0,0.0,,0.0,1.74,0.06,,,False,,False,False,False,False,False,False,False,,False,,,,,,,,,,,,,,,,,,,,,,,,,,,,,,,,,,,,,,,,
012445118300_dsl,Gurgaon,108.0,NKOT0F01D2BA,NOKIA,3CA6F6264B0F,Haryana,0.0,0.0,0.0,0.0,100.0,13.94,False,False,0.0,1.0,0.0,0.0,0.0,0.0,,0.0,0.14,0.62,AOT4221NK,shivanis-Air,PC,Apple,Computer,False,False,False,False,False,False,False,False,False,,False,17304.0,0.0,17304.0,2120778752.0,2120778752.0,15212725248.0,721.0,721.0,,721.0,721.0,0.0,721.0,,,,,,,,,,,,,,,,,,,,,,,,,,,,,,,,,,,,,,,,,,,,,,,,,,,,,,,,,,,,,,,,,,,,,,,,,,,,,,,,,,,,,,,,,,,,,,,,,,,,,,,,,,,,721.0,0.0,721.0,0.0,17304.0,17304.0,721.0,,721.0,,,,,,,721.0,,,,,,,,,,,,,,,,,,,,,0.0,,0.0,0.0,0.0,0.0,0.0,0.0,0.0,1.0,0.0,0.14,0.62,False,False,False,,False,False,False,False,False,False,False,False,False,,,,,,,,,,,,,,,,,,,,,,,,,,,,,,,,,,,,,,,,
012447957675_dsl,Gurgaon,108.0,ZYOT5E069474,NOKIA,F2CE1B18563F,Haryana,0.0,0.0,0.0,0.0,100.0,0.74,,,0.0,,0.0,0.0,0.0,0.0,,0.0,0.0,0.0,AOT5221ZY,,,,,False,False,False,False,,False,False,False,False,,False,34200.0,0.0,34200.0,132195328.0,132195328.0,17930101760.0,1425.0,1425.0,,1425.0,1425.0,0.0,1425.0,,,,,,,,,,,,,,,,,,,,,,,,,,,,,,,,,,,,,,,,,,,,,,,,,,,,,,,,,,,,,,,,,,,,,,,,,,,,,,,,,,,,,,,,,,,,,,,,,,,,,,,,,,,,1425.0,0.0,1425.0,0.0,34200.0,34200.0,1425.0,,1425.0,,,,,,,1425.0,,,,,,,,,,,,,,,,,,,,,0.0,,0.0,0.0,0.0,0.0,0.0,0.0,0.0,,0.0,0.0,0.0,,,False,,False,False,False,False,False,False,False,,False,,,,,,,,,,,,,,,,,,,,,,,,,,,,,,,,,,,,,,,,
01244081160_dsl,Gurgaon,108.0,NKOT0F01CE6F,NOKIA,6CB749E119FF,Haryana,,,,100.0,0.0,0.25,False,False,0.0,2.0,100.0,100.0,0.0,0.0,0.0,,0.03,0.0,AOT4221NK,Honor_View10-ebd5e83b5d12,PHONE,,V10,,,,False,False,True,True,False,False,False,,,,,62398464.0,62398464.0,24828035177.0,198.0,198.0,198.0,,198.0,198.0,0.0,,,,,,,,,,,,,,,,,,,,,,,,,,,,,,,,,,,,,,,,,,,,,,,,,,,,,,,,,,,,,,,,,,,,,,,,,,,,,,,,,,,,,,,,,,,,,,,,,,,,,,,,,,,,198.0,198.0,0.0,,,,198.0,198.0,,,,,,,,198.0,,,,,,,,,,,,,,,,,,,,,0.0,0.0,,,,,100.0,100.0,0.0,2.0,0.0,0.03,0.0,False,False,False,False,,,,,True,True,False,False,False,,,,,,,,,,,,,,,,,,,,,,,,,,,,,,,,,,,,,,,,
012436398608_dsl,Gurgaon,108.0,NKOTDF0001E7,NOKIA,62D8084F50B0,Haryana,0.0,0.0,0.0,7.62,92.38,33.44,False,True,0.0,10.0,12.97,11.11,13.09,0.0,0.0,0.0,1.77,0.56,AOT4221NK,OnePlus-Nord-CE4-Lite-5G,,,,False,False,False,False,True,False,False,False,False,False,False,12648.0,0.0,12648.0,16668678144.0,16668678144.0,49840664576.0,563.0,563.0,36.0,527.0,563.0,36.0,527.0,,,,,,,,,,,,,,,,,,,,,,,,,,,,,,,,,,,,,,,,,,,,,,,,,,,,,,,,,,,,,,,,,,,,,,,,,,,,,,,,,,,,,,,,,,,,,,,,,,,,,,,,,,,,563.0,36.0,527.0,0.0,12648.0,12648.0,563.0,36.0,527.0,,,,,,,563.0,,,,,,,,,,,,,,,,,,,,,0.0,0.0,0.0,0.0,0.0,0.0,12.97,11.11,13.09,10.0,0.0,1.77,0.56,False,True,False,False,False,False,False,False,False,False,False,True,False,,,,,,,,,,,,,,,,,,,,,,,,,,,,,,,,,,,,,,,,
012444903348_dsl,Gurgaon,108.0,NKOT0F01CE7E,NOKIA,DC4BA104E8A6,Haryana,0.0,0.0,0.0,0.0,100.0,0.0,,,0.0,,93.26,0.0,93.26,0.0,,0.0,0.01,0.0,AOT4221NK,,,,,False,False,False,False,,True,False,True,False,,False,1425.0,0.0,1425.0,1388544.0,1388544.0,64182259508.0,1425.0,1425.0,,1425.0,1425.0,0.0,1425.0,,,,,,,,,,,,,,,,,,,,,,,,,,,,,,,,,,,,,,,,,,,,,,,,,,,,,,,,,,,,,,,,,,,,,,,,,,,,,,,,,,,,,,,,,,,,,,,,,,,,,,,,,,,,1425.0,0.0,1425.0,0.0,1425.0,1425.0,1425.0,,1425.0,,,,,,,1425.0,,,,,,,,,,,,,,,,,,,,,0.0,,0.0,0.0,0.0,0.0,93.26,0.0,93.26,,0.0,0.01,0.0,,,False,,False,False,False,False,True,False,True,,False,,,,,,,,,,,,,,,,,,,,,,,,,,,,,,,,,,,,,,,,
012421019184_wifi,Gurgaon,108.0,ZYOTB0900058,NOKIA,564A8BEA6BC2,Haryana,100.0,0.0,100.0,0.0,100.0,0.11,False,False,0.0,2.0,33.33,0.0,33.33,100.0,,100.0,0.08,0.01,AOT5222ZY,,,,,True,False,True,False,False,False,False,False,True,,True,27.0,0.0,27.0,73497600.0,73497600.0,64887344128.0,27.0,27.0,,27.0,27.0,0.0,27.0,,,,,,,,,,,,,,,,,,,,,,,,,,,,,,,,,,,,,,,,,,,,,,,,,,,,,,,,,,,,,,,,,,,,,,,,,,,,,,,,,,,,,,,,,,,,,,,,,,,,,,,,,,,,27.0,0.0,27.0,0.0,27.0,27.0,27.0,,27.0,,,,,,,27.0,,,,,,,,,,,,,,,,,,,,,100.0,,100.0,100.0,0.0,100.0,33.33,0.0,33.33,2.0,0.0,0.08,0.01,False,False,True,,True,True,False,True,False,False,False,False,False,,,,,,,,,,,,,,,,,,,,,,,,,,,,,,,,,,,,,,,,
012444903348_dsl,Gurgaon,108.0,NKOT0F01CE7E,NOKIA,F8FE5EBD1479,Haryana,0.0,0.0,0.0,0.0,100.0,1.55,False,False,0.0,6.0,77.98,0.0,77.98,0.0,,0.0,8.36,1.17,AOT4221NK,LTB0208540-3,,,,False,False,False,False,True,True,False,True,False,,False,1408.0,0.0,1408.0,991687548.0,991687548.0,64182259508.0,1408.0,1408.0,,1408.0,1408.0,0.0,1408.0,,,,,,,,,,,,,,,,,,,,,,,,,,,,,,,,,,,,,,,,,,,,,,,,,,,,,,,,,,,,,,,,,,,,,,,,,,,,,,,,,,,,,,,,,,,,,,,,,,,,,,,,,,,,1408.0,0.0,1408.0,0.0,1408.0,1408.0,1408.0,,1408.0,,,,,,,1408.0,,,,,,,,,,,,,,,,,,,,,0.0,,0.0,0.0,0.0,0.0,77.98,0.0,77.98,6.0,0.0,8.36,1.17,False,False,False,,False,False,False,False,True,False,True,True,False,,,,,,,,,,,,,,,,,,,,,,,,,,,,,,,,,,,,,,,,
012447862103_dsl,Gurgaon,108.0,ZYOTB0900020,NOKIA,F414BF87A484,Haryana,0.0,0.0,0.0,0.0,100.0,46.56,,,0.0,,0.0,0.0,0.0,0.0,,0.0,446.75,0.1,AOT5222ZY,,,,,False,False,False,False,,False,False,False,False,,False,8328.0,0.0,8328.0,2095438830592.0,2095438830592.0,4500744156160.0,347.0,347.0,,347.0,347.0,0.0,347.0,,,,,,,,,,,,,,,,,,,,,,,,,,,,,,,,,,,,,,,,,,,,,,,,,,,,,,,,,,,,,,,,,,,,,,,,,,,,,,,,,,,,,,,,,,,,,,,,,,,,,,,,,,,,347.0,0.0,347.0,0.0,8328.0,8328.0,347.0,,347.0,,,,,,,347.0,,,,,,,,,,,,,,,,,,,,,0.0,,0.0,0.0,0.0,0.0,0.0,0.0,0.0,,0.0,446.75,0.1,,,False,,False,False,False,False,False,False,False,,False,,,,,,,,,,,,,,,,,,,,,,,,,,,,,,,,,,,,,,,,
01246472327_dsl,Gurgaon,108.0,NKOTA0000592,NOKIA,,Haryana,,,,,,,,,,,,,,,,,,,AOT4221NK,,,,,,,,,,,,,,,,,,,,,,,,,,,,,01246472327_dsl,108.0,NKOTA0000592,NOKIA,0C36234FB190,AOT4221NK,7.0,1.0,7.0,0.03,33.33,0.0,0.0,0.0,0.0,2.95,7.14,0.03,33.33,0.0,3.2,9.37,0.0,79.0,0.0,0.0,0.0,0.0,0.0,0.0,0.0,0.0,0.0,0.0,0.0,0.0,0.0,0.0,0.0,0.0,,,,0.0,0.0,99.82,19531211776.0,2.63,1.0,38.0,0.0,0.0,13.0,4.0,1.0,25.0,0.0,0.0,0.0,0.0,0.0,0.0,False,False,False,False,False,False,False,False,False,False,False,False,False,False,True,False,False,False,False,False,False,False,False,False,False,,,,,False,False,False,False,False,False,False,False,False,False,92.55,0.0,False,0.0,False,True,2988.0,3.0,2985.0,0.0,71640.0,71640.0,2988.0,3.0,2985.0,3567.0,1217.0,2350.0,180.0,94.0,86.0,2988.0,184.0,94.0,90.0,184.0,94.0,90.0,,,19531211776.0,38.0,13.0,25.0,188.0,94.0,94.0,38.0,13.0,25.0,0C36234FB190,7.0,0.03,33.33,0.0,0.0,0.0,0.0,0.03,33.33,0.0,79.0,0.0,2.95,7.14,0.0,0.0,False,False,False,False,False,False,False,False,False,True,False,3.2,9.37,0.0,0.0,0.0,0.0,0.0,0.0,,,,99.82,19531211776.0,2.63,1.0,38.0,0.0,0.0,13.0,4.0,1.0,25.0,92.55,False,False,False,False,False,False,False,False,,,,,False,False,False,False,True
012447957675_dsl,Gurgaon,108.0,ZYOT5E069474,NOKIA,,Haryana,,,,,,,,,,,,,,,,,,,AOT5221ZY,,,,,,,,,,,,,,,,,,,,,,,,,,,,,012447957675_dsl,108.0,ZYOT5E069474,NOKIA,6C4F8905E11B,AOT5221ZY,9.0,1.0,9.0,0.21,0.0,0.21,0.0,0.19,0.19,12.89,7.01,0.02,100.0,0.0,91.8,91.55,92.0,33.0,0.0,0.0,0.0,0.0,0.0,0.0,0.0,0.0,0.0,0.0,0.0,0.0,0.0,0.0,0.0,0.0,,,,0.0,1.0,100.0,17930101760.0,4.17,1.0,24.0,9.09,1.0,11.0,0.0,0.0,13.0,0.0,0.0,0.0,0.0,0.0,0.0,False,False,False,False,False,False,False,False,False,True,False,True,True,True,True,False,False,False,False,False,False,False,False,False,False,,,,,False,False,False,False,False,False,False,False,False,False,70.86,79.68,True,0.0,False,True,6296.0,1.0,6295.0,0.0,151080.0,151080.0,6296.0,1.0,6295.0,4207.0,1869.0,2338.0,456.0,183.0,273.0,6296.0,450.0,183.0,267.0,456.0,183.0,273.0,,,17930101760.0,24.0,11.0,13.0,374.0,187.0,187.0,24.0,11.0,13.0,6C4F8905E11B,9.0,0.21,0.0,0.21,0.19,0.0,0.19,0.02,100.0,0.0,33.0,0.0,12.89,7.01,0.0,1.0,False,False,False,False,False,False,False,True,False,True,False,91.8,91.55,92.0,0.0,0.0,0.0,0.0,0.0,,,,100.0,17930101760.0,4.17,1.0,24.0,9.09,1.0,11.0,0.0,0.0,13.0,70.86,False,False,True,True,True,False,False,False,,,,,False,False,False,False,True
01244081160_dsl,Gurgaon,108.0,NKOT0F01CE6F,NOKIA,,Haryana,,,,,,,,,,,,,,,,,,,AOT4221NK,,,,,,,,,,,,,,,,,,,,,,,,,,,,,01244081160_dsl,108.0,NKOT0F01CE6F,NOKIA,2CC1F432FE41,AOT4221NK,11.0,2.0,9.0,0.11,0.0,0.14,0.0,0.14,0.14,2.99,2.19,2.46,13.42,0.0,3.64,9.78,0.45,125.0,0.0,0.0,0.0,0.0,0.0,0.0,0.0,0.0,0.0,0.0,0.0,0.0,0.0,0.0,0.0,0.0,,,,0.0,0.0,98.4,24828035177.0,2.63,1.0,38.0,7.69,1.0,13.0,0.0,0.0,25.0,0.0,0.0,0.0,0.0,0.0,0.0,False,False,False,False,False,False,False,False,False,False,False,False,False,False,True,False,False,False,False,False,False,False,False,False,False,,,,,False,False,False,False,False,False,False,False,False,False,75.84,0.0,False,0.0,False,True,8059.0,1475.0,6584.0,0.0,158016.0,158016.0,8059.0,1475.0,6584.0,3376.0,1155.0,2221.0,344.0,89.0,255.0,8059.0,344.0,89.0,255.0,344.0,89.0,255.0,,,24828035177.0,38.0,13.0,25.0,178.0,89.0,89.0,38.0,13.0,25.0,2CC1F432FE41,11.0,0.11,0.0,0.14,0.14,0.0,0.14,2.46,13.42,0.0,125.0,0.0,2.99,2.19,0.0,0.0,False,False,False,False,False,False,False,False,False,True,False,3.64,9.78,0.45,0.0,0.0,0.0,0.0,0.0,,,,98.4,24828035177.0,2.63,1.0,38.0,7.69,1.0,13.0,0.0,0.0,25.0,75.84,False,False,False,False,False,False,False,False,,,,,False,False,False,False,True
01244054723_dsl,Gurgaon,108.0,NKOT0F0226EE,NOKIA,,Haryana,,,,,,,,,,,,,,,,,,,AAP321NK,,,,,,,,,,,,,,,,,,,,,,,,,,,,,01244054723_dsl,108.0,NKOT0F0226EE,NOKIA,2CC1F46D39D1,AAP321NK,12.0,5.0,10.0,0.15,0.47,0.0,0.0,0.04,0.0,8.09,0.47,26.24,69.87,5.48,2.04,4.49,0.77,153.0,0.0,0.0,0.0,0.0,0.0,0.0,0.0,0.0,0.0,0.0,0.0,0.0,0.0,0.0,0.0,0.0,,1.0,0.0,1.0,0.0,95.39,49885177856.0,2.63,1.0,38.0,7.69,1.0,13.0,0.0,0.0,25.0,0.0,0.0,0.0,0.0,0.0,0.0,False,False,False,False,False,False,False,True,False,True,False,False,False,False,True,False,False,False,False,False,False,False,False,False,False,,,True,False,False,False,False,False,False,False,False,False,False,False,60.9,9.04,False,0.0,False,True,7267.0,2343.0,4924.0,0.0,118176.0,888.0,7267.0,2343.0,4924.0,7099.0,2428.0,4671.0,558.0,184.0,374.0,7267.0,557.0,184.0,373.0,557.0,184.0,373.0,,,49885177856.0,38.0,13.0,25.0,376.0,188.0,188.0,38.0,13.0,25.0,2CC1F46D39D1,12.0,0.15,0.47,0.0,0.0,0.0,0.04,26.24,69.87,5.48,153.0,0.0,8.09,0.47,1.0,0.0,False,False,False,False,False,False,False,True,False,True,False,2.04,4.49,0.77,0.0,0.0,0.0,0.0,0.0,,1.0,0.0,95.39,49885177856.0,2.63,1.0,38.0,7.69,1.0,13.0,0.0,0.0,25.0,60.9,False,True,False,False,False,False,False,False,,,True,False,False,False,False,False,True
012444903348_dsl,Gurgaon,108.0,NKOT0F01CE7E,NOKIA,,Haryana,,,,,,,,,,,,,,,,,,,AOT4221NK,,,,,,,,,,,,,,,,,,,,,,,,,,,,,012444903348_dsl,108.0,NKOT0F01CE7E,NOKIA,2CC1F432FF31,AOT4221NK,14.0,6.0,13.0,0.91,11.13,0.01,2.75,0.0,0.64,8.36,1.17,24.5,82.26,19.43,1.35,3.98,0.0,253.0,0.0,0.0,0.0,0.0,0.0,0.0,0.0,0.0,0.0,0.0,0.0,0.0,0.0,0.0,0.0,0.0,,8.0,0.0,0.0,0.0,82.45,64182259508.0,0.0,0.0,38.0,0.0,0.0,13.0,0.0,0.0,25.0,0.0,0.0,0.0,0.0,0.0,0.0,False,False,False,False,False,False,False,False,False,True,False,False,False,False,True,False,False,False,False,False,False,False,False,False,False,,,True,False,False,False,False,False,False,False,False,False,False,False,62.63,0.0,False,0.0,False,True,13696.0,1105.0,12591.0,25415.0,12591.0,7511.0,13696.0,1105.0,12591.0,10638.0,3619.0,7019.0,920.0,277.0,643.0,13696.0,901.0,274.0,627.0,909.0,275.0,634.0,,,64182259508.0,38.0,13.0,25.0,562.0,281.0,281.0,38.0,13.0,25.0,2CC1F432FF31,14.0,0.91,11.13,0.01,0.64,2.75,0.0,24.5,82.26,19.43,253.0,0.0,8.36,1.17,0.0,0.0,False,False,False,False,False,False,False,True,False,True,False,1.35,3.98,0.0,0.0,0.0,0.0,0.0,0.0,,8.0,0.0,82.45,64182259508.0,0.0,0.0,38.0,0.0,0.0,13.0,0.0,0.0,25.0,62.63,False,False,False,False,False,False,False,False,,,True,False,False,False,False,False,True
012444801137_dsl,Gurgaon,108.0,NKOTDF000165,NOKIA,,Haryana,,,,,,,,,,,,,,,,,,,AAP321NK,,,,,,,,,,,,,,,,,,,,,,,,,,,,,012444801137_dsl,108.0,NKOTDF000165,NOKIA,2CC1F4D2878F,AAP321NK,11.0,7.0,5.0,0.09,0.18,0.0,0.0,0.0,0.0,1.8,0.1,43.28,73.32,12.35,2.47,6.32,0.47,39.0,0.0,0.0,0.0,0.0,0.0,0.0,0.0,0.0,0.0,0.0,0.0,0.0,0.0,0.0,0.0,0.0,,,,1.0,0.0,98.52,16142861312.0,2.63,1.0,38.0,7.69,1.0,13.0,0.0,0.0,25.0,0.0,0.0,0.0,0.0,0.0,0.0,False,False,False,False,False,False,False,True,False,True,False,False,False,False,True,False,False,False,False,False,False,False,False,False,False,,,,,False,False,False,False,False,False,False,False,False,False,51.78,34.52,False,0.0,False,True,8715.0,4422.0,4293.0,0.0,103032.0,61824.0,8715.0,4422.0,4293.0,10674.0,3653.0,7021.0,934.0,281.0,653.0,8715.0,925.0,281.0,644.0,934.0,281.0,653.0,,,16142861312.0,38.0,13.0,25.0,562.0,281.0,281.0,38.0,13.0,25.0,2CC1F4D2878F,11.0,0.09,0.18,0.0,0.0,0.0,0.0,43.28,73.32,12.35,39.0,0.0,1.8,0.1,1.0,0.0,False,False,False,False,False,False,False,True,False,True,False,2.47,6.32,0.47,0.0,0.0,0.0,0.0,0.0,,,,98.52,16142861312.0,2.63,1.0,38.0,7.69,1.0,13.0,0.0,0.0,25.0,51.78,False,True,False,False,False,False,False,False,,,,,False,False,False,False,True
012436398608_dsl,Gurgaon,108.0,NKOTDF0001E7,NOKIA,,Haryana,,,,,,,,,,,,,,,,,,,AAP321NK,,,,,,,,,,,,,,,,,,,,,,,,,,,,,012436398608_dsl,108.0,NKOTDF0001E7,NOKIA,5807F84FA491,AAP321NK,11.0,6.0,9.0,0.02,0.13,0.0,0.0,0.0,0.0,9.44,0.56,12.45,42.67,6.99,1.4,3.95,0.07,55.0,0.0,0.0,0.0,0.0,0.0,0.0,0.0,0.0,0.0,0.0,0.0,0.0,0.0,0.0,0.0,0.0,,,,1.0,0.0,85.48,49840664576.0,0.0,0.0,38.0,0.0,0.0,13.0,0.0,0.0,25.0,0.0,0.0,0.0,0.0,0.0,0.0,False,False,False,False,False,False,False,True,False,False,False,False,False,False,True,False,False,False,False,False,False,False,False,False,False,,,,,False,False,False,False,False,False,False,False,False,False,50.28,0.56,False,0.0,False,True,4901.0,750.0,4151.0,0.0,99624.0,40512.0,4901.0,750.0,4151.0,6801.0,2327.0,4474.0,538.0,179.0,359.0,4901.0,534.0,177.0,357.0,538.0,179.0,359.0,,,49840664576.0,38.0,13.0,25.0,358.0,179.0,179.0,38.0,13.0,25.0,5807F84FA491,11.0,0.02,0.13,0.0,0.0,0.0,0.0,12.45,42.67,6.99,55.0,0.0,9.44,0.56,1.0,0.0,False,False,False,False,False,False,False,False,False,True,False,1.4,3.95,0.07,0.0,0.0,0.0,0.0,0.0,,,,85.48,49840664576.0,0.0,0.0,38.0,0.0,0.0,13.0,0.0,0.0,25.0,50.28,False,True,False,False,False,False,False,False,,,,,False,False,False,False,True
012445159575_dsl,Gurgaon,108.0,ZYOTFD000042,NOKIA,,Haryana,,,,,,,,,,,,,,,,,,,AOT5221ZY,,,,,,,,,,,,,,,,,,,,,,,,,,,,,012445159575_dsl,108.0,ZYOTFD000042,NOKIA,F80DA96AE5C8,AOT5221ZY,6.0,0.0,6.0,32.94,,32.94,0.0,32.94,32.94,3.55,0.45,8.63,0.0,8.63,87.0,91.01,83.33,,0.0,0.0,0.0,0.0,0.0,0.0,0.0,0.0,0.0,0.0,0.0,0.0,0.0,0.0,0.0,0.0,,,,,,100.0,78866704384.0,0.0,0.0,23.0,0.0,0.0,11.0,0.0,0.0,12.0,0.0,0.0,0.0,0.0,0.0,0.0,False,,False,False,False,False,False,True,False,False,False,True,True,True,,False,False,False,False,False,False,False,False,False,False,,,,,,,False,False,False,False,False,False,False,False,69.35,0.0,False,0.0,False,True,4496.0,0.0,4496.0,0.0,107904.0,107904.0,4496.0,,4496.0,2139.0,1023.0,1116.0,182.0,93.0,89.0,4496.0,161.0,93.0,68.0,182.0,93.0,89.0,,,78866704384.0,23.0,11.0,12.0,186.0,93.0,93.0,23.0,11.0,12.0,F80DA96AE5C8,6.0,32.94,,32.94,32.94,0.0,32.94,8.63,0.0,8.63,,0.0,3.55,0.45,,,False,,False,False,False,False,False,False,False,,False,87.0,91.01,83.33,0.0,0.0,0.0,0.0,0.0,,,,100.0,78866704384.0,0.0,0.0,23.0,0.0,0.0,11.0,0.0,0.0,12.0,69.35,False,True,True,True,True,False,False,False,,,,,,,False,False,True
012445118300_dsl,Gurgaon,108.0,NKOT0F01D2BA,NOKIA,,Haryana,,,,,,,,,,,,,,,,,,,AOT4221NK,,,,,,,,,,,,,,,,,,,,,,,,,,,,,012445118300_dsl,108.0,NKOT0F01D2BA,NOKIA,2CC1F43342F1,AOT4221NK,9.0,1.0,8.0,0.08,0.42,0.0,0.0,0.0,0.0,3.92,3.52,18.43,92.83,1.55,7.07,19.67,0.52,49.0,0.0,0.0,0.0,0.0,0.0,0.0,0.0,0.0,0.0,0.0,0.0,0.0,0.0,0.0,0.0,0.0,,,,1.0,0.0,32.92,15212725248.0,7.89,3.0,38.0,23.08,3.0,13.0,0.0,0.0,25.0,0.0,0.0,0.0,0.0,0.0,0.0,False,False,False,False,False,False,False,False,False,True,False,False,False,False,True,False,False,False,False,False,False,False,False,False,False,,,,,False,False,True,False,False,False,False,False,False,False,65.22,84.78,True,0.0,False,True,5133.0,949.0,4184.0,0.0,100416.0,100416.0,5133.0,949.0,4184.0,3492.0,1195.0,2297.0,184.0,92.0,92.0,5133.0,184.0,92.0,92.0,184.0,92.0,92.0,,,15212725248.0,38.0,13.0,25.0,184.0,92.0,92.0,38.0,13.0,25.0,2CC1F43342F1,9.0,0.08,0.42,0.0,0.0,0.0,0.0,18.43,92.83,1.55,49.0,0.0,3.92,3.52,1.0,0.0,False,False,False,False,False,False,False,True,False,True,False,7.07,19.67,0.52,0.0,0.0,0.0,0.0,0.0,,,,32.92,15212725248.0,7.89,3.0,38.0,23.08,3.0,13.0,0.0,0.0,25.0,65.22,False,False,False,False,False,False,False,False,,,,,False,False,False,False,True
012447862103_dsl,Gurgaon,108.0,ZYOTB0900020,NOKIA,,Haryana,,,,,,,,,,,,,,,,,,,AOT5222ZY,,,,,,,,,,,,,,,,,,,,,,,,,,,,,012447862103_dsl,108.0,ZYOTB0900020,NOKIA,C02E5FAD7669,AOT5222ZY,7.0,0.0,7.0,0.14,,0.14,0.0,0.14,0.14,446.75,23.95,0.09,0.0,0.09,78.78,92.0,66.67,,0.0,0.0,0.0,0.0,0.0,0.0,0.0,0.0,0.0,0.0,0.0,0.0,0.0,0.0,0.0,0.0,,,,,,100.0,4500744156160.0,0.0,0.0,23.0,0.0,0.0,11.0,0.0,0.0,12.0,0.0,0.0,0.0,0.0,0.0,0.0,False,,False,False,False,False,False,False,False,False,False,True,True,True,,False,False,False,False,False,False,False,False,False,False,,,,,,,False,False,False,False,False,False,False,False,65.22,0.0,False,1.09,False,True,4372.0,0.0,4372.0,0.0,104928.0,104928.0,4372.0,,4372.0,2116.0,1012.0,1104.0,184.0,92.0,92.0,4372.0,142.0,92.0,50.0,184.0,92.0,92.0,,,4500744156160.0,23.0,11.0,12.0,184.0,92.0,92.0,23.0,11.0,12.0,C02E5FAD7669,7.0,0.14,,0.14,0.14,0.0,0.14,0.09,0.0,0.09,,0.0,446.75,23.95,,,False,,False,False,False,False,False,False,False,,False,78.78,92.0,66.67,0.0,0.0,0.0,0.0,0.0,,,,100.0,4500744156160.0,0.0,0.0,23.0,0.0,0.0,11.0,0.0,0.0,12.0,65.22,False,False,True,True,True,False,False,False,,,,,,,False,False,True
012421019184_wifi,Gurgaon,108.0,ZYOTB0900058,NOKIA,,Haryana,,,,,,,,,,,,,,,,,,,AOT5222ZY,,,,,,,,,,,,,,,,,,,,,,,,,,,,,012421019184_wifi,108.0,ZYOTB0900058,NOKIA,C02E5FAD7799,AOT5222ZY,6.0,2.0,6.0,30.52,0.0,35.74,0.0,17.03,17.03,163.61,14.22,2.92,0.0,3.42,93.6,95.5,91.85,7.0,0.0,0.0,0.0,0.0,0.0,0.0,0.0,0.0,0.0,0.0,0.0,0.0,0.0,0.0,0.0,0.0,,,,0.0,0.0,9.85,64887344128.0,0.0,0.0,23.0,0.0,0.0,11.0,0.0,0.0,12.0,0.0,0.0,0.0,0.0,0.0,0.0,False,False,False,False,False,False,False,False,False,False,False,True,True,True,True,False,False,False,False,False,False,False,False,False,False,,,,,False,False,True,False,False,False,False,False,False,False,54.4,1.1,False,1.1,False,True,308.0,45.0,263.0,0.0,4685.0,4685.0,308.0,45.0,263.0,2093.0,1001.0,1092.0,174.0,87.0,87.0,308.0,165.0,80.0,85.0,174.0,87.0,87.0,,,64887344128.0,23.0,11.0,12.0,182.0,91.0,91.0,23.0,11.0,12.0,C02E5FAD7799,6.0,30.52,0.0,35.74,17.03,0.0,17.03,2.92,0.0,3.42,7.0,0.0,163.61,14.22,0.0,0.0,False,False,False,False,False,False,False,False,False,True,False,93.6,95.5,91.85,0.0,0.0,0.0,0.0,0.0,,,,9.85,64887344128.0,0.0,0.0,23.0,0.0,0.0,11.0,0.0,0.0,12.0,54.4,False,False,True,True,True,False,False,False,,,,,False,False,False,False,True
080101842220_kk,Bangalore,105.0,ZYOTEF108503,NOKIA,1A22052D73A0,Karnataka,31.47,0.0,31.47,99.85,0.15,40.71,,,0.0,,100.0,100.0,100.0,24.55,0.0,48.21,5.15,0.05,MTK 0000,,,,,False,False,False,False,,True,True,True,False,False,False,1344.0,0.0,1344.0,18424381440.0,18424381440.0,45255358464.0,110.0,110.0,54.0,56.0,110.0,54.0,56.0,,,,,,,,,,,,,,,,,,,,,,,,,,,,,,,,,,,,,,,,,,,,,,,,,,,,,,,,,,,,,,,,,,,,,,,,,,,,,,,,,,,,,,,,,,,,,,,,,,,,,,,,,,,,110.0,54.0,56.0,0.0,1344.0,1344.0,110.0,54.0,56.0,,,,,,,110.0,,,,,,,,,,,,,,,,,,,,,24.55,0.0,48.21,31.47,0.0,31.47,100.0,100.0,100.0,,0.0,5.15,0.05,,,False,False,False,False,False,False,True,True,True,,False,,,,,,,,,,,,,,,,,,,,,,,,,,,,,,,,,,,,,,,,
080101842220_kk,Bangalore,105.0,ZYOTEF108503,NOKIA,56B9786E39E1,Karnataka,2.82,0.0,2.82,86.44,13.56,1.43,,,0.0,,86.21,91.01,48.04,0.33,0.0,2.94,2.01,0.69,MTK 0000,,,,,False,False,False,False,,True,True,False,False,False,False,2448.0,0.0,2448.0,645014528.0,645014528.0,45255358464.0,914.0,914.0,812.0,102.0,914.0,812.0,102.0,,,,,,,,,,,,,,,,,,,,,,,,,,,,,,,,,,,,,,,,,,,,,,,,,,,,,,,,,,,,,,,,,,,,,,,,,,,,,,,,,,,,,,,,,,,,,,,,,,,,,,,,,,,,914.0,812.0,102.0,0.0,2448.0,2448.0,914.0,812.0,102.0,,,,,,,914.0,,,,,,,,,,,,,,,,,,,,,0.33,0.0,2.94,2.82,0.0,2.82,86.21,91.01,48.04,,0.0,2.01,0.69,,,False,False,False,False,False,False,True,True,False,,False,,,,,,,,,,,,,,,,,,,,,,,,,,,,,,,,,,,,,,,,
08021305959_wifi,Bangalore,105.0,ZYOTAF220521,NOKIA,20BD1D920B30,Karnataka,100.0,100.0,0.0,100.0,0.0,1.07,,,0.0,,100.0,100.0,0.0,100.0,100.0,,12.18,0.65,AOT5221ZY,,,,,True,True,False,False,,True,True,False,True,True,,9.0,9.0,0.0,500721664.0,500721664.0,46822938624.0,9.0,9.0,9.0,,9.0,9.0,0.0,,,,,,,,,,,,,,,,,,,,,,,,,,,,,,,,,,,,,,,,,,,,,,,,,,,,,,,,,,,,,,,,,,,,,,,,,,,,,,,,,,,,,,,,,,,,,,,,,,,,,,,,,,,,9.0,9.0,0.0,9.0,0.0,9.0,9.0,9.0,,,,,,,,9.0,,,,,,,,,,,,,,,,,,,,,100.0,100.0,,100.0,100.0,0.0,100.0,100.0,0.0,,0.0,12.18,0.65,,,True,True,,True,True,False,True,True,False,,False,,,,,,,,,,,,,,,,,,,,,,,,,,,,,,,,,,,,,,,,
08024828161_wifi,Bangalore,105.0,ZYOTFF046132,NOKIA,2818FDAEBD35,Karnataka,,,,100.0,0.0,0.9,,,0.0,,91.42,91.42,0.0,0.0,0.0,,0.0,0.01,AOT5221ZY,,,,,,,,False,,True,True,False,False,False,,,,,11407360.0,11407360.0,1267365888.0,699.0,699.0,699.0,,699.0,699.0,0.0,,,,,,,,,,,,,,,,,,,,,,,,,,,,,,,,,,,,,,,,,,,,,,,,,,,,,,,,,,,,,,,,,,,,,,,,,,,,,,,,,,,,,,,,,,,,,,,,,,,,,,,,,,,,699.0,699.0,0.0,,,,699.0,699.0,,,,,,,,699.0,,,,,,,,,,,,,,,,,,,,,0.0,0.0,,,,,91.42,91.42,0.0,,0.0,0.0,0.01,,,False,False,,,,,True,True,False,,False,,,,,,,,,,,,,,,,,,,,,,,,,,,,,,,,,,,,,,,,
080101842220_kk,Bangalore,105.0,ZYOTEF108503,NOKIA,96A208813FA5,Karnataka,1.99,0.0,1.99,0.02,99.98,4.68,,,0.0,,99.86,100.0,99.85,2.02,0.0,2.07,1.85,0.05,MTK 0000,,,,,False,False,False,False,,True,True,True,False,False,False,16200.0,0.0,16200.0,2120147968.0,2120147968.0,45255358464.0,692.0,692.0,17.0,675.0,692.0,17.0,675.0,,,,,,,,,,,,,,,,,,,,,,,,,,,,,,,,,,,,,,,,,,,,,,,,,,,,,,,,,,,,,,,,,,,,,,,,,,,,,,,,,,,,,,,,,,,,,,,,,,,,,,,,,,,,692.0,17.0,675.0,0.0,16200.0,16200.0,692.0,17.0,675.0,,,,,,,692.0,,,,,,,,,,,,,,,,,,,,,2.02,0.0,2.07,1.99,0.0,1.99,99.86,100.0,99.85,,0.0,1.85,0.05,,,False,False,False,False,False,False,True,True,True,,False,,,,,,,,,,,,,,,,,,,,,,,,,,,,,,,,,,,,,,,,
08021305959_wifi,Bangalore,105.0,ZYOTAF220521,NOKIA,3AB3E810E58B,Karnataka,5.44,2.93,5.48,58.09,41.91,15.82,,,0.0,,26.28,100.0,0.0,4.81,2.93,5.48,668.87,21.16,AOT5221ZY,,,,,False,False,False,False,,False,True,False,False,False,False,17891.0,273.0,17618.0,7409113088.0,7409113088.0,46822938624.0,1039.0,1039.0,273.0,766.0,1039.0,273.0,766.0,,,,,,,,,,,,,,,,,,,,,,,,,,,,,,,,,,,,,,,,,,,,,,,,,,,,,,,,,,,,,,,,,,,,,,,,,,,,,,,,,,,,,,,,,,,,,,,,,,,,,,,,,,,,1039.0,273.0,766.0,273.0,17618.0,17891.0,1039.0,273.0,766.0,,,,,,,1039.0,,,,,,,,,,,,,,,,,,,,,4.81,2.93,5.48,5.44,2.93,5.48,26.28,100.0,0.0,,0.0,668.87,21.16,,,False,False,False,False,False,False,False,True,False,,False,,,,,,,,,,,,,,,,,,,,,,,,,,,,,,,,,,,,,,,,
080101842220_kk,Bangalore,105.0,ZYOTEF108503,NOKIA,520CCB97F3AB,Karnataka,1.08,0.0,1.08,0.03,99.97,0.6,,,0.0,,100.0,100.0,100.0,1.12,0.0,1.12,0.12,0.03,MTK 0000,,,,,False,False,False,False,,True,True,True,False,False,False,34200.0,0.0,34200.0,270451712.0,270451712.0,45255358464.0,1426.0,1426.0,1.0,1425.0,1426.0,1.0,1425.0,,,,,,,,,,,,,,,,,,,,,,,,,,,,,,,,,,,,,,,,,,,,,,,,,,,,,,,,,,,,,,,,,,,,,,,,,,,,,,,,,,,,,,,,,,,,,,,,,,,,,,,,,,,,1426.0,1.0,1425.0,0.0,34200.0,34200.0,1426.0,1.0,1425.0,,,,,,,1426.0,,,,,,,,,,,,,,,,,,,,,1.12,0.0,1.12,1.08,0.0,1.08,100.0,100.0,100.0,,0.0,0.12,0.03,,,False,False,False,False,False,False,True,True,True,,False,,,,,,,,,,,,,,,,,,,,,,,,,,,,,,,,,,,,,,,,
080101842220_kk,Bangalore,105.0,ZYOTEF108503,NOKIA,78B39F17368C,Karnataka,0.0,0.0,0.0,0.0,100.0,41.94,,,0.0,,100.0,0.0,100.0,0.0,,0.0,13.3,0.14,MTK 0000,,,,,False,False,False,False,,True,False,True,False,,False,35088.0,0.0,35088.0,18981623808.0,18981623808.0,45255358464.0,1462.0,1462.0,,1462.0,1462.0,0.0,1462.0,,,,,,,,,,,,,,,,,,,,,,,,,,,,,,,,,,,,,,,,,,,,,,,,,,,,,,,,,,,,,,,,,,,,,,,,,,,,,,,,,,,,,,,,,,,,,,,,,,,,,,,,,,,,1462.0,0.0,1462.0,0.0,35088.0,35088.0,1462.0,,1462.0,,,,,,,1462.0,,,,,,,,,,,,,,,,,,,,,0.0,,0.0,0.0,0.0,0.0,100.0,0.0,100.0,,0.0,13.3,0.14,,,False,,False,False,False,False,True,False,True,,False,,,,,,,,,,,,,,,,,,,,,,,,,,,,,,,,,,,,,,,,
080101842220_kk,Bangalore,105.0,ZYOTEF108503,NOKIA,763209D28788,Karnataka,0.0,0.0,0.0,0.0,100.0,0.22,,,0.0,,0.0,0.0,0.0,0.0,,0.0,0.01,0.01,MTK 0000,,,,,False,False,False,False,,False,False,False,False,,False,16032.0,0.0,16032.0,98712576.0,98712576.0,45255358464.0,668.0,668.0,,668.0,668.0,0.0,668.0,,,,,,,,,,,,,,,,,,,,,,,,,,,,,,,,,,,,,,,,,,,,,,,,,,,,,,,,,,,,,,,,,,,,,,,,,,,,,,,,,,,,,,,,,,,,,,,,,,,,,,,,,,,,668.0,0.0,668.0,0.0,16032.0,16032.0,668.0,,668.0,,,,,,,668.0,,,,,,,,,,,,,,,,,,,,,0.0,,0.0,0.0,0.0,0.0,0.0,0.0,0.0,,0.0,0.01,0.01,,,False,,False,False,False,False,False,False,False,,False,,,,,,,,,,,,,,,,,,,,,,,,,,,,,,,,,,,,,,,,
08021305959_wifi,Bangalore,105.0,ZYOTAF220521,NOKIA,06893E102DBF,Karnataka,14.29,3.33,16.67,0.14,99.86,0.76,,,0.0,,2.78,3.33,0.0,5.56,3.33,16.67,2.71,0.16,AOT5221ZY,,,,,False,False,False,False,,False,False,False,False,False,False,168.0,30.0,138.0,355638272.0,355638272.0,46822938624.0,36.0,36.0,30.0,6.0,36.0,30.0,6.0,,,,,,,,,,,,,,,,,,,,,,,,,,,,,,,,,,,,,,,,,,,,,,,,,,,,,,,,,,,,,,,,,,,,,,,,,,,,,,,,,,,,,,,,,,,,,,,,,,,,,,,,,,,,36.0,30.0,6.0,30.0,138.0,168.0,36.0,30.0,6.0,,,,,,,36.0,,,,,,,,,,,,,,,,,,,,,5.56,3.33,16.67,14.29,3.33,16.67,2.78,3.33,0.0,,0.0,2.71,0.16,,,False,False,False,False,False,False,False,False,False,,False,,,,,,,,,,,,,,,,,,,,,,,,,,,,,,,,,,,,,,,,
08024828161_wifi,Bangalore,105.0,ZYOTFF046132,NOKIA,32BD1372F2C7,Karnataka,0.0,0.0,0.0,0.0,100.0,99.1,,,0.0,,0.0,0.0,0.0,0.0,,0.0,0.1,0.15,AOT5221ZY,,,,,False,False,False,False,,False,False,False,False,,False,24.0,0.0,24.0,1255958528.0,1255958528.0,1267365888.0,1.0,1.0,,1.0,1.0,0.0,1.0,,,,,,,,,,,,,,,,,,,,,,,,,,,,,,,,,,,,,,,,,,,,,,,,,,,,,,,,,,,,,,,,,,,,,,,,,,,,,,,,,,,,,,,,,,,,,,,,,,,,,,,,,,,,1.0,0.0,1.0,0.0,24.0,24.0,1.0,,1.0,,,,,,,1.0,,,,,,,,,,,,,,,,,,,,,0.0,,0.0,0.0,0.0,0.0,0.0,0.0,0.0,,0.0,0.1,0.15,,,False,,False,False,False,False,False,False,False,,False,,,,,,,,,,,,,,,,,,,,,,,,,,,,,,,,,,,,,,,,
08021305959_wifi,Bangalore,105.0,ZYOTAF220521,NOKIA,1CD6BEAA4661,Karnataka,0.0,0.0,0.0,0.0,100.0,82.09,,,0.0,,0.0,0.0,0.0,0.0,,0.0,4.0,0.54,AOT5221ZY,,,,,False,False,False,False,,False,False,False,False,,False,32775.0,0.0,32775.0,38435923968.0,38435923968.0,46822938624.0,1425.0,1425.0,,1425.0,1425.0,0.0,1425.0,,,,,,,,,,,,,,,,,,,,,,,,,,,,,,,,,,,,,,,,,,,,,,,,,,,,,,,,,,,,,,,,,,,,,,,,,,,,,,,,,,,,,,,,,,,,,,,,,,,,,,,,,,,,1425.0,0.0,1425.0,0.0,32775.0,32775.0,1425.0,,1425.0,,,,,,,1425.0,,,,,,,,,,,,,,,,,,,,,0.0,,0.0,0.0,0.0,0.0,0.0,0.0,0.0,,0.0,4.0,0.54,,,False,,False,False,False,False,False,False,False,,False,,,,,,,,,,,,,,,,,,,,,,,,,,,,,,,,,,,,,,,,
080101842220_kk,Bangalore,105.0,ZYOTEF108503,NOKIA,F4289DA74175,Karnataka,0.0,0.0,0.0,0.0,100.0,10.42,,,0.0,,100.0,0.0,100.0,0.0,,0.0,0.99,0.09,MTK 0000,,,,,False,False,False,False,,True,False,True,False,,False,15312.0,0.0,15312.0,4715026432.0,4715026432.0,45255358464.0,638.0,638.0,,638.0,638.0,0.0,638.0,,,,,,,,,,,,,,,,,,,,,,,,,,,,,,,,,,,,,,,,,,,,,,,,,,,,,,,,,,,,,,,,,,,,,,,,,,,,,,,,,,,,,,,,,,,,,,,,,,,,,,,,,,,,638.0,0.0,638.0,0.0,15312.0,15312.0,638.0,,638.0,,,,,,,638.0,,,,,,,,,,,,,,,,,,,,,0.0,,0.0,0.0,0.0,0.0,100.0,0.0,100.0,,0.0,0.99,0.09,,,False,,False,False,False,False,True,False,True,,False,,,,,,,,,,,,,,,,,,,,,,,,,,,,,,,,,,,,,,,,
08021305959_wifi,Bangalore,105.0,ZYOTAF220521,NOKIA,4CD08A27B074,Karnataka,0.0,0.0,0.0,100.0,0.0,0.26,,,0.0,,100.0,100.0,0.0,0.0,0.0,,0.0,0.01,AOT5221ZY,,,,,False,False,False,False,,True,True,False,False,False,,611.0,611.0,0.0,121541632.0,121541632.0,46822938624.0,611.0,611.0,611.0,,611.0,611.0,0.0,,,,,,,,,,,,,,,,,,,,,,,,,,,,,,,,,,,,,,,,,,,,,,,,,,,,,,,,,,,,,,,,,,,,,,,,,,,,,,,,,,,,,,,,,,,,,,,,,,,,,,,,,,,,611.0,611.0,0.0,611.0,0.0,611.0,611.0,611.0,,,,,,,,611.0,,,,,,,,,,,,,,,,,,,,,0.0,0.0,,0.0,0.0,0.0,100.0,100.0,0.0,,0.0,0.0,0.01,,,False,False,,False,False,False,True,True,False,,False,,,,,,,,,,,,,,,,,,,,,,,,,,,,,,,,,,,,,,,,
08024828161_wifi,Bangalore,105.0,ZYOTFF046132,NOKIA,,Karnataka,,,,,,,,,,,,,,,,,,,AOT5221ZY,,,,,,,,,,,,,,,,,,,,,,,,,,,,,08024828161_wifi,105.0,ZYOTFF046132,NOKIA,6C4F89D50069,AOT5221ZY,2.0,1.0,1.0,0.0,0.0,0.0,0.0,0.0,0.0,0.1,0.15,91.29,91.42,0.0,76.2,90.91,62.72,0.0,0.0,0.0,0.0,0.0,0.0,0.0,0.0,0.0,0.0,0.0,0.0,0.0,0.0,0.0,0.0,0.0,,,,,,99.1,1267365888.0,0.0,0.0,23.0,0.0,0.0,11.0,0.0,0.0,12.0,0.0,0.0,0.0,0.0,0.0,0.0,False,False,False,False,False,False,True,True,True,True,False,True,True,True,False,False,False,False,False,False,False,False,False,False,False,,,,,,,False,False,False,False,False,False,False,False,48.42,0.0,False,0.0,False,False,700.0,699.0,1.0,0.0,24.0,24.0,700.0,699.0,1.0,2185.0,1045.0,1140.0,190.0,95.0,95.0,700.0,189.0,95.0,94.0,190.0,95.0,95.0,,,1267365888.0,23.0,11.0,12.0,190.0,95.0,95.0,23.0,11.0,12.0,6C4F89D50069,2.0,0.0,0.0,0.0,0.0,0.0,0.0,91.29,91.42,0.0,0.0,0.0,0.1,0.15,,,False,False,False,False,False,False,True,True,False,False,False,76.2,90.91,62.72,0.0,0.0,0.0,0.0,0.0,,,,99.1,1267365888.0,0.0,0.0,23.0,0.0,0.0,11.0,0.0,0.0,12.0,48.42,True,True,True,True,True,False,False,False,,,,,,,False,False,False
080101842220_kk,Bangalore,105.0,ZYOTEF108503,NOKIA,,Karnataka,,,,,,,,,,,,,,,,,,,MTK 0000,,,,,,,,,,,,,,,,,,,,,,,,,,,,,080101842220_kk,105.0,ZYOTEF108503,NOKIA,6C4F89B50E99,MTK 0000,7.0,4.0,7.0,1.02,0.0,1.19,0.0,0.98,0.14,13.3,0.69,86.55,91.74,85.63,88.57,90.5,87.02,,0.0,0.0,0.0,0.0,0.0,0.0,0.0,0.0,0.0,0.0,0.0,0.0,0.0,0.0,0.0,0.0,,,,,,58.11,45255358464.0,0.0,0.0,24.0,0.0,0.0,11.0,0.0,0.0,13.0,0.0,0.0,0.0,0.0,0.0,0.0,False,False,False,False,False,False,False,True,True,True,True,True,True,True,,False,False,False,False,False,False,False,False,False,False,,,,,,,False,False,False,False,False,False,False,False,72.61,14.36,False,1.06,False,True,5910.0,884.0,5026.0,0.0,120624.0,16056.0,5910.0,884.0,5026.0,4234.0,1884.0,2350.0,466.0,188.0,278.0,5910.0,466.0,188.0,278.0,466.0,188.0,278.0,,,45255358464.0,24.0,11.0,13.0,376.0,188.0,188.0,24.0,11.0,13.0,6C4F89B50E99,7.0,1.02,0.0,1.19,0.14,0.0,0.98,86.55,91.74,85.63,,0.0,13.3,0.69,,,False,False,False,False,False,False,True,True,True,,False,88.57,90.5,87.02,0.0,0.0,0.0,0.0,0.0,,,,58.11,45255358464.0,0.0,0.0,24.0,0.0,0.0,11.0,0.0,0.0,13.0,72.61,False,True,True,True,True,False,False,False,,,,,,,False,False,True
08021305959_wifi,Bangalore,105.0,ZYOTAF220521,NOKIA,,Karnataka,,,,,,,,,,,,,,,,,,,AOT5221ZY,,,,,,,,,,,,,,,,,,,,,,,,,,,,,08021305959_wifi,105.0,ZYOTAF220521,NOKIA,6C4F89165033,AOT5221ZY,5.0,4.0,3.0,1.96,1.95,1.96,1.95,1.96,1.96,668.87,21.16,28.65,96.86,0.0,76.74,87.49,67.06,0.0,0.0,0.0,0.0,0.0,0.0,0.0,0.0,0.0,0.0,0.0,0.0,0.0,0.0,0.0,0.0,0.0,67.16,,,,,89.48,46822938624.0,0.0,0.0,24.0,0.0,0.0,11.0,0.0,0.0,13.0,0.0,0.0,0.0,0.0,0.0,0.0,False,False,False,False,False,False,False,False,False,True,False,True,True,True,False,False,False,False,False,False,False,False,False,False,False,True,True,,,,,False,False,False,False,False,False,False,False,52.04,0.0,False,0.0,False,True,3120.0,923.0,2197.0,923.0,50531.0,51454.0,3120.0,923.0,2197.0,2244.0,1063.0,1181.0,197.0,94.0,103.0,3120.0,187.0,89.0,98.0,197.0,94.0,103.0,24.0,24.0,46822938624.0,24.0,11.0,13.0,196.0,98.0,98.0,24.0,11.0,13.0,6C4F89165033,5.0,1.96,1.95,1.96,1.96,1.95,1.96,28.65,96.86,0.0,0.0,0.0,668.87,21.16,,,False,False,False,False,False,False,False,True,False,False,False,76.74,87.49,67.06,0.0,0.0,0.0,0.0,0.0,67.16,,,89.48,46822938624.0,0.0,0.0,24.0,0.0,0.0,11.0,0.0,0.0,13.0,52.04,False,False,True,True,True,False,False,False,True,True,,,,,False,False,True
