ap,city,circle_code_no,ont_serial_no,vendor_name,station_mac,circle,client_with_poor_snr_sample,client_with_poor_snr_sample_2,client_with_poor_snr_sample_5,tot_2g,tot_5g,tot_overall,client_with_high_no_of_sticky_client_2_with_good_coverage,client_with_high_no_of_sticky_client_5_with_poor_coverage,client_with_high_tx_packet_error,client_with_high_client_disconnection,client_with_poor_link_speed_mcs_rate,client_with_poor_link_speed_mcs_rate_2,client_with_poor_link_speed_mcs_rate_5,client_with_poor_coverage,client_with_poor_coverage_2,client_with_poor_coverage_5,client_with_poor_dl_throughput_less_than_threshold,client_with_poor_ul_throughput_less_than_threshold,ap_manufacturer,host_name,type,manufacturer,model,client_with_poor_snr_sample_breach,client_with_poor_snr_sample_2_breach,client_with_poor_snr_sample_5_breach,client_with_high_tx_packet_error_breach,client_with_high_client_disconnection_breach,client_with_poor_link_speed_mcs_rate_breach,client_with_poor_link_speed_mcs_rate_2_breach,client_with_poor_link_speed_mcs_rate_5_breach,client_with_poor_coverage_breach,client_with_poor_coverage_2_breach,client_with_poor_coverage_5_breach,count_of_total_samples_for_client_with_poor_snr_sample,count_of_total_samples_for_client_with_poor_snr_sample_2,count_of_total_samples_for_client_with_poor_snr_sample_5,count_of_total_samples_for_ap_tot_2g,count_of_total_samples_for_ap_tot_5g,count_of_total_samples_for_ap_tot_overall,count_of_total_samples_for_client_with_high_tx_packet_error,count_of_total_samples_for_client_with_poor_link_speed_mcs_rate,count_of_total_samples_for_client_with_poor_link_speed_mcs_rate_2,count_of_total_samples_for_client_with_poor_link_speed_mcs_rate_5,count_of_total_samples_for_client_with_poor_coverage,count_of_total_samples_for_client_with_poor_coverage_2,count_of_total_samples_for_client_with_poor_coverage_5,ap name,circle code,ont serial number,vendor,mac address,ap manufacturer,connected clients,connected clients (2.4 ghz),connected clients (5 ghz),poor coverage (overall),poor coverage (2.4 ghz),poor coverage (5 ghz),poor snr (2.4 ghz),poor snr (5 ghz),poor snr (overall),low download throughput (overall),low upload throughput (overall),low link speed (overall),low link speed (2.4 ghz),low link speed (5 ghz),high interference (overall),high interference (2.4 ghz),high interference (5 ghz),high client disconnections (overall),high retry rate (overall),high retry rate (2.4 ghz),high retry rate (5 ghz),high tx packet errors (overall),tx packet error (%) (overall),tx packet error (%) (2.4 ghz),tx packet error (%) (5 ghz),high tx packet errors flag (overall),high tx packet errors flag (2.4 ghz),high tx packet errors flag (5 ghz),high rx packet errors (overall),high rx packet errors (2.4 ghz),high rx packet errors (5 ghz),high rx packet errors flag (overall),high rx packet errors flag (2.4 ghz),high rx packet errors flag (5 ghz),downtime (%) (overall),high cpu utilization (overall),memory errors (overall),sticky clients (2.4 ghz - good coverage),sticky clients (5 ghz - poor coverage),poor tot on (5 ghz),zero usage aps (overall),channel utilization (%) (overall),high channel utilization count (overall),total channels (all bands),high channel utilization (2.4 ghz) (%),high channel utilization count (2.4 ghz),total channels (2.4 ghz),high channel congestion (5 ghz) (%),high channel congestion count (5 ghz),total channels (5 ghz),own channel usage ratio (%) (overall),own channel usage ratio count (overall),own channel usage ratio (%) (2.4 ghz),own channel usage ratio count (2.4 ghz),own channel usage ratio (%) (5 ghz),own channel usage ratio count (5 ghz),poor coverage breach (overall),poor coverage breach (2.4 ghz),poor coverage breach (5 ghz),poor snr breach (2.4 ghz),poor snr breach (5 ghz),poor snr breach (overall),low download throughput breach (overall),low upload throughput breach (overall),low link speed breach (overall),low link speed breach (2.4 ghz),low link speed breach (5 ghz),high interference breach (overall),high interference breach (2.4 ghz),high interference breach (5 ghz),high client disconnections breach (overall),high retry rate breach (overall),high retry rate breach (2.4 ghz),high retry rate breach (5 ghz),high tx packet errors breach (overall),tx packet error (%) breach (overall),tx packet error (%) breach (2.4 ghz),tx packet error (%) breach (5 ghz),high rx packet errors breach (overall),high rx packet errors breach (2.4 ghz),high rx packet errors breach (5 ghz),ap downtime (%) breach (overall),internet down incidents breach (overall),high cpu utilization breach (overall),memory errors breach (overall),sticky clients breach (2.4 ghz - good coverage),sticky clients breach (5 ghz - poor coverage),poor tot breach (5 ghz),zero usage aps breach (overall),high channel utilization breach (overall),high channel utilization breach (2.4 ghz),high channel congestion breach (5 ghz),own channel usage ratio breach (overall),own channel usage ratio breach (2.4 ghz),own channel usage ratio breach (5 ghz),obss (overall),obss (2.4 ghz),obss breach (2.4 ghz),obss (5 ghz),obss breach (5 ghz),obss breach (overall),count_of_total_samples_for_ap_with_poor_coverage,count_of_total_samples_for_ap_with_poor_coverage_2,count_of_total_samples_for_ap_with_poor_coverage_5,count_of_total_samples_for_ap_with_poor_snr_sample_2,count_of_total_samples_for_ap_with_poor_snr_sample_5,count_of_total_samples_for_ap_with_poor_snr_sample,count_of_total_samples_for_ap_with_poor_link_speed_mcs_rate,count_of_total_samples_for_ap_with_poor_link_speed_mcs_rate_2,count_of_total_samples_for_ap_with_poor_link_speed_mcs_rate_5,count_of_total_samples_for_ap_with_high_interference,count_of_total_samples_for_ap_with_high_interference_2,count_of_total_samples_for_ap_with_high_interference_5,count_of_total_samples_for_ap_with_high_retry_rate,high retry rate sample count (2.4 ghz),high retry rate sample count (5 ghz),count_of_total_samples_for_ap_with_high_tx_packet_error,count_of_total_samples_for_ap_with_high_tx_packet_error_percent,tx packet error (%) sample count (2.4 ghz),tx packet error (%) sample count (5 ghz),count_of_total_samples_for_ap_with_high_rx_packet_error,high rx packet errors sample count (2.4 ghz),high rx packet errors sample count (5 ghz),count_of_total_samples_for_ap_downtime_per,count_of_total_samples_for_ap_with_high_internet_down_incident,count_of_total_samples_for_ap_with_poor_tot_on_5g,count_of_total_samples_for_ap_with_high_channel_utilisation,count_of_total_samples_for_ap_with_high_channel_utilisation_2,count_of_total_samples_for_ap_with_high_channel_congestion_5,count_of_total_samples_for_channelobss,count_of_total_samples_for_channelobss2_4,count_of_total_samples_for_channelobss5,own channel usage ratio sample count (overall),own channel usage ratio sample count (2.4 ghz),own channel usage ratio sample count (5 ghz),mac_address,station_count,ap_with_poor_coverage,ap_with_poor_coverage_2,ap_with_poor_coverage_5,ap_with_poor_snr_sample,ap_with_poor_snr_sample_2,ap_with_poor_snr_sample_5,ap_with_poor_link_speed_mcs_rate,ap_with_poor_link_speed_mcs_rate_2,ap_with_poor_link_speed_mcs_rate_5,ap_with_high_client_disconnection,ap_with_high_tx_packet_error,ap_with_poor_dl_throughput_less_than_threshold,ap_with_poor_ul_throughput_less_than_threshold,ap_with_high_no_of_sticky_client_2_with_good_coverage,ap_with_high_no_of_sticky_client_5_with_poor_coverage,ap_with_poor_coverage_breach,ap_with_poor_coverage_2_breach,ap_with_poor_coverage_5_breach,ap_with_poor_snr_sample_breach,ap_with_poor_snr_sample_2_breach,ap_with_poor_snr_sample_5_breach,ap_with_poor_link_speed_mcs_rate_breach,ap_with_poor_link_speed_mcs_rate_2_breach,ap_with_poor_link_speed_mcs_rate_5_breach,ap_with_high_client_disconnection_breach,ap_with_high_tx_packet_error_breach,ap_with_high_interference,ap_with_high_interference_2,ap_with_high_interference_5,ap_with_high_retry_rate,ap_with_high_tx_packet_error_percent,ap_with_high_tx_packet_error_flag,ap_with_high_rx_packet_error,ap_with_high_rx_packet_error_flag,ap_downtime_per,ap_with_high_cpu_utilisation,ap_with_high_memory_packet_error,ap_with_poor_tot_on_5g,ap_with_zero_usage,ap_with_high_channel_utilisation_pct,ap_with_high_channel_utilisation_count,total_channels_all,ap_with_high_channel_utilisation_2_pct,ap_with_high_channel_utilisation_2_count,total_channels_2,ap_with_high_channel_congestion_5_pct,ap_with_high_channel_congestion_5_count,total_channels_5,channelobss,ap_with_poor_dl_throughput_less_than_threshold_breach,ap_with_poor_ul_throughput_less_than_threshold_breach,ap_with_high_interference_breach,ap_with_high_interference_2_breach,ap_with_high_interference_5_breach,ap_with_high_retry_rate_breach,ap_with_high_tx_packet_error_percent_breach,ap_with_high_rx_packet_error_breach,ap_downtime_per_breach,ap_with_high_internet_down_incident_breach,ap_with_high_cpu_utilisation_breach,ap_with_high_memory_packet_error_breach,ap_with_high_no_of_sticky_client_2_with_good_coverage_breach,ap_with_high_no_of_sticky_client_5_with_poor_coverage_breach,ap_with_zero_usage_breach,ap_with_high_channel_congestion_5_breach,channelobss_breach
01244081160_dsl,Gurgaon,108.0,NKOT0F01CE6F,NOKIA,2E16524D4AFB,Haryana,0.0,0.0,0.0,0.0,100.0,64.43,False,False,0.0,19.0,0.0,0.0,0.0,0.0,,0.0,1.32,0.03,AOT4221NK,iPhone,PHONE,Apple,iPhone,False,False,False,False,True,False,False,False,False,,False,12760.0,0.0,12760.0,6533969920.0,6533969920.0,10140636160.0,580.0,580.0,,580.0,580.0,0.0,580.0,,,,,,,,,,,,,,,,,,,,,,,,,,,,,,,,,,,,,,,,,,,,,,,,,,,,,,,,,,,,,,,,,,,,,,,,,,,,,,,,,,,,,,,,,,,,,,,,,,,,,,,,,,,,580.0,0.0,580.0,0.0,12760.0,12760.0,580.0,,580.0,,,,,,,580.0,,,,,,,,,,,,,,,,,,,,,0.0,,0.0,0.0,0.0,0.0,0.0,0.0,0.0,19.0,0.0,1.32,0.03,False,False,False,,False,False,False,False,False,False,False,True,False,,,,,,,,,,,,,,,,,,,,,,,,,,,,,,,,,,,,,,,,
012444903348_dsl,Gurgaon,108.0,NKOT0F01CE7E,NOKIA,286B35D324CB,Haryana,0.0,0.0,0.0,0.02,99.98,2.74,True,False,0.0,15.0,0.0,0.0,0.0,0.0,0.0,0.0,0.74,0.06,AOT4221NK,DESKTOP-7592F22,,,,False,False,False,False,True,False,False,False,False,False,False,176.0,176.0,0.0,1095996246.0,1095996246.0,40060881881.0,596.0,596.0,8.0,588.0,596.0,8.0,588.0,,,,,,,,,,,,,,,,,,,,,,,,,,,,,,,,,,,,,,,,,,,,,,,,,,,,,,,,,,,,,,,,,,,,,,,,,,,,,,,,,,,,,,,,,,,,,,,,,,,,,,,,,,,,596.0,8.0,588.0,176.0,0.0,176.0,596.0,8.0,588.0,,,,,,,596.0,,,,,,,,,,,,,,,,,,,,,0.0,0.0,0.0,0.0,0.0,0.0,0.0,0.0,0.0,15.0,0.0,0.74,0.06,True,False,False,False,False,False,False,False,False,False,False,True,False,,,,,,,,,,,,,,,,,,,,,,,,,,,,,,,,,,,,,,,,
012444903348_dsl,Gurgaon,108.0,NKOT0F01CE7E,NOKIA,1AA0C35EE4F9,Haryana,,,,0.0,100.0,13.96,False,False,0.0,21.0,0.0,0.0,0.0,0.0,,0.0,2.38,0.08,AOT4221NK,iPhone,PHONE,Apple,iPhone,,,,False,True,False,False,False,False,,False,,,,5591097793.0,5591097793.0,40060881881.0,921.0,921.0,,921.0,921.0,0.0,921.0,,,,,,,,,,,,,,,,,,,,,,,,,,,,,,,,,,,,,,,,,,,,,,,,,,,,,,,,,,,,,,,,,,,,,,,,,,,,,,,,,,,,,,,,,,,,,,,,,,,,,,,,,,,,921.0,0.0,921.0,,,,921.0,,921.0,,,,,,,921.0,,,,,,,,,,,,,,,,,,,,,0.0,,0.0,,,,0.0,0.0,0.0,21.0,0.0,2.38,0.08,False,False,False,,False,,,,False,False,False,True,False,,,,,,,,,,,,,,,,,,,,,,,,,,,,,,,,,,,,,,,,
012436398608_dsl,Gurgaon,108.0,NKOTDF0001E7,NOKIA,5215E04285F1,Haryana,0.0,0.0,0.0,5.79,94.21,12.3,True,False,0.0,10.0,9.69,25.0,9.65,0.06,25.0,0.0,2.28,0.18,AAP321NK,OnePlus-10T-5G,PHONE,OnePlus,10T 5G,False,False,False,False,True,False,False,False,False,False,False,34650.0,0.0,34650.0,9825424384.0,9825424384.0,79871681536.0,1579.0,1579.0,4.0,1575.0,1579.0,4.0,1575.0,,,,,,,,,,,,,,,,,,,,,,,,,,,,,,,,,,,,,,,,,,,,,,,,,,,,,,,,,,,,,,,,,,,,,,,,,,,,,,,,,,,,,,,,,,,,,,,,,,,,,,,,,,,,1579.0,4.0,1575.0,0.0,34650.0,34650.0,1579.0,4.0,1575.0,,,,,,,1579.0,,,,,,,,,,,,,,,,,,,,,0.06,25.0,0.0,0.0,0.0,0.0,9.69,25.0,9.65,10.0,0.0,2.28,0.18,True,False,False,False,False,False,False,False,False,False,False,True,False,,,,,,,,,,,,,,,,,,,,,,,,,,,,,,,,,,,,,,,,
012445159575_dsl,Gurgaon,108.0,ZYOTFD000042,NOKIA,8C7A3DD408C7,Haryana,79.46,0.0,79.46,0.0,100.0,31.52,False,False,0.0,4.0,1.75,0.0,1.75,82.68,,82.68,3.83,0.07,AOT5221ZY,,,,,True,False,True,False,False,False,False,False,True,,True,9448.0,0.0,9448.0,21051966464.0,21051966464.0,66794147840.0,912.0,912.0,,912.0,912.0,0.0,912.0,,,,,,,,,,,,,,,,,,,,,,,,,,,,,,,,,,,,,,,,,,,,,,,,,,,,,,,,,,,,,,,,,,,,,,,,,,,,,,,,,,,,,,,,,,,,,,,,,,,,,,,,,,,,912.0,0.0,912.0,0.0,9448.0,9448.0,912.0,,912.0,,,,,,,912.0,,,,,,,,,,,,,,,,,,,,,82.68,,82.68,79.46,0.0,79.46,1.75,0.0,1.75,4.0,0.0,3.83,0.07,False,False,True,,True,True,False,True,False,False,False,False,False,,,,,,,,,,,,,,,,,,,,,,,,,,,,,,,,,,,,,,,,
01244054723_dsl,Gurgaon,108.0,NKOT0F0226EE,NOKIA,4C22F33F2EDC,Haryana,0.0,0.0,0.0,0.0,100.0,19.5,False,True,0.0,11.0,0.0,0.0,0.0,0.0,,0.0,2.47,0.05,AOT4221NK,LGwebOSTV,,,,False,False,False,False,True,False,False,False,False,,False,14700.0,0.0,14700.0,13154325504.0,13154325504.0,67452024995.0,700.0,700.0,,700.0,700.0,0.0,700.0,,,,,,,,,,,,,,,,,,,,,,,,,,,,,,,,,,,,,,,,,,,,,,,,,,,,,,,,,,,,,,,,,,,,,,,,,,,,,,,,,,,,,,,,,,,,,,,,,,,,,,,,,,,,700.0,0.0,700.0,0.0,14700.0,14700.0,700.0,,700.0,,,,,,,700.0,,,,,,,,,,,,,,,,,,,,,0.0,,0.0,0.0,0.0,0.0,0.0,0.0,0.0,11.0,0.0,2.47,0.05,False,True,False,,False,False,False,False,False,False,False,True,False,,,,,,,,,,,,,,,,,,,,,,,,,,,,,,,,,,,,,,,,
01246232448_dsl,Gurgaon,108.0,NKOT2F045EF1,NOKIA,92A6DFBC2EA2,Haryana,0.01,0.0,0.01,0.0,100.0,26.87,False,False,0.0,41.0,0.24,50.0,0.12,0.12,0.0,0.12,2.28,0.93,AOT4221NK,,,,,False,False,False,False,True,False,False,False,False,False,False,9185.0,0.0,9185.0,18091166720.0,18091166720.0,67318526976.0,837.0,837.0,2.0,835.0,837.0,2.0,835.0,,,,,,,,,,,,,,,,,,,,,,,,,,,,,,,,,,,,,,,,,,,,,,,,,,,,,,,,,,,,,,,,,,,,,,,,,,,,,,,,,,,,,,,,,,,,,,,,,,,,,,,,,,,,837.0,2.0,835.0,0.0,9185.0,9185.0,837.0,2.0,835.0,,,,,,,837.0,,,,,,,,,,,,,,,,,,,,,0.12,0.0,0.12,0.01,0.0,0.01,0.24,50.0,0.12,41.0,0.0,2.28,0.93,False,False,False,False,False,False,False,False,False,False,False,True,False,,,,,,,,,,,,,,,,,,,,,,,,,,,,,,,,,,,,,,,,
012444903348_dsl,Gurgaon,108.0,NKOT0F01CE7E,NOKIA,F4032A96D8C9,Haryana,,,,0.0,100.0,1.62,,,0.0,2.0,0.0,0.0,0.0,0.0,,0.0,0.11,0.03,AOT4221NK,Unknown_f4:03:2a:96:d8:c9,,,,,,,False,False,False,False,False,False,,False,,,,649257752.0,649257752.0,40060881881.0,1395.0,1395.0,,1395.0,1395.0,0.0,1395.0,,,,,,,,,,,,,,,,,,,,,,,,,,,,,,,,,,,,,,,,,,,,,,,,,,,,,,,,,,,,,,,,,,,,,,,,,,,,,,,,,,,,,,,,,,,,,,,,,,,,,,,,,,,,1395.0,0.0,1395.0,,,,1395.0,,1395.0,,,,,,,1395.0,,,,,,,,,,,,,,,,,,,,,0.0,,0.0,,,,0.0,0.0,0.0,2.0,0.0,0.11,0.03,,,False,,False,,,,False,False,False,False,False,,,,,,,,,,,,,,,,,,,,,,,,,,,,,,,,,,,,,,,,
01244054723_dsl,Gurgaon,108.0,NKOT0F0226EE,NOKIA,0A3CC1576FFD,Haryana,0.0,0.0,0.0,0.0,100.0,0.17,False,False,0.0,5.0,0.0,0.0,0.0,0.0,,0.0,0.07,0.01,AOT4221NK,iPad,TABLET,,iPad,False,False,False,False,False,False,False,False,False,,False,11193.0,0.0,11193.0,116890624.0,116890624.0,67452024995.0,533.0,533.0,,533.0,533.0,0.0,533.0,,,,,,,,,,,,,,,,,,,,,,,,,,,,,,,,,,,,,,,,,,,,,,,,,,,,,,,,,,,,,,,,,,,,,,,,,,,,,,,,,,,,,,,,,,,,,,,,,,,,,,,,,,,,533.0,0.0,533.0,0.0,11193.0,11193.0,533.0,,533.0,,,,,,,533.0,,,,,,,,,,,,,,,,,,,,,0.0,,0.0,0.0,0.0,0.0,0.0,0.0,0.0,5.0,0.0,0.07,0.01,False,False,False,,False,False,False,False,False,False,False,False,False,,,,,,,,,,,,,,,,,,,,,,,,,,,,,,,,,,,,,,,,
012445118300_dsl,Gurgaon,108.0,NKOT0F01D2BA,NOKIA,960207D43B98,Haryana,0.0,0.0,0.0,0.0,100.0,42.9,,,0.0,1.0,0.0,0.0,0.0,0.0,,0.0,0.54,0.01,AOT4221NK,,,,,False,False,False,False,False,False,False,False,False,,False,11066.0,0.0,11066.0,4026654720.0,4026654720.0,9385959424.0,503.0,503.0,,503.0,503.0,0.0,503.0,,,,,,,,,,,,,,,,,,,,,,,,,,,,,,,,,,,,,,,,,,,,,,,,,,,,,,,,,,,,,,,,,,,,,,,,,,,,,,,,,,,,,,,,,,,,,,,,,,,,,,,,,,,,503.0,0.0,503.0,0.0,11066.0,11066.0,503.0,,503.0,,,,,,,503.0,,,,,,,,,,,,,,,,,,,,,0.0,,0.0,0.0,0.0,0.0,0.0,0.0,0.0,1.0,0.0,0.54,0.01,,,False,,False,False,False,False,False,False,False,False,False,,,,,,,,,,,,,,,,,,,,,,,,,,,,,,,,,,,,,,,,
012447862103_dsl,Gurgaon,108.0,ZYOTB0900020,NOKIA,6696E8690975,Haryana,0.0,0.0,0.0,0.0,100.0,39.75,,,0.0,,0.0,0.0,0.0,0.0,,0.0,2.4,0.2,AOT5222ZY,,,,,False,False,False,False,,False,False,False,False,,False,13398.0,0.0,13398.0,11262670848.0,11262670848.0,28334366720.0,636.0,636.0,,636.0,636.0,0.0,636.0,,,,,,,,,,,,,,,,,,,,,,,,,,,,,,,,,,,,,,,,,,,,,,,,,,,,,,,,,,,,,,,,,,,,,,,,,,,,,,,,,,,,,,,,,,,,,,,,,,,,,,,,,,,,636.0,0.0,636.0,0.0,13398.0,13398.0,636.0,,636.0,,,,,,,636.0,,,,,,,,,,,,,,,,,,,,,0.0,,0.0,0.0,0.0,0.0,0.0,0.0,0.0,,0.0,2.4,0.2,,,False,,False,False,False,False,False,False,False,,False,,,,,,,,,,,,,,,,,,,,,,,,,,,,,,,,,,,,,,,,
012436398608_dsl,Gurgaon,108.0,NKOTDF0001E7,NOKIA,5A8CF8F08505,Haryana,0.0,0.0,0.0,0.36,99.64,1.48,False,False,0.0,2.0,0.0,0.0,0.0,0.0,0.0,0.0,0.29,0.09,AAP321NK,MacBookPro,LAPTOP,Apple,MacBook,False,False,False,False,False,False,False,False,False,False,False,40260.0,0.0,40260.0,1185104896.0,1185104896.0,79871681536.0,1831.0,1831.0,1.0,1830.0,1831.0,1.0,1830.0,,,,,,,,,,,,,,,,,,,,,,,,,,,,,,,,,,,,,,,,,,,,,,,,,,,,,,,,,,,,,,,,,,,,,,,,,,,,,,,,,,,,,,,,,,,,,,,,,,,,,,,,,,,,1831.0,1.0,1830.0,0.0,40260.0,40260.0,1831.0,1.0,1830.0,,,,,,,1831.0,,,,,,,,,,,,,,,,,,,,,0.0,0.0,0.0,0.0,0.0,0.0,0.0,0.0,0.0,2.0,0.0,0.29,0.09,False,False,False,False,False,False,False,False,False,False,False,False,False,,,,,,,,,,,,,,,,,,,,,,,,,,,,,,,,,,,,,,,,
012444801137_dsl,Gurgaon,108.0,NKOTDF000165,NOKIA,A09208536DDC,Haryana,,,,100.0,0.0,0.15,,,0.0,,84.9,84.9,0.0,0.0,0.0,,0.0,0.0,AAP321NK,,,,,,,,False,,True,True,False,False,False,,,,,41934848.0,41934848.0,27220841472.0,1225.0,1225.0,1225.0,,1225.0,1225.0,0.0,,,,,,,,,,,,,,,,,,,,,,,,,,,,,,,,,,,,,,,,,,,,,,,,,,,,,,,,,,,,,,,,,,,,,,,,,,,,,,,,,,,,,,,,,,,,,,,,,,,,,,,,,,,,1225.0,1225.0,0.0,,,,1225.0,1225.0,,,,,,,,1225.0,,,,,,,,,,,,,,,,,,,,,0.0,0.0,,,,,84.9,84.9,0.0,,0.0,0.0,0.0,,,False,False,,,,,True,True,False,,False,,,,,,,,,,,,,,,,,,,,,,,,,,,,,,,,,,,,,,,,
012436398608_dsl,Gurgaon,108.0,NKOTDF0001E7,NOKIA,36C731F77459,Haryana,0.0,0.0,0.0,0.0,100.0,6.61,False,True,0.0,1.0,0.0,0.0,0.0,0.0,,0.0,6.0,0.08,AAP321NK,iPad,,,,False,False,False,False,False,False,False,False,False,,False,2838.0,0.0,2838.0,5278125056.0,5278125056.0,79871681536.0,129.0,129.0,,129.0,129.0,0.0,129.0,,,,,,,,,,,,,,,,,,,,,,,,,,,,,,,,,,,,,,,,,,,,,,,,,,,,,,,,,,,,,,,,,,,,,,,,,,,,,,,,,,,,,,,,,,,,,,,,,,,,,,,,,,,,129.0,0.0,129.0,0.0,2838.0,2838.0,129.0,,129.0,,,,,,,129.0,,,,,,,,,,,,,,,,,,,,,0.0,,0.0,0.0,0.0,0.0,0.0,0.0,0.0,1.0,0.0,6.0,0.08,False,True,False,,False,False,False,False,False,False,False,False,False,,,,,,,,,,,,,,,,,,,,,,,,,,,,,,,,,,,,,,,,
012444801137_dsl,Gurgaon,108.0,NKOTDF000165,NOKIA,9877D53D4080,Haryana,,,,100.0,0.0,0.0,,,0.0,3.0,67.27,67.27,0.0,0.0,0.0,,0.0,0.0,AAP321NK,,,,,,,,False,False,True,True,False,False,False,,,,,896000.0,896000.0,27220841472.0,55.0,55.0,55.0,,55.0,55.0,0.0,,,,,,,,,,,,,,,,,,,,,,,,,,,,,,,,,,,,,,,,,,,,,,,,,,,,,,,,,,,,,,,,,,,,,,,,,,,,,,,,,,,,,,,,,,,,,,,,,,,,,,,,,,,,55.0,55.0,0.0,,,,55.0,55.0,,,,,,,,55.0,,,,,,,,,,,,,,,,,,,,,0.0,0.0,,,,,67.27,67.27,0.0,3.0,0.0,0.0,0.0,,,False,False,,,,,True,True,False,False,False,,,,,,,,,,,,,,,,,,,,,,,,,,,,,,,,,,,,,,,,
01246232448_dsl,Gurgaon,108.0,NKOT2F045EF1,NOKIA,325B49E35801,Haryana,0.0,0.0,0.0,1.51,98.49,0.19,False,True,0.0,19.0,1.83,100.0,0.0,0.1,5.26,0.0,0.09,0.01,AOT4221NK,Anils-Galaxy-S9,PHONE,Samsung Electronics,Galaxy,False,False,False,False,True,False,True,False,False,False,False,11242.0,0.0,11242.0,128098304.0,128098304.0,67318526976.0,1041.0,1041.0,19.0,1022.0,1041.0,19.0,1022.0,,,,,,,,,,,,,,,,,,,,,,,,,,,,,,,,,,,,,,,,,,,,,,,,,,,,,,,,,,,,,,,,,,,,,,,,,,,,,,,,,,,,,,,,,,,,,,,,,,,,,,,,,,,,1041.0,19.0,1022.0,0.0,11242.0,11242.0,1041.0,19.0,1022.0,,,,,,,1041.0,,,,,,,,,,,,,,,,,,,,,0.1,5.26,0.0,0.0,0.0,0.0,1.83,100.0,0.0,19.0,0.0,0.09,0.01,False,True,False,False,False,False,False,False,False,True,False,True,False,,,,,,,,,,,,,,,,,,,,,,,,,,,,,,,,,,,,,,,,
01246472327_dsl,Gurgaon,108.0,NKOTA0000592,NOKIA,7AB5AA2AA71B,Haryana,0.0,0.0,0.0,0.0,100.0,3.84,False,False,0.0,11.0,0.0,0.0,0.0,0.0,,0.0,1.07,0.06,AOT4221NK,iPhone,PHONE,,iPhone,False,False,False,False,True,False,False,False,False,,False,3608.0,0.0,3608.0,970553344.0,970553344.0,25274698752.0,164.0,164.0,,164.0,164.0,0.0,164.0,,,,,,,,,,,,,,,,,,,,,,,,,,,,,,,,,,,,,,,,,,,,,,,,,,,,,,,,,,,,,,,,,,,,,,,,,,,,,,,,,,,,,,,,,,,,,,,,,,,,,,,,,,,,164.0,0.0,164.0,0.0,3608.0,3608.0,164.0,,164.0,,,,,,,164.0,,,,,,,,,,,,,,,,,,,,,0.0,,0.0,0.0,0.0,0.0,0.0,0.0,0.0,11.0,0.0,1.07,0.06,False,False,False,,False,False,False,False,False,False,False,True,False,,,,,,,,,,,,,,,,,,,,,,,,,,,,,,,,,,,,,,,,
01246232448_dsl,Gurgaon,108.0,NKOT2F045EF1,NOKIA,EAD8C2AE0C1F,Haryana,0.0,0.0,0.0,0.0,100.0,0.31,,,0.0,3.0,0.0,0.0,0.0,0.0,,0.0,0.7,0.71,AOT4221NK,,,,,False,False,False,False,False,False,False,False,False,,False,1012.0,0.0,1012.0,205670400.0,205670400.0,67318526976.0,92.0,92.0,,92.0,92.0,0.0,92.0,,,,,,,,,,,,,,,,,,,,,,,,,,,,,,,,,,,,,,,,,,,,,,,,,,,,,,,,,,,,,,,,,,,,,,,,,,,,,,,,,,,,,,,,,,,,,,,,,,,,,,,,,,,,92.0,0.0,92.0,0.0,1012.0,1012.0,92.0,,92.0,,,,,,,92.0,,,,,,,,,,,,,,,,,,,,,0.0,,0.0,0.0,0.0,0.0,0.0,0.0,0.0,3.0,0.0,0.7,0.71,,,False,,False,False,False,False,False,False,False,False,False,,,,,,,,,,,,,,,,,,,,,,,,,,,,,,,,,,,,,,,,
012444801137_dsl,Gurgaon,108.0,NKOTDF000165,NOKIA,9877D5D771C0,Haryana,,,,100.0,0.0,0.01,False,False,0.0,2.0,67.12,67.12,0.0,0.0,0.0,,0.0,0.0,AAP321NK,wiz_d771c0,,,,,,,False,False,True,True,False,False,False,,,,,3662848.0,3662848.0,27220841472.0,73.0,73.0,73.0,,73.0,73.0,0.0,,,,,,,,,,,,,,,,,,,,,,,,,,,,,,,,,,,,,,,,,,,,,,,,,,,,,,,,,,,,,,,,,,,,,,,,,,,,,,,,,,,,,,,,,,,,,,,,,,,,,,,,,,,,73.0,73.0,0.0,,,,73.0,73.0,,,,,,,,73.0,,,,,,,,,,,,,,,,,,,,,0.0,0.0,,,,,67.12,67.12,0.0,2.0,0.0,0.0,0.0,False,False,False,False,,,,,True,True,False,False,False,,,,,,,,,,,,,,,,,,,,,,,,,,,,,,,,,,,,,,,,
012444801137_dsl,Gurgaon,108.0,NKOTDF000165,NOKIA,60DC81CCA4D0,Haryana,,,,100.0,0.0,0.38,False,False,0.0,4.0,75.78,75.78,0.0,0.0,0.0,,0.0,0.03,AAP321NK,,,,,,,,False,False,True,True,False,False,False,,,,,104050688.0,104050688.0,27220841472.0,1255.0,1255.0,1255.0,,1255.0,1255.0,0.0,,,,,,,,,,,,,,,,,,,,,,,,,,,,,,,,,,,,,,,,,,,,,,,,,,,,,,,,,,,,,,,,,,,,,,,,,,,,,,,,,,,,,,,,,,,,,,,,,,,,,,,,,,,,1255.0,1255.0,0.0,,,,1255.0,1255.0,,,,,,,,1255.0,,,,,,,,,,,,,,,,,,,,,0.0,0.0,,,,,75.78,75.78,0.0,4.0,0.0,0.0,0.03,False,False,False,False,,,,,True,True,False,False,False,,,,,,,,,,,,,,,,,,,,,,,,,,,,,,,,,,,,,,,,
012444903348_dsl,Gurgaon,108.0,NKOT0F01CE7E,NOKIA,3644BFE90759,Haryana,,,,0.0,100.0,0.49,False,False,0.0,1.0,0.0,0.0,0.0,0.0,,0.0,0.03,0.01,AOT4221NK,iPad,TABLET,Apple,iPad,,,,False,False,False,False,False,False,,False,,,,195456000.0,195456000.0,40060881881.0,823.0,823.0,,823.0,823.0,0.0,823.0,,,,,,,,,,,,,,,,,,,,,,,,,,,,,,,,,,,,,,,,,,,,,,,,,,,,,,,,,,,,,,,,,,,,,,,,,,,,,,,,,,,,,,,,,,,,,,,,,,,,,,,,,,,,823.0,0.0,823.0,,,,823.0,,823.0,,,,,,,823.0,,,,,,,,,,,,,,,,,,,,,0.0,,0.0,,,,0.0,0.0,0.0,1.0,0.0,0.03,0.01,False,False,False,,False,,,,False,False,False,False,False,,,,,,,,,,,,,,,,,,,,,,,,,,,,,,,,,,,,,,,,
012447862103_dsl,Gurgaon,108.0,ZYOTB0900020,NOKIA,EA1BACE87CEE,Haryana,75.68,0.0,75.68,2.27,97.73,0.36,,,0.0,,19.15,0.0,24.32,70.21,50.0,75.68,2.07,0.2,AOT5222ZY,,,,,True,False,True,False,,False,False,False,True,False,True,814.0,0.0,814.0,102296576.0,102296576.0,28334366720.0,47.0,47.0,10.0,37.0,47.0,10.0,37.0,,,,,,,,,,,,,,,,,,,,,,,,,,,,,,,,,,,,,,,,,,,,,,,,,,,,,,,,,,,,,,,,,,,,,,,,,,,,,,,,,,,,,,,,,,,,,,,,,,,,,,,,,,,,47.0,10.0,37.0,0.0,814.0,814.0,47.0,10.0,37.0,,,,,,,47.0,,,,,,,,,,,,,,,,,,,,,70.21,50.0,75.68,75.68,0.0,75.68,19.15,0.0,24.32,,0.0,2.07,0.2,,,True,False,True,True,False,True,False,False,False,,False,,,,,,,,,,,,,,,,,,,,,,,,,,,,,,,,,,,,,,,,
012436398608_dsl,Gurgaon,108.0,NKOTDF0001E7,NOKIA,4CC95E7815B6,Haryana,0.0,0.0,0.0,0.0,100.0,0.18,False,True,0.0,3.0,0.0,0.0,0.0,0.0,,0.0,0.05,0.01,AAP321NK,Samsung,,,,False,False,False,False,False,False,False,False,False,,False,36564.0,0.0,36564.0,145487872.0,145487872.0,79871681536.0,1662.0,1662.0,,1662.0,1662.0,0.0,1662.0,,,,,,,,,,,,,,,,,,,,,,,,,,,,,,,,,,,,,,,,,,,,,,,,,,,,,,,,,,,,,,,,,,,,,,,,,,,,,,,,,,,,,,,,,,,,,,,,,,,,,,,,,,,,1662.0,0.0,1662.0,0.0,36564.0,36564.0,1662.0,,1662.0,,,,,,,1662.0,,,,,,,,,,,,,,,,,,,,,0.0,,0.0,0.0,0.0,0.0,0.0,0.0,0.0,3.0,0.0,0.05,0.01,False,True,False,,False,False,False,False,False,False,False,False,False,,,,,,,,,,,,,,,,,,,,,,,,,,,,,,,,,,,,,,,,
012447957675_dsl,Gurgaon,108.0,ZYOT5E069474,NOKIA,28C5D2F615CB,Haryana,14.04,0.0,14.04,0.0,100.0,70.69,False,False,0.0,35.0,52.42,100.0,52.33,0.0,0.0,0.0,5.86,0.98,MTK 0000,AMS05PC0526,,,,False,False,False,False,True,False,True,False,False,False,False,5107.0,0.0,5107.0,36947036160.0,36947036160.0,52264670208.0,538.0,538.0,1.0,537.0,538.0,1.0,537.0,,,,,,,,,,,,,,,,,,,,,,,,,,,,,,,,,,,,,,,,,,,,,,,,,,,,,,,,,,,,,,,,,,,,,,,,,,,,,,,,,,,,,,,,,,,,,,,,,,,,,,,,,,,,538.0,1.0,537.0,0.0,5107.0,5107.0,538.0,1.0,537.0,,,,,,,538.0,,,,,,,,,,,,,,,,,,,,,0.0,0.0,0.0,14.04,0.0,14.04,52.42,100.0,52.33,35.0,0.0,5.86,0.98,False,False,False,False,False,False,False,False,False,True,False,True,False,,,,,,,,,,,,,,,,,,,,,,,,,,,,,,,,,,,,,,,,
012444903348_dsl,Gurgaon,108.0,NKOT0F01CE7E,NOKIA,F0F0A4474833,Haryana,0.0,0.0,0.0,100.0,0.0,0.11,,,0.0,1.0,0.0,0.0,0.0,0.0,0.0,,0.34,0.05,AOT4221NK,,,,,False,False,False,False,False,False,False,False,False,False,,22.0,22.0,0.0,42805028.0,42805028.0,40060881881.0,1.0,1.0,1.0,,1.0,1.0,0.0,,,,,,,,,,,,,,,,,,,,,,,,,,,,,,,,,,,,,,,,,,,,,,,,,,,,,,,,,,,,,,,,,,,,,,,,,,,,,,,,,,,,,,,,,,,,,,,,,,,,,,,,,,,,1.0,1.0,0.0,22.0,0.0,22.0,1.0,1.0,,,,,,,,1.0,,,,,,,,,,,,,,,,,,,,,0.0,0.0,,0.0,0.0,0.0,0.0,0.0,0.0,1.0,0.0,0.34,0.05,,,False,False,,False,False,False,False,False,False,False,False,,,,,,,,,,,,,,,,,,,,,,,,,,,,,,,,,,,,,,,,
012444801137_dsl,Gurgaon,108.0,NKOTDF000165,NOKIA,6288AC047A9A,Haryana,0.0,0.0,0.0,1.67,98.33,2.49,False,False,0.0,4.0,100.0,100.0,100.0,0.0,0.0,0.0,0.08,0.01,AAP321NK,SM-R875F,,,,False,False,False,False,False,True,True,True,False,False,False,21164.0,0.0,21164.0,677673984.0,677673984.0,27220841472.0,1118.0,1118.0,156.0,962.0,1118.0,156.0,962.0,,,,,,,,,,,,,,,,,,,,,,,,,,,,,,,,,,,,,,,,,,,,,,,,,,,,,,,,,,,,,,,,,,,,,,,,,,,,,,,,,,,,,,,,,,,,,,,,,,,,,,,,,,,,1118.0,156.0,962.0,0.0,21164.0,21164.0,1118.0,156.0,962.0,,,,,,,1118.0,,,,,,,,,,,,,,,,,,,,,0.0,0.0,0.0,0.0,0.0,0.0,100.0,100.0,100.0,4.0,0.0,0.08,0.01,False,False,False,False,False,False,False,False,True,True,True,False,False,,,,,,,,,,,,,,,,,,,,,,,,,,,,,,,,,,,,,,,,
012445159575_dsl,Gurgaon,108.0,ZYOTFD000042,NOKIA,68FCCAA8805C,Haryana,0.0,0.0,0.0,0.0,100.0,0.97,False,True,0.0,1.0,0.0,0.0,0.0,0.0,,0.0,8.37,0.17,AOT5221ZY,Samsung,TV,Samsung,Television,False,False,False,False,False,False,False,False,False,,False,9.0,0.0,9.0,650194944.0,650194944.0,66794147840.0,1.0,1.0,,1.0,1.0,0.0,1.0,,,,,,,,,,,,,,,,,,,,,,,,,,,,,,,,,,,,,,,,,,,,,,,,,,,,,,,,,,,,,,,,,,,,,,,,,,,,,,,,,,,,,,,,,,,,,,,,,,,,,,,,,,,,1.0,0.0,1.0,0.0,9.0,9.0,1.0,,1.0,,,,,,,1.0,,,,,,,,,,,,,,,,,,,,,0.0,,0.0,0.0,0.0,0.0,0.0,0.0,0.0,1.0,0.0,8.37,0.17,False,True,False,,False,False,False,False,False,False,False,False,False,,,,,,,,,,,,,,,,,,,,,,,,,,,,,,,,,,,,,,,,
012444801137_dsl,Gurgaon,108.0,NKOTDF000165,NOKIA,5E25C7BF78C1,Haryana,0.0,0.0,0.0,0.0,100.0,0.25,True,False,0.0,10.0,0.0,0.0,0.0,0.0,,0.0,0.03,0.01,AAP321NK,iPhone,PHONE,Apple,iPhone,False,False,False,False,True,False,False,False,False,,False,1232.0,0.0,1232.0,66765824.0,66765824.0,27220841472.0,56.0,56.0,,56.0,56.0,0.0,56.0,,,,,,,,,,,,,,,,,,,,,,,,,,,,,,,,,,,,,,,,,,,,,,,,,,,,,,,,,,,,,,,,,,,,,,,,,,,,,,,,,,,,,,,,,,,,,,,,,,,,,,,,,,,,56.0,0.0,56.0,0.0,1232.0,1232.0,56.0,,56.0,,,,,,,56.0,,,,,,,,,,,,,,,,,,,,,0.0,,0.0,0.0,0.0,0.0,0.0,0.0,0.0,10.0,0.0,0.03,0.01,True,False,False,,False,False,False,False,False,False,False,True,False,,,,,,,,,,,,,,,,,,,,,,,,,,,,,,,,,,,,,,,,
012447957675_dsl,Gurgaon,108.0,ZYOT5E069474,NOKIA,CA6879FE9077,Haryana,0.93,0.0,0.93,0.0,100.0,0.78,False,False,0.0,1.0,0.0,0.0,0.0,0.0,,0.0,0.31,2.91,MTK 0000,motorola-edge-60-pro,PHONE,Motorola,edge 60 Pro,False,False,False,False,False,False,False,False,False,,False,1728.0,0.0,1728.0,408502272.0,408502272.0,52264670208.0,192.0,192.0,,192.0,192.0,0.0,192.0,,,,,,,,,,,,,,,,,,,,,,,,,,,,,,,,,,,,,,,,,,,,,,,,,,,,,,,,,,,,,,,,,,,,,,,,,,,,,,,,,,,,,,,,,,,,,,,,,,,,,,,,,,,,192.0,0.0,192.0,0.0,1728.0,1728.0,192.0,,192.0,,,,,,,192.0,,,,,,,,,,,,,,,,,,,,,0.0,,0.0,0.93,0.0,0.93,0.0,0.0,0.0,1.0,0.0,0.31,2.91,False,False,False,,False,False,False,False,False,False,False,False,False,,,,,,,,,,,,,,,,,,,,,,,,,,,,,,,,,,,,,,,,
01246232448_dsl,Gurgaon,108.0,NKOT2F045EF1,NOKIA,1C57DC71A166,Haryana,0.02,0.0,0.02,0.0,100.0,21.38,False,False,0.0,13.0,0.27,0.0,0.27,0.27,,0.27,0.93,1.93,AOT4221NK,Ritviks-Air,,,,False,False,False,False,True,False,False,False,False,,False,8162.0,0.0,8162.0,14389890048.0,14389890048.0,67318526976.0,742.0,742.0,,742.0,742.0,0.0,742.0,,,,,,,,,,,,,,,,,,,,,,,,,,,,,,,,,,,,,,,,,,,,,,,,,,,,,,,,,,,,,,,,,,,,,,,,,,,,,,,,,,,,,,,,,,,,,,,,,,,,,,,,,,,,742.0,0.0,742.0,0.0,8162.0,8162.0,742.0,,742.0,,,,,,,742.0,,,,,,,,,,,,,,,,,,,,,0.27,,0.27,0.02,0.0,0.02,0.27,0.0,0.27,13.0,0.0,0.93,1.93,False,False,False,,False,False,False,False,False,False,False,True,False,,,,,,,,,,,,,,,,,,,,,,,,,,,,,,,,,,,,,,,,
01246232448_dsl,Gurgaon,108.0,NKOT2F045EF1,NOKIA,CE6E364C323F,Haryana,0.01,0.0,0.01,0.14,99.86,8.94,False,False,0.0,36.0,0.33,100.0,0.11,0.11,0.0,0.11,2.11,0.1,AOT4221NK,,,,,False,False,False,False,True,False,True,False,False,False,False,10098.0,0.0,10098.0,6019020800.0,6019020800.0,67318526976.0,920.0,920.0,2.0,918.0,920.0,2.0,918.0,,,,,,,,,,,,,,,,,,,,,,,,,,,,,,,,,,,,,,,,,,,,,,,,,,,,,,,,,,,,,,,,,,,,,,,,,,,,,,,,,,,,,,,,,,,,,,,,,,,,,,,,,,,,920.0,2.0,918.0,0.0,10098.0,10098.0,920.0,2.0,918.0,,,,,,,920.0,,,,,,,,,,,,,,,,,,,,,0.11,0.0,0.11,0.01,0.0,0.01,0.33,100.0,0.11,36.0,0.0,2.11,0.1,False,False,False,False,False,False,False,False,False,True,False,True,False,,,,,,,,,,,,,,,,,,,,,,,,,,,,,,,,,,,,,,,,
012447862103_dsl,Gurgaon,108.0,ZYOTB0900020,NOKIA,D6AF32D8C6F1,Haryana,44.44,0.0,44.44,80.47,19.53,0.07,,,0.0,,0.0,0.0,0.0,2.44,0.0,44.44,0.34,0.3,AOT5222ZY,,,,,False,False,False,False,,False,False,False,False,False,False,198.0,0.0,198.0,18768896.0,18768896.0,28334366720.0,164.0,164.0,155.0,9.0,164.0,155.0,9.0,,,,,,,,,,,,,,,,,,,,,,,,,,,,,,,,,,,,,,,,,,,,,,,,,,,,,,,,,,,,,,,,,,,,,,,,,,,,,,,,,,,,,,,,,,,,,,,,,,,,,,,,,,,,164.0,155.0,9.0,0.0,198.0,198.0,164.0,155.0,9.0,,,,,,,164.0,,,,,,,,,,,,,,,,,,,,,2.44,0.0,44.44,44.44,0.0,44.44,0.0,0.0,0.0,,0.0,0.34,0.3,,,False,False,False,False,False,False,False,False,False,,False,,,,,,,,,,,,,,,,,,,,,,,,,,,,,,,,,,,,,,,,
012444801137_dsl,Gurgaon,108.0,NKOTDF000165,NOKIA,0E8F1FC5025E,Haryana,0.0,0.0,0.0,0.0,100.0,22.72,False,False,0.0,8.0,0.0,0.0,0.0,0.0,,0.0,0.95,0.13,AAP321NK,,,,,False,False,False,False,True,False,False,False,False,,False,25740.0,0.0,25740.0,6185737216.0,6185737216.0,27220841472.0,1170.0,1170.0,,1170.0,1170.0,0.0,1170.0,,,,,,,,,,,,,,,,,,,,,,,,,,,,,,,,,,,,,,,,,,,,,,,,,,,,,,,,,,,,,,,,,,,,,,,,,,,,,,,,,,,,,,,,,,,,,,,,,,,,,,,,,,,,1170.0,0.0,1170.0,0.0,25740.0,25740.0,1170.0,,1170.0,,,,,,,1170.0,,,,,,,,,,,,,,,,,,,,,0.0,,0.0,0.0,0.0,0.0,0.0,0.0,0.0,8.0,0.0,0.95,0.13,False,False,False,,False,False,False,False,False,False,False,True,False,,,,,,,,,,,,,,,,,,,,,,,,,,,,,,,,,,,,,,,,
01244081160_dsl,Gurgaon,108.0,NKOT0F01CE6F,NOKIA,C652953B26BF,Haryana,0.0,0.0,0.0,98.33,1.67,0.01,False,False,0.0,15.0,0.0,0.0,0.0,0.0,0.0,0.0,0.03,0.02,AOT4221NK,Mac,PC,,Computer,False,False,False,False,True,False,False,False,False,False,False,22.0,0.0,22.0,1289216.0,1289216.0,10140636160.0,4.0,4.0,3.0,1.0,4.0,3.0,1.0,,,,,,,,,,,,,,,,,,,,,,,,,,,,,,,,,,,,,,,,,,,,,,,,,,,,,,,,,,,,,,,,,,,,,,,,,,,,,,,,,,,,,,,,,,,,,,,,,,,,,,,,,,,,4.0,3.0,1.0,0.0,22.0,22.0,4.0,3.0,1.0,,,,,,,4.0,,,,,,,,,,,,,,,,,,,,,0.0,0.0,0.0,0.0,0.0,0.0,0.0,0.0,0.0,15.0,0.0,0.03,0.02,False,False,False,False,False,False,False,False,False,False,False,True,False,,,,,,,,,,,,,,,,,,,,,,,,,,,,,,,,,,,,,,,,
012436398608_dsl,Gurgaon,108.0,NKOTDF0001E7,NOKIA,E8AACBA5B753,Haryana,,,,100.0,0.0,15.28,False,False,0.0,2.0,14.99,14.99,0.0,0.0,0.0,,2.68,0.05,AAP321NK,Samsung,,,,,,,False,False,False,False,False,False,False,,,,,12207662080.0,12207662080.0,79871681536.0,487.0,487.0,487.0,,487.0,487.0,0.0,,,,,,,,,,,,,,,,,,,,,,,,,,,,,,,,,,,,,,,,,,,,,,,,,,,,,,,,,,,,,,,,,,,,,,,,,,,,,,,,,,,,,,,,,,,,,,,,,,,,,,,,,,,,487.0,487.0,0.0,,,,487.0,487.0,,,,,,,,487.0,,,,,,,,,,,,,,,,,,,,,0.0,0.0,,,,,14.99,14.99,0.0,2.0,0.0,2.68,0.05,False,False,False,False,,,,,False,False,False,False,False,,,,,,,,,,,,,,,,,,,,,,,,,,,,,,,,,,,,,,,,
012445159575_dsl,Gurgaon,108.0,ZYOTFD000042,NOKIA,EEF8085B863E,Haryana,51.86,0.0,51.86,0.0,100.0,31.98,False,False,0.0,3.0,18.91,0.0,18.91,25.03,,25.03,1.29,0.09,AOT5221ZY,realme-15-5G,PHONE,Realme,15,False,False,False,False,False,False,False,False,False,,False,16406.0,0.0,16406.0,21361782784.0,21361782784.0,66794147840.0,1486.0,1486.0,,1486.0,1486.0,0.0,1486.0,,,,,,,,,,,,,,,,,,,,,,,,,,,,,,,,,,,,,,,,,,,,,,,,,,,,,,,,,,,,,,,,,,,,,,,,,,,,,,,,,,,,,,,,,,,,,,,,,,,,,,,,,,,,1486.0,0.0,1486.0,0.0,16406.0,16406.0,1486.0,,1486.0,,,,,,,1486.0,,,,,,,,,,,,,,,,,,,,,25.03,,25.03,51.86,0.0,51.86,18.91,0.0,18.91,3.0,0.0,1.29,0.09,False,False,False,,False,False,False,False,False,False,False,False,False,,,,,,,,,,,,,,,,,,,,,,,,,,,,,,,,,,,,,,,,
012444801137_dsl,Gurgaon,108.0,NKOTDF000165,NOKIA,EEB2A6A2A1E6,Haryana,0.0,0.0,0.0,0.0,100.0,9.43,False,False,0.0,6.0,0.0,0.0,0.0,0.0,,0.0,1.91,0.37,AAP321NK,Aditya-Vikram-s-A36,,,,False,False,False,False,True,False,False,False,False,,False,6908.0,0.0,6908.0,2566819840.0,2566819840.0,27220841472.0,314.0,314.0,,314.0,314.0,0.0,314.0,,,,,,,,,,,,,,,,,,,,,,,,,,,,,,,,,,,,,,,,,,,,,,,,,,,,,,,,,,,,,,,,,,,,,,,,,,,,,,,,,,,,,,,,,,,,,,,,,,,,,,,,,,,,314.0,0.0,314.0,0.0,6908.0,6908.0,314.0,,314.0,,,,,,,314.0,,,,,,,,,,,,,,,,,,,,,0.0,,0.0,0.0,0.0,0.0,0.0,0.0,0.0,6.0,0.0,1.91,0.37,False,False,False,,False,False,False,False,False,False,False,True,False,,,,,,,,,,,,,,,,,,,,,,,,,,,,,,,,,,,,,,,,
01244081160_dsl,Gurgaon,108.0,NKOT0F01CE6F,NOKIA,624E55188F68,Haryana,0.0,0.0,0.0,0.0,100.0,6.92,False,False,0.0,1.0,0.0,0.0,0.0,0.0,,0.0,0.4,0.01,AOT4221NK,iPad,TABLET,Apple,iPad,False,False,False,False,False,False,False,False,False,,False,20350.0,0.0,20350.0,702070784.0,702070784.0,10140636160.0,925.0,925.0,,925.0,925.0,0.0,925.0,,,,,,,,,,,,,,,,,,,,,,,,,,,,,,,,,,,,,,,,,,,,,,,,,,,,,,,,,,,,,,,,,,,,,,,,,,,,,,,,,,,,,,,,,,,,,,,,,,,,,,,,,,,,925.0,0.0,925.0,0.0,20350.0,20350.0,925.0,,925.0,,,,,,,925.0,,,,,,,,,,,,,,,,,,,,,0.0,,0.0,0.0,0.0,0.0,0.0,0.0,0.0,1.0,0.0,0.4,0.01,False,False,False,,False,False,False,False,False,False,False,False,False,,,,,,,,,,,,,,,,,,,,,,,,,,,,,,,,,,,,,,,,
012447862103_dsl,Gurgaon,108.0,ZYOTB0900020,NOKIA,B64DBCFFA6ED,Haryana,0.0,0.0,0.0,0.6,99.4,0.92,,,0.0,,0.0,0.0,0.0,0.0,0.0,0.0,0.02,0.02,AOT5222ZY,,,,,False,False,False,False,,False,False,False,False,False,False,13266.0,0.0,13266.0,260502528.0,260502528.0,28334366720.0,604.0,604.0,1.0,603.0,604.0,1.0,603.0,,,,,,,,,,,,,,,,,,,,,,,,,,,,,,,,,,,,,,,,,,,,,,,,,,,,,,,,,,,,,,,,,,,,,,,,,,,,,,,,,,,,,,,,,,,,,,,,,,,,,,,,,,,,604.0,1.0,603.0,0.0,13266.0,13266.0,604.0,1.0,603.0,,,,,,,604.0,,,,,,,,,,,,,,,,,,,,,0.0,0.0,0.0,0.0,0.0,0.0,0.0,0.0,0.0,,0.0,0.02,0.02,,,False,False,False,False,False,False,False,False,False,,False,,,,,,,,,,,,,,,,,,,,,,,,,,,,,,,,,,,,,,,,
01244054723_dsl,Gurgaon,108.0,NKOT0F0226EE,NOKIA,CE9CF0128DC3,Haryana,0.0,0.0,0.0,0.0,100.0,5.43,False,False,0.0,1.0,0.0,0.0,0.0,0.0,,0.0,1.38,0.32,AOT4221NK,,,,,False,False,False,False,False,False,False,False,False,,False,31206.0,0.0,31206.0,3666006016.0,3666006016.0,67452024995.0,1486.0,1486.0,,1486.0,1486.0,0.0,1486.0,,,,,,,,,,,,,,,,,,,,,,,,,,,,,,,,,,,,,,,,,,,,,,,,,,,,,,,,,,,,,,,,,,,,,,,,,,,,,,,,,,,,,,,,,,,,,,,,,,,,,,,,,,,,1486.0,0.0,1486.0,0.0,31206.0,31206.0,1486.0,,1486.0,,,,,,,1486.0,,,,,,,,,,,,,,,,,,,,,0.0,,0.0,0.0,0.0,0.0,0.0,0.0,0.0,1.0,0.0,1.38,0.32,False,False,False,,False,False,False,False,False,False,False,False,False,,,,,,,,,,,,,,,,,,,,,,,,,,,,,,,,,,,,,,,,
012421019184_wifi,Gurgaon,108.0,ZYOTB0900058,NOKIA,6A838C308767,Haryana,0.0,0.0,0.0,0.0,100.0,3.47,,,0.0,12.0,0.0,0.0,0.0,0.0,,0.0,0.01,0.01,AOT5222ZY,iPhone,PHONE,Apple,iPhone,False,False,False,False,True,False,False,False,False,,False,176.0,0.0,176.0,1490944.0,1490944.0,43024384.0,8.0,8.0,,8.0,8.0,0.0,8.0,,,,,,,,,,,,,,,,,,,,,,,,,,,,,,,,,,,,,,,,,,,,,,,,,,,,,,,,,,,,,,,,,,,,,,,,,,,,,,,,,,,,,,,,,,,,,,,,,,,,,,,,,,,,8.0,0.0,8.0,0.0,176.0,176.0,8.0,,8.0,,,,,,,8.0,,,,,,,,,,,,,,,,,,,,,0.0,,0.0,0.0,0.0,0.0,0.0,0.0,0.0,12.0,0.0,0.01,0.01,,,False,,False,False,False,False,False,False,False,True,False,,,,,,,,,,,,,,,,,,,,,,,,,,,,,,,,,,,,,,,,
01244081160_dsl,Gurgaon,108.0,NKOT0F01CE6F,NOKIA,A2B5039A07F0,Haryana,0.0,0.0,0.0,0.02,99.98,3.68,False,False,0.0,55.0,5.0,33.33,0.0,0.0,0.0,0.0,0.67,0.06,AOT4221NK,iPhone,PHONE,Apple,iPhone,False,False,False,False,True,False,False,False,False,False,False,374.0,0.0,374.0,373663744.0,373663744.0,10140636160.0,20.0,20.0,3.0,17.0,20.0,3.0,17.0,,,,,,,,,,,,,,,,,,,,,,,,,,,,,,,,,,,,,,,,,,,,,,,,,,,,,,,,,,,,,,,,,,,,,,,,,,,,,,,,,,,,,,,,,,,,,,,,,,,,,,,,,,,,20.0,3.0,17.0,0.0,374.0,374.0,20.0,3.0,17.0,,,,,,,20.0,,,,,,,,,,,,,,,,,,,,,0.0,0.0,0.0,0.0,0.0,0.0,5.0,33.33,0.0,55.0,0.0,0.67,0.06,False,False,False,False,False,False,False,False,False,False,False,True,False,,,,,,,,,,,,,,,,,,,,,,,,,,,,,,,,,,,,,,,,
012444903348_dsl,Gurgaon,108.0,NKOT0F01CE7E,NOKIA,8E9D83596BDF,Haryana,,,,0.0,100.0,7.36,,,0.0,,0.0,0.0,0.0,0.0,,0.0,1.19,0.04,AOT4221NK,,,,,,,,False,,False,False,False,False,,False,,,,2947476131.0,2947476131.0,40060881881.0,1395.0,1395.0,,1395.0,1395.0,0.0,1395.0,,,,,,,,,,,,,,,,,,,,,,,,,,,,,,,,,,,,,,,,,,,,,,,,,,,,,,,,,,,,,,,,,,,,,,,,,,,,,,,,,,,,,,,,,,,,,,,,,,,,,,,,,,,,1395.0,0.0,1395.0,,,,1395.0,,1395.0,,,,,,,1395.0,,,,,,,,,,,,,,,,,,,,,0.0,,0.0,,,,0.0,0.0,0.0,,0.0,1.19,0.04,,,False,,False,,,,False,False,False,,False,,,,,,,,,,,,,,,,,,,,,,,,,,,,,,,,,,,,,,,,
01244054723_dsl,Gurgaon,108.0,NKOT0F0226EE,NOKIA,FA221A76C102,Haryana,0.0,0.0,0.0,98.08,1.92,4.49,True,False,0.0,10.0,54.78,83.88,0.0,0.0,0.0,0.0,0.41,0.05,AOT4221NK,iPhone,,,,False,False,False,False,True,False,True,False,False,False,False,3045.0,0.0,3045.0,3030786048.0,3030786048.0,67452024995.0,418.0,418.0,273.0,145.0,418.0,273.0,145.0,,,,,,,,,,,,,,,,,,,,,,,,,,,,,,,,,,,,,,,,,,,,,,,,,,,,,,,,,,,,,,,,,,,,,,,,,,,,,,,,,,,,,,,,,,,,,,,,,,,,,,,,,,,,418.0,273.0,145.0,0.0,3045.0,3045.0,418.0,273.0,145.0,,,,,,,418.0,,,,,,,,,,,,,,,,,,,,,0.0,0.0,0.0,0.0,0.0,0.0,54.78,83.88,0.0,10.0,0.0,0.41,0.05,True,False,False,False,False,False,False,False,False,True,False,True,False,,,,,,,,,,,,,,,,,,,,,,,,,,,,,,,,,,,,,,,,
012445159575_dsl,Gurgaon,108.0,ZYOTFD000042,NOKIA,C20991673E48,Haryana,43.04,0.0,43.04,0.0,100.0,0.22,False,False,0.0,1.0,0.0,0.0,0.0,1.49,,1.49,0.22,0.04,AOT5221ZY,,,,,False,False,False,False,False,False,False,False,False,,False,12420.0,0.0,12420.0,147764224.0,147764224.0,66794147840.0,1140.0,1140.0,,1140.0,1140.0,0.0,1140.0,,,,,,,,,,,,,,,,,,,,,,,,,,,,,,,,,,,,,,,,,,,,,,,,,,,,,,,,,,,,,,,,,,,,,,,,,,,,,,,,,,,,,,,,,,,,,,,,,,,,,,,,,,,,1140.0,0.0,1140.0,0.0,12420.0,12420.0,1140.0,,1140.0,,,,,,,1140.0,,,,,,,,,,,,,,,,,,,,,1.49,,1.49,43.04,0.0,43.04,0.0,0.0,0.0,1.0,0.0,0.22,0.04,False,False,False,,False,False,False,False,False,False,False,False,False,,,,,,,,,,,,,,,,,,,,,,,,,,,,,,,,,,,,,,,,
012447862103_dsl,Gurgaon,108.0,ZYOTB0900020,NOKIA,46CD55A7E421,Haryana,0.0,0.0,0.0,0.0,100.0,3.65,,,0.0,,0.0,0.0,0.0,0.0,0.0,0.0,0.77,0.01,AOT5222ZY,,,,,False,False,False,False,,False,False,False,False,False,False,17226.0,0.0,17226.0,1033304064.0,1033304064.0,28334366720.0,784.0,784.0,1.0,783.0,784.0,1.0,783.0,,,,,,,,,,,,,,,,,,,,,,,,,,,,,,,,,,,,,,,,,,,,,,,,,,,,,,,,,,,,,,,,,,,,,,,,,,,,,,,,,,,,,,,,,,,,,,,,,,,,,,,,,,,,784.0,1.0,783.0,0.0,17226.0,17226.0,784.0,1.0,783.0,,,,,,,784.0,,,,,,,,,,,,,,,,,,,,,0.0,0.0,0.0,0.0,0.0,0.0,0.0,0.0,0.0,,0.0,0.77,0.01,,,False,False,False,False,False,False,False,False,False,,False,,,,,,,,,,,,,,,,,,,,,,,,,,,,,,,,,,,,,,,,
01246232448_dsl,Gurgaon,108.0,NKOT2F045EF1,NOKIA,4273CFBCC4BA,Haryana,0.0,0.0,0.0,0.0,100.0,0.29,False,False,0.0,2.0,0.0,0.0,0.0,0.0,,0.0,0.01,0.02,AOT4221NK,,,,,False,False,False,False,False,False,False,False,False,,False,6941.0,0.0,6941.0,193843200.0,193843200.0,67318526976.0,631.0,631.0,,631.0,631.0,0.0,631.0,,,,,,,,,,,,,,,,,,,,,,,,,,,,,,,,,,,,,,,,,,,,,,,,,,,,,,,,,,,,,,,,,,,,,,,,,,,,,,,,,,,,,,,,,,,,,,,,,,,,,,,,,,,,631.0,0.0,631.0,0.0,6941.0,6941.0,631.0,,631.0,,,,,,,631.0,,,,,,,,,,,,,,,,,,,,,0.0,,0.0,0.0,0.0,0.0,0.0,0.0,0.0,2.0,0.0,0.01,0.02,False,False,False,,False,False,False,False,False,False,False,False,False,,,,,,,,,,,,,,,,,,,,,,,,,,,,,,,,,,,,,,,,
01244054723_dsl,Gurgaon,108.0,NKOT0F0226EE,NOKIA,88F4DA2E79F3,Haryana,0.0,0.0,0.0,0.0,100.0,0.01,False,False,0.0,3.0,62.04,0.0,62.04,0.0,,0.0,1.11,0.14,AOT4221NK,LTB0000372-003,LAPTOP,Lenovo,Laptop,False,False,False,False,False,True,False,True,False,,False,2877.0,0.0,2877.0,4897792.0,4897792.0,67452024995.0,137.0,137.0,,137.0,137.0,0.0,137.0,,,,,,,,,,,,,,,,,,,,,,,,,,,,,,,,,,,,,,,,,,,,,,,,,,,,,,,,,,,,,,,,,,,,,,,,,,,,,,,,,,,,,,,,,,,,,,,,,,,,,,,,,,,,137.0,0.0,137.0,0.0,2877.0,2877.0,137.0,,137.0,,,,,,,137.0,,,,,,,,,,,,,,,,,,,,,0.0,,0.0,0.0,0.0,0.0,62.04,0.0,62.04,3.0,0.0,1.11,0.14,False,False,False,,False,False,False,False,True,False,True,False,False,,,,,,,,,,,,,,,,,,,,,,,,,,,,,,,,,,,,,,,,
012445159575_dsl,Gurgaon,108.0,ZYOTFD000042,NOKIA,36638CE621E6,Haryana,74.02,0.0,74.02,0.0,100.0,5.12,False,False,0.0,1.0,0.0,0.0,0.0,73.85,,73.85,1.99,0.3,AOT5221ZY,OnePlus-11R-5G,,,,True,False,True,False,False,False,False,False,True,,True,585.0,0.0,585.0,3419756544.0,3419756544.0,66794147840.0,65.0,65.0,,65.0,65.0,0.0,65.0,,,,,,,,,,,,,,,,,,,,,,,,,,,,,,,,,,,,,,,,,,,,,,,,,,,,,,,,,,,,,,,,,,,,,,,,,,,,,,,,,,,,,,,,,,,,,,,,,,,,,,,,,,,,65.0,0.0,65.0,0.0,585.0,585.0,65.0,,65.0,,,,,,,65.0,,,,,,,,,,,,,,,,,,,,,73.85,,73.85,74.02,0.0,74.02,0.0,0.0,0.0,1.0,0.0,1.99,0.3,False,False,True,,True,True,False,True,False,False,False,False,False,,,,,,,,,,,,,,,,,,,,,,,,,,,,,,,,,,,,,,,,
012444801137_dsl,Gurgaon,108.0,NKOTDF000165,NOKIA,8CD0B2169430,Haryana,,,,100.0,0.0,0.3,,,0.0,,42.78,42.78,0.0,0.0,0.0,,0.0,0.0,AAP321NK,,,,,,,,False,,False,False,False,False,False,,,,,80553984.0,80553984.0,27220841472.0,1225.0,1225.0,1225.0,,1225.0,1225.0,0.0,,,,,,,,,,,,,,,,,,,,,,,,,,,,,,,,,,,,,,,,,,,,,,,,,,,,,,,,,,,,,,,,,,,,,,,,,,,,,,,,,,,,,,,,,,,,,,,,,,,,,,,,,,,,1225.0,1225.0,0.0,,,,1225.0,1225.0,,,,,,,,1225.0,,,,,,,,,,,,,,,,,,,,,0.0,0.0,,,,,42.78,42.78,0.0,,0.0,0.0,0.0,,,False,False,,,,,False,False,False,,False,,,,,,,,,,,,,,,,,,,,,,,,,,,,,,,,,,,,,,,,
012445118300_dsl,Gurgaon,108.0,NKOT0F01D2BA,NOKIA,8C2AC12B0202,Haryana,,,,100.0,0.0,5.47,True,False,0.0,1.0,97.8,97.8,0.0,0.0,0.0,,8.91,0.34,AOT4221NK,LGwebOSTV,TV,LG Electronics,,,,,False,False,True,True,False,False,False,,,,,513774592.0,513774592.0,9385959424.0,410.0,410.0,410.0,,410.0,410.0,0.0,,,,,,,,,,,,,,,,,,,,,,,,,,,,,,,,,,,,,,,,,,,,,,,,,,,,,,,,,,,,,,,,,,,,,,,,,,,,,,,,,,,,,,,,,,,,,,,,,,,,,,,,,,,,410.0,410.0,0.0,,,,410.0,410.0,,,,,,,,410.0,,,,,,,,,,,,,,,,,,,,,0.0,0.0,,,,,97.8,97.8,0.0,1.0,0.0,8.91,0.34,True,False,False,False,,,,,True,True,False,False,False,,,,,,,,,,,,,,,,,,,,,,,,,,,,,,,,,,,,,,,,
012447957675_dsl,Gurgaon,108.0,ZYOT5E069474,NOKIA,D6E775D0DE6D,Haryana,1.22,0.0,1.22,0.07,99.93,4.83,False,False,0.0,2.0,0.0,0.0,0.0,1.16,0.0,1.22,1.88,0.2,MTK 0000,,,,,False,False,False,False,False,False,False,False,False,False,False,6642.0,0.0,6642.0,2522186752.0,2522186752.0,52264670208.0,773.0,773.0,35.0,738.0,773.0,35.0,738.0,,,,,,,,,,,,,,,,,,,,,,,,,,,,,,,,,,,,,,,,,,,,,,,,,,,,,,,,,,,,,,,,,,,,,,,,,,,,,,,,,,,,,,,,,,,,,,,,,,,,,,,,,,,,773.0,35.0,738.0,0.0,6642.0,6642.0,773.0,35.0,738.0,,,,,,,773.0,,,,,,,,,,,,,,,,,,,,,1.16,0.0,1.22,1.22,0.0,1.22,0.0,0.0,0.0,2.0,0.0,1.88,0.2,False,False,False,False,False,False,False,False,False,False,False,False,False,,,,,,,,,,,,,,,,,,,,,,,,,,,,,,,,,,,,,,,,
01246232448_dsl,Gurgaon,108.0,NKOT2F045EF1,NOKIA,664768FB1349,Haryana,0.0,0.0,0.0,0.0,100.0,0.24,False,False,0.0,1.0,0.0,0.0,0.0,0.0,,0.0,0.1,0.58,AOT4221NK,,,,,False,False,False,False,False,False,False,False,False,,False,2420.0,0.0,2420.0,158504960.0,158504960.0,67318526976.0,220.0,220.0,,220.0,220.0,0.0,220.0,,,,,,,,,,,,,,,,,,,,,,,,,,,,,,,,,,,,,,,,,,,,,,,,,,,,,,,,,,,,,,,,,,,,,,,,,,,,,,,,,,,,,,,,,,,,,,,,,,,,,,,,,,,,220.0,0.0,220.0,0.0,2420.0,2420.0,220.0,,220.0,,,,,,,220.0,,,,,,,,,,,,,,,,,,,,,0.0,,0.0,0.0,0.0,0.0,0.0,0.0,0.0,1.0,0.0,0.1,0.58,False,False,False,,False,False,False,False,False,False,False,False,False,,,,,,,,,,,,,,,,,,,,,,,,,,,,,,,,,,,,,,,,
012436398608_dsl,Gurgaon,108.0,NKOTDF0001E7,NOKIA,EAD4701DA67C,Haryana,0.0,0.0,0.0,0.0,100.0,5.57,,,0.0,,0.0,0.0,0.0,0.0,,0.0,1.76,0.02,AAP321NK,,,,,False,False,False,False,,False,False,False,False,,False,55264.0,0.0,55264.0,4452791296.0,4452791296.0,79871681536.0,2512.0,2512.0,,2512.0,2512.0,0.0,2512.0,,,,,,,,,,,,,,,,,,,,,,,,,,,,,,,,,,,,,,,,,,,,,,,,,,,,,,,,,,,,,,,,,,,,,,,,,,,,,,,,,,,,,,,,,,,,,,,,,,,,,,,,,,,,2512.0,0.0,2512.0,0.0,55264.0,55264.0,2512.0,,2512.0,,,,,,,2512.0,,,,,,,,,,,,,,,,,,,,,0.0,,0.0,0.0,0.0,0.0,0.0,0.0,0.0,,0.0,1.76,0.02,,,False,,False,False,False,False,False,False,False,,False,,,,,,,,,,,,,,,,,,,,,,,,,,,,,,,,,,,,,,,,
012444801137_dsl,Gurgaon,108.0,NKOTDF000165,NOKIA,5A41573787E4,Haryana,0.0,0.0,0.0,0.0,100.0,11.54,,,0.0,0.0,0.0,0.0,0.0,0.0,,0.0,0.51,0.04,AAP321NK,XstreamIPTV1-VT,OTHER,,,False,False,False,False,False,False,False,False,False,,False,27962.0,0.0,27962.0,3140777984.0,3140777984.0,27220841472.0,1271.0,1271.0,,1271.0,1271.0,0.0,1271.0,,,,,,,,,,,,,,,,,,,,,,,,,,,,,,,,,,,,,,,,,,,,,,,,,,,,,,,,,,,,,,,,,,,,,,,,,,,,,,,,,,,,,,,,,,,,,,,,,,,,,,,,,,,,1271.0,0.0,1271.0,0.0,27962.0,27962.0,1271.0,,1271.0,,,,,,,1271.0,,,,,,,,,,,,,,,,,,,,,0.0,,0.0,0.0,0.0,0.0,0.0,0.0,0.0,0.0,0.0,0.51,0.04,,,False,,False,False,False,False,False,False,False,False,False,,,,,,,,,,,,,,,,,,,,,,,,,,,,,,,,,,,,,,,,
012444801137_dsl,Gurgaon,108.0,NKOTDF000165,NOKIA,9A9D1496FCE4,Haryana,0.0,0.0,0.0,0.0,100.0,0.0,False,True,0.0,5.0,94.59,0.0,94.59,0.0,,0.0,0.0,0.0,AAP321NK,Watch,,,,False,False,False,False,False,True,False,True,False,,False,814.0,0.0,814.0,700416.0,700416.0,27220841472.0,37.0,37.0,,37.0,37.0,0.0,37.0,,,,,,,,,,,,,,,,,,,,,,,,,,,,,,,,,,,,,,,,,,,,,,,,,,,,,,,,,,,,,,,,,,,,,,,,,,,,,,,,,,,,,,,,,,,,,,,,,,,,,,,,,,,,37.0,0.0,37.0,0.0,814.0,814.0,37.0,,37.0,,,,,,,37.0,,,,,,,,,,,,,,,,,,,,,0.0,,0.0,0.0,0.0,0.0,94.59,0.0,94.59,5.0,0.0,0.0,0.0,False,True,False,,False,False,False,False,True,False,True,False,False,,,,,,,,,,,,,,,,,,,,,,,,,,,,,,,,,,,,,,,,
012447957675_dsl,Gurgaon,108.0,ZYOT5E069474,NOKIA,1A439244E504,Haryana,3.3,0.0,3.3,0.0,100.0,1.33,False,False,0.0,21.0,23.52,0.0,23.52,0.0,,0.0,9.23,2.04,MTK 0000,,,,,False,False,False,False,True,False,False,False,False,,False,10939.0,0.0,10939.0,694531072.0,694531072.0,52264670208.0,1267.0,1267.0,,1267.0,1267.0,0.0,1267.0,,,,,,,,,,,,,,,,,,,,,,,,,,,,,,,,,,,,,,,,,,,,,,,,,,,,,,,,,,,,,,,,,,,,,,,,,,,,,,,,,,,,,,,,,,,,,,,,,,,,,,,,,,,,1267.0,0.0,1267.0,0.0,10939.0,10939.0,1267.0,,1267.0,,,,,,,1267.0,,,,,,,,,,,,,,,,,,,,,0.0,,0.0,3.3,0.0,3.3,23.52,0.0,23.52,21.0,0.0,9.23,2.04,False,False,False,,False,False,False,False,False,False,False,True,False,,,,,,,,,,,,,,,,,,,,,,,,,,,,,,,,,,,,,,,,
012445118300_dsl,Gurgaon,108.0,NKOT0F01D2BA,NOKIA,F2E5225B80EE,Haryana,0.0,0.0,0.0,0.0,100.0,1.94,False,False,0.0,30.0,1.52,0.0,1.52,0.0,,0.0,2.85,0.04,AOT4221NK,iPhone,PHONE,Apple,iPhone,False,False,False,False,True,False,False,False,False,,False,1452.0,0.0,1452.0,182005760.0,182005760.0,9385959424.0,66.0,66.0,,66.0,66.0,0.0,66.0,,,,,,,,,,,,,,,,,,,,,,,,,,,,,,,,,,,,,,,,,,,,,,,,,,,,,,,,,,,,,,,,,,,,,,,,,,,,,,,,,,,,,,,,,,,,,,,,,,,,,,,,,,,,66.0,0.0,66.0,0.0,1452.0,1452.0,66.0,,66.0,,,,,,,66.0,,,,,,,,,,,,,,,,,,,,,0.0,,0.0,0.0,0.0,0.0,1.52,0.0,1.52,30.0,0.0,2.85,0.04,False,False,False,,False,False,False,False,False,False,False,True,False,,,,,,,,,,,,,,,,,,,,,,,,,,,,,,,,,,,,,,,,
012444801137_dsl,Gurgaon,108.0,NKOTDF000165,NOKIA,1ADDCC588ACB,Haryana,0.0,0.0,0.0,0.0,100.0,14.2,False,False,0.0,20.0,0.29,0.0,0.29,0.1,,0.1,0.46,0.05,AAP321NK,,,,,False,False,False,False,True,False,False,False,False,,False,23012.0,0.0,23012.0,3865052160.0,3865052160.0,27220841472.0,1046.0,1046.0,,1046.0,1046.0,0.0,1046.0,,,,,,,,,,,,,,,,,,,,,,,,,,,,,,,,,,,,,,,,,,,,,,,,,,,,,,,,,,,,,,,,,,,,,,,,,,,,,,,,,,,,,,,,,,,,,,,,,,,,,,,,,,,,1046.0,0.0,1046.0,0.0,23012.0,23012.0,1046.0,,1046.0,,,,,,,1046.0,,,,,,,,,,,,,,,,,,,,,0.1,,0.1,0.0,0.0,0.0,0.29,0.0,0.29,20.0,0.0,0.46,0.05,False,False,False,,False,False,False,False,False,False,False,True,False,,,,,,,,,,,,,,,,,,,,,,,,,,,,,,,,,,,,,,,,
012445159575_dsl,Gurgaon,108.0,ZYOTFD000042,NOKIA,B24C6E7E6054,Haryana,54.44,0.0,54.44,0.0,100.0,0.14,False,True,0.0,5.0,0.0,0.0,0.0,25.23,,25.23,1.18,0.03,AOT5221ZY,OPPO-A57,PHONE,OPPO,Oppo,False,False,False,False,False,False,False,False,False,,False,11518.0,0.0,11518.0,90530816.0,90530816.0,66794147840.0,1110.0,1110.0,,1110.0,1110.0,0.0,1110.0,,,,,,,,,,,,,,,,,,,,,,,,,,,,,,,,,,,,,,,,,,,,,,,,,,,,,,,,,,,,,,,,,,,,,,,,,,,,,,,,,,,,,,,,,,,,,,,,,,,,,,,,,,,,1110.0,0.0,1110.0,0.0,11518.0,11518.0,1110.0,,1110.0,,,,,,,1110.0,,,,,,,,,,,,,,,,,,,,,25.23,,25.23,54.44,0.0,54.44,0.0,0.0,0.0,5.0,0.0,1.18,0.03,False,True,False,,False,False,False,False,False,False,False,False,False,,,,,,,,,,,,,,,,,,,,,,,,,,,,,,,,,,,,,,,,
01244054723_dsl,Gurgaon,108.0,NKOT0F0226EE,NOKIA,D2D08E4B79CA,Haryana,0.0,0.0,0.0,59.0,41.0,0.11,False,False,0.0,11.0,0.0,0.0,0.0,0.0,0.0,0.0,0.56,0.07,AOT4221NK,Arjuns-Galaxy-Note9,PHONE,Samsung Electronics,Galaxy,False,False,False,False,True,False,False,False,False,False,False,231.0,0.0,231.0,75546624.0,75546624.0,67452024995.0,168.0,168.0,157.0,11.0,168.0,157.0,11.0,,,,,,,,,,,,,,,,,,,,,,,,,,,,,,,,,,,,,,,,,,,,,,,,,,,,,,,,,,,,,,,,,,,,,,,,,,,,,,,,,,,,,,,,,,,,,,,,,,,,,,,,,,,,168.0,157.0,11.0,0.0,231.0,231.0,168.0,157.0,11.0,,,,,,,168.0,,,,,,,,,,,,,,,,,,,,,0.0,0.0,0.0,0.0,0.0,0.0,0.0,0.0,0.0,11.0,0.0,0.56,0.07,False,False,False,False,False,False,False,False,False,False,False,True,False,,,,,,,,,,,,,,,,,,,,,,,,,,,,,,,,,,,,,,,,
012436398608_dsl,Gurgaon,108.0,NKOTDF0001E7,NOKIA,4A2B8C8008F5,Haryana,0.0,0.0,0.0,35.08,64.92,16.09,False,False,0.0,2.0,24.12,26.38,9.16,0.0,0.0,0.0,1.35,0.1,AAP321NK,OnePlus-Nord-CE3-5G,,,,False,False,False,False,False,False,False,False,False,False,False,6006.0,0.0,6006.0,12851000320.0,12851000320.0,79871681536.0,2081.0,2081.0,1808.0,273.0,2081.0,1808.0,273.0,,,,,,,,,,,,,,,,,,,,,,,,,,,,,,,,,,,,,,,,,,,,,,,,,,,,,,,,,,,,,,,,,,,,,,,,,,,,,,,,,,,,,,,,,,,,,,,,,,,,,,,,,,,,2081.0,1808.0,273.0,0.0,6006.0,6006.0,2081.0,1808.0,273.0,,,,,,,2081.0,,,,,,,,,,,,,,,,,,,,,0.0,0.0,0.0,0.0,0.0,0.0,24.12,26.38,9.16,2.0,0.0,1.35,0.1,False,False,False,False,False,False,False,False,False,False,False,False,False,,,,,,,,,,,,,,,,,,,,,,,,,,,,,,,,,,,,,,,,
012444801137_dsl,Gurgaon,108.0,NKOTDF000165,NOKIA,9877D5D7774A,Haryana,,,,100.0,0.0,0.03,False,False,0.0,1.0,76.69,76.69,0.0,0.0,0.0,,0.0,0.0,AAP321NK,wiz_d7774a,,,,,,,False,False,True,True,False,False,False,,,,,7355392.0,7355392.0,27220841472.0,163.0,163.0,163.0,,163.0,163.0,0.0,,,,,,,,,,,,,,,,,,,,,,,,,,,,,,,,,,,,,,,,,,,,,,,,,,,,,,,,,,,,,,,,,,,,,,,,,,,,,,,,,,,,,,,,,,,,,,,,,,,,,,,,,,,,163.0,163.0,0.0,,,,163.0,163.0,,,,,,,,163.0,,,,,,,,,,,,,,,,,,,,,0.0,0.0,,,,,76.69,76.69,0.0,1.0,0.0,0.0,0.0,False,False,False,False,,,,,True,True,False,False,False,,,,,,,,,,,,,,,,,,,,,,,,,,,,,,,,,,,,,,,,
012444801137_dsl,Gurgaon,108.0,NKOTDF000165,NOKIA,9877D5A4F04A,Haryana,,,,100.0,0.0,0.03,False,False,0.0,1.0,72.39,72.39,0.0,0.0,0.0,,0.0,0.0,AAP321NK,wiz_a4f04a,,,,,,,False,False,True,True,False,False,False,,,,,7333888.0,7333888.0,27220841472.0,163.0,163.0,163.0,,163.0,163.0,0.0,,,,,,,,,,,,,,,,,,,,,,,,,,,,,,,,,,,,,,,,,,,,,,,,,,,,,,,,,,,,,,,,,,,,,,,,,,,,,,,,,,,,,,,,,,,,,,,,,,,,,,,,,,,,163.0,163.0,0.0,,,,163.0,163.0,,,,,,,,163.0,,,,,,,,,,,,,,,,,,,,,0.0,0.0,,,,,72.39,72.39,0.0,1.0,0.0,0.0,0.0,False,False,False,False,,,,,True,True,False,False,False,,,,,,,,,,,,,,,,,,,,,,,,,,,,,,,,,,,,,,,,
012447957675_dsl,Gurgaon,108.0,ZYOT5E069474,NOKIA,401A58606B5F,Haryana,0.0,0.0,0.0,5.11,94.89,14.81,False,True,0.0,1.0,0.0,0.0,0.0,0.0,0.0,0.0,5.39,0.38,MTK 0000,Unknown_40:1a:58:60:6b:5f,TV,WNC,Television,False,False,False,False,False,False,False,False,False,False,False,729.0,0.0,729.0,7739885568.0,7739885568.0,52264670208.0,82.0,82.0,1.0,81.0,82.0,1.0,81.0,,,,,,,,,,,,,,,,,,,,,,,,,,,,,,,,,,,,,,,,,,,,,,,,,,,,,,,,,,,,,,,,,,,,,,,,,,,,,,,,,,,,,,,,,,,,,,,,,,,,,,,,,,,,82.0,1.0,81.0,0.0,729.0,729.0,82.0,1.0,81.0,,,,,,,82.0,,,,,,,,,,,,,,,,,,,,,0.0,0.0,0.0,0.0,0.0,0.0,0.0,0.0,0.0,1.0,0.0,5.39,0.38,False,True,False,False,False,False,False,False,False,False,False,False,False,,,,,,,,,,,,,,,,,,,,,,,,,,,,,,,,,,,,,,,,
012445118300_dsl,Gurgaon,108.0,NKOT0F01D2BA,NOKIA,48E15C8D0707,Haryana,0.0,0.0,0.0,0.0,100.0,0.78,,,0.0,,0.0,0.0,0.0,0.0,,0.0,0.0,0.0,AOT4221NK,,,,,False,False,False,False,,False,False,False,False,,False,26202.0,0.0,26202.0,73365504.0,73365504.0,9385959424.0,1191.0,1191.0,,1191.0,1191.0,0.0,1191.0,,,,,,,,,,,,,,,,,,,,,,,,,,,,,,,,,,,,,,,,,,,,,,,,,,,,,,,,,,,,,,,,,,,,,,,,,,,,,,,,,,,,,,,,,,,,,,,,,,,,,,,,,,,,1191.0,0.0,1191.0,0.0,26202.0,26202.0,1191.0,,1191.0,,,,,,,1191.0,,,,,,,,,,,,,,,,,,,,,0.0,,0.0,0.0,0.0,0.0,0.0,0.0,0.0,,0.0,0.0,0.0,,,False,,False,False,False,False,False,False,False,,False,,,,,,,,,,,,,,,,,,,,,,,,,,,,,,,,,,,,,,,,
012436398608_dsl,Gurgaon,108.0,NKOTDF0001E7,NOKIA,FAB7B87A32B0,Haryana,0.0,0.0,0.0,22.89,77.11,8.05,True,False,0.0,9.0,0.0,0.0,0.0,0.0,0.0,0.0,2.66,2.46,AAP321NK,,,,,False,False,False,False,True,False,False,False,False,False,False,2640.0,0.0,2640.0,6428224512.0,6428224512.0,79871681536.0,129.0,129.0,9.0,120.0,129.0,9.0,120.0,,,,,,,,,,,,,,,,,,,,,,,,,,,,,,,,,,,,,,,,,,,,,,,,,,,,,,,,,,,,,,,,,,,,,,,,,,,,,,,,,,,,,,,,,,,,,,,,,,,,,,,,,,,,129.0,9.0,120.0,0.0,2640.0,2640.0,129.0,9.0,120.0,,,,,,,129.0,,,,,,,,,,,,,,,,,,,,,0.0,0.0,0.0,0.0,0.0,0.0,0.0,0.0,0.0,9.0,0.0,2.66,2.46,True,False,False,False,False,False,False,False,False,False,False,True,False,,,,,,,,,,,,,,,,,,,,,,,,,,,,,,,,,,,,,,,,
01244054723_dsl,Gurgaon,108.0,NKOT0F0226EE,NOKIA,CC6B1E9D361D,Haryana,13.07,0.0,13.07,0.0,100.0,6.13,False,True,0.0,7.0,59.47,0.0,59.47,25.35,,25.35,2.06,0.32,AOT4221NK,LAPTOP-333I3CKG,LAPTOP,HP,ProBook,False,False,False,False,True,False,False,False,False,,False,23940.0,0.0,23940.0,4135734272.0,4135734272.0,67452024995.0,1140.0,1140.0,,1140.0,1140.0,0.0,1140.0,,,,,,,,,,,,,,,,,,,,,,,,,,,,,,,,,,,,,,,,,,,,,,,,,,,,,,,,,,,,,,,,,,,,,,,,,,,,,,,,,,,,,,,,,,,,,,,,,,,,,,,,,,,,1140.0,0.0,1140.0,0.0,23940.0,23940.0,1140.0,,1140.0,,,,,,,1140.0,,,,,,,,,,,,,,,,,,,,,25.35,,25.35,13.07,0.0,13.07,59.47,0.0,59.47,7.0,0.0,2.06,0.32,False,True,False,,False,False,False,False,False,False,False,True,False,,,,,,,,,,,,,,,,,,,,,,,,,,,,,,,,,,,,,,,,
01244054723_dsl,Gurgaon,108.0,NKOT0F0226EE,NOKIA,5AA1E0C63E20,Haryana,0.0,0.0,0.0,1.44,98.56,19.33,False,False,0.0,35.0,37.65,77.67,0.0,3.89,8.02,0.0,1.15,0.07,AOT4221NK,Pixel-8a,PHONE,Google,Pixel 8a,False,False,False,False,True,False,True,False,False,False,False,11697.0,0.0,11697.0,13040970752.0,13040970752.0,67452024995.0,1081.0,1081.0,524.0,557.0,1081.0,524.0,557.0,,,,,,,,,,,,,,,,,,,,,,,,,,,,,,,,,,,,,,,,,,,,,,,,,,,,,,,,,,,,,,,,,,,,,,,,,,,,,,,,,,,,,,,,,,,,,,,,,,,,,,,,,,,,1081.0,524.0,557.0,0.0,11697.0,11697.0,1081.0,524.0,557.0,,,,,,,1081.0,,,,,,,,,,,,,,,,,,,,,3.89,8.02,0.0,0.0,0.0,0.0,37.65,77.67,0.0,35.0,0.0,1.15,0.07,False,False,False,False,False,False,False,False,False,True,False,True,False,,,,,,,,,,,,,,,,,,,,,,,,,,,,,,,,,,,,,,,,
012445118300_dsl,Gurgaon,108.0,NKOT0F01D2BA,NOKIA,AADC7D1DFBBF,Haryana,0.0,0.0,0.0,0.0,100.0,1.21,False,False,0.0,14.0,0.0,0.0,0.0,0.0,,0.0,0.04,0.02,AOT4221NK,iPhone,PHONE,Apple,iPhone,False,False,False,False,True,False,False,False,False,,False,4576.0,0.0,4576.0,113307648.0,113307648.0,9385959424.0,208.0,208.0,,208.0,208.0,0.0,208.0,,,,,,,,,,,,,,,,,,,,,,,,,,,,,,,,,,,,,,,,,,,,,,,,,,,,,,,,,,,,,,,,,,,,,,,,,,,,,,,,,,,,,,,,,,,,,,,,,,,,,,,,,,,,208.0,0.0,208.0,0.0,4576.0,4576.0,208.0,,208.0,,,,,,,208.0,,,,,,,,,,,,,,,,,,,,,0.0,,0.0,0.0,0.0,0.0,0.0,0.0,0.0,14.0,0.0,0.04,0.02,False,False,False,,False,False,False,False,False,False,False,True,False,,,,,,,,,,,,,,,,,,,,,,,,,,,,,,,,,,,,,,,,
012447957675_dsl,Gurgaon,108.0,ZYOT5E069474,NOKIA,46676779B267,Haryana,1.05,0.0,1.05,0.0,100.0,6.95,False,False,0.0,6.0,0.0,0.0,0.0,1.05,,1.05,2.75,0.42,MTK 0000,,,,,False,False,False,False,True,False,False,False,False,,False,7713.0,0.0,7713.0,3634488320.0,3634488320.0,52264670208.0,857.0,857.0,,857.0,857.0,0.0,857.0,,,,,,,,,,,,,,,,,,,,,,,,,,,,,,,,,,,,,,,,,,,,,,,,,,,,,,,,,,,,,,,,,,,,,,,,,,,,,,,,,,,,,,,,,,,,,,,,,,,,,,,,,,,,857.0,0.0,857.0,0.0,7713.0,7713.0,857.0,,857.0,,,,,,,857.0,,,,,,,,,,,,,,,,,,,,,1.05,,1.05,1.05,0.0,1.05,0.0,0.0,0.0,6.0,0.0,2.75,0.42,False,False,False,,False,False,False,False,False,False,False,True,False,,,,,,,,,,,,,,,,,,,,,,,,,,,,,,,,,,,,,,,,
012445118300_dsl,Gurgaon,108.0,NKOT0F01D2BA,NOKIA,02B8F490E9C4,Haryana,0.0,0.0,0.0,0.0,100.0,30.33,False,False,0.0,15.0,11.39,0.0,11.39,0.0,,0.0,1.75,3.27,AOT4221NK,OnePlus-Nord-CE3-5G,,,,False,False,False,False,True,False,False,False,False,,False,3476.0,0.0,3476.0,2847222784.0,2847222784.0,9385959424.0,158.0,158.0,,158.0,158.0,0.0,158.0,,,,,,,,,,,,,,,,,,,,,,,,,,,,,,,,,,,,,,,,,,,,,,,,,,,,,,,,,,,,,,,,,,,,,,,,,,,,,,,,,,,,,,,,,,,,,,,,,,,,,,,,,,,,158.0,0.0,158.0,0.0,3476.0,3476.0,158.0,,158.0,,,,,,,158.0,,,,,,,,,,,,,,,,,,,,,0.0,,0.0,0.0,0.0,0.0,11.39,0.0,11.39,15.0,0.0,1.75,3.27,False,False,False,,False,False,False,False,False,False,False,True,False,,,,,,,,,,,,,,,,,,,,,,,,,,,,,,,,,,,,,,,,
01244081160_dsl,Gurgaon,108.0,NKOT0F01CE6F,NOKIA,6854FD250B98,Haryana,,,,100.0,0.0,1.74,False,False,0.0,4.0,0.0,0.0,0.0,0.0,0.0,,0.19,0.03,AOT4221NK,amazon-f290ecf4f,VOICE_ASSISTANT,Amazon,Echo,,,,False,False,False,False,False,False,False,,,,,176665600.0,176665600.0,10140636160.0,567.0,567.0,567.0,,567.0,567.0,0.0,,,,,,,,,,,,,,,,,,,,,,,,,,,,,,,,,,,,,,,,,,,,,,,,,,,,,,,,,,,,,,,,,,,,,,,,,,,,,,,,,,,,,,,,,,,,,,,,,,,,,,,,,,,,567.0,567.0,0.0,,,,567.0,567.0,,,,,,,,567.0,,,,,,,,,,,,,,,,,,,,,0.0,0.0,,,,,0.0,0.0,0.0,4.0,0.0,0.19,0.03,False,False,False,False,,,,,False,False,False,False,False,,,,,,,,,,,,,,,,,,,,,,,,,,,,,,,,,,,,,,,,
012445118300_dsl,Gurgaon,108.0,NKOT0F01D2BA,NOKIA,50DCE7D68D34,Haryana,0.0,0.0,0.0,0.0,100.0,11.2,,,0.0,,64.9,0.0,64.9,0.0,,0.0,0.32,0.01,AOT4221NK,,,,,False,False,False,False,,True,False,True,False,,False,26202.0,0.0,26202.0,1050766336.0,1050766336.0,9385959424.0,1191.0,1191.0,,1191.0,1191.0,0.0,1191.0,,,,,,,,,,,,,,,,,,,,,,,,,,,,,,,,,,,,,,,,,,,,,,,,,,,,,,,,,,,,,,,,,,,,,,,,,,,,,,,,,,,,,,,,,,,,,,,,,,,,,,,,,,,,1191.0,0.0,1191.0,0.0,26202.0,26202.0,1191.0,,1191.0,,,,,,,1191.0,,,,,,,,,,,,,,,,,,,,,0.0,,0.0,0.0,0.0,0.0,64.9,0.0,64.9,,0.0,0.32,0.01,,,False,,False,False,False,False,True,False,True,,False,,,,,,,,,,,,,,,,,,,,,,,,,,,,,,,,,,,,,,,,
01246472327_dsl,Gurgaon,108.0,NKOTA0000592,NOKIA,481B40DAC1F0,Haryana,0.0,0.0,0.0,0.0,100.0,24.29,False,True,0.0,1.0,0.0,0.0,0.0,0.0,,0.0,1.73,0.03,AOT4221NK,Unknown_48:1b:40:da:c1:f0,OTHER,Vantiva USA,,False,False,False,False,False,False,False,False,False,,False,21846.0,0.0,21846.0,6139790336.0,6139790336.0,25274698752.0,993.0,993.0,,993.0,993.0,0.0,993.0,,,,,,,,,,,,,,,,,,,,,,,,,,,,,,,,,,,,,,,,,,,,,,,,,,,,,,,,,,,,,,,,,,,,,,,,,,,,,,,,,,,,,,,,,,,,,,,,,,,,,,,,,,,,993.0,0.0,993.0,0.0,21846.0,21846.0,993.0,,993.0,,,,,,,993.0,,,,,,,,,,,,,,,,,,,,,0.0,,0.0,0.0,0.0,0.0,0.0,0.0,0.0,1.0,0.0,1.73,0.03,False,True,False,,False,False,False,False,False,False,False,False,False,,,,,,,,,,,,,,,,,,,,,,,,,,,,,,,,,,,,,,,,
012444903348_dsl,Gurgaon,108.0,NKOT0F01CE7E,NOKIA,5CEA1D30FB63,Haryana,,,,0.0,100.0,13.35,,,0.0,2.0,0.0,0.0,0.0,0.0,,0.0,2.99,0.03,AOT4221NK,Unknown_5c:ea:1d:30:fb:63,TV,Sony,Television,,,,False,False,False,False,False,False,,False,,,,5349635367.0,5349635367.0,40060881881.0,1395.0,1395.0,,1395.0,1395.0,0.0,1395.0,,,,,,,,,,,,,,,,,,,,,,,,,,,,,,,,,,,,,,,,,,,,,,,,,,,,,,,,,,,,,,,,,,,,,,,,,,,,,,,,,,,,,,,,,,,,,,,,,,,,,,,,,,,,1395.0,0.0,1395.0,,,,1395.0,,1395.0,,,,,,,1395.0,,,,,,,,,,,,,,,,,,,,,0.0,,0.0,,,,0.0,0.0,0.0,2.0,0.0,2.99,0.03,,,False,,False,,,,False,False,False,False,False,,,,,,,,,,,,,,,,,,,,,,,,,,,,,,,,,,,,,,,,
012444903348_dsl,Gurgaon,108.0,NKOT0F01CE7E,NOKIA,82A170AF2571,Haryana,0.0,0.0,0.0,100.0,0.0,15.06,False,False,0.0,8.0,46.23,46.23,0.0,0.0,0.0,,2.27,0.08,AOT4221NK,realme-15T,,,,False,False,False,False,True,False,False,False,False,False,,9328.0,9328.0,0.0,6031950489.0,6031950489.0,40060881881.0,424.0,424.0,424.0,,424.0,424.0,0.0,,,,,,,,,,,,,,,,,,,,,,,,,,,,,,,,,,,,,,,,,,,,,,,,,,,,,,,,,,,,,,,,,,,,,,,,,,,,,,,,,,,,,,,,,,,,,,,,,,,,,,,,,,,,424.0,424.0,0.0,9328.0,0.0,9328.0,424.0,424.0,,,,,,,,424.0,,,,,,,,,,,,,,,,,,,,,0.0,0.0,,0.0,0.0,0.0,46.23,46.23,0.0,8.0,0.0,2.27,0.08,False,False,False,False,,False,False,False,False,False,False,True,False,,,,,,,,,,,,,,,,,,,,,,,,,,,,,,,,,,,,,,,,
01246472327_dsl,Gurgaon,108.0,NKOTA0000592,NOKIA,70317F1E11E4,Haryana,0.0,0.0,0.0,0.0,100.0,0.01,False,False,0.0,21.0,0.0,0.0,0.0,0.0,,0.0,0.03,0.01,AOT4221NK,Srijans-iPhone,PHONE,Apple,iPhone,False,False,False,False,True,False,False,False,False,,False,22.0,0.0,22.0,3316736.0,3316736.0,25274698752.0,1.0,1.0,,1.0,1.0,0.0,1.0,,,,,,,,,,,,,,,,,,,,,,,,,,,,,,,,,,,,,,,,,,,,,,,,,,,,,,,,,,,,,,,,,,,,,,,,,,,,,,,,,,,,,,,,,,,,,,,,,,,,,,,,,,,,1.0,0.0,1.0,0.0,22.0,22.0,1.0,,1.0,,,,,,,1.0,,,,,,,,,,,,,,,,,,,,,0.0,,0.0,0.0,0.0,0.0,0.0,0.0,0.0,21.0,0.0,0.03,0.01,False,False,False,,False,False,False,False,False,False,False,True,False,,,,,,,,,,,,,,,,,,,,,,,,,,,,,,,,,,,,,,,,
012444903348_dsl,Gurgaon,108.0,NKOT0F01CE7E,NOKIA,DE9EF3A73DC5,Haryana,7.78,7.78,0.0,99.32,0.68,0.04,False,False,0.0,6.0,100.0,100.0,100.0,22.38,22.43,0.0,0.01,0.0,AOT4221NK,,,,,False,False,False,False,True,True,True,True,False,False,False,10494.0,10494.0,0.0,16805831.0,16805831.0,40060881881.0,478.0,478.0,477.0,1.0,478.0,477.0,1.0,,,,,,,,,,,,,,,,,,,,,,,,,,,,,,,,,,,,,,,,,,,,,,,,,,,,,,,,,,,,,,,,,,,,,,,,,,,,,,,,,,,,,,,,,,,,,,,,,,,,,,,,,,,,478.0,477.0,1.0,10494.0,0.0,10494.0,478.0,477.0,1.0,,,,,,,478.0,,,,,,,,,,,,,,,,,,,,,22.38,22.43,0.0,7.78,7.78,0.0,100.0,100.0,100.0,6.0,0.0,0.01,0.0,False,False,False,False,False,False,False,False,True,True,True,True,False,,,,,,,,,,,,,,,,,,,,,,,,,,,,,,,,,,,,,,,,
012445159575_dsl,Gurgaon,108.0,ZYOTFD000042,NOKIA,4C1B86D3490C,Haryana,52.62,0.0,52.62,0.0,100.0,30.05,False,False,0.0,5.0,15.88,0.0,15.88,50.0,,50.0,5.95,0.25,AOT5221ZY,LGwebOSTV,,,,False,False,False,False,False,False,False,False,False,,False,4926.0,0.0,4926.0,20072152064.0,20072152064.0,66794147840.0,466.0,466.0,,466.0,466.0,0.0,466.0,,,,,,,,,,,,,,,,,,,,,,,,,,,,,,,,,,,,,,,,,,,,,,,,,,,,,,,,,,,,,,,,,,,,,,,,,,,,,,,,,,,,,,,,,,,,,,,,,,,,,,,,,,,,466.0,0.0,466.0,0.0,4926.0,4926.0,466.0,,466.0,,,,,,,466.0,,,,,,,,,,,,,,,,,,,,,50.0,,50.0,52.62,0.0,52.62,15.88,0.0,15.88,5.0,0.0,5.95,0.25,False,False,False,,False,False,False,False,False,False,False,False,False,,,,,,,,,,,,,,,,,,,,,,,,,,,,,,,,,,,,,,,,
012447957675_dsl,Gurgaon,108.0,ZYOT5E069474,NOKIA,324ED16F1BEC,Haryana,0.0,0.0,0.0,0.03,99.97,0.48,False,True,0.0,4.0,0.76,100.0,0.0,0.38,50.0,0.0,0.55,2.76,MTK 0000,spradit,OTHER,,,False,False,False,False,False,False,True,False,False,False,False,2358.0,0.0,2358.0,250894336.0,250894336.0,52264670208.0,264.0,264.0,2.0,262.0,264.0,2.0,262.0,,,,,,,,,,,,,,,,,,,,,,,,,,,,,,,,,,,,,,,,,,,,,,,,,,,,,,,,,,,,,,,,,,,,,,,,,,,,,,,,,,,,,,,,,,,,,,,,,,,,,,,,,,,,264.0,2.0,262.0,0.0,2358.0,2358.0,264.0,2.0,262.0,,,,,,,264.0,,,,,,,,,,,,,,,,,,,,,0.38,50.0,0.0,0.0,0.0,0.0,0.76,100.0,0.0,4.0,0.0,0.55,2.76,False,True,False,False,False,False,False,False,False,True,False,False,False,,,,,,,,,,,,,,,,,,,,,,,,,,,,,,,,,,,,,,,,
012444903348_dsl,Gurgaon,108.0,NKOT0F01CE7E,NOKIA,C25FF6C7715F,Haryana,6.67,6.67,0.0,100.0,0.0,2.69,False,False,0.0,17.0,92.38,92.38,0.0,27.13,27.13,,0.79,0.03,AOT4221NK,realme-C11-2021,,,,False,False,False,False,True,True,True,False,False,False,,7216.0,7216.0,0.0,1079039502.0,1079039502.0,40060881881.0,328.0,328.0,328.0,,328.0,328.0,0.0,,,,,,,,,,,,,,,,,,,,,,,,,,,,,,,,,,,,,,,,,,,,,,,,,,,,,,,,,,,,,,,,,,,,,,,,,,,,,,,,,,,,,,,,,,,,,,,,,,,,,,,,,,,,328.0,328.0,0.0,7216.0,0.0,7216.0,328.0,328.0,,,,,,,,328.0,,,,,,,,,,,,,,,,,,,,,27.13,27.13,,6.67,6.67,0.0,92.38,92.38,0.0,17.0,0.0,0.79,0.03,False,False,False,False,,False,False,False,True,True,False,True,False,,,,,,,,,,,,,,,,,,,,,,,,,,,,,,,,,,,,,,,,
01244081160_dsl,Gurgaon,108.0,NKOT0F01CE6F,NOKIA,DA662903C070,Haryana,0.0,0.0,0.0,0.0,100.0,23.2,False,False,0.0,2.0,0.0,0.0,0.0,0.0,,0.0,1.2,0.07,AOT4221NK,Mac,,,,False,False,False,False,False,False,False,False,False,,False,20174.0,0.0,20174.0,2352976896.0,2352976896.0,10140636160.0,917.0,917.0,,917.0,917.0,0.0,917.0,,,,,,,,,,,,,,,,,,,,,,,,,,,,,,,,,,,,,,,,,,,,,,,,,,,,,,,,,,,,,,,,,,,,,,,,,,,,,,,,,,,,,,,,,,,,,,,,,,,,,,,,,,,,917.0,0.0,917.0,0.0,20174.0,20174.0,917.0,,917.0,,,,,,,917.0,,,,,,,,,,,,,,,,,,,,,0.0,,0.0,0.0,0.0,0.0,0.0,0.0,0.0,2.0,0.0,1.2,0.07,False,False,False,,False,False,False,False,False,False,False,False,False,,,,,,,,,,,,,,,,,,,,,,,,,,,,,,,,,,,,,,,,
012444801137_dsl,Gurgaon,108.0,NKOTDF000165,NOKIA,9877D5D77618,Haryana,,,,100.0,0.0,0.01,False,False,0.0,2.0,27.78,27.78,0.0,5.56,5.56,,0.0,0.0,AAP321NK,wiz_d77618,,,,,,,False,False,False,False,False,False,False,,,,,1531904.0,1531904.0,27220841472.0,18.0,18.0,18.0,,18.0,18.0,0.0,,,,,,,,,,,,,,,,,,,,,,,,,,,,,,,,,,,,,,,,,,,,,,,,,,,,,,,,,,,,,,,,,,,,,,,,,,,,,,,,,,,,,,,,,,,,,,,,,,,,,,,,,,,,18.0,18.0,0.0,,,,18.0,18.0,,,,,,,,18.0,,,,,,,,,,,,,,,,,,,,,5.56,5.56,,,,,27.78,27.78,0.0,2.0,0.0,0.0,0.0,False,False,False,False,,,,,False,False,False,False,False,,,,,,,,,,,,,,,,,,,,,,,,,,,,,,,,,,,,,,,,
012444801137_dsl,Gurgaon,108.0,NKOTDF000165,NOKIA,9877D5A4F5CE,Haryana,,,,100.0,0.0,0.01,False,False,0.0,2.0,72.22,72.22,0.0,5.56,5.56,,0.0,0.0,AAP321NK,wiz_a4f5ce,,,,,,,False,False,True,True,False,False,False,,,,,1527808.0,1527808.0,27220841472.0,18.0,18.0,18.0,,18.0,18.0,0.0,,,,,,,,,,,,,,,,,,,,,,,,,,,,,,,,,,,,,,,,,,,,,,,,,,,,,,,,,,,,,,,,,,,,,,,,,,,,,,,,,,,,,,,,,,,,,,,,,,,,,,,,,,,,18.0,18.0,0.0,,,,18.0,18.0,,,,,,,,18.0,,,,,,,,,,,,,,,,,,,,,5.56,5.56,,,,,72.22,72.22,0.0,2.0,0.0,0.0,0.0,False,False,False,False,,,,,True,True,False,False,False,,,,,,,,,,,,,,,,,,,,,,,,,,,,,,,,,,,,,,,,
01246472327_dsl,Gurgaon,108.0,NKOTA0000592,NOKIA,2246CDEDC745,Haryana,0.77,0.0,0.77,0.0,100.0,71.85,False,False,0.0,20.0,0.0,0.0,0.0,0.0,,0.0,3.47,0.07,AOT4221NK,iPhone,PHONE,Apple,iPhone,False,False,False,False,True,False,False,False,False,,False,14762.0,0.0,14762.0,18161038336.0,18161038336.0,25274698752.0,671.0,671.0,,671.0,671.0,0.0,671.0,,,,,,,,,,,,,,,,,,,,,,,,,,,,,,,,,,,,,,,,,,,,,,,,,,,,,,,,,,,,,,,,,,,,,,,,,,,,,,,,,,,,,,,,,,,,,,,,,,,,,,,,,,,,671.0,0.0,671.0,0.0,14762.0,14762.0,671.0,,671.0,,,,,,,671.0,,,,,,,,,,,,,,,,,,,,,0.0,,0.0,0.77,0.0,0.77,0.0,0.0,0.0,20.0,0.0,3.47,0.07,False,False,False,,False,False,False,False,False,False,False,True,False,,,,,,,,,,,,,,,,,,,,,,,,,,,,,,,,,,,,,,,,
012421019184_wifi,Gurgaon,108.0,ZYOTB0900058,NOKIA,DA3FF3404640,Haryana,0.0,0.0,0.0,0.0,100.0,96.53,,,0.0,7.0,0.0,0.0,0.0,0.0,,0.0,6.88,0.3,AOT5222ZY,,,,,False,False,False,False,True,False,False,False,False,,False,66.0,0.0,66.0,41533440.0,41533440.0,43024384.0,3.0,3.0,,3.0,3.0,0.0,3.0,,,,,,,,,,,,,,,,,,,,,,,,,,,,,,,,,,,,,,,,,,,,,,,,,,,,,,,,,,,,,,,,,,,,,,,,,,,,,,,,,,,,,,,,,,,,,,,,,,,,,,,,,,,,3.0,0.0,3.0,0.0,66.0,66.0,3.0,,3.0,,,,,,,3.0,,,,,,,,,,,,,,,,,,,,,0.0,,0.0,0.0,0.0,0.0,0.0,0.0,0.0,7.0,0.0,6.88,0.3,,,False,,False,False,False,False,False,False,False,True,False,,,,,,,,,,,,,,,,,,,,,,,,,,,,,,,,,,,,,,,,
012444903348_dsl,Gurgaon,108.0,NKOT0F01CE7E,NOKIA,444201C1B177,Haryana,,,,0.0,100.0,2.54,,,0.0,2.0,0.0,0.0,0.0,0.0,,0.0,0.25,0.03,AOT4221NK,Unknown_44:42:01:c1:b1:77,OTHER,Amazon,,,,,False,False,False,False,False,False,,False,,,,1016201216.0,1016201216.0,40060881881.0,1469.0,1469.0,,1469.0,1469.0,0.0,1469.0,,,,,,,,,,,,,,,,,,,,,,,,,,,,,,,,,,,,,,,,,,,,,,,,,,,,,,,,,,,,,,,,,,,,,,,,,,,,,,,,,,,,,,,,,,,,,,,,,,,,,,,,,,,,1469.0,0.0,1469.0,,,,1469.0,,1469.0,,,,,,,1469.0,,,,,,,,,,,,,,,,,,,,,0.0,,0.0,,,,0.0,0.0,0.0,2.0,0.0,0.25,0.03,,,False,,False,,,,False,False,False,False,False,,,,,,,,,,,,,,,,,,,,,,,,,,,,,,,,,,,,,,,,
012444801137_dsl,Gurgaon,108.0,NKOTDF000165,NOKIA,505A65CC4DE9,Haryana,0.0,0.0,0.0,0.0,100.0,0.2,,,0.0,3.0,0.0,0.0,0.0,0.0,,0.0,0.01,0.01,AAP321NK,ONEAIRTEL,,,,False,False,False,False,False,False,False,False,False,,False,9042.0,0.0,9042.0,55271424.0,55271424.0,27220841472.0,411.0,411.0,,411.0,411.0,0.0,411.0,,,,,,,,,,,,,,,,,,,,,,,,,,,,,,,,,,,,,,,,,,,,,,,,,,,,,,,,,,,,,,,,,,,,,,,,,,,,,,,,,,,,,,,,,,,,,,,,,,,,,,,,,,,,411.0,0.0,411.0,0.0,9042.0,9042.0,411.0,,411.0,,,,,,,411.0,,,,,,,,,,,,,,,,,,,,,0.0,,0.0,0.0,0.0,0.0,0.0,0.0,0.0,3.0,0.0,0.01,0.01,,,False,,False,False,False,False,False,False,False,False,False,,,,,,,,,,,,,,,,,,,,,,,,,,,,,,,,,,,,,,,,
012436398608_dsl,Gurgaon,108.0,NKOTDF0001E7,NOKIA,8E44C4BECA46,Haryana,0.0,0.0,0.0,0.0,100.0,3.97,False,False,0.0,5.0,0.0,0.0,0.0,0.0,,0.0,0.13,0.06,AAP321NK,,,,,False,False,False,False,False,False,False,False,False,,False,32560.0,0.0,32560.0,3167483904.0,3167483904.0,79871681536.0,1480.0,1480.0,,1480.0,1480.0,0.0,1480.0,,,,,,,,,,,,,,,,,,,,,,,,,,,,,,,,,,,,,,,,,,,,,,,,,,,,,,,,,,,,,,,,,,,,,,,,,,,,,,,,,,,,,,,,,,,,,,,,,,,,,,,,,,,,1480.0,0.0,1480.0,0.0,32560.0,32560.0,1480.0,,1480.0,,,,,,,1480.0,,,,,,,,,,,,,,,,,,,,,0.0,,0.0,0.0,0.0,0.0,0.0,0.0,0.0,5.0,0.0,0.13,0.06,False,False,False,,False,False,False,False,False,False,False,False,False,,,,,,,,,,,,,,,,,,,,,,,,,,,,,,,,,,,,,,,,
012444903348_dsl,Gurgaon,108.0,NKOT0F01CE7E,NOKIA,32655446EDD7,Haryana,0.36,0.36,0.0,3.1,96.9,35.16,False,False,0.0,121.0,6.15,12.75,0.0,1.26,2.61,0.0,3.68,0.3,AOT4221NK,Galaxy-S25-Ultra,PHONE,Samsung Electronics,Galaxy,False,False,False,False,True,False,False,False,False,False,False,7590.0,7590.0,0.0,14086527693.0,14086527693.0,40060881881.0,715.0,715.0,345.0,370.0,715.0,345.0,370.0,,,,,,,,,,,,,,,,,,,,,,,,,,,,,,,,,,,,,,,,,,,,,,,,,,,,,,,,,,,,,,,,,,,,,,,,,,,,,,,,,,,,,,,,,,,,,,,,,,,,,,,,,,,,715.0,345.0,370.0,7590.0,0.0,7590.0,715.0,345.0,370.0,,,,,,,715.0,,,,,,,,,,,,,,,,,,,,,1.26,2.61,0.0,0.36,0.36,0.0,6.15,12.75,0.0,121.0,0.0,3.68,0.3,False,False,False,False,False,False,False,False,False,False,False,True,False,,,,,,,,,,,,,,,,,,,,,,,,,,,,,,,,,,,,,,,,
01244054723_dsl,Gurgaon,108.0,NKOT0F0226EE,NOKIA,866D51236BCF,Haryana,0.0,0.0,0.0,4.35,95.65,25.39,False,False,0.0,48.0,0.0,0.0,0.0,0.0,0.0,0.0,4.32,0.13,AOT4221NK,iPhone,,Apple,iPhone,False,False,False,False,True,False,False,False,False,False,False,17976.0,0.0,17976.0,17125790720.0,17125790720.0,67452024995.0,866.0,866.0,10.0,856.0,866.0,10.0,856.0,,,,,,,,,,,,,,,,,,,,,,,,,,,,,,,,,,,,,,,,,,,,,,,,,,,,,,,,,,,,,,,,,,,,,,,,,,,,,,,,,,,,,,,,,,,,,,,,,,,,,,,,,,,,866.0,10.0,856.0,0.0,17976.0,17976.0,866.0,10.0,856.0,,,,,,,866.0,,,,,,,,,,,,,,,,,,,,,0.0,0.0,0.0,0.0,0.0,0.0,0.0,0.0,0.0,48.0,0.0,4.32,0.13,False,False,False,False,False,False,False,False,False,False,False,True,False,,,,,,,,,,,,,,,,,,,,,,,,,,,,,,,,,,,,,,,,
012436398608_dsl,Gurgaon,108.0,NKOTDF0001E7,NOKIA,0EED7B0E8241,Haryana,0.0,0.0,0.0,1.56,98.44,1.94,True,False,0.0,14.0,0.0,0.0,0.0,0.0,0.0,0.0,1.48,7.33,AAP321NK,OnePlus-15R,PHONE,OnePlus,15R,False,False,False,False,True,False,False,False,False,False,False,2992.0,0.0,2992.0,1550738432.0,1550738432.0,79871681536.0,145.0,145.0,9.0,136.0,145.0,9.0,136.0,,,,,,,,,,,,,,,,,,,,,,,,,,,,,,,,,,,,,,,,,,,,,,,,,,,,,,,,,,,,,,,,,,,,,,,,,,,,,,,,,,,,,,,,,,,,,,,,,,,,,,,,,,,,145.0,9.0,136.0,0.0,2992.0,2992.0,145.0,9.0,136.0,,,,,,,145.0,,,,,,,,,,,,,,,,,,,,,0.0,0.0,0.0,0.0,0.0,0.0,0.0,0.0,0.0,14.0,0.0,1.48,7.33,True,False,False,False,False,False,False,False,False,False,False,True,False,,,,,,,,,,,,,,,,,,,,,,,,,,,,,,,,,,,,,,,,
01244054723_dsl,Gurgaon,108.0,NKOT0F0226EE,NOKIA,4CF5DCF7CBCA,Haryana,,,,100.0,0.0,1.32,False,False,0.0,49.0,92.91,92.91,0.0,0.0,0.0,,0.01,0.36,AOT4221NK,846606451,,,,,,,False,True,True,True,False,False,False,,,,,887850147.0,887850147.0,67452024995.0,1142.0,1142.0,1142.0,,1142.0,1142.0,0.0,,,,,,,,,,,,,,,,,,,,,,,,,,,,,,,,,,,,,,,,,,,,,,,,,,,,,,,,,,,,,,,,,,,,,,,,,,,,,,,,,,,,,,,,,,,,,,,,,,,,,,,,,,,,1142.0,1142.0,0.0,,,,1142.0,1142.0,,,,,,,,1142.0,,,,,,,,,,,,,,,,,,,,,0.0,0.0,,,,,92.91,92.91,0.0,49.0,0.0,0.01,0.36,False,False,False,False,,,,,True,True,False,True,False,,,,,,,,,,,,,,,,,,,,,,,,,,,,,,,,,,,,,,,,
012444903348_dsl,Gurgaon,108.0,NKOT0F01CE7E,NOKIA,B2C8CF9ECE29,Haryana,11.11,11.11,0.0,0.35,99.65,3.27,False,False,0.0,22.0,1.23,50.0,0.0,1.78,72.22,0.0,2.13,0.05,AOT4221NK,iPhone,PHONE,Apple,iPhone,False,False,False,False,True,False,False,False,False,True,False,396.0,396.0,0.0,1308173033.0,1308173033.0,40060881881.0,729.0,729.0,18.0,711.0,729.0,18.0,711.0,,,,,,,,,,,,,,,,,,,,,,,,,,,,,,,,,,,,,,,,,,,,,,,,,,,,,,,,,,,,,,,,,,,,,,,,,,,,,,,,,,,,,,,,,,,,,,,,,,,,,,,,,,,,729.0,18.0,711.0,396.0,0.0,396.0,729.0,18.0,711.0,,,,,,,729.0,,,,,,,,,,,,,,,,,,,,,1.78,72.22,0.0,11.11,11.11,0.0,1.23,50.0,0.0,22.0,0.0,2.13,0.05,False,False,False,True,False,False,False,False,False,False,False,True,False,,,,,,,,,,,,,,,,,,,,,,,,,,,,,,,,,,,,,,,,
01244054723_dsl,Gurgaon,108.0,NKOT0F0226EE,NOKIA,7243CCCDA6CE,Haryana,0.0,0.0,0.0,0.0,100.0,18.11,True,False,0.0,17.0,0.0,0.0,0.0,0.0,,0.0,3.26,0.04,AOT4221NK,XstreamIPTV1-VT,STREAMING_DEVICE,,Streaming Dongle,False,False,False,False,True,False,False,False,False,,False,29652.0,0.0,29652.0,12213226496.0,12213226496.0,67452024995.0,1412.0,1412.0,,1412.0,1412.0,0.0,1412.0,,,,,,,,,,,,,,,,,,,,,,,,,,,,,,,,,,,,,,,,,,,,,,,,,,,,,,,,,,,,,,,,,,,,,,,,,,,,,,,,,,,,,,,,,,,,,,,,,,,,,,,,,,,,1412.0,0.0,1412.0,0.0,29652.0,29652.0,1412.0,,1412.0,,,,,,,1412.0,,,,,,,,,,,,,,,,,,,,,0.0,,0.0,0.0,0.0,0.0,0.0,0.0,0.0,17.0,0.0,3.26,0.04,True,False,False,,False,False,False,False,False,False,False,True,False,,,,,,,,,,,,,,,,,,,,,,,,,,,,,,,,,,,,,,,,
012447862103_dsl,Gurgaon,108.0,ZYOTB0900020,NOKIA,8E41F778AE60,Haryana,0.0,0.0,0.0,0.0,100.0,0.17,,,0.0,,0.0,0.0,0.0,0.0,0.0,0.0,6.1,0.37,AOT5222ZY,,,,,False,False,False,False,,False,False,False,False,False,False,5852.0,0.0,5852.0,48590848.0,48590848.0,28334366720.0,330.0,330.0,64.0,266.0,330.0,64.0,266.0,,,,,,,,,,,,,,,,,,,,,,,,,,,,,,,,,,,,,,,,,,,,,,,,,,,,,,,,,,,,,,,,,,,,,,,,,,,,,,,,,,,,,,,,,,,,,,,,,,,,,,,,,,,,330.0,64.0,266.0,0.0,5852.0,5852.0,330.0,64.0,266.0,,,,,,,330.0,,,,,,,,,,,,,,,,,,,,,0.0,0.0,0.0,0.0,0.0,0.0,0.0,0.0,0.0,,0.0,6.1,0.37,,,False,False,False,False,False,False,False,False,False,,False,,,,,,,,,,,,,,,,,,,,,,,,,,,,,,,,,,,,,,,,
012447862103_dsl,Gurgaon,108.0,ZYOTB0900020,NOKIA,14B5CD43D30F,Haryana,0.0,0.0,0.0,0.0,100.0,54.84,,,0.0,,0.0,0.0,0.0,0.0,,0.0,1.36,0.07,AOT5222ZY,,,,,False,False,False,False,,False,False,False,False,,False,32692.0,0.0,32692.0,15538751488.0,15538751488.0,28334366720.0,1486.0,1486.0,,1486.0,1486.0,0.0,1486.0,,,,,,,,,,,,,,,,,,,,,,,,,,,,,,,,,,,,,,,,,,,,,,,,,,,,,,,,,,,,,,,,,,,,,,,,,,,,,,,,,,,,,,,,,,,,,,,,,,,,,,,,,,,,1486.0,0.0,1486.0,0.0,32692.0,32692.0,1486.0,,1486.0,,,,,,,1486.0,,,,,,,,,,,,,,,,,,,,,0.0,,0.0,0.0,0.0,0.0,0.0,0.0,0.0,,0.0,1.36,0.07,,,False,,False,False,False,False,False,False,False,,False,,,,,,,,,,,,,,,,,,,,,,,,,,,,,,,,,,,,,,,,
012444801137_dsl,Gurgaon,108.0,NKOTDF000165,NOKIA,9877D5A4F402,Haryana,,,,100.0,0.0,0.01,False,False,0.0,2.0,72.6,72.6,0.0,0.0,0.0,,0.0,0.0,AAP321NK,wiz_a4f402,,,,,,,False,False,True,True,False,False,False,,,,,3675136.0,3675136.0,27220841472.0,73.0,73.0,73.0,,73.0,73.0,0.0,,,,,,,,,,,,,,,,,,,,,,,,,,,,,,,,,,,,,,,,,,,,,,,,,,,,,,,,,,,,,,,,,,,,,,,,,,,,,,,,,,,,,,,,,,,,,,,,,,,,,,,,,,,,73.0,73.0,0.0,,,,73.0,73.0,,,,,,,,73.0,,,,,,,,,,,,,,,,,,,,,0.0,0.0,,,,,72.6,72.6,0.0,2.0,0.0,0.0,0.0,False,False,False,False,,,,,True,True,False,False,False,,,,,,,,,,,,,,,,,,,,,,,,,,,,,,,,,,,,,,,,
01246232448_dsl,Gurgaon,108.0,NKOT2F045EF1,NOKIA,8A43BA359CDF,Haryana,0.0,0.0,0.0,0.0,100.0,19.87,False,False,0.0,30.0,0.13,50.0,0.0,0.0,0.0,0.0,4.09,1.66,AOT4221NK,,,,,False,False,False,False,True,False,False,False,False,False,False,8151.0,0.0,8151.0,13379381248.0,13379381248.0,67318526976.0,743.0,743.0,2.0,741.0,743.0,2.0,741.0,,,,,,,,,,,,,,,,,,,,,,,,,,,,,,,,,,,,,,,,,,,,,,,,,,,,,,,,,,,,,,,,,,,,,,,,,,,,,,,,,,,,,,,,,,,,,,,,,,,,,,,,,,,,743.0,2.0,741.0,0.0,8151.0,8151.0,743.0,2.0,741.0,,,,,,,743.0,,,,,,,,,,,,,,,,,,,,,0.0,0.0,0.0,0.0,0.0,0.0,0.13,50.0,0.0,30.0,0.0,4.09,1.66,False,False,False,False,False,False,False,False,False,False,False,True,False,,,,,,,,,,,,,,,,,,,,,,,,,,,,,,,,,,,,,,,,
012445118300_dsl,Gurgaon,108.0,NKOT0F01D2BA,NOKIA,3CA6F6264B0F,Haryana,0.0,0.0,0.0,0.0,100.0,6.17,,,0.0,,0.0,0.0,0.0,0.0,,0.0,0.17,0.0,AOT4221NK,,,,,False,False,False,False,,False,False,False,False,,False,26202.0,0.0,26202.0,578862080.0,578862080.0,9385959424.0,1191.0,1191.0,,1191.0,1191.0,0.0,1191.0,,,,,,,,,,,,,,,,,,,,,,,,,,,,,,,,,,,,,,,,,,,,,,,,,,,,,,,,,,,,,,,,,,,,,,,,,,,,,,,,,,,,,,,,,,,,,,,,,,,,,,,,,,,,1191.0,0.0,1191.0,0.0,26202.0,26202.0,1191.0,,1191.0,,,,,,,1191.0,,,,,,,,,,,,,,,,,,,,,0.0,,0.0,0.0,0.0,0.0,0.0,0.0,0.0,,0.0,0.17,0.0,,,False,,False,False,False,False,False,False,False,,False,,,,,,,,,,,,,,,,,,,,,,,,,,,,,,,,,,,,,,,,
012444801137_dsl,Gurgaon,108.0,NKOTDF000165,NOKIA,683943AD68BF,Haryana,0.0,0.0,0.0,0.0,100.0,22.39,False,True,0.0,3.0,0.0,0.0,0.0,0.0,,0.0,2.4,0.07,AAP321NK,Family-Room-TV,,,,False,False,False,False,False,False,False,False,False,,False,3014.0,0.0,3014.0,6095976448.0,6095976448.0,27220841472.0,137.0,137.0,,137.0,137.0,0.0,137.0,,,,,,,,,,,,,,,,,,,,,,,,,,,,,,,,,,,,,,,,,,,,,,,,,,,,,,,,,,,,,,,,,,,,,,,,,,,,,,,,,,,,,,,,,,,,,,,,,,,,,,,,,,,,137.0,0.0,137.0,0.0,3014.0,3014.0,137.0,,137.0,,,,,,,137.0,,,,,,,,,,,,,,,,,,,,,0.0,,0.0,0.0,0.0,0.0,0.0,0.0,0.0,3.0,0.0,2.4,0.07,False,True,False,,False,False,False,False,False,False,False,False,False,,,,,,,,,,,,,,,,,,,,,,,,,,,,,,,,,,,,,,,,
012447957675_dsl,Gurgaon,108.0,ZYOT5E069474,NOKIA,F2CE1B18563F,Haryana,0.0,0.0,0.0,0.0,100.0,0.13,False,False,0.0,1.0,0.0,0.0,0.0,0.0,,0.0,0.05,0.01,MTK 0000,XstreamIPTV1-VT,OTHER,,,False,False,False,False,False,False,False,False,False,,False,14067.0,0.0,14067.0,67145728.0,67145728.0,52264670208.0,1563.0,1563.0,,1563.0,1563.0,0.0,1563.0,,,,,,,,,,,,,,,,,,,,,,,,,,,,,,,,,,,,,,,,,,,,,,,,,,,,,,,,,,,,,,,,,,,,,,,,,,,,,,,,,,,,,,,,,,,,,,,,,,,,,,,,,,,,1563.0,0.0,1563.0,0.0,14067.0,14067.0,1563.0,,1563.0,,,,,,,1563.0,,,,,,,,,,,,,,,,,,,,,0.0,,0.0,0.0,0.0,0.0,0.0,0.0,0.0,1.0,0.0,0.05,0.01,False,False,False,,False,False,False,False,False,False,False,False,False,,,,,,,,,,,,,,,,,,,,,,,,,,,,,,,,,,,,,,,,
01246232448_dsl,Gurgaon,108.0,NKOT2F045EF1,NOKIA,F621EE1DD5B7,Haryana,0.01,0.0,0.01,0.0,100.0,0.09,False,True,0.0,23.0,0.1,0.0,0.1,0.1,,0.1,0.02,0.0,AOT4221NK,,,,,False,False,False,False,True,False,False,False,False,,False,10868.0,0.0,10868.0,61744128.0,61744128.0,67318526976.0,988.0,988.0,,988.0,988.0,0.0,988.0,,,,,,,,,,,,,,,,,,,,,,,,,,,,,,,,,,,,,,,,,,,,,,,,,,,,,,,,,,,,,,,,,,,,,,,,,,,,,,,,,,,,,,,,,,,,,,,,,,,,,,,,,,,,988.0,0.0,988.0,0.0,10868.0,10868.0,988.0,,988.0,,,,,,,988.0,,,,,,,,,,,,,,,,,,,,,0.1,,0.1,0.01,0.0,0.01,0.1,0.0,0.1,23.0,0.0,0.02,0.0,False,True,False,,False,False,False,False,False,False,False,True,False,,,,,,,,,,,,,,,,,,,,,,,,,,,,,,,,,,,,,,,,
012436398608_dsl,Gurgaon,108.0,NKOTDF0001E7,NOKIA,62D8084F50B0,Haryana,0.0,0.0,0.0,0.0,100.0,28.52,False,True,0.0,7.0,5.61,0.0,5.65,0.0,0.0,0.0,13.95,0.15,AAP321NK,OnePlus-Nord-CE4-Lite-5G,,,,False,False,False,False,True,False,False,False,False,False,False,22176.0,0.0,22176.0,22779638784.0,22779638784.0,79871681536.0,1016.0,1016.0,8.0,1008.0,1016.0,8.0,1008.0,,,,,,,,,,,,,,,,,,,,,,,,,,,,,,,,,,,,,,,,,,,,,,,,,,,,,,,,,,,,,,,,,,,,,,,,,,,,,,,,,,,,,,,,,,,,,,,,,,,,,,,,,,,,1016.0,8.0,1008.0,0.0,22176.0,22176.0,1016.0,8.0,1008.0,,,,,,,1016.0,,,,,,,,,,,,,,,,,,,,,0.0,0.0,0.0,0.0,0.0,0.0,5.61,0.0,5.65,7.0,0.0,13.95,0.15,False,True,False,False,False,False,False,False,False,False,False,True,False,,,,,,,,,,,,,,,,,,,,,,,,,,,,,,,,,,,,,,,,
01246232448_dsl,Gurgaon,108.0,NKOT2F045EF1,NOKIA,A091A2A13221,Haryana,,,,100.0,0.0,21.43,False,False,0.0,4.0,60.0,60.0,0.0,0.0,0.0,,2.8,0.16,AOT4221NK,Unknown_a0:91:a2:a1:32:21,PHONE,OnePlus,Mobile,,,,False,False,False,False,False,False,False,,,,,14429089792.0,14429089792.0,67318526976.0,645.0,645.0,645.0,,645.0,645.0,0.0,,,,,,,,,,,,,,,,,,,,,,,,,,,,,,,,,,,,,,,,,,,,,,,,,,,,,,,,,,,,,,,,,,,,,,,,,,,,,,,,,,,,,,,,,,,,,,,,,,,,,,,,,,,,645.0,645.0,0.0,,,,645.0,645.0,,,,,,,,645.0,,,,,,,,,,,,,,,,,,,,,0.0,0.0,,,,,60.0,60.0,0.0,4.0,0.0,2.8,0.16,False,False,False,False,,,,,False,False,False,False,False,,,,,,,,,,,,,,,,,,,,,,,,,,,,,,,,,,,,,,,,
012444903348_dsl,Gurgaon,108.0,NKOT0F01CE7E,NOKIA,DC4BA104E8A6,Haryana,,,,0.0,100.0,0.0,,,0.0,1.0,95.64,0.0,95.64,0.0,,0.0,0.07,0.01,AOT4221NK,Unknown_dc:4b:a1:04:e8:a6,,,,,,,False,False,True,False,True,False,,False,,,,1081344.0,1081344.0,40060881881.0,1469.0,1469.0,,1469.0,1469.0,0.0,1469.0,,,,,,,,,,,,,,,,,,,,,,,,,,,,,,,,,,,,,,,,,,,,,,,,,,,,,,,,,,,,,,,,,,,,,,,,,,,,,,,,,,,,,,,,,,,,,,,,,,,,,,,,,,,,1469.0,0.0,1469.0,,,,1469.0,,1469.0,,,,,,,1469.0,,,,,,,,,,,,,,,,,,,,,0.0,,0.0,,,,95.64,0.0,95.64,1.0,0.0,0.07,0.01,,,False,,False,,,,True,False,True,False,False,,,,,,,,,,,,,,,,,,,,,,,,,,,,,,,,,,,,,,,,
012444801137_dsl,Gurgaon,108.0,NKOTDF000165,NOKIA,1673DCE86B6C,Haryana,0.0,0.0,0.0,0.16,99.84,15.85,False,True,0.0,8.0,0.0,0.0,0.0,0.0,0.0,0.0,2.79,0.11,AAP321NK,Galaxy-A34-5G-Alka,,,,False,False,False,False,True,False,False,False,False,False,False,9262.0,0.0,9262.0,4313543680.0,4313543680.0,27220841472.0,551.0,551.0,130.0,421.0,551.0,130.0,421.0,,,,,,,,,,,,,,,,,,,,,,,,,,,,,,,,,,,,,,,,,,,,,,,,,,,,,,,,,,,,,,,,,,,,,,,,,,,,,,,,,,,,,,,,,,,,,,,,,,,,,,,,,,,,551.0,130.0,421.0,0.0,9262.0,9262.0,551.0,130.0,421.0,,,,,,,551.0,,,,,,,,,,,,,,,,,,,,,0.0,0.0,0.0,0.0,0.0,0.0,0.0,0.0,0.0,8.0,0.0,2.79,0.11,False,True,False,False,False,False,False,False,False,False,False,True,False,,,,,,,,,,,,,,,,,,,,,,,,,,,,,,,,,,,,,,,,
01246232448_dsl,Gurgaon,108.0,NKOT2F045EF1,NOKIA,F82819E69331,Haryana,0.0,0.0,0.0,6.88,93.12,0.39,,,0.0,4.0,1.52,100.0,0.0,0.0,0.0,0.0,2.62,0.23,AOT4221NK,DESKTOP-HD84CSJ,,,,False,False,False,False,False,False,True,False,False,False,False,715.0,0.0,715.0,262117376.0,262117376.0,67318526976.0,66.0,66.0,1.0,65.0,66.0,1.0,65.0,,,,,,,,,,,,,,,,,,,,,,,,,,,,,,,,,,,,,,,,,,,,,,,,,,,,,,,,,,,,,,,,,,,,,,,,,,,,,,,,,,,,,,,,,,,,,,,,,,,,,,,,,,,,66.0,1.0,65.0,0.0,715.0,715.0,66.0,1.0,65.0,,,,,,,66.0,,,,,,,,,,,,,,,,,,,,,0.0,0.0,0.0,0.0,0.0,0.0,1.52,100.0,0.0,4.0,0.0,2.62,0.23,,,False,False,False,False,False,False,False,True,False,False,False,,,,,,,,,,,,,,,,,,,,,,,,,,,,,,,,,,,,,,,,
012444903348_dsl,Gurgaon,108.0,NKOT0F01CE7E,NOKIA,F8FE5EBD1479,Haryana,,,,0.0,100.0,1.62,True,False,0.0,7.0,10.1,0.0,10.1,0.0,,0.0,0.22,0.06,AOT4221NK,LTB0208540-3,LAPTOP,Google,Chromebook,,,,False,True,False,False,False,False,,False,,,,649378456.0,649378456.0,40060881881.0,485.0,485.0,,485.0,485.0,0.0,485.0,,,,,,,,,,,,,,,,,,,,,,,,,,,,,,,,,,,,,,,,,,,,,,,,,,,,,,,,,,,,,,,,,,,,,,,,,,,,,,,,,,,,,,,,,,,,,,,,,,,,,,,,,,,,485.0,0.0,485.0,,,,485.0,,485.0,,,,,,,485.0,,,,,,,,,,,,,,,,,,,,,0.0,,0.0,,,,10.1,0.0,10.1,7.0,0.0,0.22,0.06,True,False,False,,False,,,,False,False,False,True,False,,,,,,,,,,,,,,,,,,,,,,,,,,,,,,,,,,,,,,,,
012447862103_dsl,Gurgaon,108.0,ZYOTB0900020,NOKIA,F414BF87A484,Haryana,0.0,0.0,0.0,0.0,100.0,0.25,,,0.0,,0.0,0.0,0.0,0.0,,0.0,1.74,0.03,AOT5222ZY,,,,,False,False,False,False,,False,False,False,False,,False,22.0,0.0,22.0,69481472.0,69481472.0,28334366720.0,1.0,1.0,,1.0,1.0,0.0,1.0,,,,,,,,,,,,,,,,,,,,,,,,,,,,,,,,,,,,,,,,,,,,,,,,,,,,,,,,,,,,,,,,,,,,,,,,,,,,,,,,,,,,,,,,,,,,,,,,,,,,,,,,,,,,1.0,0.0,1.0,0.0,22.0,22.0,1.0,,1.0,,,,,,,1.0,,,,,,,,,,,,,,,,,,,,,0.0,,0.0,0.0,0.0,0.0,0.0,0.0,0.0,,0.0,1.74,0.03,,,False,,False,False,False,False,False,False,False,,False,,,,,,,,,,,,,,,,,,,,,,,,,,,,,,,,,,,,,,,,
01246472327_dsl,Gurgaon,108.0,NKOTA0000592,NOKIA,,Haryana,,,,,,,,,,,,,,,,,,,AOT4221NK,,,,,,,,,,,,,,,,,,,,,,,,,,,,,01246472327_dsl,108.0,NKOTA0000592,NOKIA,0C36234FB190,AOT4221NK,4.0,0.0,4.0,0.0,,0.0,0.0,0.28,0.28,3.47,0.07,0.0,0.0,0.0,3.35,9.52,0.16,61.0,0.0,0.0,0.0,0.0,0.0,0.0,0.0,0.0,0.0,0.0,0.0,0.0,0.0,0.0,0.0,0.0,,,,0.0,0.0,100.0,25274698752.0,2.63,1.0,38.0,0.0,0.0,13.0,4.0,1.0,25.0,0.0,0.0,0.0,0.0,0.0,0.0,False,,False,False,False,False,False,True,False,False,False,False,False,False,True,False,False,False,False,False,False,False,False,False,False,,,,,False,False,False,False,False,False,False,False,False,False,94.81,0.0,False,5.19,False,True,1829.0,0.0,1829.0,0.0,40238.0,40238.0,1829.0,,1829.0,2922.0,998.0,1924.0,150.0,77.0,73.0,1829.0,154.0,77.0,77.0,154.0,77.0,77.0,,,25274698752.0,38.0,13.0,25.0,154.0,77.0,77.0,38.0,13.0,25.0,0C36234FB190,4.0,0.0,,0.0,0.28,0.0,0.28,0.0,0.0,0.0,61.0,0.0,3.47,0.07,0.0,0.0,False,,False,False,False,False,False,False,False,True,False,3.35,9.52,0.16,0.0,0.0,0.0,0.0,0.0,,,,100.0,25274698752.0,2.63,1.0,38.0,0.0,0.0,13.0,4.0,1.0,25.0,94.81,False,True,False,False,False,False,False,False,,,,,False,False,False,False,True
012447957675_dsl,Gurgaon,108.0,ZYOT5E069474,NOKIA,,Haryana,,,,,,,,,,,,,,,,,,,AOT5221ZY,,,,,,,,,,,,,,,,,,,,,,,,,,,,,012447957675_dsl,108.0,ZYOT5E069474,NOKIA,6C4F8905E11B,AOT5221ZY,8.0,4.0,8.0,0.34,2.56,0.33,0.0,2.55,0.7,9.23,2.91,10.51,7.69,10.53,91.01,90.35,91.55,73.0,0.0,0.0,0.0,0.0,0.0,0.0,0.0,0.0,0.0,0.0,0.0,0.0,0.0,0.0,0.0,0.0,,,,0.0,1.0,99.24,52264670208.0,4.17,1.0,24.0,9.09,1.0,11.0,0.0,0.0,13.0,0.0,0.0,0.0,0.0,0.0,0.0,False,False,False,False,False,False,False,False,False,False,False,True,True,True,True,False,False,False,False,False,False,False,False,False,False,,,,,False,False,False,False,False,False,False,False,False,False,62.72,65.88,True,0.0,False,True,5536.0,39.0,5497.0,0.0,49283.0,44253.0,5536.0,39.0,5497.0,3726.0,1668.0,2058.0,413.0,168.0,245.0,5536.0,405.0,168.0,237.0,413.0,168.0,245.0,,,52264670208.0,24.0,11.0,13.0,338.0,170.0,168.0,24.0,11.0,13.0,6C4F8905E11B,8.0,0.34,2.56,0.33,0.7,0.0,2.55,10.51,7.69,10.53,73.0,0.0,9.23,2.91,0.0,1.0,False,False,False,False,False,False,False,False,False,True,False,91.01,90.35,91.55,0.0,0.0,0.0,0.0,0.0,,,,99.24,52264670208.0,4.17,1.0,24.0,9.09,1.0,11.0,0.0,0.0,13.0,62.72,False,False,True,True,True,False,False,False,,,,,False,False,False,False,True
01244081160_dsl,Gurgaon,108.0,NKOT0F01CE6F,NOKIA,,Haryana,,,,,,,,,,,,,,,,,,,AOT4221NK,,,,,,,,,,,,,,,,,,,,,,,,,,,,,01244081160_dsl,108.0,NKOT0F01CE6F,NOKIA,2CC1F432FE41,AOT4221NK,6.0,3.0,5.0,0.0,0.0,0.0,0.0,0.0,0.0,1.32,0.07,0.03,0.17,0.0,4.19,12.25,0.0,138.0,0.0,0.0,0.0,0.0,0.0,0.0,0.0,0.0,0.0,0.0,0.0,0.0,0.0,0.0,0.0,0.0,,,,0.0,0.0,98.24,10140636160.0,5.26,2.0,38.0,15.38,2.0,13.0,0.0,0.0,25.0,0.0,0.0,0.0,0.0,0.0,0.0,False,False,False,False,False,False,False,True,False,False,False,False,False,False,True,False,False,False,False,False,False,False,False,False,False,,,,,False,False,False,False,False,False,False,False,False,False,67.81,31.51,False,0.0,False,True,3013.0,573.0,2440.0,0.0,53680.0,53680.0,3013.0,573.0,2440.0,2768.0,947.0,1821.0,146.0,73.0,73.0,3013.0,146.0,73.0,73.0,146.0,73.0,73.0,,,10140636160.0,38.0,13.0,25.0,146.0,73.0,73.0,38.0,13.0,25.0,2CC1F432FE41,6.0,0.0,0.0,0.0,0.0,0.0,0.0,0.03,0.17,0.0,138.0,0.0,1.32,0.07,0.0,0.0,False,False,False,False,False,False,False,False,False,True,False,4.19,12.25,0.0,0.0,0.0,0.0,0.0,0.0,,,,98.24,10140636160.0,5.26,2.0,38.0,15.38,2.0,13.0,0.0,0.0,25.0,67.81,False,True,False,False,False,False,False,False,,,,,False,False,False,False,True
01244054723_dsl,Gurgaon,108.0,NKOT0F0226EE,NOKIA,,Haryana,,,,,,,,,,,,,,,,,,,AOT4221NK,,,,,,,,,,,,,,,,,,,,,,,,,,,,,01244054723_dsl,108.0,NKOT0F0226EE,NOKIA,2CC1F46D39D1,AOT4221NK,11.0,5.0,10.0,3.64,1.99,4.14,0.0,2.14,0.0,4.32,0.36,27.08,80.58,10.94,1.64,3.4,0.74,231.0,0.0,0.0,0.0,0.0,0.0,0.0,0.0,0.0,0.0,0.0,0.0,0.0,0.0,0.0,0.0,0.0,,,,2.0,0.0,92.83,67452024995.0,2.63,1.0,38.0,7.69,1.0,13.0,0.0,0.0,25.0,0.0,0.0,0.0,0.0,0.0,0.0,False,False,False,False,False,False,False,True,False,True,False,False,False,False,True,False,False,False,False,False,False,False,False,False,False,,,,,False,False,False,False,False,False,False,False,False,False,58.53,23.53,False,0.0,False,True,9083.0,2106.0,6977.0,0.0,146517.0,10605.0,9083.0,2106.0,6977.0,6342.0,2150.0,4192.0,504.0,170.0,334.0,9083.0,504.0,170.0,334.0,503.0,170.0,333.0,,,67452024995.0,38.0,13.0,25.0,340.0,170.0,170.0,38.0,13.0,25.0,2CC1F46D39D1,11.0,3.64,1.99,4.14,0.0,0.0,2.14,27.08,80.58,10.94,231.0,0.0,4.32,0.36,2.0,0.0,False,False,False,False,False,False,False,True,False,True,False,1.64,3.4,0.74,0.0,0.0,0.0,0.0,0.0,,,,92.83,67452024995.0,2.63,1.0,38.0,7.69,1.0,13.0,0.0,0.0,25.0,58.53,False,True,False,False,False,False,False,False,,,,,False,False,False,False,True
012444903348_dsl,Gurgaon,108.0,NKOT0F01CE7E,NOKIA,,Haryana,,,,,,,,,,,,,,,,,,,AOT4221NK,,,,,,,,,,,,,,,,,,,,,,,,,,,,,012444903348_dsl,108.0,NKOT0F01CE7E,NOKIA,BC515FA88F33,AOT4221NK,15.0,7.0,12.0,1.73,13.62,0.0,3.88,0.0,0.0,3.68,0.3,19.68,64.27,13.2,1.01,2.96,0.0,228.0,0.0,0.0,0.0,0.0,0.0,0.0,0.0,0.0,0.0,0.0,0.0,0.0,0.0,0.0,0.0,0.0,,2.0,0.0,2.0,0.0,81.0,40060881881.0,0.0,0.0,38.0,0.0,0.0,13.0,0.0,0.0,25.0,0.0,0.0,0.0,0.0,0.0,0.0,False,False,False,False,False,False,False,True,False,True,False,False,False,False,True,False,False,False,False,False,False,False,False,False,False,,,True,False,False,False,False,False,False,False,False,False,False,False,60.65,1.14,False,0.0,False,True,12623.0,1601.0,11022.0,35222.0,0.0,374.0,12623.0,1601.0,11022.0,9986.0,3415.0,6571.0,874.0,262.0,612.0,12623.0,849.0,257.0,592.0,867.0,258.0,609.0,,,40060881881.0,38.0,13.0,25.0,526.0,263.0,263.0,38.0,13.0,25.0,BC515FA88F33,15.0,1.73,13.62,0.0,0.0,3.88,0.0,19.68,64.27,13.2,228.0,0.0,3.68,0.3,2.0,0.0,False,False,False,False,False,False,False,True,False,True,False,1.01,2.96,0.0,0.0,0.0,0.0,0.0,0.0,,2.0,0.0,81.0,40060881881.0,0.0,0.0,38.0,0.0,0.0,13.0,0.0,0.0,25.0,60.65,False,True,False,False,False,False,False,False,,,True,False,False,False,False,False,True
012444801137_dsl,Gurgaon,108.0,NKOTDF000165,NOKIA,,Haryana,,,,,,,,,,,,,,,,,,,AAP321NK,,,,,,,,,,,,,,,,,,,,,,,,,,,,,012444801137_dsl,108.0,NKOTDF000165,NOKIA,2CC1F4D2878F,AAP321NK,20.0,12.0,10.0,0.03,0.04,0.02,0.0,0.0,0.0,2.79,0.37,39.22,67.44,17.17,1.63,4.06,0.36,96.0,0.0,0.0,0.0,0.0,0.0,0.0,0.0,0.0,0.0,0.0,0.0,0.0,0.0,0.0,0.0,0.0,,1.0,0.0,1.0,1.0,99.01,27220841472.0,0.0,0.0,38.0,0.0,0.0,13.0,0.0,0.0,25.0,0.0,0.0,0.0,0.0,0.0,0.0,False,False,False,False,False,False,False,True,False,True,False,False,False,False,True,False,False,False,False,False,False,False,False,False,False,,,True,False,False,False,False,False,False,False,False,False,False,False,89.96,37.8,False,0.79,False,True,10379.0,4554.0,5825.0,0.0,128150.0,79112.0,10379.0,4554.0,5825.0,9649.0,3301.0,6348.0,845.0,254.0,591.0,10379.0,834.0,254.0,580.0,846.0,254.0,592.0,,,27220841472.0,38.0,13.0,25.0,508.0,254.0,254.0,38.0,13.0,25.0,2CC1F4D2878F,20.0,0.03,0.04,0.02,0.0,0.0,0.0,39.22,67.44,17.17,96.0,0.0,2.79,0.37,1.0,1.0,False,False,False,False,False,False,False,True,False,True,False,1.63,4.06,0.36,0.0,0.0,0.0,0.0,0.0,,1.0,0.0,99.01,27220841472.0,0.0,0.0,38.0,0.0,0.0,13.0,0.0,0.0,25.0,89.96,False,True,False,False,False,False,False,False,,,True,False,False,False,False,False,True
01246232448_dsl,Gurgaon,108.0,NKOT2F045EF1,NOKIA,,Haryana,,,,,,,,,,,,,,,,,,,AOT4221NK,,,,,,,,,,,,,,,,,,,,,,,,,,,,,01246232448_dsl,108.0,NKOT2F045EF1,NOKIA,6C22F7E47EB3,AOT4221NK,11.0,6.0,10.0,0.09,0.15,0.08,0.0,0.01,0.04,4.09,1.93,6.01,61.25,0.08,6.8,19.33,0.1,182.0,0.0,0.0,0.0,0.0,0.0,0.0,0.0,0.0,0.0,0.0,0.0,0.0,0.0,0.0,0.0,0.0,,2.0,0.0,0.0,0.0,78.52,67318526976.0,7.89,3.0,38.0,23.08,3.0,13.0,0.0,0.0,25.0,0.0,0.0,0.0,0.0,0.0,0.0,False,False,False,False,False,False,False,False,False,True,False,False,False,False,True,False,False,False,False,False,False,False,False,False,False,,,True,False,False,False,False,False,False,False,False,False,False,False,67.01,67.07,True,0.0,False,True,6925.0,671.0,6254.0,0.0,68794.0,14278.0,6925.0,671.0,6254.0,7745.0,2701.0,5044.0,814.0,245.0,569.0,6925.0,802.0,243.0,559.0,809.0,245.0,564.0,,,67318526976.0,38.0,13.0,25.0,491.0,246.0,245.0,38.0,13.0,25.0,6C22F7E47EB3,11.0,0.09,0.15,0.08,0.04,0.0,0.01,6.01,61.25,0.08,182.0,0.0,4.09,1.93,0.0,0.0,False,False,False,False,False,False,False,True,False,True,False,6.8,19.33,0.1,0.0,0.0,0.0,0.0,0.0,,2.0,0.0,78.52,67318526976.0,7.89,3.0,38.0,23.08,3.0,13.0,0.0,0.0,25.0,67.01,False,False,False,False,False,False,False,False,,,True,False,False,False,False,False,True
012436398608_dsl,Gurgaon,108.0,NKOTDF0001E7,NOKIA,,Haryana,,,,,,,,,,,,,,,,,,,AOT4221NK,,,,,,,,,,,,,,,,,,,,,,,,,,,,,012436398608_dsl,108.0,NKOTDF0001E7,NOKIA,5807F84FA491,AOT4221NK,11.0,7.0,10.0,0.01,0.04,0.0,0.0,0.0,0.0,13.95,7.33,6.01,23.69,2.18,0.76,1.77,0.24,55.0,0.0,0.0,0.0,0.0,0.0,0.0,0.0,0.0,0.0,0.0,0.0,0.0,0.0,0.0,0.0,0.0,,,,3.0,0.0,76.48,79871681536.0,0.0,0.0,38.0,0.0,0.0,13.0,0.0,0.0,25.0,0.0,0.0,0.0,0.0,0.0,0.0,False,False,False,False,False,False,False,False,False,False,False,False,False,False,True,False,False,False,False,False,False,False,False,False,False,,,,,False,False,False,False,False,False,False,False,False,False,51.6,4.81,False,0.0,False,True,13051.0,2326.0,10725.0,0.0,235950.0,74228.0,13051.0,2326.0,10725.0,7101.0,2428.0,4673.0,558.0,186.0,372.0,13051.0,552.0,186.0,366.0,558.0,186.0,372.0,,,79871681536.0,38.0,13.0,25.0,374.0,187.0,187.0,38.0,13.0,25.0,5807F84FA491,11.0,0.01,0.04,0.0,0.0,0.0,0.0,6.01,23.69,2.18,55.0,0.0,13.95,7.33,3.0,0.0,False,False,False,False,False,False,False,False,False,True,False,0.76,1.77,0.24,0.0,0.0,0.0,0.0,0.0,,,,76.48,79871681536.0,0.0,0.0,38.0,0.0,0.0,13.0,0.0,0.0,25.0,51.6,False,False,False,False,False,False,False,False,,,,,False,False,False,False,True
012445159575_dsl,Gurgaon,108.0,ZYOTFD000042,NOKIA,,Haryana,,,,,,,,,,,,,,,,,,,AOT5221ZY,,,,,,,,,,,,,,,,,,,,,,,,,,,,,012445159575_dsl,108.0,ZYOTFD000042,NOKIA,F80DA96AE5C8,AOT5221ZY,7.0,0.0,7.0,32.9,,32.9,0.0,55.42,55.42,8.37,0.3,7.16,0.0,7.16,89.18,91.53,87.03,20.0,0.0,0.0,0.0,0.0,0.0,0.0,0.0,0.0,0.0,0.0,0.0,0.0,0.0,0.0,0.0,0.0,,,,0.0,0.0,100.0,66794147840.0,0.0,0.0,23.0,0.0,0.0,11.0,0.0,0.0,12.0,0.0,0.0,0.0,0.0,0.0,0.0,False,,False,False,False,False,False,True,False,False,False,True,True,True,True,False,False,False,False,False,False,False,False,False,False,,,,,False,False,False,False,False,False,False,False,False,False,79.5,1.14,False,2.74,False,True,5180.0,0.0,5180.0,0.0,55312.0,55312.0,5180.0,,5180.0,2024.0,968.0,1056.0,176.0,88.0,88.0,5180.0,155.0,88.0,67.0,176.0,88.0,88.0,,,66794147840.0,23.0,11.0,12.0,161.0,88.0,73.0,23.0,11.0,12.0,F80DA96AE5C8,7.0,32.9,,32.9,55.42,0.0,55.42,7.16,0.0,7.16,20.0,0.0,8.37,0.3,0.0,0.0,False,,False,False,False,False,False,False,False,True,False,89.18,91.53,87.03,0.0,0.0,0.0,0.0,0.0,,,,100.0,66794147840.0,0.0,0.0,23.0,0.0,0.0,11.0,0.0,0.0,12.0,79.5,False,True,True,True,True,False,False,False,,,,,False,False,False,False,True
012445118300_dsl,Gurgaon,108.0,NKOT0F01D2BA,NOKIA,,Haryana,,,,,,,,,,,,,,,,,,,AOT4221NK,,,,,,,,,,,,,,,,,,,,,,,,,,,,,012445118300_dsl,108.0,NKOT0F01D2BA,NOKIA,2CC1F43342F1,AOT4221NK,8.0,1.0,7.0,0.0,0.0,0.0,0.0,0.0,0.0,8.91,3.27,24.26,97.8,17.57,7.92,22.33,0.4,61.0,0.0,0.0,0.0,0.0,0.0,0.0,0.0,0.0,0.0,0.0,0.0,0.0,0.0,0.0,0.0,0.0,,,,0.0,0.0,94.53,9385959424.0,7.89,3.0,38.0,23.08,3.0,13.0,0.0,0.0,25.0,0.0,0.0,0.0,0.0,0.0,0.0,False,False,False,False,False,False,False,False,False,True,False,False,False,False,True,False,False,False,False,False,False,False,False,False,False,,,,,False,False,False,False,False,False,False,False,False,False,75.0,92.5,True,0.0,False,True,4918.0,410.0,4508.0,0.0,99176.0,99176.0,4918.0,410.0,4508.0,3031.0,1039.0,1992.0,162.0,81.0,81.0,4918.0,162.0,81.0,81.0,162.0,81.0,81.0,,,9385959424.0,38.0,13.0,25.0,160.0,80.0,80.0,38.0,13.0,25.0,2CC1F43342F1,8.0,0.0,0.0,0.0,0.0,0.0,0.0,24.26,97.8,17.57,61.0,0.0,8.91,3.27,0.0,0.0,False,False,False,False,False,False,False,True,False,True,False,7.92,22.33,0.4,0.0,0.0,0.0,0.0,0.0,,,,94.53,9385959424.0,7.89,3.0,38.0,23.08,3.0,13.0,0.0,0.0,25.0,75.0,False,False,False,False,False,False,False,False,,,,,False,False,False,False,True
012447862103_dsl,Gurgaon,108.0,ZYOTB0900020,NOKIA,,Haryana,,,,,,,,,,,,,,,,,,,AOT5222ZY,,,,,,,,,,,,,,,,,,,,,,,,,,,,,012447862103_dsl,108.0,ZYOTB0900020,NOKIA,C02E5FAD7669,AOT5222ZY,8.0,5.0,8.0,0.91,2.16,0.84,0.0,0.84,0.84,6.1,0.37,0.22,0.0,0.24,78.79,90.95,68.12,,0.0,0.0,0.0,0.0,0.0,0.0,0.0,0.0,0.0,0.0,0.0,0.0,0.0,0.0,0.0,0.0,,,,,,99.93,28334366720.0,0.0,0.0,23.0,0.0,0.0,11.0,0.0,0.0,12.0,0.0,0.0,0.0,0.0,0.0,0.0,False,False,False,False,False,False,False,True,False,False,False,True,True,True,,False,False,False,False,False,False,False,False,False,False,,,,,,,False,False,False,False,False,False,False,False,63.37,2.33,False,1.16,False,True,4052.0,231.0,3821.0,0.0,83468.0,83468.0,4052.0,231.0,3821.0,1938.0,906.0,1032.0,172.0,86.0,86.0,4052.0,120.0,78.0,42.0,172.0,86.0,86.0,,,28334366720.0,23.0,11.0,12.0,172.0,86.0,86.0,23.0,11.0,12.0,C02E5FAD7669,8.0,0.91,2.16,0.84,0.84,0.0,0.84,0.22,0.0,0.24,,0.0,6.1,0.37,,,False,False,False,False,False,False,False,False,False,,False,78.79,90.95,68.12,0.0,0.0,0.0,0.0,0.0,,,,99.93,28334366720.0,0.0,0.0,23.0,0.0,0.0,11.0,0.0,0.0,12.0,63.37,False,True,True,True,True,False,False,False,,,,,,,False,False,True
012421019184_wifi,Gurgaon,108.0,ZYOTB0900058,NOKIA,,Haryana,,,,,,,,,,,,,,,,,,,AOT5222ZY,,,,,,,,,,,,,,,,,,,,,,,,,,,,,012421019184_wifi,108.0,ZYOTB0900058,NOKIA,C02E5FAD7799,AOT5222ZY,2.0,0.0,2.0,0.0,,0.0,0.0,0.0,0.0,6.88,0.3,0.0,0.0,0.0,92.52,93.34,91.76,23.0,0.0,0.0,0.0,0.0,0.0,0.0,0.0,0.0,0.0,0.0,0.0,0.0,0.0,0.0,0.0,0.0,,,,,,100.0,43024384.0,0.0,0.0,23.0,0.0,0.0,11.0,0.0,0.0,12.0,0.0,0.0,0.0,0.0,0.0,0.0,False,,False,False,False,False,False,True,False,False,False,True,True,True,True,False,False,False,False,False,False,False,False,False,False,,,,,,,False,False,False,False,False,False,False,False,56.4,0.0,False,0.0,False,True,11.0,0.0,11.0,0.0,242.0,242.0,11.0,,11.0,1978.0,946.0,1032.0,172.0,86.0,86.0,11.0,171.0,86.0,85.0,172.0,86.0,86.0,,,43024384.0,23.0,11.0,12.0,172.0,86.0,86.0,23.0,11.0,12.0,C02E5FAD7799,2.0,0.0,,0.0,0.0,0.0,0.0,0.0,0.0,0.0,23.0,0.0,6.88,0.3,,,False,,False,False,False,False,False,False,False,True,False,92.52,93.34,91.76,0.0,0.0,0.0,0.0,0.0,,,,100.0,43024384.0,0.0,0.0,23.0,0.0,0.0,11.0,0.0,0.0,12.0,56.4,False,True,True,True,True,False,False,False,,,,,,,False,False,True
080101842220_kk,Bangalore,105.0,ZYOTEF108503,NOKIA,1A22052D73A0,Karnataka,3.82,0.0,3.82,70.5,29.5,1.03,,,0.0,,99.22,100.0,99.0,3.13,0.0,4.0,1.7,0.04,MTK 0000,,,,,False,False,False,False,,True,True,True,False,False,False,2200.0,0.0,2200.0,308585472.0,308585472.0,29973027840.0,128.0,128.0,28.0,100.0,128.0,28.0,100.0,,,,,,,,,,,,,,,,,,,,,,,,,,,,,,,,,,,,,,,,,,,,,,,,,,,,,,,,,,,,,,,,,,,,,,,,,,,,,,,,,,,,,,,,,,,,,,,,,,,,,,,,,,,,128.0,28.0,100.0,0.0,2200.0,2200.0,128.0,28.0,100.0,,,,,,,128.0,,,,,,,,,,,,,,,,,,,,,3.13,0.0,4.0,3.82,0.0,3.82,99.22,100.0,99.0,,0.0,1.7,0.04,,,False,False,False,False,False,False,True,True,True,,False,,,,,,,,,,,,,,,,,,,,,,,,,,,,,,,,,,,,,,,,
080101842220_kk,Bangalore,105.0,ZYOTEF108503,NOKIA,56B9786E39E1,Karnataka,2.57,0.0,2.57,20.79,79.21,11.58,,,0.0,,70.84,93.52,61.97,1.94,0.0,2.69,0.61,0.03,MTK 0000,,,,,False,False,False,False,,True,True,True,False,False,False,13882.0,0.0,13882.0,3470241792.0,3470241792.0,29973027840.0,878.0,878.0,247.0,631.0,878.0,247.0,631.0,,,,,,,,,,,,,,,,,,,,,,,,,,,,,,,,,,,,,,,,,,,,,,,,,,,,,,,,,,,,,,,,,,,,,,,,,,,,,,,,,,,,,,,,,,,,,,,,,,,,,,,,,,,,878.0,247.0,631.0,0.0,13882.0,13882.0,878.0,247.0,631.0,,,,,,,878.0,,,,,,,,,,,,,,,,,,,,,1.94,0.0,2.69,2.57,0.0,2.57,70.84,93.52,61.97,,0.0,0.61,0.03,,,False,False,False,False,False,False,True,True,True,,False,,,,,,,,,,,,,,,,,,,,,,,,,,,,,,,,,,,,,,,,
08021305959_wifi,Bangalore,105.0,ZYOTAF220521,NOKIA,20BD1D920B30,Karnataka,0.0,0.0,0.0,0.0,100.0,0.0,,,0.0,1.0,100.0,0.0,100.0,0.0,,0.0,0.21,0.06,AAP4221ZY,SiddharthB,,,,False,False,False,False,False,True,False,True,False,,False,64.0,0.0,64.0,4423680.0,4423680.0,147586316288.0,64.0,64.0,,64.0,64.0,0.0,64.0,,,,,,,,,,,,,,,,,,,,,,,,,,,,,,,,,,,,,,,,,,,,,,,,,,,,,,,,,,,,,,,,,,,,,,,,,,,,,,,,,,,,,,,,,,,,,,,,,,,,,,,,,,,,64.0,0.0,64.0,0.0,64.0,64.0,64.0,,64.0,,,,,,,64.0,,,,,,,,,,,,,,,,,,,,,0.0,,0.0,0.0,0.0,0.0,100.0,0.0,100.0,1.0,0.0,0.21,0.06,,,False,,False,False,False,False,True,False,True,False,False,,,,,,,,,,,,,,,,,,,,,,,,,,,,,,,,,,,,,,,,
08024828161_wifi,Bangalore,105.0,ZYOTFF046132,NOKIA,2818FDAEBD35,Karnataka,,,,100.0,0.0,100.0,,,0.0,,77.74,77.74,0.0,0.0,0.0,,0.0,0.0,AOT5221ZY,,,,,,,,False,,True,True,False,False,False,,,,,224256.0,224256.0,224256.0,292.0,292.0,292.0,,292.0,292.0,0.0,,,,,,,,,,,,,,,,,,,,,,,,,,,,,,,,,,,,,,,,,,,,,,,,,,,,,,,,,,,,,,,,,,,,,,,,,,,,,,,,,,,,,,,,,,,,,,,,,,,,,,,,,,,,292.0,292.0,0.0,,,,292.0,292.0,,,,,,,,292.0,,,,,,,,,,,,,,,,,,,,,0.0,0.0,,,,,77.74,77.74,0.0,,0.0,0.0,0.0,,,False,False,,,,,True,True,False,,False,,,,,,,,,,,,,,,,,,,,,,,,,,,,,,,,,,,,,,,,
08021305959_wifi,Bangalore,105.0,ZYOTAF220521,NOKIA,3AB3E810E58B,Karnataka,2.19,0.0,2.39,0.04,99.96,9.08,True,False,0.0,3.0,35.53,100.0,35.23,2.38,0.0,2.39,3.04,0.21,AAP4221ZY,Veena-s-S20-FE,PHONE,Samsung,Galaxy S20 FE,False,False,False,False,False,False,True,False,False,False,False,961.0,84.0,877.0,13400665088.0,13400665088.0,147586316288.0,881.0,881.0,4.0,877.0,881.0,4.0,877.0,,,,,,,,,,,,,,,,,,,,,,,,,,,,,,,,,,,,,,,,,,,,,,,,,,,,,,,,,,,,,,,,,,,,,,,,,,,,,,,,,,,,,,,,,,,,,,,,,,,,,,,,,,,,881.0,4.0,877.0,84.0,877.0,961.0,881.0,4.0,877.0,,,,,,,881.0,,,,,,,,,,,,,,,,,,,,,2.38,0.0,2.39,2.19,0.0,2.39,35.53,100.0,35.23,3.0,0.0,3.04,0.21,True,False,False,False,False,False,False,False,False,True,False,False,False,,,,,,,,,,,,,,,,,,,,,,,,,,,,,,,,,,,,,,,,
080101842220_kk,Bangalore,105.0,ZYOTEF108503,NOKIA,520CCB97F3AB,Karnataka,0.0,0.0,0.0,0.0,100.0,18.48,,,0.0,,100.0,0.0,100.0,0.0,,0.0,1.18,0.02,MTK 0000,,,,,False,False,False,False,,True,False,True,False,,False,35486.0,0.0,35486.0,5537967104.0,5537967104.0,29973027840.0,1613.0,1613.0,,1613.0,1613.0,0.0,1613.0,,,,,,,,,,,,,,,,,,,,,,,,,,,,,,,,,,,,,,,,,,,,,,,,,,,,,,,,,,,,,,,,,,,,,,,,,,,,,,,,,,,,,,,,,,,,,,,,,,,,,,,,,,,,1613.0,0.0,1613.0,0.0,35486.0,35486.0,1613.0,,1613.0,,,,,,,1613.0,,,,,,,,,,,,,,,,,,,,,0.0,,0.0,0.0,0.0,0.0,100.0,0.0,100.0,,0.0,1.18,0.02,,,False,,False,False,False,False,True,False,True,,False,,,,,,,,,,,,,,,,,,,,,,,,,,,,,,,,,,,,,,,,
080101842220_kk,Bangalore,105.0,ZYOTEF108503,NOKIA,78B39F17368C,Karnataka,0.0,0.0,0.0,0.0,100.0,37.39,,,0.0,,100.0,0.0,100.0,0.0,,0.0,2.19,0.03,MTK 0000,,,,,False,False,False,False,,True,False,True,False,,False,5808.0,0.0,5808.0,11206135808.0,11206135808.0,29973027840.0,264.0,264.0,,264.0,264.0,0.0,264.0,,,,,,,,,,,,,,,,,,,,,,,,,,,,,,,,,,,,,,,,,,,,,,,,,,,,,,,,,,,,,,,,,,,,,,,,,,,,,,,,,,,,,,,,,,,,,,,,,,,,,,,,,,,,264.0,0.0,264.0,0.0,5808.0,5808.0,264.0,,264.0,,,,,,,264.0,,,,,,,,,,,,,,,,,,,,,0.0,,0.0,0.0,0.0,0.0,100.0,0.0,100.0,,0.0,2.19,0.03,,,False,,False,False,False,False,True,False,True,,False,,,,,,,,,,,,,,,,,,,,,,,,,,,,,,,,,,,,,,,,
080101842220_kk,Bangalore,105.0,ZYOTEF108503,NOKIA,763209D28788,Karnataka,0.0,0.0,0.0,0.0,100.0,0.17,,,0.0,,0.0,0.0,0.0,0.0,,0.0,0.03,0.01,MTK 0000,,,,,False,False,False,False,,False,False,False,False,,False,20812.0,0.0,20812.0,49685504.0,49685504.0,29973027840.0,946.0,946.0,,946.0,946.0,0.0,946.0,,,,,,,,,,,,,,,,,,,,,,,,,,,,,,,,,,,,,,,,,,,,,,,,,,,,,,,,,,,,,,,,,,,,,,,,,,,,,,,,,,,,,,,,,,,,,,,,,,,,,,,,,,,,946.0,0.0,946.0,0.0,20812.0,20812.0,946.0,,946.0,,,,,,,946.0,,,,,,,,,,,,,,,,,,,,,0.0,,0.0,0.0,0.0,0.0,0.0,0.0,0.0,,0.0,0.03,0.01,,,False,,False,False,False,False,False,False,False,,False,,,,,,,,,,,,,,,,,,,,,,,,,,,,,,,,,,,,,,,,
08021305959_wifi,Bangalore,105.0,ZYOTAF220521,NOKIA,06893E102DBF,Karnataka,0.51,0.21,7.92,0.12,99.88,39.8,False,False,0.0,40.0,61.68,44.14,82.43,3.74,0.21,7.92,23.16,0.55,AAP4221ZY,,,,,False,False,False,False,True,True,False,True,False,False,False,10442.0,10038.0,404.0,58734408704.0,58734408704.0,147586316288.0,882.0,882.0,478.0,404.0,882.0,478.0,404.0,,,,,,,,,,,,,,,,,,,,,,,,,,,,,,,,,,,,,,,,,,,,,,,,,,,,,,,,,,,,,,,,,,,,,,,,,,,,,,,,,,,,,,,,,,,,,,,,,,,,,,,,,,,,882.0,478.0,404.0,10038.0,404.0,10442.0,882.0,478.0,404.0,,,,,,,882.0,,,,,,,,,,,,,,,,,,,,,3.74,0.21,7.92,0.51,0.21,7.92,61.68,44.14,82.43,40.0,0.0,23.16,0.55,False,False,False,False,False,False,False,False,True,False,True,True,False,,,,,,,,,,,,,,,,,,,,,,,,,,,,,,,,,,,,,,,,
08021305959_wifi,Bangalore,105.0,ZYOTAF220521,NOKIA,BADC35923F54,Karnataka,0.0,0.0,0.0,0.06,99.94,3.65,,,0.0,1.0,71.81,100.0,36.18,0.0,0.0,0.0,1.33,0.04,AAP4221ZY,,,,,False,False,False,False,False,True,True,False,False,False,False,10961.0,10563.0,398.0,5388526592.0,5388526592.0,147586316288.0,901.0,901.0,503.0,398.0,901.0,503.0,398.0,,,,,,,,,,,,,,,,,,,,,,,,,,,,,,,,,,,,,,,,,,,,,,,,,,,,,,,,,,,,,,,,,,,,,,,,,,,,,,,,,,,,,,,,,,,,,,,,,,,,,,,,,,,,901.0,503.0,398.0,10563.0,398.0,10961.0,901.0,503.0,398.0,,,,,,,901.0,,,,,,,,,,,,,,,,,,,,,0.0,0.0,0.0,0.0,0.0,0.0,71.81,100.0,36.18,1.0,0.0,1.33,0.04,,,False,False,False,False,False,False,True,True,False,False,False,,,,,,,,,,,,,,,,,,,,,,,,,,,,,,,,,,,,,,,,
08021305959_wifi,Bangalore,105.0,ZYOTAF220521,NOKIA,1CD6BEAA4661,Karnataka,0.0,0.0,0.0,0.0,100.0,47.29,,,0.0,1.0,71.63,0.0,71.63,0.0,,0.0,132.57,30.13,AAP4221ZY,Unknown_1c:d6:be:aa:46:61,,,,False,False,False,False,False,True,False,True,False,,False,1297.0,0.0,1297.0,69794689024.0,69794689024.0,147586316288.0,1297.0,1297.0,,1297.0,1297.0,0.0,1297.0,,,,,,,,,,,,,,,,,,,,,,,,,,,,,,,,,,,,,,,,,,,,,,,,,,,,,,,,,,,,,,,,,,,,,,,,,,,,,,,,,,,,,,,,,,,,,,,,,,,,,,,,,,,,1297.0,0.0,1297.0,0.0,1297.0,1297.0,1297.0,,1297.0,,,,,,,1297.0,,,,,,,,,,,,,,,,,,,,,0.0,,0.0,0.0,0.0,0.0,71.63,0.0,71.63,1.0,0.0,132.57,30.13,,,False,,False,False,False,False,True,False,True,False,False,,,,,,,,,,,,,,,,,,,,,,,,,,,,,,,,,,,,,,,,
080101842220_kk,Bangalore,105.0,ZYOTEF108503,NOKIA,F4289DA74175,Karnataka,0.0,0.0,0.0,0.0,100.0,31.36,,,0.0,,100.0,100.0,100.0,0.0,0.0,0.0,2.41,0.1,MTK 0000,,,,,False,False,False,False,,True,True,True,False,False,False,11814.0,0.0,11814.0,9400412160.0,9400412160.0,29973027840.0,538.0,538.0,1.0,537.0,538.0,1.0,537.0,,,,,,,,,,,,,,,,,,,,,,,,,,,,,,,,,,,,,,,,,,,,,,,,,,,,,,,,,,,,,,,,,,,,,,,,,,,,,,,,,,,,,,,,,,,,,,,,,,,,,,,,,,,,538.0,1.0,537.0,0.0,11814.0,11814.0,538.0,1.0,537.0,,,,,,,538.0,,,,,,,,,,,,,,,,,,,,,0.0,0.0,0.0,0.0,0.0,0.0,100.0,100.0,100.0,,0.0,2.41,0.1,,,False,False,False,False,False,False,True,True,True,,False,,,,,,,,,,,,,,,,,,,,,,,,,,,,,,,,,,,,,,,,
08021305959_wifi,Bangalore,105.0,ZYOTAF220521,NOKIA,4CD08A27B074,Karnataka,0.0,0.0,0.0,100.0,0.0,0.18,,,0.0,,100.0,100.0,0.0,0.0,0.0,,0.02,0.45,AAP4221ZY,,,,,False,False,False,False,,True,True,False,False,False,,27237.0,27237.0,0.0,263603200.0,263603200.0,147586316288.0,1297.0,1297.0,1297.0,,1297.0,1297.0,0.0,,,,,,,,,,,,,,,,,,,,,,,,,,,,,,,,,,,,,,,,,,,,,,,,,,,,,,,,,,,,,,,,,,,,,,,,,,,,,,,,,,,,,,,,,,,,,,,,,,,,,,,,,,,,1297.0,1297.0,0.0,27237.0,0.0,27237.0,1297.0,1297.0,,,,,,,,1297.0,,,,,,,,,,,,,,,,,,,,,0.0,0.0,,0.0,0.0,0.0,100.0,100.0,0.0,,0.0,0.02,0.45,,,False,False,,False,False,False,True,True,False,,False,,,,,,,,,,,,,,,,,,,,,,,,,,,,,,,,,,,,,,,,
08024828161_wifi,Bangalore,105.0,ZYOTFF046132,NOKIA,,Karnataka,,,,,,,,,,,,,,,,,,,AOT5221ZY,,,,,,,,,,,,,,,,,,,,,,,,,,,,,08024828161_wifi,105.0,ZYOTFF046132,NOKIA,,AOT5221ZY,1.0,1.0,0.0,0.0,0.0,,,,,0.0,0.0,77.74,77.74,0.0,72.31,90.91,55.27,,0.0,0.0,0.0,0.0,0.0,0.0,0.0,0.0,0.0,0.0,0.0,0.0,0.0,0.0,0.0,0.0,,,,,,0.0,224256.0,0.0,0.0,23.0,0.0,0.0,11.0,0.0,0.0,12.0,0.0,0.0,0.0,0.0,0.0,0.0,False,False,,,,,True,True,True,True,False,True,True,True,,False,False,False,False,False,False,False,False,False,False,,,,,,,True,False,False,False,False,False,False,False,47.7,0.0,False,0.0,False,False,292.0,292.0,0.0,,,,292.0,292.0,,2001.0,957.0,1044.0,174.0,87.0,87.0,292.0,174.0,87.0,87.0,174.0,87.0,87.0,,,224256.0,23.0,11.0,12.0,174.0,87.0,87.0,23.0,11.0,12.0,,1.0,0.0,0.0,,,,,77.74,77.74,0.0,,0.0,0.0,0.0,,,False,False,,,,,True,True,False,,False,72.31,90.91,55.27,0.0,0.0,0.0,0.0,0.0,,,,0.0,224256.0,0.0,0.0,23.0,0.0,0.0,11.0,0.0,0.0,12.0,47.7,True,True,True,True,True,False,False,False,,,,,,,False,False,False
080101842220_kk,Bangalore,105.0,ZYOTEF108503,NOKIA,,Karnataka,,,,,,,,,,,,,,,,,,,AOT5221ZY,,,,,,,,,,,,,,,,,,,,,,,,,,,,,080101842220_kk,105.0,ZYOTEF108503,NOKIA,6C4F89B50E99,AOT5221ZY,6.0,3.0,6.0,0.48,0.0,0.51,0.0,0.49,0.0,2.41,0.1,72.45,94.2,70.99,89.4,90.68,88.38,,0.0,0.0,0.0,0.0,0.0,0.0,0.0,0.0,0.0,0.0,0.0,0.0,0.0,0.0,0.0,0.0,,,,,,96.87,29973027840.0,0.0,0.0,24.0,0.0,0.0,11.0,0.0,0.0,13.0,0.0,0.0,0.0,0.0,0.0,0.0,False,False,False,False,False,False,False,True,True,True,True,True,True,True,,False,False,False,False,False,False,False,False,False,False,,,,,,,False,False,False,False,False,False,False,False,72.63,11.17,False,1.12,False,True,4367.0,276.0,4091.0,0.0,90002.0,20834.0,4367.0,276.0,4091.0,4028.0,1791.0,2237.0,445.0,178.0,267.0,4367.0,445.0,178.0,267.0,445.0,178.0,267.0,,,29973027840.0,24.0,11.0,13.0,358.0,179.0,179.0,24.0,11.0,13.0,6C4F89B50E99,6.0,0.48,0.0,0.51,0.0,0.0,0.49,72.45,94.2,70.99,,0.0,2.41,0.1,,,False,False,False,False,False,False,True,True,True,,False,89.4,90.68,88.38,0.0,0.0,0.0,0.0,0.0,,,,96.87,29973027840.0,0.0,0.0,24.0,0.0,0.0,11.0,0.0,0.0,13.0,72.63,False,True,True,True,True,False,False,False,,,,,,,False,False,True
08021305959_wifi,Bangalore,105.0,ZYOTAF220521,NOKIA,,Karnataka,,,,,,,,,,,,,,,,,,,AOT5221ZY,,,,,,,,,,,,,,,,,,,,,,,,,,,,,08021305959_wifi,105.0,ZYOTAF220521,NOKIA,4463C20DB148,AOT5221ZY,6.0,4.0,5.0,1.01,0.04,1.74,0.04,1.74,0.0,132.57,30.13,71.29,88.3,58.52,28.9,40.04,20.99,46.0,0.0,0.0,0.0,0.0,0.0,0.0,0.0,0.0,0.0,0.0,0.0,0.0,0.0,0.0,0.0,0.0,,,,1.0,0.0,99.77,147586316288.0,0.0,0.0,24.0,0.0,0.0,11.0,0.0,0.0,13.0,0.0,0.0,0.0,0.0,0.0,0.0,False,False,False,False,False,False,False,False,True,True,False,False,False,False,True,False,False,False,False,False,False,False,False,False,False,,,,,False,False,False,False,False,False,False,False,False,False,58.53,0.78,False,0.0,False,True,5322.0,2282.0,3040.0,47922.0,3040.0,166.0,5322.0,2282.0,3040.0,5589.0,2320.0,3269.0,688.0,258.0,430.0,5322.0,652.0,256.0,396.0,689.0,258.0,431.0,,,147586316288.0,24.0,11.0,13.0,516.0,258.0,258.0,24.0,11.0,13.0,4463C20DB148,6.0,1.01,0.04,1.74,0.0,0.04,1.74,71.29,88.3,58.52,46.0,0.0,132.57,30.13,1.0,0.0,False,False,False,False,False,False,True,True,False,True,False,28.9,40.04,20.99,0.0,0.0,0.0,0.0,0.0,,,,99.77,147586316288.0,0.0,0.0,24.0,0.0,0.0,11.0,0.0,0.0,13.0,58.53,False,False,False,False,False,False,False,False,,,,,False,False,False,False,True
