ap,city,circle_code_no,ont_serial_no,vendor_name,station_mac,circle,client_with_poor_snr_sample,client_with_poor_snr_sample_2,client_with_poor_snr_sample_5,tot_2g,tot_5g,tot_overall,client_with_high_no_of_sticky_client_2_with_good_coverage,client_with_high_no_of_sticky_client_5_with_poor_coverage,client_with_high_tx_packet_error,client_with_high_client_disconnection,client_with_poor_link_speed_mcs_rate,client_with_poor_link_speed_mcs_rate_2,client_with_poor_link_speed_mcs_rate_5,client_with_poor_coverage,client_with_poor_coverage_2,client_with_poor_coverage_5,client_with_poor_dl_throughput_less_than_threshold,client_with_poor_ul_throughput_less_than_threshold,ap_manufacturer,host_name,type,manufacturer,model,client_with_poor_snr_sample_breach,client_with_poor_snr_sample_2_breach,client_with_poor_snr_sample_5_breach,client_with_high_tx_packet_error_breach,client_with_high_client_disconnection_breach,client_with_poor_link_speed_mcs_rate_breach,client_with_poor_link_speed_mcs_rate_2_breach,client_with_poor_link_speed_mcs_rate_5_breach,client_with_poor_coverage_breach,client_with_poor_coverage_2_breach,client_with_poor_coverage_5_breach,count_of_total_samples_for_client_with_poor_snr_sample,count_of_total_samples_for_client_with_poor_snr_sample_2,count_of_total_samples_for_client_with_poor_snr_sample_5,count_of_total_samples_for_ap_tot_2g,count_of_total_samples_for_ap_tot_5g,count_of_total_samples_for_ap_tot_overall,count_of_total_samples_for_client_with_high_tx_packet_error,count_of_total_samples_for_client_with_poor_link_speed_mcs_rate,count_of_total_samples_for_client_with_poor_link_speed_mcs_rate_2,count_of_total_samples_for_client_with_poor_link_speed_mcs_rate_5,count_of_total_samples_for_client_with_poor_coverage,count_of_total_samples_for_client_with_poor_coverage_2,count_of_total_samples_for_client_with_poor_coverage_5,ap name,circle code,ont serial number,vendor,mac address,ap manufacturer,connected clients,connected clients (2.4 ghz),connected clients (5 ghz),poor coverage (overall),poor coverage (2.4 ghz),poor coverage (5 ghz),poor snr (2.4 ghz),poor snr (5 ghz),poor snr (overall),low download throughput (overall),low upload throughput (overall),low link speed (overall),low link speed (2.4 ghz),low link speed (5 ghz),high interference (overall),high interference (2.4 ghz),high interference (5 ghz),high client disconnections (overall),high retry rate (overall),high retry rate (2.4 ghz),high retry rate (5 ghz),high tx packet errors (overall),tx packet error (%) (overall),tx packet error (%) (2.4 ghz),tx packet error (%) (5 ghz),high tx packet errors flag (overall),high tx packet errors flag (2.4 ghz),high tx packet errors flag (5 ghz),high rx packet errors (overall),high rx packet errors (2.4 ghz),high rx packet errors (5 ghz),high rx packet errors flag (overall),high rx packet errors flag (2.4 ghz),high rx packet errors flag (5 ghz),downtime (%) (overall),high cpu utilization (overall),memory errors (overall),sticky clients (2.4 ghz - good coverage),sticky clients (5 ghz - poor coverage),poor tot on (5 ghz),zero usage aps (overall),channel utilization (%) (overall),high channel utilization count (overall),total channels (all bands),high channel utilization (2.4 ghz) (%),high channel utilization count (2.4 ghz),total channels (2.4 ghz),high channel congestion (5 ghz) (%),high channel congestion count (5 ghz),total channels (5 ghz),own channel usage ratio (%) (overall),own channel usage ratio count (overall),own channel usage ratio (%) (2.4 ghz),own channel usage ratio count (2.4 ghz),own channel usage ratio (%) (5 ghz),own channel usage ratio count (5 ghz),poor coverage breach (overall),poor coverage breach (2.4 ghz),poor coverage breach (5 ghz),poor snr breach (2.4 ghz),poor snr breach (5 ghz),poor snr breach (overall),low download throughput breach (overall),low upload throughput breach (overall),low link speed breach (overall),low link speed breach (2.4 ghz),low link speed breach (5 ghz),high interference breach (overall),high interference breach (2.4 ghz),high interference breach (5 ghz),high client disconnections breach (overall),high retry rate breach (overall),high retry rate breach (2.4 ghz),high retry rate breach (5 ghz),high tx packet errors breach (overall),tx packet error (%) breach (overall),tx packet error (%) breach (2.4 ghz),tx packet error (%) breach (5 ghz),high rx packet errors breach (overall),high rx packet errors breach (2.4 ghz),high rx packet errors breach (5 ghz),ap downtime (%) breach (overall),internet down incidents breach (overall),high cpu utilization breach (overall),memory errors breach (overall),sticky clients breach (2.4 ghz - good coverage),sticky clients breach (5 ghz - poor coverage),poor tot breach (5 ghz),zero usage aps breach (overall),high channel utilization breach (overall),high channel utilization breach (2.4 ghz),high channel congestion breach (5 ghz),own channel usage ratio breach (overall),own channel usage ratio breach (2.4 ghz),own channel usage ratio breach (5 ghz),obss (overall),obss (2.4 ghz),obss breach (2.4 ghz),obss (5 ghz),obss breach (5 ghz),obss breach (overall),count_of_total_samples_for_ap_with_poor_coverage,count_of_total_samples_for_ap_with_poor_coverage_2,count_of_total_samples_for_ap_with_poor_coverage_5,count_of_total_samples_for_ap_with_poor_snr_sample_2,count_of_total_samples_for_ap_with_poor_snr_sample_5,count_of_total_samples_for_ap_with_poor_snr_sample,count_of_total_samples_for_ap_with_poor_link_speed_mcs_rate,count_of_total_samples_for_ap_with_poor_link_speed_mcs_rate_2,count_of_total_samples_for_ap_with_poor_link_speed_mcs_rate_5,count_of_total_samples_for_ap_with_high_interference,count_of_total_samples_for_ap_with_high_interference_2,count_of_total_samples_for_ap_with_high_interference_5,count_of_total_samples_for_ap_with_high_retry_rate,high retry rate sample count (2.4 ghz),high retry rate sample count (5 ghz),count_of_total_samples_for_ap_with_high_tx_packet_error,count_of_total_samples_for_ap_with_high_tx_packet_error_percent,tx packet error (%) sample count (2.4 ghz),tx packet error (%) sample count (5 ghz),count_of_total_samples_for_ap_with_high_rx_packet_error,high rx packet errors sample count (2.4 ghz),high rx packet errors sample count (5 ghz),count_of_total_samples_for_ap_downtime_per,count_of_total_samples_for_ap_with_high_internet_down_incident,count_of_total_samples_for_ap_with_poor_tot_on_5g,count_of_total_samples_for_ap_with_high_channel_utilisation,count_of_total_samples_for_ap_with_high_channel_utilisation_2,count_of_total_samples_for_ap_with_high_channel_congestion_5,count_of_total_samples_for_channelobss,count_of_total_samples_for_channelobss2_4,count_of_total_samples_for_channelobss5,own channel usage ratio sample count (overall),own channel usage ratio sample count (2.4 ghz),own channel usage ratio sample count (5 ghz),mac_address,station_count,ap_with_poor_coverage,ap_with_poor_coverage_2,ap_with_poor_coverage_5,ap_with_poor_snr_sample,ap_with_poor_snr_sample_2,ap_with_poor_snr_sample_5,ap_with_poor_link_speed_mcs_rate,ap_with_poor_link_speed_mcs_rate_2,ap_with_poor_link_speed_mcs_rate_5,ap_with_high_client_disconnection,ap_with_high_tx_packet_error,ap_with_poor_dl_throughput_less_than_threshold,ap_with_poor_ul_throughput_less_than_threshold,ap_with_high_no_of_sticky_client_2_with_good_coverage,ap_with_high_no_of_sticky_client_5_with_poor_coverage,ap_with_poor_coverage_breach,ap_with_poor_coverage_2_breach,ap_with_poor_coverage_5_breach,ap_with_poor_snr_sample_breach,ap_with_poor_snr_sample_2_breach,ap_with_poor_snr_sample_5_breach,ap_with_poor_link_speed_mcs_rate_breach,ap_with_poor_link_speed_mcs_rate_2_breach,ap_with_poor_link_speed_mcs_rate_5_breach,ap_with_high_client_disconnection_breach,ap_with_high_tx_packet_error_breach,ap_with_high_interference,ap_with_high_interference_2,ap_with_high_interference_5,ap_with_high_retry_rate,ap_with_high_tx_packet_error_percent,ap_with_high_tx_packet_error_flag,ap_with_high_rx_packet_error,ap_with_high_rx_packet_error_flag,ap_downtime_per,ap_with_high_cpu_utilisation,ap_with_high_memory_packet_error,ap_with_poor_tot_on_5g,ap_with_zero_usage,ap_with_high_channel_utilisation_pct,ap_with_high_channel_utilisation_count,total_channels_all,ap_with_high_channel_utilisation_2_pct,ap_with_high_channel_utilisation_2_count,total_channels_2,ap_with_high_channel_congestion_5_pct,ap_with_high_channel_congestion_5_count,total_channels_5,channelobss,ap_with_poor_dl_throughput_less_than_threshold_breach,ap_with_poor_ul_throughput_less_than_threshold_breach,ap_with_high_interference_breach,ap_with_high_interference_2_breach,ap_with_high_interference_5_breach,ap_with_high_retry_rate_breach,ap_with_high_tx_packet_error_percent_breach,ap_with_high_rx_packet_error_breach,ap_downtime_per_breach,ap_with_high_internet_down_incident_breach,ap_with_high_cpu_utilisation_breach,ap_with_high_memory_packet_error_breach,ap_with_high_no_of_sticky_client_2_with_good_coverage_breach,ap_with_high_no_of_sticky_client_5_with_poor_coverage_breach,ap_with_zero_usage_breach,ap_with_high_channel_congestion_5_breach,channelobss_breach
012421019184_wifi,Gurgaon,108.0,ZYOTB0900058,NOKIA,649D38ED42E8,Haryana,0.0,0.0,0.0,98.95,1.05,0.02,False,False,0.0,6.0,0.43,0.45,0.0,4.33,4.5,0.0,5.64,0.17,AOT5222ZY,,,,,False,False,False,False,True,False,False,False,False,False,False,117.0,0.0,117.0,2972860416.0,2972860416.0,13709810092032.0,231.0,231.0,222.0,9.0,231.0,222.0,9.0,,,,,,,,,,,,,,,,,,,,,,,,,,,,,,,,,,,,,,,,,,,,,,,,,,,,,,,,,,,,,,,,,,,,,,,,,,,,,,,,,,,,,,,,,,,,,,,,,,,,,,,,,,,,231.0,222.0,9.0,0.0,117.0,117.0,231.0,222.0,9.0,,,,,,,231.0,,,,,,,,,,,,,,,,,,,,,4.33,4.5,0.0,0.0,0.0,0.0,0.43,0.45,0.0,6.0,0.0,5.64,0.17,False,False,False,False,False,False,False,False,False,False,False,True,False,,,,,,,,,,,,,,,,,,,,,,,,,,,,,,,,,,,,,,,,
01244081160_dsl,Gurgaon,108.0,NKOT0F01CE6F,NOKIA,2E16524D4AFB,Haryana,0.0,0.0,0.0,0.0,100.0,1.5,False,False,0.0,14.0,0.0,0.0,0.0,0.0,,0.0,1.54,0.12,AOT4221NK,iPhone,PHONE,Apple,iPhone,False,False,False,False,True,False,False,False,False,,False,8445.0,0.0,8445.0,434654208.0,434654208.0,28955312128.0,563.0,563.0,,563.0,563.0,0.0,563.0,,,,,,,,,,,,,,,,,,,,,,,,,,,,,,,,,,,,,,,,,,,,,,,,,,,,,,,,,,,,,,,,,,,,,,,,,,,,,,,,,,,,,,,,,,,,,,,,,,,,,,,,,,,,563.0,0.0,563.0,0.0,8445.0,8445.0,563.0,,563.0,,,,,,,563.0,,,,,,,,,,,,,,,,,,,,,0.0,,0.0,0.0,0.0,0.0,0.0,0.0,0.0,14.0,0.0,1.54,0.12,False,False,False,,False,False,False,False,False,False,False,True,False,,,,,,,,,,,,,,,,,,,,,,,,,,,,,,,,,,,,,,,,
012444903348_dsl,Gurgaon,108.0,NKOT0F01CE7E,NOKIA,286B35D324CB,Haryana,0.0,0.0,0.0,0.17,99.83,6.37,False,False,0.0,26.0,0.0,0.0,0.0,0.0,0.0,0.0,0.95,0.13,AOT4221NK,DESKTOP-7592F22,PC,Intel,Desktop,False,False,False,False,True,False,False,False,False,False,False,2426.0,17.0,2409.0,4820529424.0,4820529424.0,75641332991.0,804.0,804.0,1.0,803.0,804.0,1.0,803.0,,,,,,,,,,,,,,,,,,,,,,,,,,,,,,,,,,,,,,,,,,,,,,,,,,,,,,,,,,,,,,,,,,,,,,,,,,,,,,,,,,,,,,,,,,,,,,,,,,,,,,,,,,,,804.0,1.0,803.0,17.0,2409.0,2426.0,804.0,1.0,803.0,,,,,,,804.0,,,,,,,,,,,,,,,,,,,,,0.0,0.0,0.0,0.0,0.0,0.0,0.0,0.0,0.0,26.0,0.0,0.95,0.13,False,False,False,False,False,False,False,False,False,False,False,True,False,,,,,,,,,,,,,,,,,,,,,,,,,,,,,,,,,,,,,,,,
012444903348_dsl,Gurgaon,108.0,NKOT0F01CE7E,NOKIA,1AA0C35EE4F9,Haryana,0.0,0.0,0.0,2.17,97.83,13.16,False,False,0.0,43.0,1.88,0.0,1.89,0.0,0.0,0.0,4.88,0.08,AOT4221NK,iPhone,,,,False,False,False,False,True,False,False,False,False,False,False,2609.0,68.0,2541.0,9957776389.0,9957776389.0,75641332991.0,851.0,851.0,4.0,847.0,851.0,4.0,847.0,,,,,,,,,,,,,,,,,,,,,,,,,,,,,,,,,,,,,,,,,,,,,,,,,,,,,,,,,,,,,,,,,,,,,,,,,,,,,,,,,,,,,,,,,,,,,,,,,,,,,,,,,,,,851.0,4.0,847.0,68.0,2541.0,2609.0,851.0,4.0,847.0,,,,,,,851.0,,,,,,,,,,,,,,,,,,,,,0.0,0.0,0.0,0.0,0.0,0.0,1.88,0.0,1.89,43.0,0.0,4.88,0.08,False,False,False,False,False,False,False,False,False,False,False,True,False,,,,,,,,,,,,,,,,,,,,,,,,,,,,,,,,,,,,,,,,
012436398608_dsl,Gurgaon,108.0,NKOTDF0001E7,NOKIA,5215E04285F1,Haryana,0.0,0.0,0.0,1.13,98.87,17.91,False,False,0.0,9.0,14.55,0.0,14.78,0.62,40.0,0.0,4.52,0.15,AOT4221NK,OnePlus-10T-5G,,OnePlus,10T 5G,False,False,False,False,True,False,False,False,False,False,False,12720.0,0.0,12720.0,9507383296.0,9507383296.0,53095579648.0,646.0,646.0,10.0,636.0,646.0,10.0,636.0,,,,,,,,,,,,,,,,,,,,,,,,,,,,,,,,,,,,,,,,,,,,,,,,,,,,,,,,,,,,,,,,,,,,,,,,,,,,,,,,,,,,,,,,,,,,,,,,,,,,,,,,,,,,646.0,10.0,636.0,0.0,12720.0,12720.0,646.0,10.0,636.0,,,,,,,646.0,,,,,,,,,,,,,,,,,,,,,0.62,40.0,0.0,0.0,0.0,0.0,14.55,0.0,14.78,9.0,0.0,4.52,0.15,False,False,False,False,False,False,False,False,False,False,False,True,False,,,,,,,,,,,,,,,,,,,,,,,,,,,,,,,,,,,,,,,,
012445159575_dsl,Gurgaon,108.0,ZYOTFD000042,NOKIA,8C7A3DD408C7,Haryana,50.0,0.0,50.0,0.0,100.0,23.95,,,0.0,,3.65,0.0,3.65,50.0,,50.0,3.26,0.06,AOT5221ZY,,,,,False,False,False,False,,False,False,False,False,,False,26280.0,0.0,26280.0,16703724544.0,16703724544.0,69748383744.0,1314.0,1314.0,,1314.0,1314.0,0.0,1314.0,,,,,,,,,,,,,,,,,,,,,,,,,,,,,,,,,,,,,,,,,,,,,,,,,,,,,,,,,,,,,,,,,,,,,,,,,,,,,,,,,,,,,,,,,,,,,,,,,,,,,,,,,,,,1314.0,0.0,1314.0,0.0,26280.0,26280.0,1314.0,,1314.0,,,,,,,1314.0,,,,,,,,,,,,,,,,,,,,,50.0,,50.0,50.0,0.0,50.0,3.65,0.0,3.65,,0.0,3.26,0.06,,,False,,False,False,False,False,False,False,False,,False,,,,,,,,,,,,,,,,,,,,,,,,,,,,,,,,,,,,,,,,
01244054723_dsl,Gurgaon,108.0,NKOT0F0226EE,NOKIA,4C22F33F2EDC,Haryana,0.0,0.0,0.0,0.0,100.0,2.68,False,True,0.0,4.0,0.0,0.0,0.0,0.0,,0.0,3.61,0.05,AOT4221NK,LGwebOSTV,,,,False,False,False,False,False,False,False,False,False,,False,12240.0,0.0,12240.0,910530560.0,910530560.0,33981353984.0,612.0,612.0,,612.0,612.0,0.0,612.0,,,,,,,,,,,,,,,,,,,,,,,,,,,,,,,,,,,,,,,,,,,,,,,,,,,,,,,,,,,,,,,,,,,,,,,,,,,,,,,,,,,,,,,,,,,,,,,,,,,,,,,,,,,,612.0,0.0,612.0,0.0,12240.0,12240.0,612.0,,612.0,,,,,,,612.0,,,,,,,,,,,,,,,,,,,,,0.0,,0.0,0.0,0.0,0.0,0.0,0.0,0.0,4.0,0.0,3.61,0.05,False,True,False,,False,False,False,False,False,False,False,False,False,,,,,,,,,,,,,,,,,,,,,,,,,,,,,,,,,,,,,,,,
01246232448_dsl,Gurgaon,108.0,NKOT2F045EF1,NOKIA,92A6DFBC2EA2,Haryana,0.0,0.0,0.0,0.0,100.0,45.19,False,False,0.0,20.0,5.32,0.0,5.32,0.0,,0.0,1.52,0.81,AOT4221NK,,,,,False,False,False,False,True,False,False,False,False,,False,900.0,0.0,900.0,13644677120.0,13644677120.0,30192833294.0,602.0,602.0,,602.0,602.0,0.0,602.0,,,,,,,,,,,,,,,,,,,,,,,,,,,,,,,,,,,,,,,,,,,,,,,,,,,,,,,,,,,,,,,,,,,,,,,,,,,,,,,,,,,,,,,,,,,,,,,,,,,,,,,,,,,,602.0,0.0,602.0,0.0,900.0,900.0,602.0,,602.0,,,,,,,602.0,,,,,,,,,,,,,,,,,,,,,0.0,,0.0,0.0,0.0,0.0,5.32,0.0,5.32,20.0,0.0,1.52,0.81,False,False,False,,False,False,False,False,False,False,False,True,False,,,,,,,,,,,,,,,,,,,,,,,,,,,,,,,,,,,,,,,,
01246472327_dsl,Gurgaon,108.0,NKOTA0000592,NOKIA,9208A08B7425,Haryana,0.0,0.0,0.0,0.0,100.0,0.0,False,False,0.0,15.0,0.0,0.0,0.0,0.0,,0.0,0.0,0.0,AOT4221NK,iPhone,,,,False,False,False,False,True,False,False,False,False,,False,15.0,0.0,15.0,181248.0,181248.0,14205780992.0,1.0,1.0,,1.0,1.0,0.0,1.0,,,,,,,,,,,,,,,,,,,,,,,,,,,,,,,,,,,,,,,,,,,,,,,,,,,,,,,,,,,,,,,,,,,,,,,,,,,,,,,,,,,,,,,,,,,,,,,,,,,,,,,,,,,,1.0,0.0,1.0,0.0,15.0,15.0,1.0,,1.0,,,,,,,1.0,,,,,,,,,,,,,,,,,,,,,0.0,,0.0,0.0,0.0,0.0,0.0,0.0,0.0,15.0,0.0,0.0,0.0,False,False,False,,False,False,False,False,False,False,False,True,False,,,,,,,,,,,,,,,,,,,,,,,,,,,,,,,,,,,,,,,,
012444903348_dsl,Gurgaon,108.0,NKOT0F01CE7E,NOKIA,F4032A96D8C9,Haryana,0.0,0.0,0.0,0.0,100.0,1.26,,,0.0,,0.0,0.0,0.0,0.0,,0.0,0.09,0.01,AOT4221NK,,,,,False,False,False,False,,False,False,False,False,,False,4164.0,0.0,4164.0,954226423.0,954226423.0,75641332991.0,1388.0,1388.0,,1388.0,1388.0,0.0,1388.0,,,,,,,,,,,,,,,,,,,,,,,,,,,,,,,,,,,,,,,,,,,,,,,,,,,,,,,,,,,,,,,,,,,,,,,,,,,,,,,,,,,,,,,,,,,,,,,,,,,,,,,,,,,,1388.0,0.0,1388.0,0.0,4164.0,4164.0,1388.0,,1388.0,,,,,,,1388.0,,,,,,,,,,,,,,,,,,,,,0.0,,0.0,0.0,0.0,0.0,0.0,0.0,0.0,,0.0,0.09,0.01,,,False,,False,False,False,False,False,False,False,,False,,,,,,,,,,,,,,,,,,,,,,,,,,,,,,,,,,,,,,,,
01244054723_dsl,Gurgaon,108.0,NKOT0F0226EE,NOKIA,0A3CC1576FFD,Haryana,2.56,0.0,2.56,0.0,100.0,1.4,False,False,0.0,4.0,0.0,0.0,0.0,2.69,,2.69,0.27,0.03,AOT4221NK,iPad,TABLET,Apple,iPad,False,False,False,False,False,False,False,False,False,,False,11880.0,0.0,11880.0,476095488.0,476095488.0,33981353984.0,594.0,594.0,,594.0,594.0,0.0,594.0,,,,,,,,,,,,,,,,,,,,,,,,,,,,,,,,,,,,,,,,,,,,,,,,,,,,,,,,,,,,,,,,,,,,,,,,,,,,,,,,,,,,,,,,,,,,,,,,,,,,,,,,,,,,594.0,0.0,594.0,0.0,11880.0,11880.0,594.0,,594.0,,,,,,,594.0,,,,,,,,,,,,,,,,,,,,,2.69,,2.69,2.56,0.0,2.56,0.0,0.0,0.0,4.0,0.0,0.27,0.03,False,False,False,,False,False,False,False,False,False,False,False,False,,,,,,,,,,,,,,,,,,,,,,,,,,,,,,,,,,,,,,,,
012445118300_dsl,Gurgaon,108.0,NKOT0F01D2BA,NOKIA,960207D43B98,Haryana,100.0,0.0,100.0,0.0,0.0,0.0,False,False,0.0,1.0,100.0,0.0,100.0,100.0,,100.0,0.04,0.03,AOT4221NK,,,,,True,False,True,False,False,True,False,True,True,,True,3360.0,0.0,3360.0,0.0,0.0,1308022784.0,224.0,224.0,,224.0,224.0,0.0,224.0,,,,,,,,,,,,,,,,,,,,,,,,,,,,,,,,,,,,,,,,,,,,,,,,,,,,,,,,,,,,,,,,,,,,,,,,,,,,,,,,,,,,,,,,,,,,,,,,,,,,,,,,,,,,224.0,0.0,224.0,0.0,3360.0,3360.0,224.0,,224.0,,,,,,,224.0,,,,,,,,,,,,,,,,,,,,,100.0,,100.0,100.0,0.0,100.0,100.0,0.0,100.0,1.0,0.0,0.04,0.03,False,False,True,,True,True,False,True,True,False,True,False,False,,,,,,,,,,,,,,,,,,,,,,,,,,,,,,,,,,,,,,,,
012447957675_dsl,Gurgaon,108.0,ZYOT5E069474,NOKIA,72E2C338581F,Haryana,0.0,0.0,0.0,0.0,100.0,15.78,False,False,0.0,4.0,0.0,0.0,0.0,0.0,,0.0,2.43,2.22,,,,,,False,False,False,False,False,False,False,False,False,,False,9488.0,0.0,9488.0,6406256640.0,6406256640.0,40600765440.0,785.0,785.0,,785.0,785.0,0.0,785.0,,,,,,,,,,,,,,,,,,,,,,,,,,,,,,,,,,,,,,,,,,,,,,,,,,,,,,,,,,,,,,,,,,,,,,,,,,,,,,,,,,,,,,,,,,,,,,,,,,,,,,,,,,,,785.0,0.0,785.0,0.0,9488.0,9488.0,785.0,,785.0,,,,,,,785.0,,,,,,,,,,,,,,,,,,,,,0.0,,0.0,0.0,0.0,0.0,0.0,0.0,0.0,4.0,0.0,2.43,2.22,False,False,False,,False,False,False,False,False,False,False,False,False,,,,,,,,,,,,,,,,,,,,,,,,,,,,,,,,,,,,,,,,
012447862103_dsl,Gurgaon,108.0,ZYOTB0900020,NOKIA,6696E8690975,Haryana,0.1,0.0,0.1,0.0,100.0,0.13,,,0.0,,0.0,0.0,0.0,0.1,,0.1,1.77,0.11,AOT5222ZY,,,,,False,False,False,False,,False,False,False,False,,False,19680.0,0.0,19680.0,17303613440.0,17303613440.0,12985513606144.0,984.0,984.0,,984.0,984.0,0.0,984.0,,,,,,,,,,,,,,,,,,,,,,,,,,,,,,,,,,,,,,,,,,,,,,,,,,,,,,,,,,,,,,,,,,,,,,,,,,,,,,,,,,,,,,,,,,,,,,,,,,,,,,,,,,,,984.0,0.0,984.0,0.0,19680.0,19680.0,984.0,,984.0,,,,,,,984.0,,,,,,,,,,,,,,,,,,,,,0.1,,0.1,0.1,0.0,0.1,0.0,0.0,0.0,,0.0,1.77,0.11,,,False,,False,False,False,False,False,False,False,,False,,,,,,,,,,,,,,,,,,,,,,,,,,,,,,,,,,,,,,,,
012436398608_dsl,Gurgaon,108.0,NKOTDF0001E7,NOKIA,5A8CF8F08505,Haryana,0.0,0.0,0.0,0.0,100.0,1.52,False,False,0.0,2.0,0.0,0.0,0.0,0.0,,0.0,0.66,0.21,AOT4221NK,MacBookPro,LAPTOP,Apple,MacBook,False,False,False,False,False,False,False,False,False,,False,15660.0,0.0,15660.0,808305664.0,808305664.0,53095579648.0,783.0,783.0,,783.0,783.0,0.0,783.0,,,,,,,,,,,,,,,,,,,,,,,,,,,,,,,,,,,,,,,,,,,,,,,,,,,,,,,,,,,,,,,,,,,,,,,,,,,,,,,,,,,,,,,,,,,,,,,,,,,,,,,,,,,,783.0,0.0,783.0,0.0,15660.0,15660.0,783.0,,783.0,,,,,,,783.0,,,,,,,,,,,,,,,,,,,,,0.0,,0.0,0.0,0.0,0.0,0.0,0.0,0.0,2.0,0.0,0.66,0.21,False,False,False,,False,False,False,False,False,False,False,False,False,,,,,,,,,,,,,,,,,,,,,,,,,,,,,,,,,,,,,,,,
012445118300_dsl,Gurgaon,108.0,NKOT0F01D2BA,NOKIA,7A9849000F3B,Haryana,0.0,0.0,0.0,0.0,100.0,23.47,,,0.0,,0.0,0.0,0.0,0.0,,0.0,0.12,0.06,AOT4221NK,,,,,False,False,False,False,,False,False,False,False,,False,14955.0,0.0,14955.0,306979840.0,306979840.0,1308022784.0,997.0,997.0,,997.0,997.0,0.0,997.0,,,,,,,,,,,,,,,,,,,,,,,,,,,,,,,,,,,,,,,,,,,,,,,,,,,,,,,,,,,,,,,,,,,,,,,,,,,,,,,,,,,,,,,,,,,,,,,,,,,,,,,,,,,,997.0,0.0,997.0,0.0,14955.0,14955.0,997.0,,997.0,,,,,,,997.0,,,,,,,,,,,,,,,,,,,,,0.0,,0.0,0.0,0.0,0.0,0.0,0.0,0.0,,0.0,0.12,0.06,,,False,,False,False,False,False,False,False,False,,False,,,,,,,,,,,,,,,,,,,,,,,,,,,,,,,,,,,,,,,,
012444801137_dsl,Gurgaon,108.0,NKOTDF000165,NOKIA,A09208536DDC,Haryana,,,,100.0,0.0,0.07,,,0.0,,88.07,88.07,0.0,0.0,0.0,,0.0,0.0,AAP321NK,,,,,,,,False,,True,True,False,False,False,,,,,46278656.0,46278656.0,63366486016.0,1182.0,1182.0,1182.0,,1182.0,1182.0,0.0,,,,,,,,,,,,,,,,,,,,,,,,,,,,,,,,,,,,,,,,,,,,,,,,,,,,,,,,,,,,,,,,,,,,,,,,,,,,,,,,,,,,,,,,,,,,,,,,,,,,,,,,,,,,1182.0,1182.0,0.0,,,,1182.0,1182.0,,,,,,,,1182.0,,,,,,,,,,,,,,,,,,,,,0.0,0.0,,,,,88.07,88.07,0.0,,0.0,0.0,0.0,,,False,False,,,,,True,True,False,,False,,,,,,,,,,,,,,,,,,,,,,,,,,,,,,,,,,,,,,,,
012436398608_dsl,Gurgaon,108.0,NKOTDF0001E7,NOKIA,9CB150B15C9C,Haryana,0.0,0.0,0.0,0.0,100.0,0.57,False,False,0.0,2.0,0.0,0.0,0.0,0.0,,0.0,0.63,0.11,AOT4221NK,AA308101,,,,False,False,False,False,False,False,False,False,False,,False,540.0,0.0,540.0,304137216.0,304137216.0,53095579648.0,27.0,27.0,,27.0,27.0,0.0,27.0,,,,,,,,,,,,,,,,,,,,,,,,,,,,,,,,,,,,,,,,,,,,,,,,,,,,,,,,,,,,,,,,,,,,,,,,,,,,,,,,,,,,,,,,,,,,,,,,,,,,,,,,,,,,27.0,0.0,27.0,0.0,540.0,540.0,27.0,,27.0,,,,,,,27.0,,,,,,,,,,,,,,,,,,,,,0.0,,0.0,0.0,0.0,0.0,0.0,0.0,0.0,2.0,0.0,0.63,0.11,False,False,False,,False,False,False,False,False,False,False,False,False,,,,,,,,,,,,,,,,,,,,,,,,,,,,,,,,,,,,,,,,
012436398608_dsl,Gurgaon,108.0,NKOTDF0001E7,NOKIA,36C731F77459,Haryana,0.0,0.0,0.0,0.0,100.0,5.82,False,True,0.0,1.0,0.0,0.0,0.0,0.0,,0.0,1.65,0.04,AOT4221NK,iPad,,,,False,False,False,False,False,False,False,False,False,,False,1280.0,0.0,1280.0,3092643840.0,3092643840.0,53095579648.0,64.0,64.0,,64.0,64.0,0.0,64.0,,,,,,,,,,,,,,,,,,,,,,,,,,,,,,,,,,,,,,,,,,,,,,,,,,,,,,,,,,,,,,,,,,,,,,,,,,,,,,,,,,,,,,,,,,,,,,,,,,,,,,,,,,,,64.0,0.0,64.0,0.0,1280.0,1280.0,64.0,,64.0,,,,,,,64.0,,,,,,,,,,,,,,,,,,,,,0.0,,0.0,0.0,0.0,0.0,0.0,0.0,0.0,1.0,0.0,1.65,0.04,False,True,False,,False,False,False,False,False,False,False,False,False,,,,,,,,,,,,,,,,,,,,,,,,,,,,,,,,,,,,,,,,
012444801137_dsl,Gurgaon,108.0,NKOTDF000165,NOKIA,9877D53D4080,Haryana,,,,100.0,0.0,0.01,,,0.0,3.0,84.03,84.03,0.0,0.0,0.0,,0.0,0.0,AAP321NK,,,,,,,,False,False,True,True,False,False,False,,,,,7040000.0,7040000.0,63366486016.0,501.0,501.0,501.0,,501.0,501.0,0.0,,,,,,,,,,,,,,,,,,,,,,,,,,,,,,,,,,,,,,,,,,,,,,,,,,,,,,,,,,,,,,,,,,,,,,,,,,,,,,,,,,,,,,,,,,,,,,,,,,,,,,,,,,,,501.0,501.0,0.0,,,,501.0,501.0,,,,,,,,501.0,,,,,,,,,,,,,,,,,,,,,0.0,0.0,,,,,84.03,84.03,0.0,3.0,0.0,0.0,0.0,,,False,False,,,,,True,True,False,False,False,,,,,,,,,,,,,,,,,,,,,,,,,,,,,,,,,,,,,,,,
01246232448_dsl,Gurgaon,108.0,NKOT2F045EF1,NOKIA,325B49E35801,Haryana,,,,13.38,86.62,0.24,,,0.0,12.0,0.0,0.0,0.0,0.0,0.0,0.0,0.1,0.03,AOT4221NK,Anils-Galaxy-S9,PHONE,Samsung Electronics,Galaxy,,,,False,True,False,False,False,False,False,False,,,,71824384.0,71824384.0,30192833294.0,430.0,430.0,3.0,427.0,430.0,3.0,427.0,,,,,,,,,,,,,,,,,,,,,,,,,,,,,,,,,,,,,,,,,,,,,,,,,,,,,,,,,,,,,,,,,,,,,,,,,,,,,,,,,,,,,,,,,,,,,,,,,,,,,,,,,,,,430.0,3.0,427.0,,,,430.0,3.0,427.0,,,,,,,430.0,,,,,,,,,,,,,,,,,,,,,0.0,0.0,0.0,,,,0.0,0.0,0.0,12.0,0.0,0.1,0.03,,,False,False,False,,,,False,False,False,True,False,,,,,,,,,,,,,,,,,,,,,,,,,,,,,,,,,,,,,,,,
01246232448_dsl,Gurgaon,108.0,NKOT2F045EF1,NOKIA,620DEAC99CE7,Haryana,,,,0.0,100.0,3.95,,,0.0,11.0,95.29,0.0,95.29,0.0,,0.0,2.23,0.11,AOT4221NK,Watch,,,,,,,False,True,True,False,True,False,,False,,,,1192404992.0,1192404992.0,30192833294.0,191.0,191.0,,191.0,191.0,0.0,191.0,,,,,,,,,,,,,,,,,,,,,,,,,,,,,,,,,,,,,,,,,,,,,,,,,,,,,,,,,,,,,,,,,,,,,,,,,,,,,,,,,,,,,,,,,,,,,,,,,,,,,,,,,,,,191.0,0.0,191.0,,,,191.0,,191.0,,,,,,,191.0,,,,,,,,,,,,,,,,,,,,,0.0,,0.0,,,,95.29,0.0,95.29,11.0,0.0,2.23,0.11,,,False,,False,,,,True,False,True,True,False,,,,,,,,,,,,,,,,,,,,,,,,,,,,,,,,,,,,,,,,
01246472327_dsl,Gurgaon,108.0,NKOTA0000592,NOKIA,7AB5AA2AA71B,Haryana,0.0,0.0,0.0,0.0,100.0,5.79,False,False,0.0,8.0,0.0,0.0,0.0,0.0,,0.0,1.11,0.03,AOT4221NK,iPhone,PHONE,Apple,iPhone,False,False,False,False,True,False,False,False,False,,False,240.0,0.0,240.0,823009280.0,823009280.0,14205780992.0,16.0,16.0,,16.0,16.0,0.0,16.0,,,,,,,,,,,,,,,,,,,,,,,,,,,,,,,,,,,,,,,,,,,,,,,,,,,,,,,,,,,,,,,,,,,,,,,,,,,,,,,,,,,,,,,,,,,,,,,,,,,,,,,,,,,,16.0,0.0,16.0,0.0,240.0,240.0,16.0,,16.0,,,,,,,16.0,,,,,,,,,,,,,,,,,,,,,0.0,,0.0,0.0,0.0,0.0,0.0,0.0,0.0,8.0,0.0,1.11,0.03,False,False,False,,False,False,False,False,False,False,False,True,False,,,,,,,,,,,,,,,,,,,,,,,,,,,,,,,,,,,,,,,,
012421019184_wifi,Gurgaon,108.0,ZYOTB0900058,NOKIA,2EB8538356AA,Haryana,100.0,0.0,100.0,99.78,0.22,0.04,True,False,0.0,3.0,7.5,7.56,0.0,0.83,0.0,100.0,6.14,0.54,AOT5222ZY,Xiaomi-Pad-6,,,,True,False,True,False,False,False,False,False,False,False,True,13.0,0.0,13.0,5933627392.0,5933627392.0,13709810092032.0,120.0,120.0,119.0,1.0,120.0,119.0,1.0,,,,,,,,,,,,,,,,,,,,,,,,,,,,,,,,,,,,,,,,,,,,,,,,,,,,,,,,,,,,,,,,,,,,,,,,,,,,,,,,,,,,,,,,,,,,,,,,,,,,,,,,,,,,120.0,119.0,1.0,0.0,13.0,13.0,120.0,119.0,1.0,,,,,,,120.0,,,,,,,,,,,,,,,,,,,,,0.83,0.0,100.0,100.0,0.0,100.0,7.5,7.56,0.0,3.0,0.0,6.14,0.54,True,False,False,False,True,True,False,True,False,False,False,False,False,,,,,,,,,,,,,,,,,,,,,,,,,,,,,,,,,,,,,,,,
01244081160_dsl,Gurgaon,108.0,NKOT0F01CE6F,NOKIA,3EDE8A98F4FB,Haryana,0.0,0.0,0.0,0.0,100.0,7.12,False,False,0.0,4.0,0.0,0.0,0.0,0.0,,0.0,0.25,0.24,AOT4221NK,AAP321NK,,,,False,False,False,False,False,False,False,False,False,,False,14070.0,0.0,14070.0,2061986816.0,2061986816.0,28955312128.0,938.0,938.0,,938.0,938.0,0.0,938.0,,,,,,,,,,,,,,,,,,,,,,,,,,,,,,,,,,,,,,,,,,,,,,,,,,,,,,,,,,,,,,,,,,,,,,,,,,,,,,,,,,,,,,,,,,,,,,,,,,,,,,,,,,,,938.0,0.0,938.0,0.0,14070.0,14070.0,938.0,,938.0,,,,,,,938.0,,,,,,,,,,,,,,,,,,,,,0.0,,0.0,0.0,0.0,0.0,0.0,0.0,0.0,4.0,0.0,0.25,0.24,False,False,False,,False,False,False,False,False,False,False,False,False,,,,,,,,,,,,,,,,,,,,,,,,,,,,,,,,,,,,,,,,
012444801137_dsl,Gurgaon,108.0,NKOTDF000165,NOKIA,60DC81CCA4D0,Haryana,,,,100.0,0.0,0.14,False,False,0.0,8.0,58.98,58.98,0.0,0.0,0.0,,0.0,0.01,AAP321NK,,,,,,,,False,True,False,False,False,False,False,,,,,91580416.0,91580416.0,63366486016.0,1219.0,1219.0,1219.0,,1219.0,1219.0,0.0,,,,,,,,,,,,,,,,,,,,,,,,,,,,,,,,,,,,,,,,,,,,,,,,,,,,,,,,,,,,,,,,,,,,,,,,,,,,,,,,,,,,,,,,,,,,,,,,,,,,,,,,,,,,1219.0,1219.0,0.0,,,,1219.0,1219.0,,,,,,,,1219.0,,,,,,,,,,,,,,,,,,,,,0.0,0.0,,,,,58.98,58.98,0.0,8.0,0.0,0.0,0.01,False,False,False,False,,,,,False,False,False,True,False,,,,,,,,,,,,,,,,,,,,,,,,,,,,,,,,,,,,,,,,
012444903348_dsl,Gurgaon,108.0,NKOT0F01CE7E,NOKIA,3644BFE90759,Haryana,0.0,0.0,0.0,0.0,100.0,0.17,False,False,0.0,1.0,0.0,0.0,0.0,0.0,,0.0,0.03,0.0,AOT4221NK,iPad,TABLET,Apple,iPad,False,False,False,False,False,False,False,False,False,,False,2355.0,0.0,2355.0,131245056.0,131245056.0,75641332991.0,785.0,785.0,,785.0,785.0,0.0,785.0,,,,,,,,,,,,,,,,,,,,,,,,,,,,,,,,,,,,,,,,,,,,,,,,,,,,,,,,,,,,,,,,,,,,,,,,,,,,,,,,,,,,,,,,,,,,,,,,,,,,,,,,,,,,785.0,0.0,785.0,0.0,2355.0,2355.0,785.0,,785.0,,,,,,,785.0,,,,,,,,,,,,,,,,,,,,,0.0,,0.0,0.0,0.0,0.0,0.0,0.0,0.0,1.0,0.0,0.03,0.0,False,False,False,,False,False,False,False,False,False,False,False,False,,,,,,,,,,,,,,,,,,,,,,,,,,,,,,,,,,,,,,,,
012447862103_dsl,Gurgaon,108.0,ZYOTB0900020,NOKIA,EA1BACE87CEE,Haryana,47.06,0.0,47.06,0.0,100.0,0.0,,,0.0,,23.53,0.0,23.53,47.06,,47.06,27.47,0.45,AOT5222ZY,,,,,False,False,False,False,,False,False,False,False,,False,340.0,0.0,340.0,556208128.0,556208128.0,12985513606144.0,17.0,17.0,,17.0,17.0,0.0,17.0,,,,,,,,,,,,,,,,,,,,,,,,,,,,,,,,,,,,,,,,,,,,,,,,,,,,,,,,,,,,,,,,,,,,,,,,,,,,,,,,,,,,,,,,,,,,,,,,,,,,,,,,,,,,17.0,0.0,17.0,0.0,340.0,340.0,17.0,,17.0,,,,,,,17.0,,,,,,,,,,,,,,,,,,,,,47.06,,47.06,47.06,0.0,47.06,23.53,0.0,23.53,,0.0,27.47,0.45,,,False,,False,False,False,False,False,False,False,,False,,,,,,,,,,,,,,,,,,,,,,,,,,,,,,,,,,,,,,,,
012436398608_dsl,Gurgaon,108.0,NKOTDF0001E7,NOKIA,4CC95E7815B6,Haryana,0.0,0.0,0.0,0.0,100.0,0.24,False,True,0.0,4.0,0.0,0.0,0.0,0.0,,0.0,0.24,0.02,AOT4221NK,Samsung,,,,False,False,False,False,False,False,False,False,False,,False,8900.0,0.0,8900.0,129014784.0,129014784.0,53095579648.0,445.0,445.0,,445.0,445.0,0.0,445.0,,,,,,,,,,,,,,,,,,,,,,,,,,,,,,,,,,,,,,,,,,,,,,,,,,,,,,,,,,,,,,,,,,,,,,,,,,,,,,,,,,,,,,,,,,,,,,,,,,,,,,,,,,,,445.0,0.0,445.0,0.0,8900.0,8900.0,445.0,,445.0,,,,,,,445.0,,,,,,,,,,,,,,,,,,,,,0.0,,0.0,0.0,0.0,0.0,0.0,0.0,0.0,4.0,0.0,0.24,0.02,False,True,False,,False,False,False,False,False,False,False,False,False,,,,,,,,,,,,,,,,,,,,,,,,,,,,,,,,,,,,,,,,
012447957675_dsl,Gurgaon,108.0,ZYOT5E069474,NOKIA,9281508F6DAB,Haryana,0.0,0.0,0.0,0.1,99.9,9.18,False,True,0.0,31.0,49.81,100.0,49.62,0.0,0.0,0.0,0.74,0.15,,M2101K6I,PHONE,Xiaomi,Redmi Note 10 Pro Max,False,False,False,False,True,False,True,False,False,False,False,4256.0,0.0,4256.0,3727342592.0,3727342592.0,40600765440.0,267.0,267.0,1.0,266.0,267.0,1.0,266.0,,,,,,,,,,,,,,,,,,,,,,,,,,,,,,,,,,,,,,,,,,,,,,,,,,,,,,,,,,,,,,,,,,,,,,,,,,,,,,,,,,,,,,,,,,,,,,,,,,,,,,,,,,,,267.0,1.0,266.0,0.0,4256.0,4256.0,267.0,1.0,266.0,,,,,,,267.0,,,,,,,,,,,,,,,,,,,,,0.0,0.0,0.0,0.0,0.0,0.0,49.81,100.0,49.62,31.0,0.0,0.74,0.15,False,True,False,False,False,False,False,False,False,True,False,True,False,,,,,,,,,,,,,,,,,,,,,,,,,,,,,,,,,,,,,,,,
012444801137_dsl,Gurgaon,108.0,NKOTDF000165,NOKIA,46C1F4D28799,Haryana,0.0,0.0,0.0,0.0,100.0,14.7,,,0.0,4.0,0.0,0.0,0.0,0.0,,0.0,1.25,0.32,AAP321NK,AAP321NK,WIFI_EXTENDER,,AAP321NK,False,False,False,False,False,False,False,False,False,,False,18220.0,0.0,18220.0,9316416512.0,9316416512.0,63366486016.0,911.0,911.0,,911.0,911.0,0.0,911.0,,,,,,,,,,,,,,,,,,,,,,,,,,,,,,,,,,,,,,,,,,,,,,,,,,,,,,,,,,,,,,,,,,,,,,,,,,,,,,,,,,,,,,,,,,,,,,,,,,,,,,,,,,,,911.0,0.0,911.0,0.0,18220.0,18220.0,911.0,,911.0,,,,,,,911.0,,,,,,,,,,,,,,,,,,,,,0.0,,0.0,0.0,0.0,0.0,0.0,0.0,0.0,4.0,0.0,1.25,0.32,,,False,,False,False,False,False,False,False,False,False,False,,,,,,,,,,,,,,,,,,,,,,,,,,,,,,,,,,,,,,,,
012421019184_wifi,Gurgaon,108.0,ZYOTB0900058,NOKIA,126FBBBC1135,Haryana,85.27,0.0,85.27,100.0,0.0,99.81,True,False,0.0,4.0,5.3,1.61,44.07,16.64,10.0,86.44,2070.72,1.81,AOT5222ZY,Mac,OTHER,,,True,False,True,False,False,False,False,False,False,False,True,767.0,0.0,767.0,13683091264512.0,13683091264512.0,13709810092032.0,679.0,679.0,620.0,59.0,679.0,620.0,59.0,,,,,,,,,,,,,,,,,,,,,,,,,,,,,,,,,,,,,,,,,,,,,,,,,,,,,,,,,,,,,,,,,,,,,,,,,,,,,,,,,,,,,,,,,,,,,,,,,,,,,,,,,,,,679.0,620.0,59.0,0.0,767.0,767.0,679.0,620.0,59.0,,,,,,,679.0,,,,,,,,,,,,,,,,,,,,,16.64,10.0,86.44,85.27,0.0,85.27,5.3,1.61,44.07,4.0,0.0,2070.72,1.81,True,False,False,False,True,True,False,True,False,False,False,False,False,,,,,,,,,,,,,,,,,,,,,,,,,,,,,,,,,,,,,,,,
012447957675_dsl,Gurgaon,108.0,ZYOT5E069474,NOKIA,FA3B08FBA40B,Haryana,0.0,0.0,0.0,0.0,100.0,5.27,False,True,0.0,6.0,1.91,0.0,1.91,0.0,,0.0,2.03,0.25,,,,,,False,False,False,False,True,False,False,False,False,,False,3344.0,0.0,3344.0,2141435904.0,2141435904.0,40600765440.0,209.0,209.0,,209.0,209.0,0.0,209.0,,,,,,,,,,,,,,,,,,,,,,,,,,,,,,,,,,,,,,,,,,,,,,,,,,,,,,,,,,,,,,,,,,,,,,,,,,,,,,,,,,,,,,,,,,,,,,,,,,,,,,,,,,,,209.0,0.0,209.0,0.0,3344.0,3344.0,209.0,,209.0,,,,,,,209.0,,,,,,,,,,,,,,,,,,,,,0.0,,0.0,0.0,0.0,0.0,1.91,0.0,1.91,6.0,0.0,2.03,0.25,False,True,False,,False,False,False,False,False,False,False,True,False,,,,,,,,,,,,,,,,,,,,,,,,,,,,,,,,,,,,,,,,
012444801137_dsl,Gurgaon,108.0,NKOTDF000165,NOKIA,6288AC047A9A,Haryana,0.0,0.0,0.0,95.83,4.17,0.73,,,0.0,1.0,100.0,100.0,100.0,0.0,0.0,0.0,0.14,0.01,AAP321NK,SM-R875F,WEARABLE,Samsung,Galaxy Watch4 (44mm),False,False,False,False,False,True,True,True,False,False,False,9460.0,0.0,9460.0,464447488.0,464447488.0,63366486016.0,644.0,644.0,171.0,473.0,644.0,171.0,473.0,,,,,,,,,,,,,,,,,,,,,,,,,,,,,,,,,,,,,,,,,,,,,,,,,,,,,,,,,,,,,,,,,,,,,,,,,,,,,,,,,,,,,,,,,,,,,,,,,,,,,,,,,,,,644.0,171.0,473.0,0.0,9460.0,9460.0,644.0,171.0,473.0,,,,,,,644.0,,,,,,,,,,,,,,,,,,,,,0.0,0.0,0.0,0.0,0.0,0.0,100.0,100.0,100.0,1.0,0.0,0.14,0.01,,,False,False,False,False,False,False,True,True,True,False,False,,,,,,,,,,,,,,,,,,,,,,,,,,,,,,,,,,,,,,,,
01244054723_dsl,Gurgaon,108.0,NKOT0F0226EE,NOKIA,168232BE1BF2,Haryana,0.0,0.0,0.0,0.0,100.0,7.51,False,False,0.0,1.0,0.0,0.0,0.0,0.0,,0.0,4.41,0.09,AOT4221NK,,,,,False,False,False,False,False,False,False,False,False,,False,5840.0,0.0,5840.0,2550546432.0,2550546432.0,33981353984.0,292.0,292.0,,292.0,292.0,0.0,292.0,,,,,,,,,,,,,,,,,,,,,,,,,,,,,,,,,,,,,,,,,,,,,,,,,,,,,,,,,,,,,,,,,,,,,,,,,,,,,,,,,,,,,,,,,,,,,,,,,,,,,,,,,,,,292.0,0.0,292.0,0.0,5840.0,5840.0,292.0,,292.0,,,,,,,292.0,,,,,,,,,,,,,,,,,,,,,0.0,,0.0,0.0,0.0,0.0,0.0,0.0,0.0,1.0,0.0,4.41,0.09,False,False,False,,False,False,False,False,False,False,False,False,False,,,,,,,,,,,,,,,,,,,,,,,,,,,,,,,,,,,,,,,,
012421019184_wifi,Gurgaon,108.0,ZYOTB0900058,NOKIA,3E7FBC5D16AC,Haryana,12.53,0.0,12.53,0.0,100.0,0.0,False,False,0.0,3.0,0.0,0.0,0.0,12.53,,12.53,0.14,0.03,AOT5222ZY,,,,,False,False,False,False,False,False,False,False,False,,False,5187.0,0.0,5187.0,291348480.0,291348480.0,13709810092032.0,399.0,399.0,,399.0,399.0,0.0,399.0,,,,,,,,,,,,,,,,,,,,,,,,,,,,,,,,,,,,,,,,,,,,,,,,,,,,,,,,,,,,,,,,,,,,,,,,,,,,,,,,,,,,,,,,,,,,,,,,,,,,,,,,,,,,399.0,0.0,399.0,0.0,5187.0,5187.0,399.0,,399.0,,,,,,,399.0,,,,,,,,,,,,,,,,,,,,,12.53,,12.53,12.53,0.0,12.53,0.0,0.0,0.0,3.0,0.0,0.14,0.03,False,False,False,,False,False,False,False,False,False,False,False,False,,,,,,,,,,,,,,,,,,,,,,,,,,,,,,,,,,,,,,,,
012445159575_dsl,Gurgaon,108.0,ZYOTFD000042,NOKIA,68FCCAA8805C,Haryana,0.0,0.0,0.0,0.0,100.0,1.24,,,0.0,,0.0,0.0,0.0,0.0,,0.0,11.23,0.18,AOT5221ZY,,,,,False,False,False,False,,False,False,False,False,,False,20.0,0.0,20.0,867599360.0,867599360.0,69748383744.0,1.0,1.0,,1.0,1.0,0.0,1.0,,,,,,,,,,,,,,,,,,,,,,,,,,,,,,,,,,,,,,,,,,,,,,,,,,,,,,,,,,,,,,,,,,,,,,,,,,,,,,,,,,,,,,,,,,,,,,,,,,,,,,,,,,,,1.0,0.0,1.0,0.0,20.0,20.0,1.0,,1.0,,,,,,,1.0,,,,,,,,,,,,,,,,,,,,,0.0,,0.0,0.0,0.0,0.0,0.0,0.0,0.0,,0.0,11.23,0.18,,,False,,False,False,False,False,False,False,False,,False,,,,,,,,,,,,,,,,,,,,,,,,,,,,,,,,,,,,,,,,
012447957675_dsl,Gurgaon,108.0,ZYOT5E069474,NOKIA,586C251370C2,Haryana,0.0,0.0,0.0,0.0,100.0,0.83,False,False,0.0,1.0,0.0,0.0,0.0,0.0,,0.0,2.46,0.27,,DESKTOP-QMMRIAU,,,,False,False,False,False,False,False,False,False,False,,False,1472.0,0.0,1472.0,335656960.0,335656960.0,40600765440.0,92.0,92.0,,92.0,92.0,0.0,92.0,,,,,,,,,,,,,,,,,,,,,,,,,,,,,,,,,,,,,,,,,,,,,,,,,,,,,,,,,,,,,,,,,,,,,,,,,,,,,,,,,,,,,,,,,,,,,,,,,,,,,,,,,,,,92.0,0.0,92.0,0.0,1472.0,1472.0,92.0,,92.0,,,,,,,92.0,,,,,,,,,,,,,,,,,,,,,0.0,,0.0,0.0,0.0,0.0,0.0,0.0,0.0,1.0,0.0,2.46,0.27,False,False,False,,False,False,False,False,False,False,False,False,False,,,,,,,,,,,,,,,,,,,,,,,,,,,,,,,,,,,,,,,,
012421019184_wifi,Gurgaon,108.0,ZYOTB0900058,NOKIA,3AF6A50C8F0A,Haryana,46.23,0.0,46.23,9.26,90.74,0.05,False,False,0.0,26.0,7.3,13.45,0.88,36.05,25.21,47.37,4.05,1.76,AOT5222ZY,iPhone,,Apple,iPhone,False,False,False,False,True,False,False,False,False,False,False,1471.0,0.0,1471.0,7214697472.0,7214697472.0,13709810092032.0,233.0,233.0,119.0,114.0,233.0,119.0,114.0,,,,,,,,,,,,,,,,,,,,,,,,,,,,,,,,,,,,,,,,,,,,,,,,,,,,,,,,,,,,,,,,,,,,,,,,,,,,,,,,,,,,,,,,,,,,,,,,,,,,,,,,,,,,233.0,119.0,114.0,0.0,1471.0,1471.0,233.0,119.0,114.0,,,,,,,233.0,,,,,,,,,,,,,,,,,,,,,36.05,25.21,47.37,46.23,0.0,46.23,7.3,13.45,0.88,26.0,0.0,4.05,1.76,False,False,False,False,False,False,False,False,False,False,False,True,False,,,,,,,,,,,,,,,,,,,,,,,,,,,,,,,,,,,,,,,,
01246232448_dsl,Gurgaon,108.0,NKOT2F045EF1,NOKIA,1C57DC71A166,Haryana,0.0,0.0,0.0,0.0,100.0,11.26,False,False,0.0,5.0,0.0,0.0,0.0,0.0,,0.0,0.26,0.05,AOT4221NK,Ritviks-Air,,,,False,False,False,False,False,False,False,False,False,,False,3260.0,0.0,3260.0,3399335212.0,3399335212.0,30192833294.0,800.0,800.0,,800.0,800.0,0.0,800.0,,,,,,,,,,,,,,,,,,,,,,,,,,,,,,,,,,,,,,,,,,,,,,,,,,,,,,,,,,,,,,,,,,,,,,,,,,,,,,,,,,,,,,,,,,,,,,,,,,,,,,,,,,,,800.0,0.0,800.0,0.0,3260.0,3260.0,800.0,,800.0,,,,,,,800.0,,,,,,,,,,,,,,,,,,,,,0.0,,0.0,0.0,0.0,0.0,0.0,0.0,0.0,5.0,0.0,0.26,0.05,False,False,False,,False,False,False,False,False,False,False,False,False,,,,,,,,,,,,,,,,,,,,,,,,,,,,,,,,,,,,,,,,
01246232448_dsl,Gurgaon,108.0,NKOT2F045EF1,NOKIA,CE6E364C323F,Haryana,0.0,0.0,0.0,0.0,100.0,16.09,False,False,0.0,17.0,0.23,0.0,0.23,0.46,100.0,0.23,1.35,0.23,AOT4221NK,,,,,False,False,False,False,True,False,False,False,False,True,False,20.0,0.0,20.0,4858907648.0,4858907648.0,30192833294.0,432.0,432.0,1.0,431.0,432.0,1.0,431.0,,,,,,,,,,,,,,,,,,,,,,,,,,,,,,,,,,,,,,,,,,,,,,,,,,,,,,,,,,,,,,,,,,,,,,,,,,,,,,,,,,,,,,,,,,,,,,,,,,,,,,,,,,,,432.0,1.0,431.0,0.0,20.0,20.0,432.0,1.0,431.0,,,,,,,432.0,,,,,,,,,,,,,,,,,,,,,0.46,100.0,0.23,0.0,0.0,0.0,0.23,0.0,0.23,17.0,0.0,1.35,0.23,False,False,False,True,False,False,False,False,False,False,False,True,False,,,,,,,,,,,,,,,,,,,,,,,,,,,,,,,,,,,,,,,,
012447862103_dsl,Gurgaon,108.0,ZYOTB0900020,NOKIA,D6AF32D8C6F1,Haryana,0.0,0.0,0.0,0.0,100.0,0.0,,,0.0,,0.0,0.0,0.0,0.0,,0.0,0.57,0.08,AOT5222ZY,,,,,False,False,False,False,,False,False,False,False,,False,160.0,0.0,160.0,51621888.0,51621888.0,12985513606144.0,8.0,8.0,,8.0,8.0,0.0,8.0,,,,,,,,,,,,,,,,,,,,,,,,,,,,,,,,,,,,,,,,,,,,,,,,,,,,,,,,,,,,,,,,,,,,,,,,,,,,,,,,,,,,,,,,,,,,,,,,,,,,,,,,,,,,8.0,0.0,8.0,0.0,160.0,160.0,8.0,,8.0,,,,,,,8.0,,,,,,,,,,,,,,,,,,,,,0.0,,0.0,0.0,0.0,0.0,0.0,0.0,0.0,,0.0,0.57,0.08,,,False,,False,False,False,False,False,False,False,,False,,,,,,,,,,,,,,,,,,,,,,,,,,,,,,,,,,,,,,,,
012421019184_wifi,Gurgaon,108.0,ZYOTB0900058,NOKIA,82E734ECC17F,Haryana,98.01,0.0,98.01,0.0,100.0,0.01,False,False,0.0,35.0,4.09,0.0,4.09,100.0,,100.0,0.15,0.1,AOT5222ZY,Mac,PC,Apple,Computer,True,False,True,False,True,False,False,False,True,,True,2860.0,0.0,2860.0,960829440.0,960829440.0,13709810092032.0,220.0,220.0,,220.0,220.0,0.0,220.0,,,,,,,,,,,,,,,,,,,,,,,,,,,,,,,,,,,,,,,,,,,,,,,,,,,,,,,,,,,,,,,,,,,,,,,,,,,,,,,,,,,,,,,,,,,,,,,,,,,,,,,,,,,,220.0,0.0,220.0,0.0,2860.0,2860.0,220.0,,220.0,,,,,,,220.0,,,,,,,,,,,,,,,,,,,,,100.0,,100.0,98.01,0.0,98.01,4.09,0.0,4.09,35.0,0.0,0.15,0.1,False,False,True,,True,True,False,True,False,False,False,True,False,,,,,,,,,,,,,,,,,,,,,,,,,,,,,,,,,,,,,,,,
012444801137_dsl,Gurgaon,108.0,NKOTDF000165,NOKIA,0E8F1FC5025E,Haryana,0.0,0.0,0.0,11.11,88.89,41.38,False,False,0.0,10.0,1.65,13.04,0.0,0.0,0.0,0.0,2.05,0.29,AAP321NK,,,,,False,False,False,False,True,False,False,False,False,False,False,19100.0,0.0,19100.0,26223039488.0,26223039488.0,63366486016.0,1093.0,1093.0,138.0,955.0,1093.0,138.0,955.0,,,,,,,,,,,,,,,,,,,,,,,,,,,,,,,,,,,,,,,,,,,,,,,,,,,,,,,,,,,,,,,,,,,,,,,,,,,,,,,,,,,,,,,,,,,,,,,,,,,,,,,,,,,,1093.0,138.0,955.0,0.0,19100.0,19100.0,1093.0,138.0,955.0,,,,,,,1093.0,,,,,,,,,,,,,,,,,,,,,0.0,0.0,0.0,0.0,0.0,0.0,1.65,13.04,0.0,10.0,0.0,2.05,0.29,False,False,False,False,False,False,False,False,False,False,False,True,False,,,,,,,,,,,,,,,,,,,,,,,,,,,,,,,,,,,,,,,,
012436398608_dsl,Gurgaon,108.0,NKOTDF0001E7,NOKIA,E8AACBA5B753,Haryana,,,,100.0,0.0,13.32,False,False,0.0,3.0,24.79,24.79,0.0,0.0,0.0,,2.01,0.05,AOT4221NK,Samsung,,,,,,,False,False,False,False,False,False,False,,,,,7072830464.0,7072830464.0,53095579648.0,117.0,117.0,117.0,,117.0,117.0,0.0,,,,,,,,,,,,,,,,,,,,,,,,,,,,,,,,,,,,,,,,,,,,,,,,,,,,,,,,,,,,,,,,,,,,,,,,,,,,,,,,,,,,,,,,,,,,,,,,,,,,,,,,,,,,117.0,117.0,0.0,,,,117.0,117.0,,,,,,,,117.0,,,,,,,,,,,,,,,,,,,,,0.0,0.0,,,,,24.79,24.79,0.0,3.0,0.0,2.01,0.05,False,False,False,False,,,,,False,False,False,False,False,,,,,,,,,,,,,,,,,,,,,,,,,,,,,,,,,,,,,,,,
012445159575_dsl,Gurgaon,108.0,ZYOTFD000042,NOKIA,EEF8085B863E,Haryana,27.25,0.0,27.25,0.0,100.0,37.5,,,0.0,,22.37,0.0,22.37,27.25,,27.25,2.95,0.29,AOT5221ZY,,,,,False,False,False,False,,False,False,False,False,,False,26280.0,0.0,26280.0,26153287680.0,26153287680.0,69748383744.0,1314.0,1314.0,,1314.0,1314.0,0.0,1314.0,,,,,,,,,,,,,,,,,,,,,,,,,,,,,,,,,,,,,,,,,,,,,,,,,,,,,,,,,,,,,,,,,,,,,,,,,,,,,,,,,,,,,,,,,,,,,,,,,,,,,,,,,,,,1314.0,0.0,1314.0,0.0,26280.0,26280.0,1314.0,,1314.0,,,,,,,1314.0,,,,,,,,,,,,,,,,,,,,,27.25,,27.25,27.25,0.0,27.25,22.37,0.0,22.37,,0.0,2.95,0.29,,,False,,False,False,False,False,False,False,False,,False,,,,,,,,,,,,,,,,,,,,,,,,,,,,,,,,,,,,,,,,
012421019184_wifi,Gurgaon,108.0,ZYOTB0900058,NOKIA,EC2E98E3389F,Haryana,0.0,0.0,0.0,0.0,100.0,0.0,False,False,0.0,3.0,0.0,0.0,0.0,0.0,,0.0,4.38,0.19,AOT5222ZY,LAPTOP-TCO94T84,,,,False,False,False,False,False,False,False,False,False,,False,884.0,0.0,884.0,620994560.0,620994560.0,13709810092032.0,68.0,68.0,,68.0,68.0,0.0,68.0,,,,,,,,,,,,,,,,,,,,,,,,,,,,,,,,,,,,,,,,,,,,,,,,,,,,,,,,,,,,,,,,,,,,,,,,,,,,,,,,,,,,,,,,,,,,,,,,,,,,,,,,,,,,68.0,0.0,68.0,0.0,884.0,884.0,68.0,,68.0,,,,,,,68.0,,,,,,,,,,,,,,,,,,,,,0.0,,0.0,0.0,0.0,0.0,0.0,0.0,0.0,3.0,0.0,4.38,0.19,False,False,False,,False,False,False,False,False,False,False,False,False,,,,,,,,,,,,,,,,,,,,,,,,,,,,,,,,,,,,,,,,
012444801137_dsl,Gurgaon,108.0,NKOTDF000165,NOKIA,EEB2A6A2A1E6,Haryana,0.0,0.0,0.0,0.0,100.0,20.38,False,False,0.0,14.0,3.2,0.0,3.2,0.0,,0.0,3.0,1.2,AAP321NK,Aditya-Vikram-s-A36,PHONE,Samsung,Galaxy A36 5G,False,False,False,False,True,False,False,False,False,,False,11240.0,0.0,11240.0,12917078016.0,12917078016.0,63366486016.0,562.0,562.0,,562.0,562.0,0.0,562.0,,,,,,,,,,,,,,,,,,,,,,,,,,,,,,,,,,,,,,,,,,,,,,,,,,,,,,,,,,,,,,,,,,,,,,,,,,,,,,,,,,,,,,,,,,,,,,,,,,,,,,,,,,,,562.0,0.0,562.0,0.0,11240.0,11240.0,562.0,,562.0,,,,,,,562.0,,,,,,,,,,,,,,,,,,,,,0.0,,0.0,0.0,0.0,0.0,3.2,0.0,3.2,14.0,0.0,3.0,1.2,False,False,False,,False,False,False,False,False,False,False,True,False,,,,,,,,,,,,,,,,,,,,,,,,,,,,,,,,,,,,,,,,
01244081160_dsl,Gurgaon,108.0,NKOT0F01CE6F,NOKIA,624E55188F68,Haryana,0.0,0.0,0.0,0.0,100.0,0.11,,,0.0,,0.0,0.0,0.0,0.0,,0.0,0.02,0.01,AOT4221NK,,,,,False,False,False,False,,False,False,False,False,,False,14070.0,0.0,14070.0,30555136.0,30555136.0,28955312128.0,938.0,938.0,,938.0,938.0,0.0,938.0,,,,,,,,,,,,,,,,,,,,,,,,,,,,,,,,,,,,,,,,,,,,,,,,,,,,,,,,,,,,,,,,,,,,,,,,,,,,,,,,,,,,,,,,,,,,,,,,,,,,,,,,,,,,938.0,0.0,938.0,0.0,14070.0,14070.0,938.0,,938.0,,,,,,,938.0,,,,,,,,,,,,,,,,,,,,,0.0,,0.0,0.0,0.0,0.0,0.0,0.0,0.0,,0.0,0.02,0.01,,,False,,False,False,False,False,False,False,False,,False,,,,,,,,,,,,,,,,,,,,,,,,,,,,,,,,,,,,,,,,
012447862103_dsl,Gurgaon,108.0,ZYOTB0900020,NOKIA,B64DBCFFA6ED,Haryana,0.0,0.0,0.0,0.0,100.0,0.0,,,0.0,,0.0,0.0,0.0,0.0,,0.0,0.0,0.0,AOT5222ZY,,,,,False,False,False,False,,False,False,False,False,,False,13140.0,0.0,13140.0,33883136.0,33883136.0,12985513606144.0,657.0,657.0,,657.0,657.0,0.0,657.0,,,,,,,,,,,,,,,,,,,,,,,,,,,,,,,,,,,,,,,,,,,,,,,,,,,,,,,,,,,,,,,,,,,,,,,,,,,,,,,,,,,,,,,,,,,,,,,,,,,,,,,,,,,,657.0,0.0,657.0,0.0,13140.0,13140.0,657.0,,657.0,,,,,,,657.0,,,,,,,,,,,,,,,,,,,,,0.0,,0.0,0.0,0.0,0.0,0.0,0.0,0.0,,0.0,0.0,0.0,,,False,,False,False,False,False,False,False,False,,False,,,,,,,,,,,,,,,,,,,,,,,,,,,,,,,,,,,,,,,,
01244081160_dsl,Gurgaon,108.0,NKOT0F01CE6F,NOKIA,46C1F4DAE089,Haryana,0.0,0.0,0.0,0.0,100.0,41.91,False,False,0.0,6.0,0.0,0.0,0.0,0.0,,0.0,2.72,0.49,AOT4221NK,AAP321NK,WIFI_EXTENDER,,AAP321NK,False,False,False,False,True,False,False,False,False,,False,14070.0,0.0,14070.0,12136155136.0,12136155136.0,28955312128.0,938.0,938.0,,938.0,938.0,0.0,938.0,,,,,,,,,,,,,,,,,,,,,,,,,,,,,,,,,,,,,,,,,,,,,,,,,,,,,,,,,,,,,,,,,,,,,,,,,,,,,,,,,,,,,,,,,,,,,,,,,,,,,,,,,,,,938.0,0.0,938.0,0.0,14070.0,14070.0,938.0,,938.0,,,,,,,938.0,,,,,,,,,,,,,,,,,,,,,0.0,,0.0,0.0,0.0,0.0,0.0,0.0,0.0,6.0,0.0,2.72,0.49,False,False,False,,False,False,False,False,False,False,False,True,False,,,,,,,,,,,,,,,,,,,,,,,,,,,,,,,,,,,,,,,,
01244081160_dsl,Gurgaon,108.0,NKOT0F01CE6F,NOKIA,A2B5039A07F0,Haryana,0.0,0.0,0.0,10.53,89.47,0.0,False,False,0.0,57.0,50.0,100.0,0.0,0.0,0.0,0.0,0.01,0.0,AOT4221NK,iPhone,,,,False,False,False,False,True,False,True,False,False,False,False,15.0,0.0,15.0,389120.0,389120.0,28955312128.0,2.0,2.0,1.0,1.0,2.0,1.0,1.0,,,,,,,,,,,,,,,,,,,,,,,,,,,,,,,,,,,,,,,,,,,,,,,,,,,,,,,,,,,,,,,,,,,,,,,,,,,,,,,,,,,,,,,,,,,,,,,,,,,,,,,,,,,,2.0,1.0,1.0,0.0,15.0,15.0,2.0,1.0,1.0,,,,,,,2.0,,,,,,,,,,,,,,,,,,,,,0.0,0.0,0.0,0.0,0.0,0.0,50.0,100.0,0.0,57.0,0.0,0.01,0.0,False,False,False,False,False,False,False,False,False,True,False,True,False,,,,,,,,,,,,,,,,,,,,,,,,,,,,,,,,,,,,,,,,
012444903348_dsl,Gurgaon,108.0,NKOT0F01CE7E,NOKIA,8E9D83596BDF,Haryana,0.0,0.0,0.0,0.0,100.0,0.4,,,0.0,,0.0,0.0,0.0,0.0,,0.0,0.84,0.03,AOT4221NK,,,,,False,False,False,False,,False,False,False,False,,False,4164.0,0.0,4164.0,301854494.0,301854494.0,75641332991.0,1388.0,1388.0,,1388.0,1388.0,0.0,1388.0,,,,,,,,,,,,,,,,,,,,,,,,,,,,,,,,,,,,,,,,,,,,,,,,,,,,,,,,,,,,,,,,,,,,,,,,,,,,,,,,,,,,,,,,,,,,,,,,,,,,,,,,,,,,1388.0,0.0,1388.0,0.0,4164.0,4164.0,1388.0,,1388.0,,,,,,,1388.0,,,,,,,,,,,,,,,,,,,,,0.0,,0.0,0.0,0.0,0.0,0.0,0.0,0.0,,0.0,0.84,0.03,,,False,,False,False,False,False,False,False,False,,False,,,,,,,,,,,,,,,,,,,,,,,,,,,,,,,,,,,,,,,,
01244054723_dsl,Gurgaon,108.0,NKOT0F0226EE,NOKIA,FA221A76C102,Haryana,0.35,0.0,0.35,10.16,89.84,1.3,False,False,0.0,11.0,35.76,75.4,0.0,0.19,0.0,0.36,0.83,0.47,AOT4221NK,iPhone,PHONE,Apple,iPhone,False,False,False,False,True,False,True,False,False,False,False,5500.0,0.0,5500.0,442629120.0,442629120.0,33981353984.0,523.0,523.0,248.0,275.0,523.0,248.0,275.0,,,,,,,,,,,,,,,,,,,,,,,,,,,,,,,,,,,,,,,,,,,,,,,,,,,,,,,,,,,,,,,,,,,,,,,,,,,,,,,,,,,,,,,,,,,,,,,,,,,,,,,,,,,,523.0,248.0,275.0,0.0,5500.0,5500.0,523.0,248.0,275.0,,,,,,,523.0,,,,,,,,,,,,,,,,,,,,,0.19,0.0,0.36,0.35,0.0,0.35,35.76,75.4,0.0,11.0,0.0,0.83,0.47,False,False,False,False,False,False,False,False,False,True,False,True,False,,,,,,,,,,,,,,,,,,,,,,,,,,,,,,,,,,,,,,,,
012445159575_dsl,Gurgaon,108.0,ZYOTFD000042,NOKIA,C20991673E48,Haryana,6.37,0.0,6.37,0.0,100.0,9.97,,,0.0,,0.0,0.0,0.0,6.37,,6.37,0.54,0.11,AOT5221ZY,,,,,False,False,False,False,,False,False,False,False,,False,20080.0,0.0,20080.0,6952809472.0,6952809472.0,69748383744.0,1004.0,1004.0,,1004.0,1004.0,0.0,1004.0,,,,,,,,,,,,,,,,,,,,,,,,,,,,,,,,,,,,,,,,,,,,,,,,,,,,,,,,,,,,,,,,,,,,,,,,,,,,,,,,,,,,,,,,,,,,,,,,,,,,,,,,,,,,1004.0,0.0,1004.0,0.0,20080.0,20080.0,1004.0,,1004.0,,,,,,,1004.0,,,,,,,,,,,,,,,,,,,,,6.37,,6.37,6.37,0.0,6.37,0.0,0.0,0.0,,0.0,0.54,0.11,,,False,,False,False,False,False,False,False,False,,False,,,,,,,,,,,,,,,,,,,,,,,,,,,,,,,,,,,,,,,,
01244054723_dsl,Gurgaon,108.0,NKOT0F0226EE,NOKIA,88F4DA2E79F3,Haryana,0.0,0.0,0.0,0.0,100.0,0.68,False,False,0.0,4.0,10.98,0.0,10.98,0.0,,0.0,0.29,0.09,AOT4221NK,LTB0000372-003,LAPTOP,Lenovo,Laptop,False,False,False,False,False,False,False,False,False,,False,1640.0,0.0,1640.0,232590336.0,232590336.0,33981353984.0,82.0,82.0,,82.0,82.0,0.0,82.0,,,,,,,,,,,,,,,,,,,,,,,,,,,,,,,,,,,,,,,,,,,,,,,,,,,,,,,,,,,,,,,,,,,,,,,,,,,,,,,,,,,,,,,,,,,,,,,,,,,,,,,,,,,,82.0,0.0,82.0,0.0,1640.0,1640.0,82.0,,82.0,,,,,,,82.0,,,,,,,,,,,,,,,,,,,,,0.0,,0.0,0.0,0.0,0.0,10.98,0.0,10.98,4.0,0.0,0.29,0.09,False,False,False,,False,False,False,False,False,False,False,False,False,,,,,,,,,,,,,,,,,,,,,,,,,,,,,,,,,,,,,,,,
012445159575_dsl,Gurgaon,108.0,ZYOTFD000042,NOKIA,36638CE621E6,Haryana,25.71,0.0,25.71,0.0,100.0,17.47,,,0.0,,0.0,0.0,0.0,25.71,,25.71,2.41,0.06,AOT5221ZY,,,,,False,False,False,False,,False,False,False,False,,False,9100.0,0.0,9100.0,12188006400.0,12188006400.0,69748383744.0,455.0,455.0,,455.0,455.0,0.0,455.0,,,,,,,,,,,,,,,,,,,,,,,,,,,,,,,,,,,,,,,,,,,,,,,,,,,,,,,,,,,,,,,,,,,,,,,,,,,,,,,,,,,,,,,,,,,,,,,,,,,,,,,,,,,,455.0,0.0,455.0,0.0,9100.0,9100.0,455.0,,455.0,,,,,,,455.0,,,,,,,,,,,,,,,,,,,,,25.71,,25.71,25.71,0.0,25.71,0.0,0.0,0.0,,0.0,2.41,0.06,,,False,,False,False,False,False,False,False,False,,False,,,,,,,,,,,,,,,,,,,,,,,,,,,,,,,,,,,,,,,,
012444801137_dsl,Gurgaon,108.0,NKOTDF000165,NOKIA,8CD0B2169430,Haryana,,,,100.0,0.0,0.1,False,False,0.0,1.0,68.7,68.7,0.0,0.0,0.0,,0.0,0.0,AAP321NK,zhimi-airp-mb5_mibt9430,,Xiaomi,Smart Air Purifier 6,,,,False,False,True,True,False,False,False,,,,,60600320.0,60600320.0,63366486016.0,1182.0,1182.0,1182.0,,1182.0,1182.0,0.0,,,,,,,,,,,,,,,,,,,,,,,,,,,,,,,,,,,,,,,,,,,,,,,,,,,,,,,,,,,,,,,,,,,,,,,,,,,,,,,,,,,,,,,,,,,,,,,,,,,,,,,,,,,,1182.0,1182.0,0.0,,,,1182.0,1182.0,,,,,,,,1182.0,,,,,,,,,,,,,,,,,,,,,0.0,0.0,,,,,68.7,68.7,0.0,1.0,0.0,0.0,0.0,False,False,False,False,,,,,True,True,False,False,False,,,,,,,,,,,,,,,,,,,,,,,,,,,,,,,,,,,,,,,,
01246232448_dsl,Gurgaon,108.0,NKOT2F045EF1,NOKIA,8E8E23237C9A,Haryana,,,,100.0,0.0,0.0,False,False,0.0,8.0,0.0,0.0,0.0,0.0,0.0,,0.01,0.01,AOT4221NK,,,,,,,,False,True,False,False,False,False,False,,,,,294133.0,294133.0,30192833294.0,1.0,1.0,1.0,,1.0,1.0,0.0,,,,,,,,,,,,,,,,,,,,,,,,,,,,,,,,,,,,,,,,,,,,,,,,,,,,,,,,,,,,,,,,,,,,,,,,,,,,,,,,,,,,,,,,,,,,,,,,,,,,,,,,,,,,1.0,1.0,0.0,,,,1.0,1.0,,,,,,,,1.0,,,,,,,,,,,,,,,,,,,,,0.0,0.0,,,,,0.0,0.0,0.0,8.0,0.0,0.01,0.01,False,False,False,False,,,,,False,False,False,True,False,,,,,,,,,,,,,,,,,,,,,,,,,,,,,,,,,,,,,,,,
01246232448_dsl,Gurgaon,108.0,NKOT2F045EF1,NOKIA,664768FB1349,Haryana,0.0,0.0,0.0,0.0,100.0,2.64,False,False,0.0,4.0,0.0,0.0,0.0,0.0,,0.0,0.14,0.16,AOT4221NK,,,,,False,False,False,False,False,False,False,False,False,,False,3280.0,0.0,3280.0,798460777.0,798460777.0,30192833294.0,764.0,764.0,,764.0,764.0,0.0,764.0,,,,,,,,,,,,,,,,,,,,,,,,,,,,,,,,,,,,,,,,,,,,,,,,,,,,,,,,,,,,,,,,,,,,,,,,,,,,,,,,,,,,,,,,,,,,,,,,,,,,,,,,,,,,764.0,0.0,764.0,0.0,3280.0,3280.0,764.0,,764.0,,,,,,,764.0,,,,,,,,,,,,,,,,,,,,,0.0,,0.0,0.0,0.0,0.0,0.0,0.0,0.0,4.0,0.0,0.14,0.16,False,False,False,,False,False,False,False,False,False,False,False,False,,,,,,,,,,,,,,,,,,,,,,,,,,,,,,,,,,,,,,,,
012436398608_dsl,Gurgaon,108.0,NKOTDF0001E7,NOKIA,EAD4701DA67C,Haryana,0.0,0.0,0.0,0.0,100.0,7.93,,,0.0,,0.0,0.0,0.0,0.0,,0.0,1.49,0.03,AOT4221NK,,,,,False,False,False,False,,False,False,False,False,,False,22200.0,0.0,22200.0,4209292288.0,4209292288.0,53095579648.0,1110.0,1110.0,,1110.0,1110.0,0.0,1110.0,,,,,,,,,,,,,,,,,,,,,,,,,,,,,,,,,,,,,,,,,,,,,,,,,,,,,,,,,,,,,,,,,,,,,,,,,,,,,,,,,,,,,,,,,,,,,,,,,,,,,,,,,,,,1110.0,0.0,1110.0,0.0,22200.0,22200.0,1110.0,,1110.0,,,,,,,1110.0,,,,,,,,,,,,,,,,,,,,,0.0,,0.0,0.0,0.0,0.0,0.0,0.0,0.0,,0.0,1.49,0.03,,,False,,False,False,False,False,False,False,False,,False,,,,,,,,,,,,,,,,,,,,,,,,,,,,,,,,,,,,,,,,
012444801137_dsl,Gurgaon,108.0,NKOTDF000165,NOKIA,5A41573787E4,Haryana,0.0,0.0,0.0,0.0,100.0,8.79,,,0.0,0.0,0.0,0.0,0.0,0.0,,0.0,2.72,0.03,AAP321NK,XstreamIPTV1-VT,OTHER,,,False,False,False,False,False,False,False,False,False,,False,24280.0,0.0,24280.0,5571231744.0,5571231744.0,63366486016.0,1214.0,1214.0,,1214.0,1214.0,0.0,1214.0,,,,,,,,,,,,,,,,,,,,,,,,,,,,,,,,,,,,,,,,,,,,,,,,,,,,,,,,,,,,,,,,,,,,,,,,,,,,,,,,,,,,,,,,,,,,,,,,,,,,,,,,,,,,1214.0,0.0,1214.0,0.0,24280.0,24280.0,1214.0,,1214.0,,,,,,,1214.0,,,,,,,,,,,,,,,,,,,,,0.0,,0.0,0.0,0.0,0.0,0.0,0.0,0.0,0.0,0.0,2.72,0.03,,,False,,False,False,False,False,False,False,False,False,False,,,,,,,,,,,,,,,,,,,,,,,,,,,,,,,,,,,,,,,,
01244081160_dsl,Gurgaon,108.0,NKOT0F01CE6F,NOKIA,982CC65FE490,Haryana,0.0,0.0,0.0,0.0,100.0,19.21,False,False,0.0,2.0,0.0,0.0,0.0,0.0,,0.0,0.76,0.04,AOT4221NK,XstreamIPTV2-SM,OTHER,Sernet (Suzhou) Technologies,,False,False,False,False,False,False,False,False,False,,False,14070.0,0.0,14070.0,5563752448.0,5563752448.0,28955312128.0,938.0,938.0,,938.0,938.0,0.0,938.0,,,,,,,,,,,,,,,,,,,,,,,,,,,,,,,,,,,,,,,,,,,,,,,,,,,,,,,,,,,,,,,,,,,,,,,,,,,,,,,,,,,,,,,,,,,,,,,,,,,,,,,,,,,,938.0,0.0,938.0,0.0,14070.0,14070.0,938.0,,938.0,,,,,,,938.0,,,,,,,,,,,,,,,,,,,,,0.0,,0.0,0.0,0.0,0.0,0.0,0.0,0.0,2.0,0.0,0.76,0.04,False,False,False,,False,False,False,False,False,False,False,False,False,,,,,,,,,,,,,,,,,,,,,,,,,,,,,,,,,,,,,,,,
012444801137_dsl,Gurgaon,108.0,NKOTDF000165,NOKIA,1ADDCC588ACB,Haryana,0.0,0.0,0.0,0.0,100.0,13.68,False,False,0.0,8.0,0.0,0.0,0.0,0.71,,0.71,1.35,0.28,AAP321NK,,,,,False,False,False,False,True,False,False,False,False,,False,25200.0,0.0,25200.0,8668773376.0,8668773376.0,63366486016.0,1260.0,1260.0,,1260.0,1260.0,0.0,1260.0,,,,,,,,,,,,,,,,,,,,,,,,,,,,,,,,,,,,,,,,,,,,,,,,,,,,,,,,,,,,,,,,,,,,,,,,,,,,,,,,,,,,,,,,,,,,,,,,,,,,,,,,,,,,1260.0,0.0,1260.0,0.0,25200.0,25200.0,1260.0,,1260.0,,,,,,,1260.0,,,,,,,,,,,,,,,,,,,,,0.71,,0.71,0.0,0.0,0.0,0.0,0.0,0.0,8.0,0.0,1.35,0.28,False,False,False,,False,False,False,False,False,False,False,True,False,,,,,,,,,,,,,,,,,,,,,,,,,,,,,,,,,,,,,,,,
012445159575_dsl,Gurgaon,108.0,ZYOTFD000042,NOKIA,B24C6E7E6054,Haryana,49.11,0.0,49.11,0.0,100.0,0.11,,,0.0,,0.0,0.0,0.0,49.11,,49.11,2.27,0.94,AOT5221ZY,,,,,False,False,False,False,,False,False,False,False,,False,21380.0,0.0,21380.0,76856320.0,76856320.0,69748383744.0,1069.0,1069.0,,1069.0,1069.0,0.0,1069.0,,,,,,,,,,,,,,,,,,,,,,,,,,,,,,,,,,,,,,,,,,,,,,,,,,,,,,,,,,,,,,,,,,,,,,,,,,,,,,,,,,,,,,,,,,,,,,,,,,,,,,,,,,,,1069.0,0.0,1069.0,0.0,21380.0,21380.0,1069.0,,1069.0,,,,,,,1069.0,,,,,,,,,,,,,,,,,,,,,49.11,,49.11,49.11,0.0,49.11,0.0,0.0,0.0,,0.0,2.27,0.94,,,False,,False,False,False,False,False,False,False,,False,,,,,,,,,,,,,,,,,,,,,,,,,,,,,,,,,,,,,,,,
012436398608_dsl,Gurgaon,108.0,NKOTDF0001E7,NOKIA,4A2B8C8008F5,Haryana,0.0,0.0,0.0,52.64,47.36,24.76,False,False,0.0,2.0,25.78,19.65,28.43,0.0,0.0,0.0,2.06,0.06,AOT4221NK,OnePlus-Nord-CE3-5G,,,,False,False,False,False,False,False,False,False,False,False,False,8020.0,0.0,8020.0,13145741312.0,13145741312.0,53095579648.0,574.0,574.0,173.0,401.0,574.0,173.0,401.0,,,,,,,,,,,,,,,,,,,,,,,,,,,,,,,,,,,,,,,,,,,,,,,,,,,,,,,,,,,,,,,,,,,,,,,,,,,,,,,,,,,,,,,,,,,,,,,,,,,,,,,,,,,,574.0,173.0,401.0,0.0,8020.0,8020.0,574.0,173.0,401.0,,,,,,,574.0,,,,,,,,,,,,,,,,,,,,,0.0,0.0,0.0,0.0,0.0,0.0,25.78,19.65,28.43,2.0,0.0,2.06,0.06,False,False,False,False,False,False,False,False,False,False,False,False,False,,,,,,,,,,,,,,,,,,,,,,,,,,,,,,,,,,,,,,,,
01246472327_dsl,Gurgaon,108.0,NKOTA0000592,NOKIA,D6515FE79F4A,Haryana,0.0,0.0,0.0,0.0,100.0,0.73,False,False,0.0,9.0,0.0,0.0,0.0,0.0,,0.0,0.16,0.04,AOT4221NK,AAP321NK,WIFI_EXTENDER,,AAP321NK,False,False,False,False,True,False,False,False,False,,False,4065.0,0.0,4065.0,103473152.0,103473152.0,14205780992.0,271.0,271.0,,271.0,271.0,0.0,271.0,,,,,,,,,,,,,,,,,,,,,,,,,,,,,,,,,,,,,,,,,,,,,,,,,,,,,,,,,,,,,,,,,,,,,,,,,,,,,,,,,,,,,,,,,,,,,,,,,,,,,,,,,,,,271.0,0.0,271.0,0.0,4065.0,4065.0,271.0,,271.0,,,,,,,271.0,,,,,,,,,,,,,,,,,,,,,0.0,,0.0,0.0,0.0,0.0,0.0,0.0,0.0,9.0,0.0,0.16,0.04,False,False,False,,False,False,False,False,False,False,False,True,False,,,,,,,,,,,,,,,,,,,,,,,,,,,,,,,,,,,,,,,,
012447957675_dsl,Gurgaon,108.0,ZYOT5E069474,NOKIA,401A58606B5F,Haryana,0.0,0.0,0.0,0.0,100.0,39.11,False,True,0.0,3.0,0.0,0.0,0.0,0.0,,0.0,8.53,0.43,,Unknown_40:1a:58:60:6b:5f,,,,False,False,False,False,False,False,False,False,False,,False,7392.0,0.0,7392.0,15880083456.0,15880083456.0,40600765440.0,462.0,462.0,,462.0,462.0,0.0,462.0,,,,,,,,,,,,,,,,,,,,,,,,,,,,,,,,,,,,,,,,,,,,,,,,,,,,,,,,,,,,,,,,,,,,,,,,,,,,,,,,,,,,,,,,,,,,,,,,,,,,,,,,,,,,462.0,0.0,462.0,0.0,7392.0,7392.0,462.0,,462.0,,,,,,,462.0,,,,,,,,,,,,,,,,,,,,,0.0,,0.0,0.0,0.0,0.0,0.0,0.0,0.0,3.0,0.0,8.53,0.43,False,True,False,,False,False,False,False,False,False,False,False,False,,,,,,,,,,,,,,,,,,,,,,,,,,,,,,,,,,,,,,,,
012445118300_dsl,Gurgaon,108.0,NKOT0F01D2BA,NOKIA,48E15C8D0707,Haryana,0.0,0.0,0.0,0.0,100.0,2.85,,,0.0,,0.0,0.0,0.0,0.0,,0.0,0.03,0.0,AOT4221NK,,,,,False,False,False,False,,False,False,False,False,,False,14955.0,0.0,14955.0,37238784.0,37238784.0,1308022784.0,997.0,997.0,,997.0,997.0,0.0,997.0,,,,,,,,,,,,,,,,,,,,,,,,,,,,,,,,,,,,,,,,,,,,,,,,,,,,,,,,,,,,,,,,,,,,,,,,,,,,,,,,,,,,,,,,,,,,,,,,,,,,,,,,,,,,997.0,0.0,997.0,0.0,14955.0,14955.0,997.0,,997.0,,,,,,,997.0,,,,,,,,,,,,,,,,,,,,,0.0,,0.0,0.0,0.0,0.0,0.0,0.0,0.0,,0.0,0.03,0.0,,,False,,False,False,False,False,False,False,False,,False,,,,,,,,,,,,,,,,,,,,,,,,,,,,,,,,,,,,,,,,
012447957675_dsl,Gurgaon,108.0,ZYOT5E069474,NOKIA,985F4150D27D,Haryana,0.0,0.0,0.0,0.0,100.0,22.54,False,False,0.0,3.0,0.0,0.0,0.0,0.0,,0.0,12.35,1.48,,,,,,False,False,False,False,False,False,False,False,False,,False,13280.0,0.0,13280.0,9151751168.0,9151751168.0,40600765440.0,830.0,830.0,,830.0,830.0,0.0,830.0,,,,,,,,,,,,,,,,,,,,,,,,,,,,,,,,,,,,,,,,,,,,,,,,,,,,,,,,,,,,,,,,,,,,,,,,,,,,,,,,,,,,,,,,,,,,,,,,,,,,,,,,,,,,830.0,0.0,830.0,0.0,13280.0,13280.0,830.0,,830.0,,,,,,,830.0,,,,,,,,,,,,,,,,,,,,,0.0,,0.0,0.0,0.0,0.0,0.0,0.0,0.0,3.0,0.0,12.35,1.48,False,False,False,,False,False,False,False,False,False,False,False,False,,,,,,,,,,,,,,,,,,,,,,,,,,,,,,,,,,,,,,,,
012436398608_dsl,Gurgaon,108.0,NKOTDF0001E7,NOKIA,FAB7B87A32B0,Haryana,0.0,0.0,0.0,7.67,92.33,3.49,False,False,0.0,16.0,0.0,0.0,0.0,0.0,0.0,0.0,8.59,0.11,AOT4221NK,,,,,False,False,False,False,True,False,False,False,False,False,False,1120.0,0.0,1120.0,1855045632.0,1855045632.0,53095579648.0,58.0,58.0,2.0,56.0,58.0,2.0,56.0,,,,,,,,,,,,,,,,,,,,,,,,,,,,,,,,,,,,,,,,,,,,,,,,,,,,,,,,,,,,,,,,,,,,,,,,,,,,,,,,,,,,,,,,,,,,,,,,,,,,,,,,,,,,58.0,2.0,56.0,0.0,1120.0,1120.0,58.0,2.0,56.0,,,,,,,58.0,,,,,,,,,,,,,,,,,,,,,0.0,0.0,0.0,0.0,0.0,0.0,0.0,0.0,0.0,16.0,0.0,8.59,0.11,False,False,False,False,False,False,False,False,False,False,False,True,False,,,,,,,,,,,,,,,,,,,,,,,,,,,,,,,,,,,,,,,,
01244054723_dsl,Gurgaon,108.0,NKOT0F0226EE,NOKIA,CC6B1E9D361D,Haryana,0.0,0.0,0.0,0.0,100.0,4.4,False,True,0.0,2.0,55.37,0.0,55.37,0.0,,0.0,2.43,0.07,AOT4221NK,LAPTOP-333I3CKG,LAPTOP,HP,ProBook,False,False,False,False,False,False,False,False,False,,False,10980.0,0.0,10980.0,1495683072.0,1495683072.0,33981353984.0,549.0,549.0,,549.0,549.0,0.0,549.0,,,,,,,,,,,,,,,,,,,,,,,,,,,,,,,,,,,,,,,,,,,,,,,,,,,,,,,,,,,,,,,,,,,,,,,,,,,,,,,,,,,,,,,,,,,,,,,,,,,,,,,,,,,,549.0,0.0,549.0,0.0,10980.0,10980.0,549.0,,549.0,,,,,,,549.0,,,,,,,,,,,,,,,,,,,,,0.0,,0.0,0.0,0.0,0.0,55.37,0.0,55.37,2.0,0.0,2.43,0.07,False,True,False,,False,False,False,False,False,False,False,False,False,,,,,,,,,,,,,,,,,,,,,,,,,,,,,,,,,,,,,,,,
01244054723_dsl,Gurgaon,108.0,NKOT0F0226EE,NOKIA,5AA1E0C63E20,Haryana,3.68,0.0,3.68,23.96,76.04,10.39,False,False,0.0,29.0,28.05,65.66,3.75,6.65,7.42,6.15,2.35,0.15,AOT4221NK,Pixel-8a,PHONE,Google,Pixel 8a,False,False,False,False,True,False,True,False,False,False,False,13340.0,0.0,13340.0,3531685888.0,3531685888.0,33981353984.0,1098.0,1098.0,431.0,667.0,1098.0,431.0,667.0,,,,,,,,,,,,,,,,,,,,,,,,,,,,,,,,,,,,,,,,,,,,,,,,,,,,,,,,,,,,,,,,,,,,,,,,,,,,,,,,,,,,,,,,,,,,,,,,,,,,,,,,,,,,1098.0,431.0,667.0,0.0,13340.0,13340.0,1098.0,431.0,667.0,,,,,,,1098.0,,,,,,,,,,,,,,,,,,,,,6.65,7.42,6.15,3.68,0.0,3.68,28.05,65.66,3.75,29.0,0.0,2.35,0.15,False,False,False,False,False,False,False,False,False,True,False,True,False,,,,,,,,,,,,,,,,,,,,,,,,,,,,,,,,,,,,,,,,
012444903348_dsl,Gurgaon,108.0,NKOT0F01CE7E,NOKIA,BCF171E84D65,Haryana,0.0,0.0,0.0,0.0,100.0,0.9,False,False,0.0,2.0,0.0,0.0,0.0,0.0,,0.0,2.33,1.06,AOT4221NK,TABLET-G71GRCJO,TABLET,Microsoft,Surface Pro 8,False,False,False,False,False,False,False,False,False,,False,1836.0,0.0,1836.0,680265641.0,680265641.0,75641332991.0,612.0,612.0,,612.0,612.0,0.0,612.0,,,,,,,,,,,,,,,,,,,,,,,,,,,,,,,,,,,,,,,,,,,,,,,,,,,,,,,,,,,,,,,,,,,,,,,,,,,,,,,,,,,,,,,,,,,,,,,,,,,,,,,,,,,,612.0,0.0,612.0,0.0,1836.0,1836.0,612.0,,612.0,,,,,,,612.0,,,,,,,,,,,,,,,,,,,,,0.0,,0.0,0.0,0.0,0.0,0.0,0.0,0.0,2.0,0.0,2.33,1.06,False,False,False,,False,False,False,False,False,False,False,False,False,,,,,,,,,,,,,,,,,,,,,,,,,,,,,,,,,,,,,,,,
01244081160_dsl,Gurgaon,108.0,NKOT0F01CE6F,NOKIA,6854FD250B98,Haryana,,,,100.0,0.0,0.6,False,False,0.0,2.0,0.0,0.0,0.0,0.0,0.0,,0.03,0.01,AOT4221NK,amazon-f290ecf4f,VOICE_ASSISTANT,Amazon,Echo,,,,False,False,False,False,False,False,False,,,,,174557184.0,174557184.0,28955312128.0,938.0,938.0,938.0,,938.0,938.0,0.0,,,,,,,,,,,,,,,,,,,,,,,,,,,,,,,,,,,,,,,,,,,,,,,,,,,,,,,,,,,,,,,,,,,,,,,,,,,,,,,,,,,,,,,,,,,,,,,,,,,,,,,,,,,,938.0,938.0,0.0,,,,938.0,938.0,,,,,,,,938.0,,,,,,,,,,,,,,,,,,,,,0.0,0.0,,,,,0.0,0.0,0.0,2.0,0.0,0.03,0.01,False,False,False,False,,,,,False,False,False,False,False,,,,,,,,,,,,,,,,,,,,,,,,,,,,,,,,,,,,,,,,
01244054723_dsl,Gurgaon,108.0,NKOT0F0226EE,NOKIA,62A173AB08D4,Haryana,0.0,0.0,0.0,0.08,99.92,0.07,False,False,0.0,3.0,0.0,0.0,0.0,0.0,0.0,0.0,0.16,0.02,AOT4221NK,,,,,False,False,False,False,False,False,False,False,False,False,False,180.0,0.0,180.0,22368256.0,22368256.0,33981353984.0,10.0,10.0,1.0,9.0,10.0,1.0,9.0,,,,,,,,,,,,,,,,,,,,,,,,,,,,,,,,,,,,,,,,,,,,,,,,,,,,,,,,,,,,,,,,,,,,,,,,,,,,,,,,,,,,,,,,,,,,,,,,,,,,,,,,,,,,10.0,1.0,9.0,0.0,180.0,180.0,10.0,1.0,9.0,,,,,,,10.0,,,,,,,,,,,,,,,,,,,,,0.0,0.0,0.0,0.0,0.0,0.0,0.0,0.0,0.0,3.0,0.0,0.16,0.02,False,False,False,False,False,False,False,False,False,False,False,False,False,,,,,,,,,,,,,,,,,,,,,,,,,,,,,,,,,,,,,,,,
012445118300_dsl,Gurgaon,108.0,NKOT0F01D2BA,NOKIA,50DCE7D68D34,Haryana,0.0,0.0,0.0,0.0,100.0,3.65,,,0.0,,0.0,0.0,0.0,0.0,,0.0,0.01,0.0,AOT4221NK,,,,,False,False,False,False,,False,False,False,False,,False,14955.0,0.0,14955.0,47704064.0,47704064.0,1308022784.0,997.0,997.0,,997.0,997.0,0.0,997.0,,,,,,,,,,,,,,,,,,,,,,,,,,,,,,,,,,,,,,,,,,,,,,,,,,,,,,,,,,,,,,,,,,,,,,,,,,,,,,,,,,,,,,,,,,,,,,,,,,,,,,,,,,,,997.0,0.0,997.0,0.0,14955.0,14955.0,997.0,,997.0,,,,,,,997.0,,,,,,,,,,,,,,,,,,,,,0.0,,0.0,0.0,0.0,0.0,0.0,0.0,0.0,,0.0,0.01,0.0,,,False,,False,False,False,False,False,False,False,,False,,,,,,,,,,,,,,,,,,,,,,,,,,,,,,,,,,,,,,,,
012447957675_dsl,Gurgaon,108.0,ZYOT5E069474,NOKIA,8A0688D585E5,Haryana,0.0,0.0,0.0,0.0,100.0,1.13,False,False,0.0,2.0,0.0,0.0,0.0,0.0,,0.0,0.05,0.04,,,,,,False,False,False,False,False,False,False,False,False,,False,9488.0,0.0,9488.0,456839168.0,456839168.0,40600765440.0,785.0,785.0,,785.0,785.0,0.0,785.0,,,,,,,,,,,,,,,,,,,,,,,,,,,,,,,,,,,,,,,,,,,,,,,,,,,,,,,,,,,,,,,,,,,,,,,,,,,,,,,,,,,,,,,,,,,,,,,,,,,,,,,,,,,,785.0,0.0,785.0,0.0,9488.0,9488.0,785.0,,785.0,,,,,,,785.0,,,,,,,,,,,,,,,,,,,,,0.0,,0.0,0.0,0.0,0.0,0.0,0.0,0.0,2.0,0.0,0.05,0.04,False,False,False,,False,False,False,False,False,False,False,False,False,,,,,,,,,,,,,,,,,,,,,,,,,,,,,,,,,,,,,,,,
01246472327_dsl,Gurgaon,108.0,NKOTA0000592,NOKIA,481B40DAC1F0,Haryana,0.0,0.0,0.0,0.0,100.0,0.54,False,False,0.0,5.0,0.0,0.0,0.0,0.0,,0.0,0.11,0.03,AOT4221NK,Unknown_48:1b:40:da:c1:f0,,,,False,False,False,False,False,False,False,False,False,,False,6120.0,0.0,6120.0,76872704.0,76872704.0,14205780992.0,408.0,408.0,,408.0,408.0,0.0,408.0,,,,,,,,,,,,,,,,,,,,,,,,,,,,,,,,,,,,,,,,,,,,,,,,,,,,,,,,,,,,,,,,,,,,,,,,,,,,,,,,,,,,,,,,,,,,,,,,,,,,,,,,,,,,408.0,0.0,408.0,0.0,6120.0,6120.0,408.0,,408.0,,,,,,,408.0,,,,,,,,,,,,,,,,,,,,,0.0,,0.0,0.0,0.0,0.0,0.0,0.0,0.0,5.0,0.0,0.11,0.03,False,False,False,,False,False,False,False,False,False,False,False,False,,,,,,,,,,,,,,,,,,,,,,,,,,,,,,,,,,,,,,,,
012444903348_dsl,Gurgaon,108.0,NKOT0F01CE7E,NOKIA,5CEA1D30FB63,Haryana,0.0,0.0,0.0,0.0,100.0,27.67,,,0.0,,0.0,0.0,0.0,0.0,,0.0,4.91,0.05,AOT4221NK,,,,,False,False,False,False,,False,False,False,False,,False,4164.0,0.0,4164.0,20929479778.0,20929479778.0,75641332991.0,1388.0,1388.0,,1388.0,1388.0,0.0,1388.0,,,,,,,,,,,,,,,,,,,,,,,,,,,,,,,,,,,,,,,,,,,,,,,,,,,,,,,,,,,,,,,,,,,,,,,,,,,,,,,,,,,,,,,,,,,,,,,,,,,,,,,,,,,,1388.0,0.0,1388.0,0.0,4164.0,4164.0,1388.0,,1388.0,,,,,,,1388.0,,,,,,,,,,,,,,,,,,,,,0.0,,0.0,0.0,0.0,0.0,0.0,0.0,0.0,,0.0,4.91,0.05,,,False,,False,False,False,False,False,False,False,,False,,,,,,,,,,,,,,,,,,,,,,,,,,,,,,,,,,,,,,,,
012444903348_dsl,Gurgaon,108.0,NKOT0F01CE7E,NOKIA,82A170AF2571,Haryana,0.0,0.0,0.0,99.98,0.02,10.6,False,True,0.0,15.0,47.73,48.77,0.0,0.0,0.0,0.0,2.41,0.12,AOT4221NK,realme-15T,,,,False,False,False,False,True,False,False,False,False,False,False,6263.0,6239.0,24.0,8019553520.0,8019553520.0,75641332991.0,375.0,375.0,367.0,8.0,375.0,367.0,8.0,,,,,,,,,,,,,,,,,,,,,,,,,,,,,,,,,,,,,,,,,,,,,,,,,,,,,,,,,,,,,,,,,,,,,,,,,,,,,,,,,,,,,,,,,,,,,,,,,,,,,,,,,,,,375.0,367.0,8.0,6239.0,24.0,6263.0,375.0,367.0,8.0,,,,,,,375.0,,,,,,,,,,,,,,,,,,,,,0.0,0.0,0.0,0.0,0.0,0.0,47.73,48.77,0.0,15.0,0.0,2.41,0.12,False,True,False,False,False,False,False,False,False,False,False,True,False,,,,,,,,,,,,,,,,,,,,,,,,,,,,,,,,,,,,,,,,
012444903348_dsl,Gurgaon,108.0,NKOT0F01CE7E,NOKIA,DE9EF3A73DC5,Haryana,2.13,2.18,0.0,83.13,16.87,0.0,False,True,0.0,49.0,98.78,100.0,88.89,2.44,2.74,0.0,0.03,0.04,AOT4221NK,,,,,False,False,False,False,True,True,True,True,False,False,False,1268.0,1241.0,27.0,1303058.0,1303058.0,75641332991.0,82.0,82.0,73.0,9.0,82.0,73.0,9.0,,,,,,,,,,,,,,,,,,,,,,,,,,,,,,,,,,,,,,,,,,,,,,,,,,,,,,,,,,,,,,,,,,,,,,,,,,,,,,,,,,,,,,,,,,,,,,,,,,,,,,,,,,,,82.0,73.0,9.0,1241.0,27.0,1268.0,82.0,73.0,9.0,,,,,,,82.0,,,,,,,,,,,,,,,,,,,,,2.44,2.74,0.0,2.13,2.18,0.0,98.78,100.0,88.89,49.0,0.0,0.03,0.04,False,True,False,False,False,False,False,False,True,True,True,True,False,,,,,,,,,,,,,,,,,,,,,,,,,,,,,,,,,,,,,,,,
012445159575_dsl,Gurgaon,108.0,ZYOTFD000042,NOKIA,4C1B86D3490C,Haryana,96.43,0.0,96.43,0.0,100.0,9.76,,,0.0,,0.0,0.0,0.0,96.43,,96.43,5.63,0.14,AOT5221ZY,,,,,True,False,True,False,,False,False,False,True,,True,560.0,0.0,560.0,6806099968.0,6806099968.0,69748383744.0,28.0,28.0,,28.0,28.0,0.0,28.0,,,,,,,,,,,,,,,,,,,,,,,,,,,,,,,,,,,,,,,,,,,,,,,,,,,,,,,,,,,,,,,,,,,,,,,,,,,,,,,,,,,,,,,,,,,,,,,,,,,,,,,,,,,,28.0,0.0,28.0,0.0,560.0,560.0,28.0,,28.0,,,,,,,28.0,,,,,,,,,,,,,,,,,,,,,96.43,,96.43,96.43,0.0,96.43,0.0,0.0,0.0,,0.0,5.63,0.14,,,True,,True,True,False,True,False,False,False,,False,,,,,,,,,,,,,,,,,,,,,,,,,,,,,,,,,,,,,,,,
012447957675_dsl,Gurgaon,108.0,ZYOT5E069474,NOKIA,324ED16F1BEC,Haryana,0.0,0.0,0.0,0.0,100.0,2.37,False,True,0.0,4.0,0.0,0.0,0.0,0.0,,0.0,0.07,0.01,,spradit,OTHER,,,False,False,False,False,False,False,False,False,False,,False,9488.0,0.0,9488.0,962606080.0,962606080.0,40600765440.0,785.0,785.0,,785.0,785.0,0.0,785.0,,,,,,,,,,,,,,,,,,,,,,,,,,,,,,,,,,,,,,,,,,,,,,,,,,,,,,,,,,,,,,,,,,,,,,,,,,,,,,,,,,,,,,,,,,,,,,,,,,,,,,,,,,,,785.0,0.0,785.0,0.0,9488.0,9488.0,785.0,,785.0,,,,,,,785.0,,,,,,,,,,,,,,,,,,,,,0.0,,0.0,0.0,0.0,0.0,0.0,0.0,0.0,4.0,0.0,0.07,0.01,False,True,False,,False,False,False,False,False,False,False,False,False,,,,,,,,,,,,,,,,,,,,,,,,,,,,,,,,,,,,,,,,
012444903348_dsl,Gurgaon,108.0,NKOT0F01CE7E,NOKIA,C25FF6C7715F,Haryana,5.93,5.93,0.0,100.0,0.0,2.34,False,False,0.0,5.0,93.09,93.09,0.0,25.0,25.0,,1.13,0.04,AOT4221NK,realme-C11-2021,,,,False,False,False,False,False,True,True,False,False,False,,8364.0,8364.0,0.0,1773736008.0,1773736008.0,75641332991.0,492.0,492.0,492.0,,492.0,492.0,0.0,,,,,,,,,,,,,,,,,,,,,,,,,,,,,,,,,,,,,,,,,,,,,,,,,,,,,,,,,,,,,,,,,,,,,,,,,,,,,,,,,,,,,,,,,,,,,,,,,,,,,,,,,,,,492.0,492.0,0.0,8364.0,0.0,8364.0,492.0,492.0,,,,,,,,492.0,,,,,,,,,,,,,,,,,,,,,25.0,25.0,,5.93,5.93,0.0,93.09,93.09,0.0,5.0,0.0,1.13,0.04,False,False,False,False,,False,False,False,True,True,False,False,False,,,,,,,,,,,,,,,,,,,,,,,,,,,,,,,,,,,,,,,,
01244081160_dsl,Gurgaon,108.0,NKOT0F01CE6F,NOKIA,DA662903C070,Haryana,0.0,0.0,0.0,0.0,100.0,29.19,False,False,0.0,1.0,0.0,0.0,0.0,0.0,,0.0,3.7,0.38,AOT4221NK,Mac,PC,Apple,Computer,False,False,False,False,False,False,False,False,False,,False,14070.0,0.0,14070.0,8451677184.0,8451677184.0,28955312128.0,938.0,938.0,,938.0,938.0,0.0,938.0,,,,,,,,,,,,,,,,,,,,,,,,,,,,,,,,,,,,,,,,,,,,,,,,,,,,,,,,,,,,,,,,,,,,,,,,,,,,,,,,,,,,,,,,,,,,,,,,,,,,,,,,,,,,938.0,0.0,938.0,0.0,14070.0,14070.0,938.0,,938.0,,,,,,,938.0,,,,,,,,,,,,,,,,,,,,,0.0,,0.0,0.0,0.0,0.0,0.0,0.0,0.0,1.0,0.0,3.7,0.38,False,False,False,,False,False,False,False,False,False,False,False,False,,,,,,,,,,,,,,,,,,,,,,,,,,,,,,,,,,,,,,,,
01246232448_dsl,Gurgaon,108.0,NKOT2F045EF1,NOKIA,7A5B25752C54,Haryana,0.0,0.0,0.0,0.0,100.0,17.69,False,False,0.0,20.0,0.17,0.0,0.17,0.17,,0.17,2.96,0.31,AOT4221NK,,,,,False,False,False,False,True,False,False,False,False,,False,1620.0,0.0,1620.0,5342425662.0,5342425662.0,30192833294.0,594.0,594.0,,594.0,594.0,0.0,594.0,,,,,,,,,,,,,,,,,,,,,,,,,,,,,,,,,,,,,,,,,,,,,,,,,,,,,,,,,,,,,,,,,,,,,,,,,,,,,,,,,,,,,,,,,,,,,,,,,,,,,,,,,,,,594.0,0.0,594.0,0.0,1620.0,1620.0,594.0,,594.0,,,,,,,594.0,,,,,,,,,,,,,,,,,,,,,0.17,,0.17,0.0,0.0,0.0,0.17,0.0,0.17,20.0,0.0,2.96,0.31,False,False,False,,False,False,False,False,False,False,False,True,False,,,,,,,,,,,,,,,,,,,,,,,,,,,,,,,,,,,,,,,,
012447862103_dsl,Gurgaon,108.0,ZYOTB0900020,NOKIA,44F53E70E6E0,Haryana,0.0,0.0,0.0,0.0,100.0,0.0,,,0.0,,0.0,0.0,0.0,0.0,,0.0,0.02,0.0,AOT5222ZY,,,,,False,False,False,False,,False,False,False,False,,False,25540.0,0.0,25540.0,185503744.0,185503744.0,12985513606144.0,1277.0,1277.0,,1277.0,1277.0,0.0,1277.0,,,,,,,,,,,,,,,,,,,,,,,,,,,,,,,,,,,,,,,,,,,,,,,,,,,,,,,,,,,,,,,,,,,,,,,,,,,,,,,,,,,,,,,,,,,,,,,,,,,,,,,,,,,,1277.0,0.0,1277.0,0.0,25540.0,25540.0,1277.0,,1277.0,,,,,,,1277.0,,,,,,,,,,,,,,,,,,,,,0.0,,0.0,0.0,0.0,0.0,0.0,0.0,0.0,,0.0,0.02,0.0,,,False,,False,False,False,False,False,False,False,,False,,,,,,,,,,,,,,,,,,,,,,,,,,,,,,,,,,,,,,,,
012421019184_wifi,Gurgaon,108.0,ZYOTB0900058,NOKIA,1EDE527EAD4E,Haryana,14.44,0.0,14.44,0.0,100.0,0.04,False,False,0.0,1.0,0.0,0.0,0.0,14.44,,14.44,1.77,0.53,AOT5222ZY,OnePlus-12R,,,,False,False,False,False,False,False,False,False,False,,False,3692.0,0.0,3692.0,5385351168.0,5385351168.0,13709810092032.0,284.0,284.0,,284.0,284.0,0.0,284.0,,,,,,,,,,,,,,,,,,,,,,,,,,,,,,,,,,,,,,,,,,,,,,,,,,,,,,,,,,,,,,,,,,,,,,,,,,,,,,,,,,,,,,,,,,,,,,,,,,,,,,,,,,,,284.0,0.0,284.0,0.0,3692.0,3692.0,284.0,,284.0,,,,,,,284.0,,,,,,,,,,,,,,,,,,,,,14.44,,14.44,14.44,0.0,14.44,0.0,0.0,0.0,1.0,0.0,1.77,0.53,False,False,False,,False,False,False,False,False,False,False,False,False,,,,,,,,,,,,,,,,,,,,,,,,,,,,,,,,,,,,,,,,
012447957675_dsl,Gurgaon,108.0,ZYOT5E069474,NOKIA,10BD3A741302,Haryana,0.0,0.0,0.0,0.0,100.0,1.0,False,False,0.0,5.0,11.11,0.0,11.11,0.0,,0.0,0.77,0.07,,Sidhhys-Air,,,,False,False,False,False,False,False,False,False,False,,False,144.0,0.0,144.0,406145024.0,406145024.0,40600765440.0,9.0,9.0,,9.0,9.0,0.0,9.0,,,,,,,,,,,,,,,,,,,,,,,,,,,,,,,,,,,,,,,,,,,,,,,,,,,,,,,,,,,,,,,,,,,,,,,,,,,,,,,,,,,,,,,,,,,,,,,,,,,,,,,,,,,,9.0,0.0,9.0,0.0,144.0,144.0,9.0,,9.0,,,,,,,9.0,,,,,,,,,,,,,,,,,,,,,0.0,,0.0,0.0,0.0,0.0,11.11,0.0,11.11,5.0,0.0,0.77,0.07,False,False,False,,False,False,False,False,False,False,False,False,False,,,,,,,,,,,,,,,,,,,,,,,,,,,,,,,,,,,,,,,,
01246472327_dsl,Gurgaon,108.0,NKOTA0000592,NOKIA,2246CDEDC745,Haryana,0.0,0.0,0.0,0.0,100.0,92.94,False,False,0.0,29.0,0.0,0.0,0.0,0.0,,0.0,1.67,3.23,AOT4221NK,iPhone,,,,False,False,False,False,True,False,False,False,False,,False,8820.0,0.0,8820.0,13202244608.0,13202244608.0,14205780992.0,588.0,588.0,,588.0,588.0,0.0,588.0,,,,,,,,,,,,,,,,,,,,,,,,,,,,,,,,,,,,,,,,,,,,,,,,,,,,,,,,,,,,,,,,,,,,,,,,,,,,,,,,,,,,,,,,,,,,,,,,,,,,,,,,,,,,588.0,0.0,588.0,0.0,8820.0,8820.0,588.0,,588.0,,,,,,,588.0,,,,,,,,,,,,,,,,,,,,,0.0,,0.0,0.0,0.0,0.0,0.0,0.0,0.0,29.0,0.0,1.67,3.23,False,False,False,,False,False,False,False,False,False,False,True,False,,,,,,,,,,,,,,,,,,,,,,,,,,,,,,,,,,,,,,,,
012444903348_dsl,Gurgaon,108.0,NKOT0F01CE7E,NOKIA,444201C1B177,Haryana,0.0,0.0,0.0,0.0,100.0,1.47,,,0.0,,0.0,0.0,0.0,0.0,,0.0,0.2,0.01,AOT4221NK,,,,,False,False,False,False,,False,False,False,False,,False,3720.0,0.0,3720.0,1108728832.0,1108728832.0,75641332991.0,1240.0,1240.0,,1240.0,1240.0,0.0,1240.0,,,,,,,,,,,,,,,,,,,,,,,,,,,,,,,,,,,,,,,,,,,,,,,,,,,,,,,,,,,,,,,,,,,,,,,,,,,,,,,,,,,,,,,,,,,,,,,,,,,,,,,,,,,,1240.0,0.0,1240.0,0.0,3720.0,3720.0,1240.0,,1240.0,,,,,,,1240.0,,,,,,,,,,,,,,,,,,,,,0.0,,0.0,0.0,0.0,0.0,0.0,0.0,0.0,,0.0,0.2,0.01,,,False,,False,False,False,False,False,False,False,,False,,,,,,,,,,,,,,,,,,,,,,,,,,,,,,,,,,,,,,,,
012436398608_dsl,Gurgaon,108.0,NKOTDF0001E7,NOKIA,8E44C4BECA46,Haryana,0.0,0.0,0.0,5.83,94.17,1.19,False,False,0.0,9.0,0.0,0.0,0.0,0.0,0.0,0.0,1.14,0.04,AOT4221NK,,,,,False,False,False,False,True,False,False,False,False,False,False,4540.0,0.0,4540.0,633241600.0,633241600.0,53095579648.0,281.0,281.0,54.0,227.0,281.0,54.0,227.0,,,,,,,,,,,,,,,,,,,,,,,,,,,,,,,,,,,,,,,,,,,,,,,,,,,,,,,,,,,,,,,,,,,,,,,,,,,,,,,,,,,,,,,,,,,,,,,,,,,,,,,,,,,,281.0,54.0,227.0,0.0,4540.0,4540.0,281.0,54.0,227.0,,,,,,,281.0,,,,,,,,,,,,,,,,,,,,,0.0,0.0,0.0,0.0,0.0,0.0,0.0,0.0,0.0,9.0,0.0,1.14,0.04,False,False,False,False,False,False,False,False,False,False,False,True,False,,,,,,,,,,,,,,,,,,,,,,,,,,,,,,,,,,,,,,,,
012444903348_dsl,Gurgaon,108.0,NKOT0F01CE7E,NOKIA,32655446EDD7,Haryana,0.0,0.0,0.0,79.35,20.65,29.75,False,False,0.0,56.0,0.0,0.0,0.0,0.0,0.0,0.0,3.7,0.42,AOT4221NK,Galaxy-S25-Ultra,PHONE,Samsung Electronics,Galaxy,False,False,False,False,True,False,False,False,False,False,False,14100.0,13617.0,483.0,22499731366.0,22499731366.0,75641332991.0,962.0,962.0,801.0,161.0,962.0,801.0,161.0,,,,,,,,,,,,,,,,,,,,,,,,,,,,,,,,,,,,,,,,,,,,,,,,,,,,,,,,,,,,,,,,,,,,,,,,,,,,,,,,,,,,,,,,,,,,,,,,,,,,,,,,,,,,962.0,801.0,161.0,13617.0,483.0,14100.0,962.0,801.0,161.0,,,,,,,962.0,,,,,,,,,,,,,,,,,,,,,0.0,0.0,0.0,0.0,0.0,0.0,0.0,0.0,0.0,56.0,0.0,3.7,0.42,False,False,False,False,False,False,False,False,False,False,False,True,False,,,,,,,,,,,,,,,,,,,,,,,,,,,,,,,,,,,,,,,,
01246232448_dsl,Gurgaon,108.0,NKOT2F045EF1,NOKIA,A27865E1F633,Haryana,,,,100.0,0.0,0.07,False,False,0.0,10.0,1.98,1.98,0.0,0.0,0.0,,0.04,0.01,AOT4221NK,,,,,,,,False,True,False,False,False,False,False,,,,,19846982.0,19846982.0,30192833294.0,101.0,101.0,101.0,,101.0,101.0,0.0,,,,,,,,,,,,,,,,,,,,,,,,,,,,,,,,,,,,,,,,,,,,,,,,,,,,,,,,,,,,,,,,,,,,,,,,,,,,,,,,,,,,,,,,,,,,,,,,,,,,,,,,,,,,101.0,101.0,0.0,,,,101.0,101.0,,,,,,,,101.0,,,,,,,,,,,,,,,,,,,,,0.0,0.0,,,,,1.98,1.98,0.0,10.0,0.0,0.04,0.01,False,False,False,False,,,,,False,False,False,True,False,,,,,,,,,,,,,,,,,,,,,,,,,,,,,,,,,,,,,,,,
01244054723_dsl,Gurgaon,108.0,NKOT0F0226EE,NOKIA,866D51236BCF,Haryana,0.0,0.0,0.0,1.35,98.65,11.15,False,False,0.0,33.0,0.18,33.33,0.0,0.0,0.0,0.0,11.36,0.07,AOT4221NK,iPhone,PHONE,Apple,iPhone,False,False,False,False,True,False,False,False,False,False,False,10940.0,0.0,10940.0,3790531584.0,3790531584.0,33981353984.0,550.0,550.0,3.0,547.0,550.0,3.0,547.0,,,,,,,,,,,,,,,,,,,,,,,,,,,,,,,,,,,,,,,,,,,,,,,,,,,,,,,,,,,,,,,,,,,,,,,,,,,,,,,,,,,,,,,,,,,,,,,,,,,,,,,,,,,,550.0,3.0,547.0,0.0,10940.0,10940.0,550.0,3.0,547.0,,,,,,,550.0,,,,,,,,,,,,,,,,,,,,,0.0,0.0,0.0,0.0,0.0,0.0,0.18,33.33,0.0,33.0,0.0,11.36,0.07,False,False,False,False,False,False,False,False,False,False,False,True,False,,,,,,,,,,,,,,,,,,,,,,,,,,,,,,,,,,,,,,,,
012447957675_dsl,Gurgaon,108.0,ZYOT5E069474,NOKIA,8AA6D718D519,Haryana,0.0,0.0,0.0,0.0,100.0,0.84,False,False,0.0,0.0,0.0,0.0,0.0,0.0,,0.0,0.3,0.05,,,,,,False,False,False,False,False,False,False,False,False,,False,18704.0,0.0,18704.0,342545408.0,342545408.0,40600765440.0,1361.0,1361.0,,1361.0,1361.0,0.0,1361.0,,,,,,,,,,,,,,,,,,,,,,,,,,,,,,,,,,,,,,,,,,,,,,,,,,,,,,,,,,,,,,,,,,,,,,,,,,,,,,,,,,,,,,,,,,,,,,,,,,,,,,,,,,,,1361.0,0.0,1361.0,0.0,18704.0,18704.0,1361.0,,1361.0,,,,,,,1361.0,,,,,,,,,,,,,,,,,,,,,0.0,,0.0,0.0,0.0,0.0,0.0,0.0,0.0,0.0,0.0,0.3,0.05,False,False,False,,False,False,False,False,False,False,False,False,False,,,,,,,,,,,,,,,,,,,,,,,,,,,,,,,,,,,,,,,,
01244054723_dsl,Gurgaon,108.0,NKOT0F0226EE,NOKIA,4CF5DCF7CBCA,Haryana,,,,100.0,0.0,3.93,False,False,0.0,5.0,92.48,92.48,0.0,0.0,0.0,,0.0,0.1,AOT4221NK,846606451,OTHER,Hikvision,,,,,False,False,True,True,False,False,False,,,,,1337063424.0,1337063424.0,33981353984.0,1277.0,1277.0,1277.0,,1277.0,1277.0,0.0,,,,,,,,,,,,,,,,,,,,,,,,,,,,,,,,,,,,,,,,,,,,,,,,,,,,,,,,,,,,,,,,,,,,,,,,,,,,,,,,,,,,,,,,,,,,,,,,,,,,,,,,,,,,1277.0,1277.0,0.0,,,,1277.0,1277.0,,,,,,,,1277.0,,,,,,,,,,,,,,,,,,,,,0.0,0.0,,,,,92.48,92.48,0.0,5.0,0.0,0.0,0.1,False,False,False,False,,,,,True,True,False,False,False,,,,,,,,,,,,,,,,,,,,,,,,,,,,,,,,,,,,,,,,
012444903348_dsl,Gurgaon,108.0,NKOT0F01CE7E,NOKIA,B2C8CF9ECE29,Haryana,2.73,5.08,0.0,2.61,97.39,2.03,False,False,0.0,42.0,0.0,0.0,0.0,0.0,0.0,0.0,1.83,0.49,AOT4221NK,iPhone,PHONE,,iPhone,False,False,False,False,True,False,False,False,False,False,False,3734.0,2006.0,1728.0,1535664491.0,1535664491.0,75641332991.0,694.0,694.0,118.0,576.0,694.0,118.0,576.0,,,,,,,,,,,,,,,,,,,,,,,,,,,,,,,,,,,,,,,,,,,,,,,,,,,,,,,,,,,,,,,,,,,,,,,,,,,,,,,,,,,,,,,,,,,,,,,,,,,,,,,,,,,,694.0,118.0,576.0,2006.0,1728.0,3734.0,694.0,118.0,576.0,,,,,,,694.0,,,,,,,,,,,,,,,,,,,,,0.0,0.0,0.0,2.73,5.08,0.0,0.0,0.0,0.0,42.0,0.0,1.83,0.49,False,False,False,False,False,False,False,False,False,False,False,True,False,,,,,,,,,,,,,,,,,,,,,,,,,,,,,,,,,,,,,,,,
01244054723_dsl,Gurgaon,108.0,NKOT0F0226EE,NOKIA,7243CCCDA6CE,Haryana,0.0,0.0,0.0,0.0,100.0,56.48,False,False,0.0,2.0,0.0,0.0,0.0,0.0,,0.0,3.03,0.02,AOT4221NK,XstreamIPTV1-VT,STREAMING_DEVICE,,Streaming Dongle,False,False,False,False,False,False,False,False,False,,False,25180.0,0.0,25180.0,19191629824.0,19191629824.0,33981353984.0,1259.0,1259.0,,1259.0,1259.0,0.0,1259.0,,,,,,,,,,,,,,,,,,,,,,,,,,,,,,,,,,,,,,,,,,,,,,,,,,,,,,,,,,,,,,,,,,,,,,,,,,,,,,,,,,,,,,,,,,,,,,,,,,,,,,,,,,,,1259.0,0.0,1259.0,0.0,25180.0,25180.0,1259.0,,1259.0,,,,,,,1259.0,,,,,,,,,,,,,,,,,,,,,0.0,,0.0,0.0,0.0,0.0,0.0,0.0,0.0,2.0,0.0,3.03,0.02,False,False,False,,False,False,False,False,False,False,False,False,False,,,,,,,,,,,,,,,,,,,,,,,,,,,,,,,,,,,,,,,,
012447862103_dsl,Gurgaon,108.0,ZYOTB0900020,NOKIA,8E41F778AE60,Haryana,0.0,0.0,0.0,0.0,100.0,0.02,,,0.0,,0.0,0.0,0.0,0.0,,0.0,0.79,0.5,AOT5222ZY,,,,,False,False,False,False,,False,False,False,False,,False,19720.0,0.0,19720.0,2891528192.0,2891528192.0,12985513606144.0,986.0,986.0,,986.0,986.0,0.0,986.0,,,,,,,,,,,,,,,,,,,,,,,,,,,,,,,,,,,,,,,,,,,,,,,,,,,,,,,,,,,,,,,,,,,,,,,,,,,,,,,,,,,,,,,,,,,,,,,,,,,,,,,,,,,,986.0,0.0,986.0,0.0,19720.0,19720.0,986.0,,986.0,,,,,,,986.0,,,,,,,,,,,,,,,,,,,,,0.0,,0.0,0.0,0.0,0.0,0.0,0.0,0.0,,0.0,0.79,0.5,,,False,,False,False,False,False,False,False,False,,False,,,,,,,,,,,,,,,,,,,,,,,,,,,,,,,,,,,,,,,,
012447862103_dsl,Gurgaon,108.0,ZYOTB0900020,NOKIA,14B5CD43D30F,Haryana,0.0,0.0,0.0,0.0,100.0,99.84,,,0.0,,0.0,0.0,0.0,0.0,,0.0,1267.5,0.06,AOT5222ZY,,,,,False,False,False,False,,False,False,False,False,,False,21700.0,0.0,21700.0,12964491247616.0,12964491247616.0,12985513606144.0,1085.0,1085.0,,1085.0,1085.0,0.0,1085.0,,,,,,,,,,,,,,,,,,,,,,,,,,,,,,,,,,,,,,,,,,,,,,,,,,,,,,,,,,,,,,,,,,,,,,,,,,,,,,,,,,,,,,,,,,,,,,,,,,,,,,,,,,,,1085.0,0.0,1085.0,0.0,21700.0,21700.0,1085.0,,1085.0,,,,,,,1085.0,,,,,,,,,,,,,,,,,,,,,0.0,,0.0,0.0,0.0,0.0,0.0,0.0,0.0,,0.0,1267.5,0.06,,,False,,False,False,False,False,False,False,False,,False,,,,,,,,,,,,,,,,,,,,,,,,,,,,,,,,,,,,,,,,
012445118300_dsl,Gurgaon,108.0,NKOT0F01D2BA,NOKIA,3CA6F6264B0F,Haryana,0.0,0.0,0.0,0.0,100.0,70.04,False,False,0.0,3.0,0.0,0.0,0.0,0.0,,0.0,0.14,0.0,AOT4221NK,shivanis-Air,PC,Apple,Computer,False,False,False,False,False,False,False,False,False,,False,14955.0,0.0,14955.0,916100096.0,916100096.0,1308022784.0,997.0,997.0,,997.0,997.0,0.0,997.0,,,,,,,,,,,,,,,,,,,,,,,,,,,,,,,,,,,,,,,,,,,,,,,,,,,,,,,,,,,,,,,,,,,,,,,,,,,,,,,,,,,,,,,,,,,,,,,,,,,,,,,,,,,,997.0,0.0,997.0,0.0,14955.0,14955.0,997.0,,997.0,,,,,,,997.0,,,,,,,,,,,,,,,,,,,,,0.0,,0.0,0.0,0.0,0.0,0.0,0.0,0.0,3.0,0.0,0.14,0.0,False,False,False,,False,False,False,False,False,False,False,False,False,,,,,,,,,,,,,,,,,,,,,,,,,,,,,,,,,,,,,,,,
012447957675_dsl,Gurgaon,108.0,ZYOT5E069474,NOKIA,F2CE1B18563F,Haryana,0.0,0.0,0.0,0.0,100.0,1.95,False,False,0.0,0.0,0.0,0.0,0.0,0.0,,0.0,0.23,1.12,,XstreamIPTV1-VT,OTHER,,,False,False,False,False,False,False,False,False,False,,False,18416.0,0.0,18416.0,790103040.0,790103040.0,40600765440.0,1343.0,1343.0,,1343.0,1343.0,0.0,1343.0,,,,,,,,,,,,,,,,,,,,,,,,,,,,,,,,,,,,,,,,,,,,,,,,,,,,,,,,,,,,,,,,,,,,,,,,,,,,,,,,,,,,,,,,,,,,,,,,,,,,,,,,,,,,1343.0,0.0,1343.0,0.0,18416.0,18416.0,1343.0,,1343.0,,,,,,,1343.0,,,,,,,,,,,,,,,,,,,,,0.0,,0.0,0.0,0.0,0.0,0.0,0.0,0.0,0.0,0.0,0.23,1.12,False,False,False,,False,False,False,False,False,False,False,False,False,,,,,,,,,,,,,,,,,,,,,,,,,,,,,,,,,,,,,,,,
01244081160_dsl,Gurgaon,108.0,NKOT0F01CE6F,NOKIA,6CB749E119FF,Haryana,,,,100.0,0.0,0.35,,,0.0,,100.0,100.0,0.0,0.0,0.0,,0.01,0.0,AOT4221NK,,,,,,,,False,,True,True,False,False,False,,,,,101584896.0,101584896.0,28955312128.0,938.0,938.0,938.0,,938.0,938.0,0.0,,,,,,,,,,,,,,,,,,,,,,,,,,,,,,,,,,,,,,,,,,,,,,,,,,,,,,,,,,,,,,,,,,,,,,,,,,,,,,,,,,,,,,,,,,,,,,,,,,,,,,,,,,,,938.0,938.0,0.0,,,,938.0,938.0,,,,,,,,938.0,,,,,,,,,,,,,,,,,,,,,0.0,0.0,,,,,100.0,100.0,0.0,,0.0,0.01,0.0,,,False,False,,,,,True,True,False,,False,,,,,,,,,,,,,,,,,,,,,,,,,,,,,,,,,,,,,,,,
012436398608_dsl,Gurgaon,108.0,NKOTDF0001E7,NOKIA,62D8084F50B0,Haryana,0.0,0.0,0.0,56.03,43.97,23.24,False,True,0.0,12.0,31.5,42.68,8.63,0.0,0.0,0.0,3.66,0.2,AOT4221NK,OnePlus-Nord-CE4-Lite-5G,,,,False,False,False,False,True,False,False,False,False,False,False,3940.0,0.0,3940.0,12337943552.0,12337943552.0,53095579648.0,600.0,600.0,403.0,197.0,600.0,403.0,197.0,,,,,,,,,,,,,,,,,,,,,,,,,,,,,,,,,,,,,,,,,,,,,,,,,,,,,,,,,,,,,,,,,,,,,,,,,,,,,,,,,,,,,,,,,,,,,,,,,,,,,,,,,,,,600.0,403.0,197.0,0.0,3940.0,3940.0,600.0,403.0,197.0,,,,,,,600.0,,,,,,,,,,,,,,,,,,,,,0.0,0.0,0.0,0.0,0.0,0.0,31.5,42.68,8.63,12.0,0.0,3.66,0.2,False,True,False,False,False,False,False,False,False,False,False,True,False,,,,,,,,,,,,,,,,,,,,,,,,,,,,,,,,,,,,,,,,
01246232448_dsl,Gurgaon,108.0,NKOT2F045EF1,NOKIA,A091A2A13221,Haryana,,,,100.0,0.0,2.86,,,0.0,1.0,95.77,95.77,0.0,0.0,0.0,,1.97,0.04,AOT4221NK,Unknown_a0:91:a2:a1:32:21,PHONE,OnePlus,Mobile,,,,False,False,True,True,False,False,False,,,,,864656384.0,864656384.0,30192833294.0,994.0,994.0,994.0,,994.0,994.0,0.0,,,,,,,,,,,,,,,,,,,,,,,,,,,,,,,,,,,,,,,,,,,,,,,,,,,,,,,,,,,,,,,,,,,,,,,,,,,,,,,,,,,,,,,,,,,,,,,,,,,,,,,,,,,,994.0,994.0,0.0,,,,994.0,994.0,,,,,,,,994.0,,,,,,,,,,,,,,,,,,,,,0.0,0.0,,,,,95.77,95.77,0.0,1.0,0.0,1.97,0.04,,,False,False,,,,,True,True,False,False,False,,,,,,,,,,,,,,,,,,,,,,,,,,,,,,,,,,,,,,,,
012444903348_dsl,Gurgaon,108.0,NKOT0F01CE7E,NOKIA,DC4BA104E8A6,Haryana,0.0,0.0,0.0,0.0,100.0,0.32,,,0.0,,75.16,0.0,75.16,0.0,,0.0,0.03,0.0,AOT4221NK,,,,,False,False,False,False,,True,False,True,False,,False,3720.0,0.0,3720.0,239844352.0,239844352.0,75641332991.0,1240.0,1240.0,,1240.0,1240.0,0.0,1240.0,,,,,,,,,,,,,,,,,,,,,,,,,,,,,,,,,,,,,,,,,,,,,,,,,,,,,,,,,,,,,,,,,,,,,,,,,,,,,,,,,,,,,,,,,,,,,,,,,,,,,,,,,,,,1240.0,0.0,1240.0,0.0,3720.0,3720.0,1240.0,,1240.0,,,,,,,1240.0,,,,,,,,,,,,,,,,,,,,,0.0,,0.0,0.0,0.0,0.0,75.16,0.0,75.16,,0.0,0.03,0.0,,,False,,False,False,False,False,True,False,True,,False,,,,,,,,,,,,,,,,,,,,,,,,,,,,,,,,,,,,,,,,
012421019184_wifi,Gurgaon,108.0,ZYOTB0900058,NOKIA,564A8BEA6BC2,Haryana,100.0,0.0,100.0,99.96,0.04,0.02,False,False,0.0,22.0,4.14,0.0,60.0,25.52,20.0,100.0,0.83,0.04,AOT5222ZY,iPhone,,,,True,False,True,False,True,False,False,False,False,False,True,130.0,0.0,130.0,3339118592.0,3339118592.0,13709810092032.0,145.0,145.0,135.0,10.0,145.0,135.0,10.0,,,,,,,,,,,,,,,,,,,,,,,,,,,,,,,,,,,,,,,,,,,,,,,,,,,,,,,,,,,,,,,,,,,,,,,,,,,,,,,,,,,,,,,,,,,,,,,,,,,,,,,,,,,,145.0,135.0,10.0,0.0,130.0,130.0,145.0,135.0,10.0,,,,,,,145.0,,,,,,,,,,,,,,,,,,,,,25.52,20.0,100.0,100.0,0.0,100.0,4.14,0.0,60.0,22.0,0.0,0.83,0.04,False,False,False,False,True,True,False,True,False,False,False,True,False,,,,,,,,,,,,,,,,,,,,,,,,,,,,,,,,,,,,,,,,
012444903348_dsl,Gurgaon,108.0,NKOT0F01CE7E,NOKIA,48EA62570373,Haryana,0.0,0.0,0.0,100.0,0.0,0.0,,,0.0,1.0,100.0,100.0,0.0,0.0,0.0,,0.0,0.01,AOT4221NK,HP570373,,,,False,False,False,False,False,True,True,False,False,False,,17.0,17.0,0.0,314521.0,314521.0,75641332991.0,1.0,1.0,1.0,,1.0,1.0,0.0,,,,,,,,,,,,,,,,,,,,,,,,,,,,,,,,,,,,,,,,,,,,,,,,,,,,,,,,,,,,,,,,,,,,,,,,,,,,,,,,,,,,,,,,,,,,,,,,,,,,,,,,,,,,1.0,1.0,0.0,17.0,0.0,17.0,1.0,1.0,,,,,,,,1.0,,,,,,,,,,,,,,,,,,,,,0.0,0.0,,0.0,0.0,0.0,100.0,100.0,0.0,1.0,0.0,0.0,0.01,,,False,False,,False,False,False,True,True,False,False,False,,,,,,,,,,,,,,,,,,,,,,,,,,,,,,,,,,,,,,,,
01246472327_dsl,Gurgaon,108.0,NKOTA0000592,NOKIA,D6515FF9872A,Haryana,0.0,0.0,0.0,0.0,0.0,0.0,,,0.0,,0.0,0.0,0.0,0.0,,0.0,0.06,0.06,AOT4221NK,,,,,False,False,False,False,,False,False,False,False,,False,4065.0,0.0,4065.0,0.0,0.0,14205780992.0,271.0,271.0,,271.0,271.0,0.0,271.0,,,,,,,,,,,,,,,,,,,,,,,,,,,,,,,,,,,,,,,,,,,,,,,,,,,,,,,,,,,,,,,,,,,,,,,,,,,,,,,,,,,,,,,,,,,,,,,,,,,,,,,,,,,,271.0,0.0,271.0,0.0,4065.0,4065.0,271.0,,271.0,,,,,,,271.0,,,,,,,,,,,,,,,,,,,,,0.0,,0.0,0.0,0.0,0.0,0.0,0.0,0.0,,0.0,0.06,0.06,,,False,,False,False,False,False,False,False,False,,False,,,,,,,,,,,,,,,,,,,,,,,,,,,,,,,,,,,,,,,,
012444903348_dsl,Gurgaon,108.0,NKOT0F01CE7E,NOKIA,F8FE5EBD1479,Haryana,0.0,0.0,0.0,0.0,100.0,3.55,,,0.0,2.0,5.48,0.0,5.48,0.0,,0.0,6.29,0.87,AOT4221NK,LTB0208540-3,,,,False,False,False,False,False,False,False,False,False,,False,438.0,0.0,438.0,2687079638.0,2687079638.0,75641332991.0,146.0,146.0,,146.0,146.0,0.0,146.0,,,,,,,,,,,,,,,,,,,,,,,,,,,,,,,,,,,,,,,,,,,,,,,,,,,,,,,,,,,,,,,,,,,,,,,,,,,,,,,,,,,,,,,,,,,,,,,,,,,,,,,,,,,,146.0,0.0,146.0,0.0,438.0,438.0,146.0,,146.0,,,,,,,146.0,,,,,,,,,,,,,,,,,,,,,0.0,,0.0,0.0,0.0,0.0,5.48,0.0,5.48,2.0,0.0,6.29,0.87,,,False,,False,False,False,False,False,False,False,False,False,,,,,,,,,,,,,,,,,,,,,,,,,,,,,,,,,,,,,,,,
01246472327_dsl,Gurgaon,108.0,NKOTA0000592,NOKIA,,Haryana,,,,,,,,,,,,,,,,,,,AOT4221NK,,,,,,,,,,,,,,,,,,,,,,,,,,,,,01246472327_dsl,108.0,NKOTA0000592,NOKIA,0C36234FB190,AOT4221NK,6.0,0.0,6.0,0.0,,0.0,0.0,0.0,0.0,1.67,3.23,0.0,0.0,0.0,3.98,11.66,0.0,84.0,0.0,0.0,0.0,0.0,0.0,0.0,0.0,0.0,0.0,0.0,0.0,0.0,0.0,0.0,0.0,0.0,,,,0.0,0.0,100.0,14205780992.0,2.63,1.0,38.0,0.0,0.0,13.0,4.0,1.0,25.0,0.0,0.0,0.0,0.0,0.0,0.0,False,,False,False,False,False,False,False,False,False,False,False,False,False,True,False,False,False,False,False,False,False,False,False,False,,,,,False,False,False,False,False,False,False,False,False,False,99.06,3.77,False,0.0,False,True,1555.0,0.0,1555.0,0.0,23325.0,23325.0,1555.0,,1555.0,2009.0,686.0,1323.0,176.0,63.0,113.0,1555.0,176.0,63.0,113.0,176.0,63.0,113.0,,,14205780992.0,38.0,13.0,25.0,106.0,53.0,53.0,38.0,13.0,25.0,0C36234FB190,6.0,0.0,,0.0,0.0,0.0,0.0,0.0,0.0,0.0,84.0,0.0,1.67,3.23,0.0,0.0,False,,False,False,False,False,False,False,False,True,False,3.98,11.66,0.0,0.0,0.0,0.0,0.0,0.0,,,,100.0,14205780992.0,2.63,1.0,38.0,0.0,0.0,13.0,4.0,1.0,25.0,99.06,False,False,False,False,False,False,False,False,,,,,False,False,False,False,True
012447957675_dsl,Gurgaon,108.0,ZYOT5E069474,NOKIA,,Haryana,,,,,,,,,,,,,,,,,,,,,,,,,,,,,,,,,,,,,,,,,,,,,,,,012447957675_dsl,108.0,ZYOT5E069474,NOKIA,30BD13CF4F18,,11.0,1.0,11.0,0.0,0.0,0.0,0.0,0.0,0.0,12.35,2.22,1.99,100.0,1.98,90.85,89.99,91.56,59.0,0.0,0.0,0.0,0.0,0.0,0.0,0.0,0.0,0.0,0.0,0.0,0.0,0.0,0.0,0.0,0.0,,,,0.0,1.0,99.99,40600765440.0,8.33,2.0,24.0,9.09,1.0,11.0,7.69,1.0,13.0,0.0,0.0,0.0,0.0,0.0,0.0,False,False,False,False,False,False,False,False,False,True,False,True,True,True,True,False,False,False,False,False,False,False,False,False,False,,,,,False,False,False,False,False,False,False,False,False,False,85.95,54.9,False,0.0,False,True,6928.0,1.0,6927.0,0.0,95472.0,2192.0,6928.0,1.0,6927.0,3280.0,1468.0,1812.0,451.0,181.0,270.0,6928.0,436.0,181.0,255.0,451.0,181.0,270.0,,,40600765440.0,24.0,11.0,13.0,306.0,153.0,153.0,24.0,11.0,13.0,30BD13CF4F18,11.0,0.0,0.0,0.0,0.0,0.0,0.0,1.99,100.0,1.98,59.0,0.0,12.35,2.22,0.0,1.0,False,False,False,False,False,False,False,True,False,True,False,90.85,89.99,91.56,0.0,0.0,0.0,0.0,0.0,,,,99.99,40600765440.0,8.33,2.0,24.0,9.09,1.0,11.0,7.69,1.0,13.0,85.95,False,False,True,True,True,False,False,False,,,,,False,False,False,False,True
01244081160_dsl,Gurgaon,108.0,NKOT0F01CE6F,NOKIA,,Haryana,,,,,,,,,,,,,,,,,,,AOT4221NK,,,,,,,,,,,,,,,,,,,,,,,,,,,,,01244081160_dsl,108.0,NKOT0F01CE6F,NOKIA,2CC1F432FE41,AOT4221NK,9.0,3.0,7.0,0.0,0.0,0.0,0.0,0.0,0.0,3.7,0.49,13.17,50.03,0.0,4.69,13.7,0.0,87.0,0.0,0.0,0.0,0.0,0.0,0.0,0.0,0.0,0.0,0.0,0.0,0.0,0.0,0.0,0.0,0.0,,,,0.0,0.0,99.05,28955312128.0,5.26,2.0,38.0,15.38,2.0,13.0,0.0,0.0,25.0,0.0,0.0,0.0,0.0,0.0,0.0,False,False,False,False,False,False,False,True,False,False,False,False,False,False,True,False,False,False,False,False,False,False,False,False,False,,,,,False,False,False,False,False,False,False,False,False,False,59.18,8.16,False,2.04,False,True,7131.0,1877.0,5254.0,0.0,78810.0,78810.0,7131.0,1877.0,5254.0,1856.0,635.0,1221.0,248.0,62.0,186.0,7131.0,248.0,62.0,186.0,248.0,62.0,186.0,,,28955312128.0,38.0,13.0,25.0,98.0,49.0,49.0,38.0,13.0,25.0,2CC1F432FE41,9.0,0.0,0.0,0.0,0.0,0.0,0.0,13.17,50.03,0.0,87.0,0.0,3.7,0.49,0.0,0.0,False,False,False,False,False,False,False,False,False,True,False,4.69,13.7,0.0,0.0,0.0,0.0,0.0,0.0,,,,99.05,28955312128.0,5.26,2.0,38.0,15.38,2.0,13.0,0.0,0.0,25.0,59.18,False,True,False,False,False,False,False,False,,,,,False,False,False,False,True
01244054723_dsl,Gurgaon,108.0,NKOT0F0226EE,NOKIA,,Haryana,,,,,,,,,,,,,,,,,,,AAP321NK,,,,,,,,,,,,,,,,,,,,,,,,,,,,,01244054723_dsl,108.0,NKOT0F0226EE,NOKIA,2CC1F46D39D1,AAP321NK,11.0,5.0,10.0,1.31,1.63,1.19,0.0,0.83,0.09,11.36,0.47,29.07,84.29,6.92,1.53,3.78,0.37,105.0,0.0,0.0,0.0,0.0,0.0,0.0,0.0,0.0,0.0,0.0,0.0,0.0,0.0,0.0,0.0,0.0,,,,0.0,0.0,93.29,33981353984.0,0.0,0.0,38.0,0.0,0.0,13.0,0.0,0.0,25.0,0.0,0.0,0.0,0.0,0.0,0.0,False,False,False,False,False,False,False,True,False,True,False,False,False,False,True,False,False,False,False,False,False,False,False,False,False,,,,,False,False,False,False,False,False,False,False,False,False,57.52,15.03,False,0.0,False,True,6846.0,1960.0,4886.0,0.0,97720.0,21360.0,6846.0,1960.0,4886.0,5809.0,1985.0,3824.0,538.0,179.0,359.0,6846.0,537.0,179.0,358.0,538.0,179.0,359.0,,,33981353984.0,38.0,13.0,25.0,306.0,153.0,153.0,38.0,13.0,25.0,2CC1F46D39D1,11.0,1.31,1.63,1.19,0.09,0.0,0.83,29.07,84.29,6.92,105.0,0.0,11.36,0.47,0.0,0.0,False,False,False,False,False,False,False,True,False,True,False,1.53,3.78,0.37,0.0,0.0,0.0,0.0,0.0,,,,93.29,33981353984.0,0.0,0.0,38.0,0.0,0.0,13.0,0.0,0.0,25.0,57.52,False,True,False,False,False,False,False,False,,,,,False,False,False,False,True
012444903348_dsl,Gurgaon,108.0,NKOT0F01CE7E,NOKIA,,Haryana,,,,,,,,,,,,,,,,,,,AOT4221NK,,,,,,,,,,,,,,,,,,,,,,,,,,,,,012444903348_dsl,108.0,NKOT0F01CE7E,NOKIA,BC515FA88F33,AOT4221NK,16.0,8.0,14.0,1.0,6.73,0.0,1.98,0.0,0.0,6.29,1.06,13.46,38.29,9.1,1.49,4.39,0.0,242.0,0.0,0.0,0.0,0.0,0.0,0.0,0.0,0.0,0.0,0.0,0.0,0.0,0.0,0.0,0.0,0.0,,4.0,0.0,0.0,1.0,63.1,75641332991.0,0.0,0.0,38.0,0.0,0.0,13.0,0.0,0.0,25.0,0.0,0.0,0.0,0.0,0.0,0.0,False,False,False,False,False,False,False,False,False,False,False,False,False,False,True,False,False,False,False,False,False,False,False,False,False,,,True,False,False,False,False,False,False,False,False,False,False,False,64.57,0.43,False,0.0,False,True,12448.0,1857.0,10591.0,31569.0,31773.0,11008.0,12448.0,1857.0,10591.0,8711.0,2963.0,5748.0,900.0,270.0,630.0,12448.0,866.0,262.0,604.0,895.0,266.0,629.0,,,75641332991.0,38.0,13.0,25.0,460.0,230.0,230.0,38.0,13.0,25.0,BC515FA88F33,16.0,1.0,6.73,0.0,0.0,1.98,0.0,13.46,38.29,9.1,242.0,0.0,6.29,1.06,0.0,1.0,False,False,False,False,False,False,False,False,False,True,False,1.49,4.39,0.0,0.0,0.0,0.0,0.0,0.0,,4.0,0.0,63.1,75641332991.0,0.0,0.0,38.0,0.0,0.0,13.0,0.0,0.0,25.0,64.57,False,False,False,False,False,False,False,False,,,True,False,False,False,False,False,True
012444801137_dsl,Gurgaon,108.0,NKOTDF000165,NOKIA,,Haryana,,,,,,,,,,,,,,,,,,,AAP321NK,,,,,,,,,,,,,,,,,,,,,,,,,,,,,012444801137_dsl,108.0,NKOTDF000165,NOKIA,503D7FDFEC00,AAP321NK,10.0,6.0,6.0,0.09,0.0,0.17,0.0,0.0,0.0,3.0,1.2,37.6,72.43,9.13,3.34,8.82,0.46,53.0,0.0,0.0,0.0,0.0,0.0,0.0,0.0,0.0,0.0,0.0,0.0,0.0,0.0,0.0,0.0,0.0,,1.0,0.0,0.0,0.0,94.38,63366486016.0,0.0,0.0,38.0,0.0,0.0,13.0,0.0,0.0,25.0,0.0,0.0,0.0,0.0,0.0,0.0,False,False,False,False,False,False,False,False,False,True,False,False,False,False,True,False,False,False,False,False,False,False,False,False,False,,,True,False,False,False,False,False,False,False,False,False,False,False,58.52,16.59,False,0.0,False,True,9768.0,4393.0,5375.0,0.0,107500.0,5780.0,9768.0,4393.0,5375.0,8588.0,2959.0,5629.0,904.0,271.0,633.0,9768.0,883.0,271.0,612.0,903.0,271.0,632.0,,,63366486016.0,38.0,13.0,25.0,458.0,229.0,229.0,38.0,13.0,25.0,503D7FDFEC00,10.0,0.09,0.0,0.17,0.0,0.0,0.0,37.6,72.43,9.13,53.0,0.0,3.0,1.2,0.0,0.0,False,False,False,False,False,False,False,True,False,True,False,3.34,8.82,0.46,0.0,0.0,0.0,0.0,0.0,,1.0,0.0,94.38,63366486016.0,0.0,0.0,38.0,0.0,0.0,13.0,0.0,0.0,25.0,58.52,False,False,False,False,False,False,False,False,,,True,False,False,False,False,False,True
01244203817_dsl,Gurgaon,108.0,ZYOT2E000479,NOKIA,,Haryana,,,,,,,,,,,,,,,,,,,AAP321NK,,,,,,,,,,,,,,,,,,,,,,,,,,,,,01244203817_dsl,108.0,ZYOT2E000479,NOKIA,5807F84FAB41,AAP321NK,2.0,1.0,1.0,0.0,0.0,0.0,0.0,0.0,0.0,0.02,0.01,3.57,100.0,0.0,0.0,0.0,0.0,718.0,0.0,0.0,0.0,0.0,0.0,0.0,0.0,0.0,0.0,0.0,0.0,0.0,0.0,0.0,0.0,0.0,,12.0,0.0,0.0,0.0,99.97,10398720.0,0.0,0.0,38.0,0.0,0.0,13.0,0.0,0.0,25.0,0.0,0.0,0.0,0.0,0.0,0.0,False,False,False,False,False,False,True,True,False,True,False,False,False,False,True,False,False,False,False,False,False,False,False,False,False,,,True,False,False,False,False,False,False,False,False,False,False,False,50.0,0.0,False,0.0,False,False,28.0,1.0,27.0,0.0,405.0,405.0,28.0,1.0,27.0,2184.0,737.0,1447.0,276.0,69.0,207.0,28.0,276.0,69.0,207.0,275.0,69.0,206.0,,,10398720.0,38.0,13.0,25.0,116.0,58.0,58.0,38.0,13.0,25.0,5807F84FAB41,2.0,0.0,0.0,0.0,0.0,0.0,0.0,3.57,100.0,0.0,718.0,0.0,0.02,0.01,0.0,0.0,False,False,False,False,False,False,False,True,False,True,False,0.0,0.0,0.0,0.0,0.0,0.0,0.0,0.0,,12.0,0.0,99.97,10398720.0,0.0,0.0,38.0,0.0,0.0,13.0,0.0,0.0,25.0,50.0,True,True,False,False,False,False,False,False,,,True,False,False,False,False,False,False
01246232448_dsl,Gurgaon,108.0,NKOT2F045EF1,NOKIA,,Haryana,,,,,,,,,,,,,,,,,,,AOT4221NK,,,,,,,,,,,,,,,,,,,,,,,,,,,,,01246232448_dsl,108.0,NKOT2F045EF1,NOKIA,BC515F6E0433,AOT4221NK,10.0,5.0,7.0,0.06,0.09,0.05,0.0,0.0,0.0,2.96,0.81,23.83,86.73,5.67,8.65,24.8,0.11,110.0,0.0,0.0,0.0,0.0,0.0,0.0,0.0,0.0,0.0,0.0,0.0,0.0,0.0,0.0,0.0,0.0,,,,0.0,0.0,97.04,30192833294.0,18.42,7.0,38.0,53.85,7.0,13.0,0.0,0.0,25.0,0.0,0.0,0.0,0.0,0.0,0.0,False,False,False,False,False,False,False,True,False,True,False,False,False,False,True,False,False,False,False,False,False,False,False,False,False,,,,,False,False,False,False,True,True,False,False,False,False,82.13,76.92,True,0.0,False,True,4909.0,1100.0,3809.0,0.0,9080.0,9080.0,4909.0,1100.0,3809.0,5733.0,1984.0,3749.0,874.0,263.0,611.0,4909.0,861.0,262.0,599.0,871.0,263.0,608.0,,,30192833294.0,38.0,13.0,25.0,442.0,221.0,221.0,38.0,13.0,25.0,BC515F6E0433,10.0,0.06,0.09,0.05,0.0,0.0,0.0,23.83,86.73,5.67,110.0,0.0,2.96,0.81,0.0,0.0,False,False,False,False,False,False,False,True,False,True,False,8.65,24.8,0.11,0.0,0.0,0.0,0.0,0.0,,,,97.04,30192833294.0,18.42,7.0,38.0,53.85,7.0,13.0,0.0,0.0,25.0,82.13,False,True,False,False,False,False,False,False,,,,,False,False,False,False,True
012436398608_dsl,Gurgaon,108.0,NKOTDF0001E7,NOKIA,,Haryana,,,,,,,,,,,,,,,,,,,AAP321NK,,,,,,,,,,,,,,,,,,,,,,,,,,,,,012436398608_dsl,108.0,NKOTDF0001E7,NOKIA,5807F84FA491,AAP321NK,11.0,6.0,10.0,0.09,0.53,0.0,0.0,0.0,0.0,8.59,0.21,9.78,30.96,5.7,1.19,3.28,0.11,60.0,0.0,0.0,0.0,0.0,0.0,0.0,0.0,0.0,0.0,0.0,0.0,0.0,0.0,0.0,0.0,0.0,,1.0,0.0,0.0,0.0,60.09,53095579648.0,0.0,0.0,38.0,0.0,0.0,13.0,0.0,0.0,25.0,0.0,0.0,0.0,0.0,0.0,0.0,False,False,False,False,False,False,False,True,False,False,False,False,False,False,True,False,False,False,False,False,False,False,False,False,False,,,True,False,False,False,False,False,False,False,False,False,False,False,51.69,4.05,False,0.0,False,True,4705.0,759.0,3946.0,0.0,78920.0,24200.0,4705.0,759.0,3946.0,5620.0,1922.0,3698.0,512.0,172.0,340.0,4705.0,505.0,171.0,334.0,511.0,171.0,340.0,,,53095579648.0,38.0,13.0,25.0,296.0,148.0,148.0,38.0,13.0,25.0,5807F84FA491,11.0,0.09,0.53,0.0,0.0,0.0,0.0,9.78,30.96,5.7,60.0,0.0,8.59,0.21,0.0,0.0,False,False,False,False,False,False,False,False,False,True,False,1.19,3.28,0.11,0.0,0.0,0.0,0.0,0.0,,1.0,0.0,60.09,53095579648.0,0.0,0.0,38.0,0.0,0.0,13.0,0.0,0.0,25.0,51.69,False,True,False,False,False,False,False,False,,,True,False,False,False,False,False,True
012445159575_dsl,Gurgaon,108.0,ZYOTFD000042,NOKIA,,Haryana,,,,,,,,,,,,,,,,,,,AOT5221ZY,,,,,,,,,,,,,,,,,,,,,,,,,,,,,012445159575_dsl,108.0,ZYOTFD000042,NOKIA,F80DA96AE5C8,AOT5221ZY,7.0,0.0,7.0,33.71,,33.71,0.0,33.71,33.71,11.23,0.94,6.6,0.0,6.6,87.01,91.03,83.33,,0.0,0.0,0.0,0.0,0.0,0.0,0.0,0.0,0.0,0.0,0.0,0.0,0.0,0.0,0.0,0.0,,,,,,100.0,69748383744.0,0.0,0.0,23.0,0.0,0.0,11.0,0.0,0.0,12.0,0.0,0.0,0.0,0.0,0.0,0.0,False,,False,False,False,False,False,True,False,False,False,True,True,True,,False,False,False,False,False,False,False,False,False,False,,,,,,,False,False,False,False,False,False,False,False,66.67,1.3,False,0.0,False,True,5185.0,0.0,5185.0,0.0,103700.0,103700.0,5185.0,,5185.0,1771.0,847.0,924.0,180.0,90.0,90.0,5185.0,157.0,90.0,67.0,180.0,90.0,90.0,,,69748383744.0,23.0,11.0,12.0,123.0,77.0,46.0,23.0,11.0,12.0,F80DA96AE5C8,7.0,33.71,,33.71,33.71,0.0,33.71,6.6,0.0,6.6,,0.0,11.23,0.94,,,False,,False,False,False,False,False,False,False,,False,87.01,91.03,83.33,0.0,0.0,0.0,0.0,0.0,,,,100.0,69748383744.0,0.0,0.0,23.0,0.0,0.0,11.0,0.0,0.0,12.0,66.67,False,True,True,True,True,False,False,False,,,,,,,False,False,True
012445118300_dsl,Gurgaon,108.0,NKOT0F01D2BA,NOKIA,,Haryana,,,,,,,,,,,,,,,,,,,AOT4221NK,,,,,,,,,,,,,,,,,,,,,,,,,,,,,012445118300_dsl,108.0,NKOT0F01D2BA,NOKIA,2CC1F43342F1,AOT4221NK,5.0,0.0,5.0,5.32,,5.32,0.0,5.32,5.32,0.14,0.06,5.32,0.0,5.32,6.16,17.71,0.15,110.0,0.0,0.0,0.0,0.0,0.0,0.0,0.0,0.0,0.0,0.0,0.0,0.0,0.0,0.0,0.0,0.0,,,,0.0,0.0,100.0,1308022784.0,7.89,3.0,38.0,23.08,3.0,13.0,0.0,0.0,25.0,0.0,0.0,0.0,0.0,0.0,0.0,False,,False,False,False,False,True,True,False,False,False,False,False,False,True,False,False,False,False,False,False,False,False,False,False,,,,,False,False,False,False,False,False,False,False,False,False,58.49,100.0,True,0.0,False,True,4212.0,0.0,4212.0,0.0,63180.0,63180.0,4212.0,,4212.0,2014.0,689.0,1325.0,268.0,67.0,201.0,4212.0,268.0,67.0,201.0,268.0,67.0,201.0,,,1308022784.0,38.0,13.0,25.0,106.0,53.0,53.0,38.0,13.0,25.0,2CC1F43342F1,5.0,5.32,,5.32,5.32,0.0,5.32,5.32,0.0,5.32,110.0,0.0,0.14,0.06,0.0,0.0,False,,False,False,False,False,False,False,False,True,False,6.16,17.71,0.15,0.0,0.0,0.0,0.0,0.0,,,,100.0,1308022784.0,7.89,3.0,38.0,23.08,3.0,13.0,0.0,0.0,25.0,58.49,True,True,False,False,False,False,False,False,,,,,False,False,False,False,True
012447862103_dsl,Gurgaon,108.0,ZYOTB0900020,NOKIA,,Haryana,,,,,,,,,,,,,,,,,,,AOT5222ZY,,,,,,,,,,,,,,,,,,,,,,,,,,,,,012447862103_dsl,108.0,ZYOTB0900020,NOKIA,C02E5FAD7669,AOT5222ZY,7.0,0.0,7.0,0.18,,0.18,0.0,0.18,0.18,1267.5,0.5,0.08,0.0,0.08,78.6,91.62,66.67,0.0,0.0,0.0,0.0,0.0,0.0,0.0,0.0,0.0,0.0,0.0,0.0,0.0,0.0,0.0,0.0,0.0,,,,,,100.0,12985513606144.0,0.0,0.0,23.0,0.0,0.0,11.0,0.0,0.0,12.0,0.0,0.0,0.0,0.0,0.0,0.0,False,,False,False,False,False,False,True,False,False,False,True,True,True,False,False,False,False,False,False,False,False,False,False,False,,,,,,,False,False,False,False,False,False,False,False,64.29,1.3,False,0.0,False,True,5014.0,0.0,5014.0,0.0,100280.0,100280.0,5014.0,,5014.0,1771.0,847.0,924.0,178.0,89.0,89.0,5014.0,152.0,89.0,63.0,178.0,89.0,89.0,,,12985513606144.0,23.0,11.0,12.0,154.0,77.0,77.0,23.0,11.0,12.0,C02E5FAD7669,7.0,0.18,,0.18,0.18,0.0,0.18,0.08,0.0,0.08,0.0,0.0,1267.5,0.5,,,False,,False,False,False,False,False,False,False,False,False,78.6,91.62,66.67,0.0,0.0,0.0,0.0,0.0,,,,100.0,12985513606144.0,0.0,0.0,23.0,0.0,0.0,11.0,0.0,0.0,12.0,64.29,False,True,True,True,True,False,False,False,,,,,,,False,False,True
012421019184_wifi,Gurgaon,108.0,ZYOTB0900058,NOKIA,,Haryana,,,,,,,,,,,,,,,,,,,AOT5222ZY,,,,,,,,,,,,,,,,,,,,,,,,,,,,,012421019184_wifi,108.0,ZYOTB0900058,NOKIA,C02E5FAD7799,AOT5222ZY,9.0,5.0,9.0,23.37,10.62,36.68,0.0,36.13,36.13,2070.72,1.81,3.28,2.96,3.61,91.95,92.26,91.67,105.0,0.0,0.0,0.0,0.0,0.0,0.0,0.0,0.0,0.0,0.0,0.0,0.0,0.0,0.0,0.0,0.0,,,,2.0,0.0,0.1,13709810092032.0,0.0,0.0,23.0,0.0,0.0,11.0,0.0,0.0,12.0,0.0,0.0,0.0,0.0,0.0,0.0,False,False,False,False,False,False,False,False,False,False,False,True,True,True,True,False,False,False,False,False,False,False,False,False,False,,,,,False,False,True,False,False,False,False,False,False,False,63.75,0.0,False,0.0,False,True,2379.0,1215.0,1164.0,0.0,15121.0,15121.0,2379.0,1215.0,1164.0,1081.0,517.0,564.0,183.0,61.0,122.0,2379.0,172.0,59.0,113.0,183.0,61.0,122.0,,,13709810092032.0,23.0,11.0,12.0,80.0,47.0,33.0,23.0,11.0,12.0,C02E5FAD7799,9.0,23.37,10.62,36.68,36.13,0.0,36.13,3.28,2.96,3.61,105.0,0.0,2070.72,1.81,2.0,0.0,False,False,False,False,False,False,False,False,False,True,False,91.95,92.26,91.67,0.0,0.0,0.0,0.0,0.0,,,,0.1,13709810092032.0,0.0,0.0,23.0,0.0,0.0,11.0,0.0,0.0,12.0,63.75,False,False,True,True,True,False,False,False,,,,,False,False,False,False,True
080101842220_kk,Bangalore,105.0,ZYOTEF108503,NOKIA,56B9786E39E1,Karnataka,0.97,0.0,0.97,87.77,12.23,9.11,,,0.0,,92.71,100.0,90.28,1.37,0.0,1.82,0.68,0.02,AOT5221ZY,,,,,False,False,False,False,,True,True,True,False,False,False,9880.0,0.0,9880.0,1693365248.0,1693365248.0,18578170880.0,658.0,658.0,164.0,494.0,658.0,164.0,494.0,,,,,,,,,,,,,,,,,,,,,,,,,,,,,,,,,,,,,,,,,,,,,,,,,,,,,,,,,,,,,,,,,,,,,,,,,,,,,,,,,,,,,,,,,,,,,,,,,,,,,,,,,,,,658.0,164.0,494.0,0.0,9880.0,9880.0,658.0,164.0,494.0,,,,,,,658.0,,,,,,,,,,,,,,,,,,,,,1.37,0.0,1.82,0.97,0.0,0.97,92.71,100.0,90.28,,0.0,0.68,0.02,,,False,False,False,False,False,False,True,True,True,,False,,,,,,,,,,,,,,,,,,,,,,,,,,,,,,,,,,,,,,,,
08021305959_wifi,Bangalore,105.0,ZYOTAF220521,NOKIA,4663C272B38F,Karnataka,0.0,0.0,0.0,0.0,100.0,36.27,,,0.0,,0.0,0.0,0.0,0.0,,0.0,9.81,0.57,AOT5221ZY,,,,,False,False,False,False,,False,False,False,False,,False,1012.0,0.0,1012.0,106436367360.0,106436367360.0,293479911424.0,1012.0,1012.0,,1012.0,1012.0,0.0,1012.0,,,,,,,,,,,,,,,,,,,,,,,,,,,,,,,,,,,,,,,,,,,,,,,,,,,,,,,,,,,,,,,,,,,,,,,,,,,,,,,,,,,,,,,,,,,,,,,,,,,,,,,,,,,,1012.0,0.0,1012.0,0.0,1012.0,1012.0,1012.0,,1012.0,,,,,,,1012.0,,,,,,,,,,,,,,,,,,,,,0.0,,0.0,0.0,0.0,0.0,0.0,0.0,0.0,,0.0,9.81,0.57,,,False,,False,False,False,False,False,False,False,,False,,,,,,,,,,,,,,,,,,,,,,,,,,,,,,,,,,,,,,,,
08024828161_wifi,Bangalore,105.0,ZYOTFF046132,NOKIA,2818FDAEBD35,Karnataka,,,,100.0,0.0,10.66,,,0.0,,100.0,100.0,0.0,0.0,0.0,,0.0,0.0,AOT5221ZY,,,,,,,,False,,True,True,False,False,False,,,,,23392256.0,23392256.0,219513856.0,975.0,975.0,975.0,,975.0,975.0,0.0,,,,,,,,,,,,,,,,,,,,,,,,,,,,,,,,,,,,,,,,,,,,,,,,,,,,,,,,,,,,,,,,,,,,,,,,,,,,,,,,,,,,,,,,,,,,,,,,,,,,,,,,,,,,975.0,975.0,0.0,,,,975.0,975.0,,,,,,,,975.0,,,,,,,,,,,,,,,,,,,,,0.0,0.0,,,,,100.0,100.0,0.0,,0.0,0.0,0.0,,,False,False,,,,,True,True,False,,False,,,,,,,,,,,,,,,,,,,,,,,,,,,,,,,,,,,,,,,,
080101842220_kk,Bangalore,105.0,ZYOTEF108503,NOKIA,96A208813FA5,Karnataka,5.0,0.0,5.0,2.41,97.59,4.05,,,0.0,,100.0,100.0,100.0,2.23,0.0,7.0,0.85,0.04,AOT5221ZY,,,,,False,False,False,False,,True,True,True,False,False,False,8000.0,0.0,8000.0,752816128.0,752816128.0,18578170880.0,1255.0,1255.0,855.0,400.0,1255.0,855.0,400.0,,,,,,,,,,,,,,,,,,,,,,,,,,,,,,,,,,,,,,,,,,,,,,,,,,,,,,,,,,,,,,,,,,,,,,,,,,,,,,,,,,,,,,,,,,,,,,,,,,,,,,,,,,,,1255.0,855.0,400.0,0.0,8000.0,8000.0,1255.0,855.0,400.0,,,,,,,1255.0,,,,,,,,,,,,,,,,,,,,,2.23,0.0,7.0,5.0,0.0,5.0,100.0,100.0,100.0,,0.0,0.85,0.04,,,False,False,False,False,False,False,True,True,True,,False,,,,,,,,,,,,,,,,,,,,,,,,,,,,,,,,,,,,,,,,
08021305959_wifi,Bangalore,105.0,ZYOTAF220521,NOKIA,3AB3E810E58B,Karnataka,0.0,0.0,0.0,0.29,99.71,8.17,,,0.0,,100.0,100.0,100.0,4.58,0.0,5.34,10.05,0.49,AOT5221ZY,,,,,False,False,False,False,,True,True,True,False,False,False,1596.0,1596.0,0.0,23963639808.0,23963639808.0,293479911424.0,807.0,807.0,114.0,693.0,807.0,114.0,693.0,,,,,,,,,,,,,,,,,,,,,,,,,,,,,,,,,,,,,,,,,,,,,,,,,,,,,,,,,,,,,,,,,,,,,,,,,,,,,,,,,,,,,,,,,,,,,,,,,,,,,,,,,,,,807.0,114.0,693.0,1596.0,0.0,1596.0,807.0,114.0,693.0,,,,,,,807.0,,,,,,,,,,,,,,,,,,,,,4.58,0.0,5.34,0.0,0.0,0.0,100.0,100.0,100.0,,0.0,10.05,0.49,,,False,False,False,False,False,False,True,True,True,,False,,,,,,,,,,,,,,,,,,,,,,,,,,,,,,,,,,,,,,,,
080101842220_kk,Bangalore,105.0,ZYOTEF108503,NOKIA,520CCB97F3AB,Karnataka,3.72,0.0,3.72,0.0,100.0,0.92,,,0.0,,99.91,0.0,99.91,5.73,,5.73,0.06,0.01,AOT5221ZY,,,,,False,False,False,False,,True,False,True,False,,False,22340.0,0.0,22340.0,171293696.0,171293696.0,18578170880.0,1117.0,1117.0,,1117.0,1117.0,0.0,1117.0,,,,,,,,,,,,,,,,,,,,,,,,,,,,,,,,,,,,,,,,,,,,,,,,,,,,,,,,,,,,,,,,,,,,,,,,,,,,,,,,,,,,,,,,,,,,,,,,,,,,,,,,,,,,1117.0,0.0,1117.0,0.0,22340.0,22340.0,1117.0,,1117.0,,,,,,,1117.0,,,,,,,,,,,,,,,,,,,,,5.73,,5.73,3.72,0.0,3.72,99.91,0.0,99.91,,0.0,0.06,0.01,,,False,,False,False,False,False,True,False,True,,False,,,,,,,,,,,,,,,,,,,,,,,,,,,,,,,,,,,,,,,,
080101842220_kk,Bangalore,105.0,ZYOTEF108503,NOKIA,78B39F17368C,Karnataka,0.0,0.0,0.0,0.0,100.0,60.34,,,0.0,0.0,100.0,0.0,100.0,0.0,,0.0,3.24,0.07,AOT5221ZY,XstreamIPTV2-SM,OTHER,Sernet (Suzhou) Technologies,,False,False,False,False,False,True,False,True,False,,False,27020.0,0.0,27020.0,11209893888.0,11209893888.0,18578170880.0,1351.0,1351.0,,1351.0,1351.0,0.0,1351.0,,,,,,,,,,,,,,,,,,,,,,,,,,,,,,,,,,,,,,,,,,,,,,,,,,,,,,,,,,,,,,,,,,,,,,,,,,,,,,,,,,,,,,,,,,,,,,,,,,,,,,,,,,,,1351.0,0.0,1351.0,0.0,27020.0,27020.0,1351.0,,1351.0,,,,,,,1351.0,,,,,,,,,,,,,,,,,,,,,0.0,,0.0,0.0,0.0,0.0,100.0,0.0,100.0,0.0,0.0,3.24,0.07,,,False,,False,False,False,False,True,False,True,False,False,,,,,,,,,,,,,,,,,,,,,,,,,,,,,,,,,,,,,,,,
08021305959_wifi,Bangalore,105.0,ZYOTAF220521,NOKIA,E6B4718C2F37,Karnataka,0.77,0.78,0.0,0.03,99.97,15.4,,,0.0,,99.54,99.22,99.62,0.31,0.78,0.19,4.75,0.32,AOT5221ZY,,,,,False,False,False,False,,True,True,True,False,False,False,1808.0,1806.0,2.0,45208162304.0,45208162304.0,293479911424.0,653.0,653.0,129.0,524.0,653.0,129.0,524.0,,,,,,,,,,,,,,,,,,,,,,,,,,,,,,,,,,,,,,,,,,,,,,,,,,,,,,,,,,,,,,,,,,,,,,,,,,,,,,,,,,,,,,,,,,,,,,,,,,,,,,,,,,,,653.0,129.0,524.0,1806.0,2.0,1808.0,653.0,129.0,524.0,,,,,,,653.0,,,,,,,,,,,,,,,,,,,,,0.31,0.78,0.19,0.77,0.78,0.0,99.54,99.22,99.62,,0.0,4.75,0.32,,,False,False,False,False,False,False,True,True,True,,False,,,,,,,,,,,,,,,,,,,,,,,,,,,,,,,,,,,,,,,,
08024828161_wifi,Bangalore,105.0,ZYOTFF046132,NOKIA,32BD1372F2C7,Karnataka,0.0,0.0,0.0,0.0,100.0,88.97,,,0.0,,0.0,0.0,0.0,0.0,,0.0,0.09,0.1,AOT5221ZY,,,,,False,False,False,False,,False,False,False,False,,False,14625.0,0.0,14625.0,195301376.0,195301376.0,219513856.0,975.0,975.0,,975.0,975.0,0.0,975.0,,,,,,,,,,,,,,,,,,,,,,,,,,,,,,,,,,,,,,,,,,,,,,,,,,,,,,,,,,,,,,,,,,,,,,,,,,,,,,,,,,,,,,,,,,,,,,,,,,,,,,,,,,,,975.0,0.0,975.0,0.0,14625.0,14625.0,975.0,,975.0,,,,,,,975.0,,,,,,,,,,,,,,,,,,,,,0.0,,0.0,0.0,0.0,0.0,0.0,0.0,0.0,,0.0,0.09,0.1,,,False,,False,False,False,False,False,False,False,,False,,,,,,,,,,,,,,,,,,,,,,,,,,,,,,,,,,,,,,,,
08021305959_wifi,Bangalore,105.0,ZYOTAF220521,NOKIA,5E20088233E4,Karnataka,0.0,0.0,0.0,10.89,89.11,0.0,,,0.0,,6.13,50.0,5.59,0.61,0.0,0.62,0.04,0.04,AOT5221ZY,,,,,False,False,False,False,,False,False,False,False,False,False,180.0,28.0,152.0,13047808.0,13047808.0,293479911424.0,163.0,163.0,2.0,161.0,163.0,2.0,161.0,,,,,,,,,,,,,,,,,,,,,,,,,,,,,,,,,,,,,,,,,,,,,,,,,,,,,,,,,,,,,,,,,,,,,,,,,,,,,,,,,,,,,,,,,,,,,,,,,,,,,,,,,,,,163.0,2.0,161.0,28.0,152.0,180.0,163.0,2.0,161.0,,,,,,,163.0,,,,,,,,,,,,,,,,,,,,,0.61,0.0,0.62,0.0,0.0,0.0,6.13,50.0,5.59,,0.0,0.04,0.04,,,False,False,False,False,False,False,False,False,False,,False,,,,,,,,,,,,,,,,,,,,,,,,,,,,,,,,,,,,,,,,
08021305959_wifi,Bangalore,105.0,ZYOTAF220521,NOKIA,1CD6BEAA4661,Karnataka,,,,0.0,100.0,31.7,,,0.0,,54.74,0.0,54.74,0.0,,0.0,8.43,4.0,AOT5221ZY,,,,,,,,False,,False,False,False,False,,False,,,,93044066304.0,93044066304.0,293479911424.0,1012.0,1012.0,,1012.0,1012.0,0.0,1012.0,,,,,,,,,,,,,,,,,,,,,,,,,,,,,,,,,,,,,,,,,,,,,,,,,,,,,,,,,,,,,,,,,,,,,,,,,,,,,,,,,,,,,,,,,,,,,,,,,,,,,,,,,,,,1012.0,0.0,1012.0,,,,1012.0,,1012.0,,,,,,,1012.0,,,,,,,,,,,,,,,,,,,,,0.0,,0.0,,,,54.74,0.0,54.74,,0.0,8.43,4.0,,,False,,False,,,,False,False,False,,False,,,,,,,,,,,,,,,,,,,,,,,,,,,,,,,,,,,,,,,,
08021305959_wifi,Bangalore,105.0,ZYOTAF220521,NOKIA,9247F166A2BB,Karnataka,65.22,100.0,11.11,0.0,100.0,0.9,,,0.0,,82.98,100.0,82.61,21.28,100.0,19.57,2.28,1.2,AOT5221ZY,,,,,True,True,False,False,,True,True,True,False,True,False,23.0,14.0,9.0,2626946048.0,2626946048.0,293479911424.0,47.0,47.0,1.0,46.0,47.0,1.0,46.0,,,,,,,,,,,,,,,,,,,,,,,,,,,,,,,,,,,,,,,,,,,,,,,,,,,,,,,,,,,,,,,,,,,,,,,,,,,,,,,,,,,,,,,,,,,,,,,,,,,,,,,,,,,,47.0,1.0,46.0,14.0,9.0,23.0,47.0,1.0,46.0,,,,,,,47.0,,,,,,,,,,,,,,,,,,,,,21.28,100.0,19.57,65.22,100.0,11.11,82.98,100.0,82.61,,0.0,2.28,1.2,,,False,True,False,True,True,False,True,True,True,,False,,,,,,,,,,,,,,,,,,,,,,,,,,,,,,,,,,,,,,,,
080101842220_kk,Bangalore,105.0,ZYOTEF108503,NOKIA,F4289DA74175,Karnataka,0.0,0.0,0.0,0.0,100.0,25.57,,,0.0,,100.0,0.0,100.0,0.0,,0.0,0.86,0.04,AOT5221ZY,,,,,False,False,False,False,,True,False,True,False,,False,9520.0,0.0,9520.0,4750801920.0,4750801920.0,18578170880.0,476.0,476.0,,476.0,476.0,0.0,476.0,,,,,,,,,,,,,,,,,,,,,,,,,,,,,,,,,,,,,,,,,,,,,,,,,,,,,,,,,,,,,,,,,,,,,,,,,,,,,,,,,,,,,,,,,,,,,,,,,,,,,,,,,,,,476.0,0.0,476.0,0.0,9520.0,9520.0,476.0,,476.0,,,,,,,476.0,,,,,,,,,,,,,,,,,,,,,0.0,,0.0,0.0,0.0,0.0,100.0,0.0,100.0,,0.0,0.86,0.04,,,False,,False,False,False,False,True,False,True,,False,,,,,,,,,,,,,,,,,,,,,,,,,,,,,,,,,,,,,,,,
08021305959_wifi,Bangalore,105.0,ZYOTAF220521,NOKIA,4663C272B14F,Karnataka,0.0,0.0,0.0,0.0,100.0,7.56,,,0.0,,0.0,0.0,0.0,0.0,,0.0,3.79,0.24,AOT5221ZY,,,,,False,False,False,False,,False,False,False,False,,False,1012.0,0.0,1012.0,22187069440.0,22187069440.0,293479911424.0,1012.0,1012.0,,1012.0,1012.0,0.0,1012.0,,,,,,,,,,,,,,,,,,,,,,,,,,,,,,,,,,,,,,,,,,,,,,,,,,,,,,,,,,,,,,,,,,,,,,,,,,,,,,,,,,,,,,,,,,,,,,,,,,,,,,,,,,,,1012.0,0.0,1012.0,0.0,1012.0,1012.0,1012.0,,1012.0,,,,,,,1012.0,,,,,,,,,,,,,,,,,,,,,0.0,,0.0,0.0,0.0,0.0,0.0,0.0,0.0,,0.0,3.79,0.24,,,False,,False,False,False,False,False,False,False,,False,,,,,,,,,,,,,,,,,,,,,,,,,,,,,,,,,,,,,,,,
08021305959_wifi,Bangalore,105.0,ZYOTAF220521,NOKIA,4CD08A27B074,Karnataka,0.0,0.0,0.0,100.0,0.0,0.0,,,0.0,,100.0,100.0,0.0,0.0,0.0,,0.01,0.01,AOT5221ZY,,,,,False,False,False,False,,True,True,False,False,False,,896.0,896.0,0.0,612352.0,612352.0,293479911424.0,64.0,64.0,64.0,,64.0,64.0,0.0,,,,,,,,,,,,,,,,,,,,,,,,,,,,,,,,,,,,,,,,,,,,,,,,,,,,,,,,,,,,,,,,,,,,,,,,,,,,,,,,,,,,,,,,,,,,,,,,,,,,,,,,,,,,64.0,64.0,0.0,896.0,0.0,896.0,64.0,64.0,,,,,,,,64.0,,,,,,,,,,,,,,,,,,,,,0.0,0.0,,0.0,0.0,0.0,100.0,100.0,0.0,,0.0,0.01,0.01,,,False,False,,False,False,False,True,True,False,,False,,,,,,,,,,,,,,,,,,,,,,,,,,,,,,,,,,,,,,,,
08024828161_wifi,Bangalore,105.0,ZYOTFF046132,NOKIA,0827A84B46B0,Karnataka,,,,100.0,0.0,0.37,False,False,0.0,0.0,100.0,100.0,0.0,0.0,0.0,,0.01,0.0,AOT5221ZY,,,,,,,,False,False,True,True,False,False,False,,,,,820224.0,820224.0,219513856.0,830.0,830.0,830.0,,830.0,830.0,0.0,,,,,,,,,,,,,,,,,,,,,,,,,,,,,,,,,,,,,,,,,,,,,,,,,,,,,,,,,,,,,,,,,,,,,,,,,,,,,,,,,,,,,,,,,,,,,,,,,,,,,,,,,,,,830.0,830.0,0.0,,,,830.0,830.0,,,,,,,,830.0,,,,,,,,,,,,,,,,,,,,,0.0,0.0,,,,,100.0,100.0,0.0,0.0,0.0,0.01,0.0,False,False,False,False,,,,,True,True,False,False,False,,,,,,,,,,,,,,,,,,,,,,,,,,,,,,,,,,,,,,,,
08024828161_wifi,Bangalore,105.0,ZYOTFF046132,NOKIA,,Karnataka,,,,,,,,,,,,,,,,,,,AOT5221ZY,,,,,,,,,,,,,,,,,,,,,,,,,,,,,08024828161_wifi,105.0,ZYOTFF046132,NOKIA,6C4F89D50069,AOT5221ZY,3.0,2.0,1.0,0.0,0.0,0.0,0.0,0.0,0.0,0.09,0.1,64.93,100.0,0.0,71.54,90.91,53.79,0.0,0.0,0.0,0.0,0.0,0.0,0.0,0.0,0.0,0.0,0.0,0.0,0.0,0.0,0.0,0.0,0.0,,,,0.0,0.0,88.97,219513856.0,0.0,0.0,23.0,0.0,0.0,11.0,0.0,0.0,12.0,0.0,0.0,0.0,0.0,0.0,0.0,False,False,False,False,False,False,True,True,True,True,False,True,True,True,False,False,False,False,False,False,False,False,False,False,False,,,,,False,False,False,False,False,False,False,False,False,False,50.0,0.0,False,0.0,False,False,2780.0,1805.0,975.0,0.0,14625.0,14625.0,2780.0,1805.0,975.0,1265.0,605.0,660.0,207.0,69.0,138.0,2780.0,205.0,69.0,136.0,207.0,69.0,138.0,,,219513856.0,23.0,11.0,12.0,110.0,55.0,55.0,23.0,11.0,12.0,6C4F89D50069,3.0,0.0,0.0,0.0,0.0,0.0,0.0,64.93,100.0,0.0,0.0,0.0,0.09,0.1,0.0,0.0,False,False,False,False,False,False,True,True,False,False,False,71.54,90.91,53.79,0.0,0.0,0.0,0.0,0.0,,,,88.97,219513856.0,0.0,0.0,23.0,0.0,0.0,11.0,0.0,0.0,12.0,50.0,True,True,True,True,True,False,False,False,,,,,False,False,False,False,False
080101842220_kk,Bangalore,105.0,ZYOTEF108503,NOKIA,,Karnataka,,,,,,,,,,,,,,,,,,,AOT5221ZY,,,,,,,,,,,,,,,,,,,,,,,,,,,,,080101842220_kk,105.0,ZYOTEF108503,NOKIA,30BD1330F2A8,AOT5221ZY,5.0,2.0,5.0,2.08,0.0,2.63,0.0,1.73,1.73,3.24,0.07,98.99,100.0,98.72,91.05,90.21,91.74,0.0,0.0,0.0,0.0,0.0,0.0,0.0,0.0,0.0,0.0,0.0,0.0,0.0,0.0,0.0,0.0,0.0,,,,,,91.9,18578170880.0,4.17,1.0,24.0,0.0,0.0,11.0,7.69,1.0,13.0,0.0,0.0,0.0,0.0,0.0,0.0,False,False,False,False,False,False,False,True,True,True,True,True,True,True,False,False,False,False,False,False,False,False,False,False,False,,,,,,,False,False,False,False,False,False,False,False,70.45,9.09,False,1.3,False,True,4857.0,1019.0,3838.0,0.0,76760.0,76740.0,4857.0,1019.0,3838.0,3454.0,1542.0,1912.0,451.0,180.0,271.0,4857.0,451.0,180.0,271.0,451.0,180.0,271.0,,,18578170880.0,24.0,11.0,13.0,308.0,154.0,154.0,24.0,11.0,13.0,30BD1330F2A8,5.0,2.08,0.0,2.63,1.73,0.0,1.73,98.99,100.0,98.72,0.0,0.0,3.24,0.07,,,False,False,False,False,False,False,True,True,True,False,False,91.05,90.21,91.74,0.0,0.0,0.0,0.0,0.0,,,,91.9,18578170880.0,4.17,1.0,24.0,0.0,0.0,11.0,7.69,1.0,13.0,70.45,False,True,True,True,True,False,False,False,,,,,,,False,False,True
08021305959_wifi,Bangalore,105.0,ZYOTAF220521,NOKIA,,Karnataka,,,,,,,,,,,,,,,,,,,AOT5221ZY,,,,,,,,,,,,,,,,,,,,,,,,,,,,,08021305959_wifi,105.0,ZYOTAF220521,NOKIA,6C4F89165033,AOT5221ZY,8.0,5.0,7.0,1.05,0.65,1.08,0.65,0.05,0.39,10.05,4.0,44.53,99.35,40.72,31.21,39.96,24.93,,0.0,0.0,0.0,0.0,0.0,0.0,0.0,0.0,0.0,0.0,0.0,0.0,0.0,0.0,0.0,0.0,,,,,,99.97,293479911424.0,0.0,0.0,24.0,0.0,0.0,11.0,0.0,0.0,13.0,0.0,0.0,0.0,0.0,0.0,0.0,False,False,False,False,False,False,False,False,False,True,False,False,False,False,,False,False,False,False,False,False,False,False,False,False,,,,,,,False,False,False,False,False,False,False,False,63.91,0.0,False,0.59,False,True,4770.0,310.0,4460.0,4340.0,2187.0,3867.0,4770.0,310.0,4460.0,3659.0,1529.0,2130.0,633.0,211.0,422.0,4770.0,564.0,208.0,356.0,633.0,211.0,422.0,,,293479911424.0,24.0,11.0,13.0,338.0,169.0,169.0,24.0,11.0,13.0,6C4F89165033,8.0,1.05,0.65,1.08,0.39,0.65,0.05,44.53,99.35,40.72,,0.0,10.05,4.0,,,False,False,False,False,False,False,False,True,False,,False,31.21,39.96,24.93,0.0,0.0,0.0,0.0,0.0,,,,99.97,293479911424.0,0.0,0.0,24.0,0.0,0.0,11.0,0.0,0.0,13.0,63.91,False,False,False,False,False,False,False,False,,,,,,,False,False,True
